Workbook

Sheet 1850
A2: 1850 | C2: 44562 | D2: 44593 | E2: 44622 | F2: 44652 | G2: 44683 | H2: 44713 | I2: 44743 | J2: 44774 | K2: 44805 | L2: 44834 | M2: 44866 | N2: 44896 | O2: 44927 | P2: voda | Q2: teplo | Y2: spotřeby po měsících
A3: byt č. | C3: prosinec | D3: leden | E3: únor | F3: březen | G3: duben | H3: květen | I3: červen | J3: červenec | K3: srpen | L3: září | M3: říjen | N3: listopad | O3: prosinec | P3: m3 | Q3: GJ | T3: byt | U3: leden | V3: únor | W3: březen | X3: duben | Y3: květen | Z3: červen | AA3: červenec | AB3: srpen | AC3: září | AD3: říjen | AE3: listopad | AF3: prosinec
A4: 1 | B4: vodoměr č. 190834092 | C4: 29.98 | D4: 30.566 | E4: 31.354 | F4: 32.377 | G4: 33.192 | H4: 33.391 | I4: 34.526 | J4: 35.627 | K4: 36.484 | L4: 37.126 | M4: 37.937 | N4: 38.634 | O4: 39.227 | P4: =O4-C4 -> 9.247 | T4: 1 | U4: =D4-C4 -> 0.586 | V4: =E4-D4 -> 0.788 | W4: =F4-E4 -> 1.023 | X4: =G4-F4 -> 0.815 | Y4: =H4-G4 -> 0.199 | Z4: =I4-H4 -> 1.135 | AA4: =J4-I4 -> 1.101 | AB4: =K4-J4 -> 0.857 | ... AF4: =O4-N4 -> 0.593
B5: kalorimetr č. SN 34582391 | C5: 4.385 | D5: 7.535 | E5: 10.846 | F5: 13.857 | G5: 15.401 | H5: 15.61 | I5: 15.827 | J5: 16.063 | K5: 16.269 | L5: 16.472 | M5: 16.72 | N5: 18.654 | O5: 22.65 | Q5: =O5-C5 -> 18.265
A6: 2 | B6: vodoměr č. 190834090 | C6: 419.04 | D6: 432.829 | E6: 447.37 | F6: 462.529 | G6: 477.847 | H6: 492.391 | I6: 503.618 | J6: 511.411 | K6: 522.863 | L6: 534.27 | M6: 547.746 | N6: 562.797 | O6: 578.873 | P6: =O6-C6 -> 159.833 | R6: =P6*120 -> 19179.96 | T6: 2 | U6: =D6-C6 -> 13.789 | V6: =E6-D6 -> 14.541 | W6: =F6-E6 -> 15.159 | X6: =G6-F6 -> 15.318 | Y6: =H6-G6 -> 14.544 | Z6: =I6-H6 -> 11.227 | AA6: =J6-I6 -> 7.793 | AB6: =K6-J6 -> 11.452 | ... AF6: =O6-N6 -> 16.076
B7: kalorimetr č. SN 34582401 | C7: 9.432 | D7: 14.973 | E7: 19.083 | F7: 23.377 | G7: 26.625 | H7: 27.468 | I7: 27.978 | J7: 28.269 | K7: 28.683 | L7: 29.225 | M7: 29.989 | N7: 32.323 | O7: 36.202 | Q7: =O7-C7 -> 26.77 | R7: =Q7*1720 -> 46044.4
A8: 3 | B8: vodoměr č. 190834097 | C8: 159.808 | D8: 165.652 | E8: 170.928 | F8: 176.257 | G8: 182.291 | H8: 188.251 | I8: 193.211 | J8: 198.745 | K8: 204.187 | L8: 210.099 | M8: 216.283 | N8: 222.231 | O8: 228.181 | P8: =O8-C8 -> 68.373 | R8: =R7+R6 -> 65224.36 | T8: 3 | U8: =D8-C8 -> 5.844 | V8: =E8-D8 -> 5.276 | W8: =F8-E8 -> 5.329 | X8: =G8-F8 -> 6.034 | Y8: =H8-G8 -> 5.96 | Z8: =I8-H8 -> 4.96 | AA8: =J8-I8 -> 5.534 | AB8: =K8-J8 -> 5.442 | ... AF8: =O8-N8 -> 5.95
B9: kalorimetr č. SN 34582385 | C9: 5.553 | D9: 9.326 | E9: 11.679 | F9: 13.423 | G9: 15.288 | H9: 15.797 | I9: 16.188 | J9: 16.569 | K9: 16.919 | L9: 17.363 | M9: 18.452 | N9: 21.255 | O9: 24.945 | Q9: =O9-C9 -> 19.392
A10: 4 | B10: vodoměr č. 190834098 | C10: 227.481 | D10: 238.851 | E10: 249.246 | F10: 260.35 | G10: 272.403 | H10: 281.797 | I10: 290.922 | J10: 298.762 | K10: 307.852 | L10: 316.389 | M10: 326.558 | N10: 336.366 | O10: 346.182 | P10: =O10-C10 -> 118.701 | T10: 4 | U10: =D10-C10 -> 11.37 | V10: =E10-D10 -> 10.395 | W10: =F10-E10 -> 11.104 | X10: =G10-F10 -> 12.053 | Y10: =H10-G10 -> 9.394 | Z10: =I10-H10 -> 9.125 | AA10: =J10-I10 -> 7.84 | AB10: =K10-J10 -> 9.09 | ... AF10: =O10-N10 -> 9.816
B11: kalorimetr č. SN 34582414 | C11: 4.205 | D11: 6.299 | E11: 7.811 | F11: 9.178 | G11: 10.429 | H11: 11.262 | I11: 11.962 | J11: 12.509 | K11: 13.133 | L11: 13.825 | M11: 14.796 | N11: 16.476 | O11: 18.402 | Q11: =O11-C11 -> 14.197
A12: 5 | B12: vodoměr č. 190834095 | C12: 170.846 | D12: 178.037 | E12: 185.448 | F12: 192.596 | G12: 200.595 | H12: 210.914 | I12: 220.496 | J12: 228.036 | K12: 237.156 | L12: 242.343 | M12: 249.471 | N12: 257.172 | O12: 262.861 | P12: =O12-C12 -> 92.015 | T12: 5 | U12: =D12-C12 -> 7.191 | V12: =E12-D12 -> 7.411 | W12: =F12-E12 -> 7.148 | X12: =G12-F12 -> 7.999 | Y12: =H12-G12 -> 10.319 | Z12: =I12-H12 -> 9.582 | AA12: =J12-I12 -> 7.54 | AB12: =K12-J12 -> 9.12 | ... AF12: =O12-N12 -> 5.689
B13: kalorimetr č. SN 34582396 | C13: 5.129 | D13: 7.488 | E13: 9.425 | F13: 11.01 | G13: 12.231 | H13: 12.844 | I13: 13.366 | J13: 13.812 | K13: 14.198 | L13: 14.64 | M13: 15.298 | N13: 17.753 | O13: 20.438 | Q13: =O13-C13 -> 15.309
A14: 6 | B14: vodoměr č. 190834099 | C14: 196.918 | D14: 208.418 | E14: 218.461 | F14: 231.365 | G14: 243.044 | H14: 253.485 | I14: 261.521 | J14: 268.178 | K14: 273.236 | L14: 281.276 | M14: 290.012 | N14: 296.348 | O14: 304.032 | P14: =O14-C14 -> 107.114 | T14: 6 | U14: =D14-C14 -> 11.5 | V14: =E14-D14 -> 10.043 | W14: =F14-E14 -> 12.904 | X14: =G14-F14 -> 11.679 | Y14: =H14-G14 -> 10.441 | Z14: =I14-H14 -> 8.036 | AA14: =J14-I14 -> 6.657 | AB14: =K14-J14 -> 5.058 | ... AF14: =O14-N14 -> 7.684
B15: kalorimetr č. SN 34582416 | C15: 9.852 | D15: 16.478 | E15: 20.712 | F15: 23.067 | G15: 24.956 | H15: 25.886 | I15: 26.461 | J15: 26.995 | K15: 27.409 | L15: 27.975 | M15: 28.691 | N15: 30.949 | O15: 36.339 | Q15: =O15-C15 -> 26.487
A16: 7 | B16: vodoměr č. 190834102 | C16: 39.303 | D16: 40.51 | E16: 41.984 | F16: 43.545 | G16: 44.863 | H16: 46.056 | I16: 47.163 | J16: 48.036 | K16: 48.938 | L16: 49.754 | M16: 50.614 | N16: 51.478 | O16: 52.604 | P16: =O16-C16 -> 13.301 | T16: 7 | U16: =D16-C16 -> 1.207 | V16: =E16-D16 -> 1.474 | W16: =F16-E16 -> 1.561 | X16: =G16-F16 -> 1.318 | Y16: =H16-G16 -> 1.193 | Z16: =I16-H16 -> 1.107 | AA16: =J16-I16 -> 0.873 | AB16: =K16-J16 -> 0.902 | ... AF16: =O16-N16 -> 1.126
B17: kalorimetr č. SN 34582423 | C17: 2.484 | D17: 4.169 | E17: 5.264 | F17: 5.717 | G17: 6.227 | H17: 6.368 | I17: 6.493 | J17: 6.578 | K17: 6.675 | L17: 6.753 | M17: 6.879 | N17: 7.626 | O17: 9.35 | Q17: =O17-C17 -> 6.866
A18: 8 | B18: vodoměr č. 200015742 | C18: 32.864 | D18: 36.446 | E18: 39.173 | F18: 42.819 | G18: 45.486 | H18: 47.349 | I18: 48.873 | J18: 50.936 | K18: 51.501 | L18: 53.732 | M18: 56.972 | N18: 57.637 | O18: 58.755 | P18: =O18-C18 -> 25.891 | T18: 8 | U18: =D18-C18 -> 3.582 | V18: =E18-D18 -> 2.727 | W18: =F18-E18 -> 3.646 | X18: =G18-F18 -> 2.667 | Y18: =H18-G18 -> 1.863 | Z18: =I18-H18 -> 1.524 | AA18: =J18-I18 -> 2.063 | AB18: =K18-J18 -> 0.565 | ... AF18: =O18-N18 -> 1.118
B19: kalorimetr č. SN 34582408 | C19: 6.075 | D19: 10.405 | E19: 13.59 | F19: 16.141 | G19: 17.827 | H19: 18.058 | I19: 18.243 | J19: 18.456 | K19: 18.599 | L19: 19.311 | M19: 21.843 | N19: 24.805 | O19: 29.061 | Q19: =O19-C19 -> 22.986
A20: 9 | B20: vodoměr č. 190834109 | C20: 2.223 | D20: 2.255 | E20: 2.268 | F20: 2.286 | G20: 2.3 | H20: 2.321 | I20: 2.339 | J20: 2.363 | K20: 2.386 | L20: 2.407 | M20: 2.453 | N20: 2.468 | O20: 2.493 | P20: =O20-C20 -> 0.27 | T20: 9 | U20: =D20-C20 -> 0.032 | V20: =E20-D20 -> 0.013 | W20: =F20-E20 -> 0.018 | X20: =G20-F20 -> 0.014 | Y20: =H20-G20 -> 0.021 | Z20: =I20-H20 -> 0.018 | AA20: =J20-I20 -> 0.024 | AB20: =K20-J20 -> 0.023 | ... AF20: =O20-N20 -> 0.025
B21: kalorimetr č. SN 34582410 | C21: 0.387 | D21: 0.563 | E21: 0.725 | F21: 0.897 | G21: 1.075 | H21: 1.233 | I21: 1.378 | J21: 1.535 | K21: 1.691 | L21: 1.858 | M21: 2.053 | N21: 2.22 | O21: 2.389 | Q21: =O21-C21 -> 2.002
A22: 10 | B22: vodoměr č. 191519263 | C22: 186.401 | D22: 194.649 | E22: 202.192 | F22: 209.862 | G22: 213.986 | H22: 220.99 | I22: 226.914 | J22: 232.67 | K22: 240.401 | L22: 247.057 | M22: 254.66 | N22: 261.563 | O22: 268.31 | P22: =O22-C22 -> 81.909 | T22: 10 | U22: =D22-C22 -> 8.248 | V22: =E22-D22 -> 7.543 | W22: =F22-E22 -> 7.67 | X22: =G22-F22 -> 4.124 | Y22: =H22-G22 -> 7.004 | Z22: =I22-H22 -> 5.924 | AA22: =J22-I22 -> 5.756 | AB22: =K22-J22 -> 7.731 | ... AF22: =O22-N22 -> 6.747
B23: kalorimetr č. SN 34582413 | C23: 7.061 | D23: 10.775 | E23: 13.738 | F23: 15.848 | G23: 17.241 | H23: 17.665 | I23: 17.972 | J23: 18.265 | K23: 18.583 | L23: 18.947 | M23: 19.443 | N23: 22.411 | O23: 26.403 | Q23: =O23-C23 -> 19.342
P24: =SUM(P4:P23) -> 676.654 | Q24: =SUM(Q4:Q23) -> 171.616
A25: spol.spotř. | B25: elektroměr č. 18972503 | C25: 76098 | D25: 76304 | E25: 145 | F25: 375 | G25: 594 | H25: 837 | I25: 1069 | J25: 1298 | K25: 1514 | L25: 1730 | M25: 1970 | N25: 2219 | O25: 2438 | R25: =O25+E34-C25 -> 2725
B26: patní vodoměr č. 190976787 | C26: 1705.8 | D26: 1776.8 | E26: 1844.6 | F26: 1918.7 | G26: 1988.1 | H26: 2056.6 | I26: 2116 | J26: 2167.7 | K26: 2224.8 | L26: 2280.4 | M26: 2345.9 | N26: 2406.5 | O26: 2467.9 | P26: =O26-C26 -> 762.1
B27: patní kalorimetr č./MWh | C27: 132.72 | D27: 142.74 | E27: 150.1 | F27: 155.75 | G27: 159.94 | H27: 160.87 | I27: 161.49 | J27: 161.97 | K27: 162.44 | L27: 163.27 | M27: 165.36 | N27: 171.41 | O27: 181.1 | Q27: =(O27-C27)*3.6 -> 174.168 | R27: GJ
B28: patní kalorimetr č./kub.m | C28: 5092 | D28: 5380 | E28: 5594 | F28: 5745 | G28: 5870 | H28: 5902 | I28: 5926 | J28: 5946 | K28: 5967 | L28: 6000 | M28: 6083 | N28: 6257 | O28: 6557 | Q28: =O28-C28 -> 1465 | R28: m3
A29: fakturační vodoměr č. 63796 | C29: 16304 | D29: 16653.4 | E29: 16977.5 | F29: 17322.7 | G29: 17680.1 | H29: 18036.6 | I29: 18355.9 | J29: 18672 | K29: 18979.4 | L29: 19283.1 | M29: 19628 | N29: 19942.6 | O29: 20281.1 | P29: =O29-C29 -> 3977.1
C31: číslo | E31: stav
B32: Výměna fakturač. vodoměru | C32: 110109308 | D32: starý | E32: 12875 | H32: Dne 17.6.2019 odpojen kalor. (cejchování), | L32: stav: | M32: 236.93 | N32: MWh
B33: dne 14.2.2019 | C33: 63796 | D33: nový | E33: 4174 | H33: Dne 20.6.2019 zapojen znovuzapojení, | L33: stav: | M33: 0 | N33: MWh
B34: Výměna elekroměru | C34: 18972503 | D34: starý | E34: 76385
B35: dne 13.2.2022 | C35: 1025291034 | D35: nový | E35: 0
B37: Změna vlastnictví Taufer-Slavíkovi | D37: voda | E37: teplo | N37: Odečet vodárny 30.11.2021 | O37: 15951
B38: do 31.5. a od 1.6.2022 | C38: stav | D38: 274.519 | E38: 10.65 | N38: Dohad 1.12.-31.12.2021 | O38: 353
B39: Taufer 1.1.-31.5.2022 | C39: spotřeba | D39: =D38-C10 -> 47.038 | E39: =E38-C11 -> 6.445 | N39: Odečet vodárny 31.12.2022 | O39: 20281
B40: Slavíkovi 1.6.-31.12.2022 | C40: spotřeba | D40: =O10-D38 -> 71.663 | E40: =O11-E39 -> 11.957
N41: spotřeba | O41: =O39-O37-O38 -> 3977
C42: =(D6-C6)*120 -> 1654.68 | D42: =(E6-D6)*120 -> 1744.92 | E42: =(F6-E6)*120 -> 1819.08 | F42: =(G6-F6)*120 -> 1838.16 | G42: =(H6-G6)*120 -> 1745.28 | H42: =(I6-H6)*120 -> 1347.24 | I42: =(J6-I6)*120 -> 935.16 | J42: =(K6-J6)*120 -> 1374.24 | ... N42: =(O6-N6)*120 -> 1929.12
C43: =(D7-C7)*1700 -> 9419.7 | D43: =(E7-D7)*1700 -> 6987 | E43: =(F7-E7)*1700 -> 7299.8 | F43: =(G7-F7)*1700 -> 5521.6 | G43: =(H7-G7)*1700 -> 1433.1 | H43: =(I7-H7)*1700 -> 867 | I43: =(J7-I7)*1700 -> 494.7 | J43: =(K7-J7)*1700 -> 703.8 | ... N43: =(O7-N7)*1700 -> 6594.3

Sheet 1851
AE1: Vytipování vadných vodoměrů
A2: Nové | B2: 1851 | D2: ='1850'!C2 -> 44562 | E2: ='1850'!D2 -> 44593 | F2: ='1850'!E2 -> 44622 | G2: ='1850'!F2 -> 44652 | H2: ='1850'!G2 -> 44683 | I2: ='1850'!H2 -> 44713 | J2: ='1850'!I2 -> 44743 | K2: ='1850'!J2 -> 44774 | ... P2: ='1850'!O2 -> 44927 | Q2: voda | R2: teplo | Z2: spotřeby po měsících | AH2: předloňský
A3: číslování | B3: byt č. | D3: prosinec | E3: leden | F3: únor | G3: březen | H3: duben | I3: květen | J3: červen | K3: červenec | L3: srpen | M3: září | N3: říjen | O3: listopad | P3: prosinec | Q3: m3 | R3: GJ | U3: byt | V3: leden | W3: únor | X3: březen | Y3: duben | Z3: květen | AA3: červen | AB3: červenec | AC3: srpen | AD3: září | AE3: říjen | AF3: listopad | AG3: prosinec | AH3: průměr
A4: 1 | B4: 1 | C4: vodoměr č. 190834116 | D4: 391.196 | E4: 403.323 | F4: 414.092 | G4: 426.447 | H4: 439.704 | I4: 452.943 | J4: 463.367 | K4: 474.888 | L4: 486.236 | M4: 497.23 | N4: 509.794 | O4: 522.243 | P4: 536.77 | Q4: =P4-D4 -> 145.574 | U4: 1 | V4: =E4-D4 -> 12.127 | W4: =F4-E4 -> 10.769 | X4: =G4-F4 -> 12.355 | Y4: =H4-G4 -> 13.257 | Z4: =I4-H4 -> 13.239 | AA4: =J4-I4 -> 10.424 | AB4: =K4-J4 -> 11.521 | AC4: =L4-K4 -> 11.348 | ... AG4: =P4-O4 -> 14.527 | AH4: 11.905222
C5: kalorimetr č. SN 34582402 | D5: 9.87 | E5: 15.187 | F5: 19.111 | G5: 22.76 | H5: 25.929 | I5: 26.947 | J5: 27.664 | K5: 28.419 | L5: 29.048 | M5: 29.809 | N5: 31.18 | O5: 34.425 | P5: 39.364 | R5: =P5-D5 -> 29.494 | U5: xx
A6: 2 | B6: 2 | C6: vodoměr SV č. 190834120 | D6: 143.997 | E6: 148.281 | F6: 152.157 | G6: 156.049 | H6: 161.178 | I6: 165.519 | J6: 169.707 | K6: 175.45 | L6: 180.946 | M6: 185.833 | N6: 191.258 | O6: 196.183 | P6: 201.144 | Q6: =P6-D6 -> 57.147 | U6: 2 | V6: =E6-D6 -> 4.284 | W6: =F6-E6 -> 3.876 | X6: =G6-F6 -> 3.892 | Y6: =H6-G6 -> 5.129 | Z6: =I6-H6 -> 4.341 | AA6: =J6-I6 -> 4.188 | AB6: =K6-J6 -> 5.743 | AC6: =L6-K6 -> 5.496 | ... AG6: =P6-O6 -> 4.961 | AH6: 4.9828889
A7: 2 a 3 | C7: kalorimetr č. SN 34582400 | D7: 11.013 | E7: 18.272 | F7: 23.089 | G7: 27.412 | H7: 30.255 | I7: 31.571 | J7: 32.548 | K7: 33.416 | L7: 34.196 | M7: 35.541 | N7: 37.416 | O7: 41.15 | P7: 46.893 | R7: =P7-D7 -> 35.88 | U7: TV | V7: =V40 -> 2.904 | W7: =W40 -> 2.42 | X7: =X40 -> 2.092 | Y7: =Y40 -> 2.542 | Z7: =Z40 -> 2.327 | AA7: =AA40 -> 1.687 | AB7: =AB40 -> 1.785 | AC7: =AC40 -> 1.836 | ... AG7: =AG40 -> 2.829 | AH7: 4.43
A8: 5 | B8: 3 | C8: vodoměr SV č. 190834093 | D8: 17.464 | E8: 18.224 | F8: 18.798 | G8: 19.414 | H8: 20.043 | I8: 20.614 | J8: 21.154 | K8: 21.551 | L8: 21.956 | M8: 22.323 | N8: 22.799 | O8: 0.044 | P8: 1.058 | Q8: =P8-I54+I53-D8 -> 6.804 | U8: 5 | V8: =E8-D8 -> 0.76 | W8: =F8-E8 -> 0.574 | X8: =G8-F8 -> 0.616 | Y8: =H8-G8 -> 0.629 | Z8: =I8-H8 -> 0.571 | AA8: =J8-I8 -> 0.54 | AB8: =K8-J8 -> 0.397 | AC8: =L8-K8 -> 0.405 | ... AE8: =N8-M8 -> 0.476 | AF8: =O8-I54+I53-N8 -> 0.455 | AG8: =P8-J54+J53-O8 -> 1.014 | AH8: 0.94022222
A9: 5 a 6 | C9: kalorimetr č. SN 34582398 | D9: 11.368 | E9: 18.67 | F9: 24.342 | G9: 28.771 | H9: 32.099 | I9: 33.69 | J9: 35.155 | K9: 36.744 | L9: 38.27 | M9: 39.955 | N9: 41.98 | O9: 45.741 | P9: 51.338 | R9: =P9-D9 -> 39.97 | U9: TV | V9: =V42 -> 0.66 | W9: =W42 -> 0.42 | X9: =X42 -> 0.428 | Y9: =Y42 -> 0.4 | Z9: =Z42 -> 0.337 | AA9: =AA42 -> 0.324 | AB9: =AB42 -> 0.335 | AC9: =AC42 -> 0.291 | ... AG9: =AG42 -> 0.341 | AH9: 0.37122222
A10: 4 | B10: 4 | C10: vodoměr č. 190834126 | D10: 109.346 | E10: 109.346 | F10: 109.353 | G10: 109.359 | H10: 109.367 | I10: 109.805 | J10: 109.838 | K10: 109.84 | L10: 110.825 | M10: 110.948 | N10: 111.139 | O10: 112.878 | P10: 116.497 | Q10: =P10-D10 -> 7.151 | U10: 4 | V10: =E10-D10 -> 0 | W10: =F10-E10 -> 0.007 | X10: =G10-F10 -> 0.006 | Y10: =H10-G10 -> 0.008 | Z10: =I10-H10 -> 0.438 | AA10: =J10-I10 -> 0.033 | AB10: =K10-J10 -> 0.002 | AC10: =L10-K10 -> 0.985 | ... AG10: =P10-O10 -> 3.619 | AH10: 5.9373333
C11: kalorimetr č. SN 34582419 | D11: 0 | E11: 0 | F11: 0 | G11: 0.001 | H11: 0.002 | I11: 0.021 | J11: 0.022 | K11: 0.022 | L11: 0.07 | M11: 0.073 | N11: 0.079 | O11: 0.467 | P11: 1.298 | R11: =P11-D11 -> 1.298 | U11: xx
A12: 9 | B12: 5 | C12: vodoměr SV č. 190834122 | D12: 115.676 | E12: 119.51 | F12: 123.178 | G12: 127.577 | H12: 132.369 | I12: 137.336 | J12: 142.762 | K12: 147.657 | L12: 152.683 | M12: 157.159 | N12: 162.357 | O12: 167.375 | P12: 172.088 | Q12: =P12-D12 -> 56.412 | U12: 9 | V12: =E12-D12 -> 3.834 | W12: =F12-E12 -> 3.668 | X12: =G12-F12 -> 4.399 | Y12: =H12-G12 -> 4.792 | Z12: =I12-H12 -> 4.967 | AA12: =J12-I12 -> 5.426 | AB12: =K12-J12 -> 4.895 | AC12: =L12-K12 -> 5.026 | ... AG12: =P12-O12 -> 4.713 | AH12: 4.7323333
A13: 8 a 9 | C13: kalorimetr č. SN 34582384 | D13: 8.304 | E13: 12.942 | F13: 16.757 | G13: 20.907 | H13: 24.983 | I13: 26.177 | J13: 26.964 | K13: 27.696 | L13: 28.353 | M13: 29.054 | N13: 30.507 | O13: 34.036 | P13: 38.609 | R13: =P13-D13 -> 30.305 | U13: TV | V13: =V44 -> 2.283 | W13: =W44 -> 2.059 | X13: =X44 -> 2.067 | Y13: =Y44 -> 2.073 | Z13: =Z44 -> 1.652 | AA13: =AA44 -> 1.438 | AB13: =AB44 -> 1.226 | AC13: =AC44 -> 1.334 | ... AG13: =AG44 -> 1.996 | AH13: 4.7182222
A14: 15 | B14: 6 | C14: vodoměr SV č. 200015757 | D14: 95.075 | E14: 100.796 | F14: 105.002 | G14: 109.469 | H14: 114.161 | I14: 118.939 | J14: 123.899 | K14: 129.483 | L14: 136.078 | M14: 141.583 | N14: 145.597 | O14: 149.19 | P14: 153.431 | Q14: =P14-D14 -> 58.356 | U14: 15 | V14: =E14-D14 -> 5.721 | W14: =F14-E14 -> 4.206 | X14: =G14-F14 -> 4.467 | Y14: =H14-G14 -> 4.692 | Z14: =I14-H14 -> 4.778 | AA14: =J14-I14 -> 4.96 | AB14: =K14-J14 -> 5.584 | AC14: =L14-K14 -> 6.595 | ... AG14: =P14-O14 -> 4.241 | AH14: 1.6821111
A15: 11 a 15 | C15: kalorimetr č. SN 34582397 | D15: 5.474 | E15: 8.381 | F15: 10.515 | G15: 12.321 | H15: 13.944 | I15: 14.728 | J15: 15.328 | K15: 15.878 | L15: 16.394 | M15: 17.219 | N15: 17.953 | O15: 19.908 | P15: 22.332 | R15: =P15-D15 -> 16.858 | U15: TV | V15: =V46 -> 4.197 | W15: =W46 -> 4.183 | X15: =X46 -> 3.959 | Y15: =Y46 -> 3.882 | Z15: =Z46 -> 3.125 | AA15: =AA46 -> 3.021 | AB15: =AB46 -> 2.633 | AC15: =AC46 -> 2.26 | ... AG15: =AG46 -> 3.442 | AH15: 0.73344444
A16: 7 | B16: 7 | C16: vodoměr č. 190834119 | D16: 167.571 | E16: 174.584 | F16: 180.401 | G16: 185.5 | H16: 192.116 | I16: 198.385 | J16: 203.608 | K16: 208.063 | L16: 210.311 | M16: 215.292 | N16: 220.473 | O16: 224.838 | P16: 230.537 | Q16: =P16-D16 -> 62.966 | U16: 7 | V16: =E16-D16 -> 7.013 | W16: =F16-E16 -> 5.817 | X16: =G16-F16 -> 5.099 | Y16: =H16-G16 -> 6.616 | Z16: =I16-H16 -> 6.269 | AA16: =J16-I16 -> 5.223 | AB16: =K16-J16 -> 4.455 | AC16: =L16-K16 -> 2.248 | ... AG16: =P16-O16 -> 5.699 | AH16: 6.2735556
C17: kalorimetr č. SN 34582417 | D17: 1.141 | E17: 1.77 | F17: 2.262 | G17: 2.828 | H17: 3.344 | I17: 3.787 | J17: 4.072 | K17: 4.303 | L17: 4.416 | M17: 4.684 | N17: 5.016 | O17: 5.323 | P17: 5.776 | R17: =P17-D17 -> 4.635 | U17: xx
A18: 13 | B18: 8 | C18: vodoměr SV č. 190834112 | D18: 81.12 | E18: 81.936 | F18: 84.352 | G18: 86.72 | H18: 89.263 | I18: 91.925 | J18: 94.869 | K18: 97.014 | L18: 99.636 | M18: 101.882 | N18: 104.479 | O18: 106.569 | P18: 108.811 | Q18: =P18-D18 -> 27.691 | U18: 13 | V18: =E18-D18 -> 0.816 | W18: =F18-E18 -> 2.416 | X18: =G18-F18 -> 2.368 | Y18: =H18-G18 -> 2.543 | Z18: =I18-H18 -> 2.662 | AA18: =J18-I18 -> 2.944 | AB18: =K18-J18 -> 2.145 | AC18: =L18-K18 -> 2.622 | ... AG18: =P18-O18 -> 2.242 | AH18: 2.5207778
A19: 12 a 13 | C19: kalorimetr č. SN 34582392 | D19: 10.751 | E19: 15.615 | F19: 20.187 | G19: 23.4 | H19: 24.965 | I19: 25.593 | J19: 26.169 | K19: 26.487 | L19: 26.929 | M19: 27.445 | N19: 28.324 | O19: 31.245 | P19: 36.685 | R19: =P19-D19 -> 25.934 | U19: TV | V19: =V48 -> 0.552 | W19: =W48 -> 2.417 | X19: =X48 -> 2.612 | Y19: =Y48 -> 2.504 | Z19: =Z48 -> 2.279 | AA19: =AA48 -> 2.291 | AB19: =AB48 -> 1.353 | AC19: =AC48 -> 1.811 | ... AG19: =AG48 -> 1.958 | AH19: 1.2623333
A20: 14 | B20: 9 | C20: vodoměr č. 190834124 | D20: 254.696 | E20: 265.573 | F20: 274.426 | G20: 284.748 | H20: 295.017 | I20: 305.917 | J20: 312.99 | K20: 320.698 | L20: 329.244 | M20: 339.04 | N20: 348.198 | O20: 357.055 | P20: 366.117 | Q20: =P20-D20 -> 111.421 | U20: 14 | V20: =E20-D20 -> 10.877 | W20: =F20-E20 -> 8.853 | X20: =G20-F20 -> 10.322 | Y20: =H20-G20 -> 10.269 | Z20: =I20-H20 -> 10.9 | AA20: =J20-I20 -> 7.073 | AB20: =K20-J20 -> 7.708 | AC20: =L20-K20 -> 8.546 | ... AG20: =P20-O20 -> 9.062 | AH20: 6.9983333
C21: kalorimetr č. SN 34582418 | D21: 9.502 | E21: 14.708 | F21: 18.176 | G21: 20.689 | H21: 22.973 | I21: 23.424 | J21: 23.795 | K21: 24.147 | L21: 24.508 | M21: 25.067 | N21: 26.386 | O21: 29.984 | P21: 35.137 | R21: =P21-D21 -> 25.635 | U21: xx
A22: 10 | B22: 10 | C22: vodoměr č. 190834091 | D22: 50.705 | E22: 52.598 | F22: 54.307 | G22: 56.003 | H22: 58.034 | I22: 59.718 | J22: 61.219 | K22: 63.021 | L22: 64.369 | M22: 65.91 | N22: 68.882 | O22: 69.54 | P22: 72.127 | Q22: =P22-D22 -> 21.422 | U22: 10 | V22: =E22-D22 -> 1.893 | W22: =F22-E22 -> 1.709 | X22: =G22-F22 -> 1.696 | Y22: =H22-G22 -> 2.031 | Z22: =I22-H22 -> 1.684 | AA22: =J22-I22 -> 1.501 | AB22: =K22-J22 -> 1.802 | AC22: =L22-K22 -> 1.348 | ... AG22: =P22-O22 -> 2.587 | AH22: 2.9007778
C23: kalorimetr č. SN 34582411 | D23: 6.162 | E23: 9.764 | F23: 11.912 | G23: 13.668 | H23: 14.576 | I23: 14.801 | J23: 15.001 | K23: 15.209 | L23: 15.407 | M23: 15.623 | N23: 16.164 | O23: 18.21 | P23: 21.182 | R23: =P23-D23 -> 15.02 | U23: xx
B24: spol.spotř. | C24: elektroměr č. 2080200096 | D24: 5432 | E24: 5790 | F24: 6035 | G24: 6284 | H24: 6537 | I24: 6795 | J24: 7029 | K24: 7288 | L24: 7553 | M24: 7882 | N24: 8301 | O24: 8847 | P24: 9091 | Q24: =SUM(Q4:Q23)+SUM(Q33:Q49) -> 928.197 | R24: =SUM(R4:R23) -> 225.029 | S24: =P24-D24 -> 3659 | U24: kWh
C26: patní vodoměr č. 190976791 | D26: 2853.6 | E26: 2947.2 | F26: 3029 | G26: 3112.3 | H26: 3204.2 | I26: 3291.3 | J26: 3368.6 | K26: 3445.1 | L26: 3524.5 | M26: 3600.3 | N26: 3683.1 | O26: 3761.5 | P26: 3852.3 | Q26: =P26-D26 -> 998.7
C27: patní kalorimetr č. /MWh | D27: 217.78 | E27: 230.62 | F27: 240.26 | G27: 248.61 | H27: 255.23 | I27: 258.3 | J27: 260.87 | K27: 263.42 | L27: 265.88 | M27: 268.69 | N27: 272.62 | O27: 280.72 | P27: 292.51 | R27: =(P27-D27)*3.6 -> 269.028 | S27: GJ
C28: patní kalorimetr č./kub.m | D28: 23652 | E28: 24223 | F28: 24648 | G28: 25022 | H28: 25394 | I28: 25631 | J28: 25890 | K28: 26196 | L28: 26509 | M28: 26778 | N28: 27119 | O28: 27506 | P28: 28066 | R28: =P28-D28 -> 4414 | S28: m3
B29: ='1850'!A29 -> fakturační vodoměr č. 63796 | D29: ='1850'!C29 -> 16304 | E29: ='1850'!D29 -> 16653.4 | F29: ='1850'!E29 -> 16977.5 | G29: ='1850'!F29 -> 17322.7 | H29: ='1850'!G29 -> 17680.1 | I29: ='1850'!H29 -> 18036.6 | J29: ='1850'!I29 -> 18355.9 | K29: ='1850'!J29 -> 18672 | ... P29: ='1850'!O29 -> 20281.1 | Q29: =P29-D29 -> 3977.1 | V29: studená voda
U31: byt | V31: leden | W31: únor | X31: březen | Y31: duben | Z31: květen | AA31: červen | AB31: červenec | AC31: srpen | AD31: září | AE31: říjen | AF31: listopad | AG31: prosinec
A33: 3 | B33: 2B | C33: vodoměr SV č. 200015745 | D33: 174.759 | E33: 181.916 | F33: 186.357 | G33: 190.222 | H33: 194.138 | I33: 197.488 | J33: 200.813 | K33: 204.5 | L33: 207.887 | M33: 210.828 | N33: 213.831 | O33: 216.348 | P33: 218.777 | Q33: =P33-D33 -> 44.018 | U33: 3 | V33: =E33-D33 -> 7.157 | W33: =F33-E33 -> 4.441 | X33: =G33-F33 -> 3.865 | Y33: =H33-G33 -> 3.916 | Z33: =I33-H33 -> 3.35 | AA33: =J33-I33 -> 3.325 | AB33: =K33-J33 -> 3.687 | AC33: =L33-K33 -> 3.387 | ... AG33: =P33-O33 -> 2.429 | AH33: 7.9723
A34: 6 | B34: 3B | C34: vodoměr SV č. 190834107 | D34: 104.722 | E34: 106.229 | F34: 107.501 | G34: 108.727 | H34: 110.007 | I34: 111.161 | J34: 112.276 | K34: 113.605 | L34: 115.298 | M34: 116.749 | N34: 118.781 | O34: 120.651 | P34: 122.338 | Q34: =P34-D34 -> 17.616 | U34: 6 | V34: =E34-D34 -> 1.507 | W34: =F34-E34 -> 1.272 | X34: =G34-F34 -> 1.226 | Y34: =H34-G34 -> 1.28 | Z34: =I34-H34 -> 1.154 | AA34: =J34-I34 -> 1.115 | AB34: =K34-J34 -> 1.329 | AC34: =L34-K34 -> 1.693 | ... AG34: =P34-O34 -> 1.687 | AH34: 2.9773
A35: 8 | B35: 5B | C35: vodoměr SV č. 190834094 | D35: 177.033 | E35: 183.651 | F35: 189.533 | G35: 195.366 | H35: 201.476 | I35: 207.228 | J35: 213.119 | K35: 219.274 | L35: 224.61 | M35: 228.122 | N35: 232.643 | O35: 236.458 | P35: 241.591 | Q35: =P35-D35 -> 64.558 | U35: 8 | V35: =E35-D35 -> 6.618 | W35: =F35-E35 -> 5.882 | X35: =G35-F35 -> 5.833 | Y35: =H35-G35 -> 6.11 | Z35: =I35-H35 -> 5.752 | AA35: =J35-I35 -> 5.891 | AB35: =K35-J35 -> 6.155 | AC35: =L35-K35 -> 5.336 | ... AG35: =P35-O35 -> 5.133 | AH35: 5.4084
A36: 11 | B36: 6B | C36: vodoměr SV č. 200015744 | D36: 13.701 | E36: 13.982 | F36: 14.204 | G36: 14.504 | H36: 14.885 | I36: 15.59 | J36: 15.692 | K36: 16.224 | L36: 17.457 | M36: 17.882 | N36: 18.053 | O36: 18.432 | P36: 19.042 | Q36: =P36-D36 -> 5.341 | U36: 11 | V36: =E36-D36 -> 0.281 | W36: =F36-E36 -> 0.222 | X36: =G36-F36 -> 0.3 | Y36: =H36-G36 -> 0.381 | Z36: =I36-H36 -> 0.705 | AA36: =J36-I36 -> 0.102 | AB36: =K36-J36 -> 0.532 | AC36: =L36-K36 -> 1.233 | ... AG36: =P36-O36 -> 0.61 | AH36: 0.4723
A37: 12 | B37: 8B | C37: vodoměr SV č. 190834128 | D37: 49.424 | E37: 50.922 | F37: 52.37 | G37: 53.793 | H37: 57.812 | I37: 60.969 | J37: 64.435 | K37: 66.421 | L37: 70.892 | M37: 74.039 | N37: 77.964 | O37: 81.041 | P37: 84.883 | Q37: =P37-D37 -> 35.459 | U37: 12 | V37: =E37-D37 -> 1.498 | W37: =F37-E37 -> 1.448 | X37: =G37-F37 -> 1.423 | Y37: =H37-G37 -> 4.019 | Z37: =I37-H37 -> 3.157 | AA37: =J37-I37 -> 3.466 | AB37: =K37-J37 -> 1.986 | AC37: =L37-K37 -> 4.471 | ... AG37: =P37-O37 -> 3.842 | AH37: 2.1434
C39: VODOMĚRY TEPLÁ VODA | V39: teplá voda
A40: 2 | B40: 2 | C40: vodoměr TUV č. 200105142 | D40: 56.786 | E40: 59.69 | F40: 62.11 | G40: 64.202 | H40: 66.744 | I40: 69.071 | J40: 70.758 | K40: 72.543 | L40: 74.379 | M40: 76.603 | N40: 79.565 | O40: 82.373 | P40: 85.202 | Q40: =P40-D40 -> 28.416 | U40: 2 | V40: =E40-D40 -> 2.904 | W40: =F40-E40 -> 2.42 | X40: =G40-F40 -> 2.092 | Y40: =H40-G40 -> 2.542 | Z40: =I40-H40 -> 2.327 | AA40: =J40-I40 -> 1.687 | AB40: =K40-J40 -> 1.785 | AC40: =L40-K40 -> 1.836 | ... AG40: =P40-O40 -> 2.829 | AH40: 4.0477
A41: 3 | B41: 2B | C41: vodoměr TUV č. 200105133 | D41: 111.664 | E41: 117.156 | F41: 120.549 | G41: 123.2 | H41: 125.604 | I41: 127.612 | J41: 129.559 | K41: 131.356 | L41: 132.882 | M41: 134.61 | N41: 136.297 | O41: 137.83 | P41: 139.535 | Q41: =P41-D41 -> 27.871 | U41: 3 | V41: =E41-D41 -> 5.492 | W41: =F41-E41 -> 3.393 | X41: =G41-F41 -> 2.651 | Y41: =H41-G41 -> 2.404 | Z41: =I41-H41 -> 2.008 | AA41: =J41-I41 -> 1.947 | AB41: =K41-J41 -> 1.797 | AC41: =L41-K41 -> 1.526 | ... AG41: =P41-O41 -> 1.705 | AH41: 4.1811
A42: 5 | B42: 3 | C42: vodoměr TUV č. 190049448 | D42: 12.609 | E42: 13.269 | F42: 13.689 | G42: 14.117 | H42: 14.517 | I42: 14.854 | J42: 15.178 | K42: 15.513 | L42: 15.804 | M42: 16.124 | N42: 16.489 | O42: 16.899 | P42: 17.24 | Q42: =P42-D42 -> 4.631 | U42: 5 | V42: =E42-D42 -> 0.66 | W42: =F42-E42 -> 0.42 | X42: =G42-F42 -> 0.428 | Y42: =H42-G42 -> 0.4 | Z42: =I42-H42 -> 0.337 | AA42: =J42-I42 -> 0.324 | AB42: =K42-J42 -> 0.335 | AC42: =L42-K42 -> 0.291 | ... AG42: =P42-O42 -> 0.341 | AH42: 0.3771
A43: 6 | B43: 3B | C43: vodoměr TUV č. 190049255 | D43: 82.099 | E43: 84.301 | F43: 86.059 | G43: 86.921 | H43: 88.092 | I43: 88.965 | J43: 89.585 | K43: 90.361 | L43: 90.98 | M43: 91.8 | N43: 93.07 | O43: 94.663 | P43: 96.178 | Q43: =P43-D43 -> 14.079 | U43: 6 | V43: =E43-D43 -> 2.202 | W43: =F43-E43 -> 1.758 | X43: =G43-F43 -> 0.862 | Y43: =H43-G43 -> 1.171 | Z43: =I43-H43 -> 0.873 | AA43: =J43-I43 -> 0.62 | AB43: =K43-J43 -> 0.776 | AC43: =L43-K43 -> 0.619 | ... AG43: =P43-O43 -> 1.515 | AH43: 1.5876
A44: 9 | B44: 5 | C44: vodoměr TUV č. 200105131 | D44: 37.255 | E44: 39.538 | F44: 41.597 | G44: 43.664 | H44: 45.737 | I44: 47.389 | J44: 48.827 | K44: 50.053 | L44: 51.387 | M44: 52.649 | N44: 54.198 | O44: 56.11 | P44: 58.106 | Q44: =P44-D44 -> 20.851 | U44: 9 | V44: =E44-D44 -> 2.283 | W44: =F44-E44 -> 2.059 | X44: =G44-F44 -> 2.067 | Y44: =H44-G44 -> 2.073 | Z44: =I44-H44 -> 1.652 | AA44: =J44-I44 -> 1.438 | AB44: =K44-J44 -> 1.226 | AC44: =L44-K44 -> 1.334 | ... AG44: =P44-O44 -> 1.996 | AH44: 4.4403
A45: 8 | B45: 5B | C45: vodoměr TUV č. 200105152 | D45: 69.031 | E45: 72.718 | F45: 75.62 | G45: 78.704 | H45: 81.25 | I45: 83.722 | J45: 85.791 | K45: 87.877 | L45: 89.482 | M45: 90.652 | N45: 92.391 | O45: 94.09 | P45: 96.476 | Q45: =P45-D45 -> 27.445 | U45: 8 | V45: =E45-D45 -> 3.687 | W45: =F45-E45 -> 2.902 | X45: =G45-F45 -> 3.084 | Y45: =H45-G45 -> 2.546 | Z45: =I45-H45 -> 2.472 | AA45: =J45-I45 -> 2.069 | AB45: =K45-J45 -> 2.086 | AC45: =L45-K45 -> 1.605 | ... AG45: =P45-O45 -> 2.386 | AH45: 2.5713
A46: 15 | B46: 6 | C46: vodoměr TUV č. 190049234 | D46: 62.118 | E46: 66.315 | F46: 70.498 | G46: 74.457 | H46: 78.339 | I46: 81.464 | J46: 84.485 | K46: 87.118 | L46: 89.378 | M46: 92.014 | N46: 94.661 | O46: 97.101 | P46: 100.543 | Q46: =P46-D46 -> 38.425 | U46: 15 | V46: =E46-D46 -> 4.197 | W46: =F46-E46 -> 4.183 | X46: =G46-F46 -> 3.959 | Y46: =H46-G46 -> 3.882 | Z46: =I46-H46 -> 3.125 | AA46: =J46-I46 -> 3.021 | AB46: =K46-J46 -> 2.633 | AC46: =L46-K46 -> 2.26 | ... AG46: =P46-O46 -> 3.442 | AH46: 0.9661
A47: 11 | B47: 6B | C47: vodoměr TUV č. 190049258 | D47: 10.546 | E47: 10.662 | F47: 10.818 | G47: 11.018 | H47: 11.221 | I47: 11.455 | J47: 11.502 | K47: 11.68 | L47: 12.139 | M47: 12.316 | N47: 12.411 | O47: 12.621 | P47: 12.953 | Q47: =P47-D47 -> 2.407 | U47: 11 | V47: =E47-D47 -> 0.116 | W47: =F47-E47 -> 0.156 | X47: =G47-F47 -> 0.2 | Y47: =H47-G47 -> 0.203 | Z47: =I47-H47 -> 0.234 | AA47: =J47-I47 -> 0.047 | AB47: =K47-J47 -> 0.178 | AC47: =L47-K47 -> 0.459 | ... AG47: =P47-O47 -> 0.332 | AH47: 0.2794
A48: 13 | B48: 8 | C48: vodoměr TUV č. 190049444 | D48: 43.02 | E48: 43.572 | F48: 45.989 | G48: 48.601 | H48: 51.105 | I48: 53.384 | J48: 55.675 | K48: 57.028 | L48: 58.839 | M48: 60.674 | N48: 63.001 | O48: 65.06 | P48: 67.018 | Q48: =P48-D48 -> 23.998 | U48: 13 | V48: =E48-D48 -> 0.552 | W48: =F48-E48 -> 2.417 | X48: =G48-F48 -> 2.612 | Y48: =H48-G48 -> 2.504 | Z48: =I48-H48 -> 2.279 | AA48: =J48-I48 -> 2.291 | AB48: =K48-J48 -> 1.353 | AC48: =L48-K48 -> 1.811 | ... AG48: =P48-O48 -> 1.958 | AH48: 1.3253
A49: 12 | B49: 8B | C49: vodoměr TUV č. 190049253 | D49: 38.506 | E49: 39.698 | F49: 40.777 | G49: 42.178 | H49: 44.585 | I49: 46.21 | J49: 47.795 | K49: 48.585 | L49: 50.006 | M49: 51.546 | N49: 53.537 | O49: 54.906 | P49: 56.644 | Q49: =P49-D49 -> 18.138 | U49: 12 | V49: =E49-D49 -> 1.192 | W49: =F49-E49 -> 1.079 | X49: =G49-F49 -> 1.401 | Y49: =H49-G49 -> 2.407 | Z49: =I49-H49 -> 1.625 | AA49: =J49-I49 -> 1.585 | AB49: =K49-J49 -> 0.79 | AC49: =L49-K49 -> 1.421 | ... AG49: =P49-O49 -> 1.738 | AH49: 1.6965
E52: Reklamace - výměna vodoměru | H52: číslo | I52: stav | V52: SROVNÁVACÍ TABULKA ZBYTKU DĚLENÝCH BYTŮ - spotřeby SV a TV
C53: 5 | D53: 3A - SV | E53: 44895 | F53: starý | G53: 190834093 | I53: 23.23 | T53: byt | U53: Vodom. | V53: leden | W53: únor | X53: březen | Y53: duben | Z53: květen | AA53: červen | AB53: červenec | AC53: srpen | AD53: září | AE53: říjen | AF53: listopad | AG53: prosinec
F54: nový | G54: 221525378 | I54: 0.02 | T54: 3 | U54: SV | V54: =V33 -> 7.157 | W54: =W33 -> 4.441 | X54: =X33 -> 3.865 | Y54: =Y33 -> 3.916 | Z54: =Z33 -> 3.35 | AA54: =AA33 -> 3.325 | AB54: =AB33 -> 3.687 | AC54: =AC33 -> 3.387 | ... AG54: =AG33 -> 2.429 | AH54: 7.9723
U55: TV | V55: =V41 -> 5.492 | W55: =W41 -> 3.393 | X55: =X41 -> 2.651 | Y55: =Y41 -> 2.404 | Z55: =Z41 -> 2.008 | AA55: =AA41 -> 1.947 | AB55: =AB41 -> 1.797 | AC55: =AC41 -> 1.526 | ... AG55: =AG41 -> 1.705 | AH55: 4.1811
E56: Výměna elektroměru | T56: 6 | U56: SV | V56: =V34 -> 1.507 | W56: =W34 -> 1.272 | X56: =X34 -> 1.226 | Y56: =Y34 -> 1.28 | Z56: =Z34 -> 1.154 | AA56: =AA34 -> 1.115 | AB56: =AB34 -> 1.329 | AC56: =AC34 -> 1.693 | ... AG56: =AG34 -> 1.687 | AH56: 2.9773
E57: 43956 | F57: starý | U57: TV | V57: =V43 -> 2.202 | W57: =W43 -> 1.758 | X57: =X43 -> 0.862 | Y57: =Y43 -> 1.171 | Z57: =Z43 -> 0.873 | AA57: =AA43 -> 0.62 | AB57: =AB43 -> 0.776 | AC57: =AC43 -> 0.619 | ... AG57: =AG43 -> 1.515 | AH57: 1.5876
F58: nový | T58: 8 | U58: SV | V58: =V35 -> 6.618 | W58: =W35 -> 5.882 | X58: =X35 -> 5.833 | Y58: =Y35 -> 6.11 | Z58: =Z35 -> 5.752 | AA58: =AA35 -> 5.891 | AB58: =AB35 -> 6.155 | AC58: =AC35 -> 5.336 | ... AG58: =AG35 -> 5.133 | AH58: 5.4084
U59: TV | V59: =V45 -> 3.687 | W59: =W45 -> 2.902 | X59: =X45 -> 3.084 | Y59: =Y45 -> 2.546 | Z59: =Z45 -> 2.472 | AA59: =AA45 -> 2.069 | AB59: =AB45 -> 2.086 | AC59: =AC45 -> 1.605 | ... AG59: =AG45 -> 2.386 | AH59: 2.5713
T60: 11 | U60: SV | V60: =V36 -> 0.281 | W60: =W36 -> 0.222 | X60: =X36 -> 0.3 | Y60: =Y36 -> 0.381 | Z60: =Z36 -> 0.705 | AA60: =AA36 -> 0.102 | AB60: =AB36 -> 0.532 | AC60: =AC36 -> 1.233 | ... AG60: =AG36 -> 0.61 | AH60: 0.4723
U61: TV | V61: =V47 -> 0.116 | W61: =W47 -> 0.156 | X61: =X47 -> 0.2 | Y61: =Y47 -> 0.203 | Z61: =Z47 -> 0.234 | AA61: =AA47 -> 0.047 | AB61: =AB47 -> 0.178 | AC61: =AC47 -> 0.459 | ... AG61: =AG47 -> 0.332 | AH61: 0.2794
T62: 12 | U62: SV | V62: =V37 -> 1.498 | W62: =W37 -> 1.448 | X62: =X37 -> 1.423 | Y62: =Y37 -> 4.019 | Z62: =Z37 -> 3.157 | AA62: =AA37 -> 3.466 | AB62: =AB37 -> 1.986 | AC62: =AC37 -> 4.471 | ... AG62: =AG37 -> 3.842 | AH62: 2.1434
U63: TV | V63: =V49 -> 1.192 | W63: =W49 -> 1.079 | X63: =X49 -> 1.401 | Y63: =Y49 -> 2.407 | Z63: =Z49 -> 1.625 | AA63: =AA49 -> 1.585 | AB63: =AB49 -> 0.79 | AC63: =AC49 -> 1.421 | ... AG63: =AG49 -> 1.738 | AH63: 1.6965

Sheet 1852
A2: 1852 | C2: ='1850'!C2 -> 44562 | D2: ='1850'!D2 -> 44593 | E2: ='1850'!E2 -> 44622 | F2: ='1850'!F2 -> 44652 | G2: ='1850'!G2 -> 44683 | H2: ='1850'!H2 -> 44713 | I2: ='1850'!I2 -> 44743 | J2: ='1850'!J2 -> 44774 | ... O2: ='1850'!O2 -> 44927 | P2: voda | Q2: teplo | Y2: spotřeby po měsících
A3: byt č. | C3: prosinec | D3: leden | E3: únor | F3: březen | G3: duben | H3: květen | I3: červen | J3: červenec | K3: srpen | L3: září | M3: říjen | N3: listopad | O3: prosinec | P3: m3 | Q3: GJ | T3: byt | U3: leden | V3: únor | W3: březen | X3: duben | Y3: květen | Z3: červen | AA3: červenec | AB3: srpen | AC3: září | AD3: říjen | AE3: listopad | AF3: prosinec
A4: 1 | B4: vodoměr č. 190834115 | C4: 317.269 | D4: 326.505 | E4: 337.162 | F4: 348.559 | G4: 361.034 | H4: 371.339 | I4: 381.692 | J4: 393.421 | K4: 403.431 | L4: 414.272 | M4: 425.64 | N4: 435.605 | O4: 445.719 | P4: =O4-C4 -> 128.45 | T4: 1 | U4: =D4-C4 -> 9.236 | V4: =E4-D4 -> 10.657 | W4: =F4-E4 -> 11.397 | X4: =G4-F4 -> 12.475 | Y4: =H4-G4 -> 10.305 | Z4: =I4-H4 -> 10.353 | AA4: =J4-I4 -> 11.729 | AB4: =K4-J4 -> 10.01 | ... AF4: =O4-N4 -> 10.114
B5: kalorimetr č. SN 34582388 | C5: 7.696 | D5: 11.985 | E5: 15.113 | F5: 18.093 | G5: 20.569 | H5: 21.192 | I5: 21.83 | J5: 22.405 | K5: 22.94 | L5: 23.516 | M5: 24.224 | N5: 27.03 | O5: 30.733 | Q5: =O5-C5 -> 23.037
A6: 2 | B6: vodoměr č. 190834121 | C6: 149.209 | D6: 155.582 | E6: 162.014 | F6: 169.727 | G6: 179.151 | H6: 186.984 | I6: 194.158 | J6: 200.217 | K6: 206.45 | L6: 213.676 | M6: 221.521 | N6: 228.753 | O6: 235.605 | P6: =O6-C6 -> 86.396 | T6: 2 | U6: =D6-C6 -> 6.373 | V6: =E6-D6 -> 6.432 | W6: =F6-E6 -> 7.713 | X6: =G6-F6 -> 9.424 | Y6: =H6-G6 -> 7.833 | Z6: =I6-H6 -> 7.174 | AA6: =J6-I6 -> 6.059 | AB6: =K6-J6 -> 6.233 | ... AF6: =O6-N6 -> 6.852
B7: kalorimetr č. SN 34582394 | C7: 4.266 | D7: 6.632 | E7: 8.705 | F7: 10.198 | G7: 11.295 | H7: 11.996 | I7: 12.527 | J7: 12.977 | K7: 13.404 | L7: 13.858 | M7: 14.427 | N7: 15.169 | O7: 16.116 | Q7: =O7-C7 -> 11.85
A8: 3 | B8: vodoměr č. 200015760 | C8: 203.867 | D8: 215.073 | E8: 225.261 | F8: 236.637 | G8: 249.917 | H8: 260.146 | I8: 268.121 | J8: 281.695 | K8: 290.071 | L8: 301.016 | M8: 311.822 | N8: 324.507 | O8: 338.053 | P8: =O8-C8 -> 134.186 | T8: 3 | U8: =D8-C8 -> 11.206 | V8: =E8-D8 -> 10.188 | W8: =F8-E8 -> 11.376 | X8: =G8-F8 -> 13.28 | Y8: =H8-G8 -> 10.229 | Z8: =I8-H8 -> 7.975 | AA8: =J8-I8 -> 13.574 | AB8: =K8-J8 -> 8.376 | ... AF8: =O8-N8 -> 13.546
B9: kalorimetr č. SN 34582389 | C9: 10.111 | D9: 15.425 | E9: 19.536 | F9: 23.513 | G9: 27.119 | H9: 27.83 | I9: 28.302 | J9: 28.932 | K9: 29.318 | L9: 30.692 | M9: 33.116 | N9: 37.454 | O9: 43.311 | Q9: =O9-C9 -> 33.2
A10: 4 | B10: vodoměr č. 190834096 | C10: 310.612 | D10: 318.96 | E10: 325.61 | F10: 333.657 | G10: 341.595 | H10: 349.681 | I10: 356.103 | J10: 364.443 | K10: 371.62 | L10: 380.33 | M10: 389.31 | N10: 398.562 | O10: 407.947 | P10: =O10-C10 -> 97.335 | T10: 4 | U10: =D10-C10 -> 8.348 | V10: =E10-D10 -> 6.65 | W10: =F10-E10 -> 8.047 | X10: =G10-F10 -> 7.938 | Y10: =H10-G10 -> 8.086 | Z10: =I10-H10 -> 6.422 | AA10: =J10-I10 -> 8.34 | AB10: =K10-J10 -> 7.177 | ... AF10: =O10-N10 -> 9.385
B11: kalorimetr č. SN 34582395 | C11: 9.533 | D11: 14.474 | E11: 18.338 | F11: 21.601 | G11: 23.974 | H11: 24.706 | I11: 25.247 | J11: 25.86 | K11: 26.367 | L11: 27.336 | M11: 29.128 | N11: 32.72 | O11: 37.265 | Q11: =O11-C11 -> 27.732
A12: 5 | B12: vodoměr č. 190834110 | C12: 133.155 | D12: 144.367 | E12: 153.875 | F12: 164.915 | G12: 175.966 | H12: 188.222 | I12: 198.363 | J12: 203.37 | K12: 210.77 | L12: 216.303 | M12: 224.132 | N12: 230.225 | O12: 236.272 | P12: =O12-C12 -> 103.117 | T12: 5 | U12: =D12-C12 -> 11.212 | V12: =E12-D12 -> 9.508 | W12: =F12-E12 -> 11.04 | X12: =G12-F12 -> 11.051 | Y12: =H12-G12 -> 12.256 | Z12: =I12-H12 -> 10.141 | AA12: =J12-I12 -> 5.007 | AB12: =K12-J12 -> 7.4 | ... AF12: =O12-N12 -> 6.047
B13: kalorimetr č. SN 34582393 | C13: 4.064 | D13: 6.13 | E13: 7.957 | F13: 9.796 | G13: 11.348 | H13: 12.451 | I13: 13.309 | J13: 13.786 | K13: 14.335 | L13: 14.93 | M13: 15.974 | N13: 17.789 | O13: 20.024 | Q13: =O13-C13 -> 15.96
A14: 6 | B14: vodoměr č. 190834127 | C14: 215.901 | D14: 222.927 | E14: 230.856 | F14: 238.795 | G14: 245.888 | H14: 255.529 | I14: 264.629 | J14: 272.248 | K14: 276.836 | L14: 284.46 | M14: 295.428 | N14: 305.71 | O14: 317.583 | P14: =O14-C14 -> 101.682 | T14: 6 | U14: =D14-C14 -> 7.026 | V14: =E14-D14 -> 7.929 | W14: =F14-E14 -> 7.939 | X14: =G14-F14 -> 7.093 | Y14: =H14-G14 -> 9.641 | Z14: =I14-H14 -> 9.1 | AA14: =J14-I14 -> 7.619 | AB14: =K14-J14 -> 4.588 | ... AF14: =O14-N14 -> 11.873
B15: kalorimetr č. SN 34582399 | C15: 6.688 | D15: 10.92 | E15: 14.606 | F15: 17.682 | G15: 19.364 | H15: 20.205 | I15: 20.868 | J15: 21.353 | K15: 21.694 | L15: 22.211 | M15: 23.476 | N15: 26.119 | O15: 30.804 | Q15: =O15-C15 -> 24.116
A16: 7 | B16: vodoměr č. 190834123 | C16: 29.521 | D16: 30.205 | E16: 30.828 | F16: 31.389 | G16: 31.924 | H16: 32.615 | I16: 33.54 | J16: 34.752 | K16: 35.637 | L16: 36.349 | M16: 37.148 | N16: 37.65 | O16: 38.227 | P16: =O16-C16 -> 8.706 | T16: 7 | U16: =D16-C16 -> 0.684 | V16: =E16-D16 -> 0.623 | W16: =F16-E16 -> 0.561 | X16: =G16-F16 -> 0.535 | Y16: =H16-G16 -> 0.691 | Z16: =I16-H16 -> 0.925 | AA16: =J16-I16 -> 1.212 | AB16: =K16-J16 -> 0.885 | ... AF16: =O16-N16 -> 0.577
B17: kalorimetr č. SN 34582404 | C17: 3.464 | D17: 5.717 | E17: 6.836 | F17: 7.177 | G17: 7.703 | H17: 7.723 | I17: 7.75 | J17: 7.778 | K17: 7.795 | L17: 7.904 | M17: 8.126 | N17: 9.889 | O17: 12.76 | Q17: =O17-C17 -> 9.296
A18: 8 | B18: vodoměr č. 190834118 | C18: 249.053 | D18: 259.341 | E18: 267.363 | F18: 277.845 | G18: 287.833 | H18: 298.144 | I18: 306.303 | J18: 314.792 | K18: 320.637 | L18: 327.084 | M18: 336.817 | N18: 345.823 | O18: 355.342 | P18: =O18-C18 -> 106.289 | T18: 8 | U18: =D18-C18 -> 10.288 | V18: =E18-D18 -> 8.022 | W18: =F18-E18 -> 10.482 | X18: =G18-F18 -> 9.988 | Y18: =H18-G18 -> 10.311 | Z18: =I18-H18 -> 8.159 | AA18: =J18-I18 -> 8.489 | AB18: =K18-J18 -> 5.845 | ... AF18: =O18-N18 -> 9.519
B19: kalorimetr č. SN 34582406 | C19: 5.175 | D19: 8.488 | E19: 10.284 | F19: 11.678 | G19: 12.896 | H19: 13.53 | I19: 14.013 | J19: 14.516 | K19: 14.888 | L19: 15.302 | M19: 15.938 | N19: 17.306 | O19: 19.528 | Q19: =O19-C19 -> 14.353
A20: 9 | B20: vodoměr č. 190834113 | C20: 143.658 | D20: =C20+11.3 -> 154.958 | E20: =D20+10.9 -> 165.858 | F20: =E20+11.3 -> 177.158 | G20: =F20+11.5 -> 188.658 | H20: =G20+11 -> 199.658 | I20: =H20+9.8 -> 209.458 | J20: =I20+8 -> 217.458 | K20: =J20+10.1 -> 227.558 | L20: =K20+10.7 -> 238.258 | M20: =L20+12.6 -> 250.858 | N20: 0.434 | O20: 11.177 | P20: =O20-G33+G32-C20 -> 126.077 | T20: 9 | U20: =D20-C20 -> 11.3 | V20: =E20-D20 -> 10.9 | W20: =F20-E20 -> 11.3 | X20: =G20-F20 -> 11.5 | Y20: =H20-G20 -> 11 | Z20: =I20-H20 -> 9.8 | AA20: =J20-I20 -> 8 | AB20: =K20-J20 -> 10.1 | ... AD20: =M20-L20 -> 12.6 | AE20: =N20+G32-M20 -> 8.134 | AF20: =O20+H32-N20 -> 10.743
B21: kalorimetr č. SN 34582405 | C21: 11.394 | D21: 16.907 | E21: 21.452 | F21: 25.368 | G21: 29.279 | H21: 30.314 | I21: 31.04 | J21: 31.604 | K21: 32.292 | L21: 33.1 | M21: 34.177 | N21: 37.715 | O21: 43.025 | Q21: =O21-C21 -> 31.631
A22: 10 | B22: vodoměr č. 190834129 | C22: 199.254 | D22: 205.614 | E22: 210.528 | F22: 217.336 | G22: 225.373 | H22: 231.403 | I22: 239.138 | J22: 243.989 | K22: 251.802 | L22: 259.086 | M22: 267.636 | N22: 275.302 | O22: 283.974 | P22: =O22-C22 -> 84.72 | T22: 10 | U22: =D22-C22 -> 6.36 | V22: =E22-D22 -> 4.914 | W22: =F22-E22 -> 6.808 | X22: =G22-F22 -> 8.037 | Y22: =H22-G22 -> 6.03 | Z22: =I22-H22 -> 7.735 | AA22: =J22-I22 -> 4.851 | AB22: =K22-J22 -> 7.813 | ... AF22: =O22-N22 -> 8.672
B23: kalorimetr č. SN 34582407 | C23: 6.284 | D23: 10.164 | E23: 12.529 | F23: 14.884 | G23: 16.61 | H23: 17.163 | I23: 17.741 | J23: 18.13 | K23: 18.663 | L23: 19.361 | M23: 20.903 | N23: 24.081 | O23: 28.409 | Q23: =O23-C23 -> 22.125
P24: =SUM(P4:P23) -> 976.958 | Q24: =SUM(Q4:Q23) -> 213.3
A25: spol.spotř. | B25: elektroměr č. 2080200097 | C25: 5389 | D25: 5570 | E25: 5745 | F25: 5933 | G25: 6154 | H25: 6344 | I25: 6534 | J25: 6715 | K25: 6930 | L25: 7119 | M25: 7337 | N25: 7544 | O25: 7868 | R25: =O25-C25 -> 2479
B26: patní vodoměr č. 190976792 | C26: 2353 | D26: 2444.3 | E26: 2528.5 | F26: 2624.6 | G26: 2726.1 | H26: 2822.1 | I26: 2908.5 | J26: 2991.5 | K26: 3067.6 | L26: 3152 | M26: 3251.5 | N26: 3341.2 | O26: 3438.2 | P26: =O26-C26 -> 1085.2
B27: patní kalorimetr č./MWh | C27: 165.58 | D27: 176.79 | E27: 184.79 | F27: 191.59 | G27: 197.05 | H27: 198.51 | I27: 199.6 | J27: 200.39 | K27: 201.07 | L27: 202.47 | M27: 205.26 | N27: 212.76 | O27: 223.61 | Q27: =(O27-C27)*3.6 -> 208.908 | R27: GJ
B28: patní kalorimetr č./kub.m | C28: 7312 | D28: 7617 | E28: 7825 | F28: 8019 | G28: 8164 | H28: 8202 | I28: 8234 | J28: 8260 | K28: 8283 | L28: 8322 | M28: 8399 | N28: 8584 | O28: 8842 | Q28: =O28-C28 -> 1530 | R28: m3
A29: ='1850'!A29 -> fakturační vodoměr č. 63796 | C29: ='1850'!C29 -> 16304 | D29: ='1850'!D29 -> 16653.4 | E29: ='1850'!E29 -> 16977.5 | F29: ='1850'!F29 -> 17322.7 | G29: ='1850'!G29 -> 17680.1 | H29: ='1850'!H29 -> 18036.6 | I29: ='1850'!I29 -> 18355.9 | J29: ='1850'!J29 -> 18672 | ... O29: ='1850'!O29 -> 20281.1 | P29: =O29-C29 -> 3977.1
C31: byt | D31: Reklamace - výměna | F31: číslo | G31: stav
C32: 9 | D32: 43950 | E32: starý | F32: 190834113 | G32: =M20+7.7 -> 258.558
E33: nový | F33: 221525380 | G33: 0
D35: Výměna elektroměru
D36: 43956 | E36: starý
E37: nový
B41: vodoměr č. 190834113 | C41: 143.658 | D41: 145.286 | E41: 146.443 | F41: 147.384 | G41: 148.159 | H41: 148.938 | I41: 149.689 | J41: 150.164 | K41: 150.705 | L41: 151.354 | M41: 152.571 | N41: 0.434 | O41: 11.177 | P41: =O41+N43-C41 -> 20.979 | T41: 9 | U41: =D41-C41 -> 1.628 | V41: =E41-D41 -> 1.157 | W41: =F41-E41 -> 0.941 | X41: =G41-F41 -> 0.775 | Y41: =H41-G41 -> 0.779 | Z41: =I41-H41 -> 0.751 | AA41: =J41-I41 -> 0.475 | AB41: =K41-J41 -> 0.541 | ... AD41: =M41-L41 -> 1.217 | AE41: =N41+N43-M41 -> 1.323 | AF41: =O41+H53-N41 -> 10.743
M43: 44681 | N43: 153.46

Sheet 1853
A2: 1853 | C2: ='1850'!C2 -> 44562 | D2: ='1850'!D2 -> 44593 | E2: ='1850'!E2 -> 44622 | F2: ='1850'!F2 -> 44652 | G2: ='1850'!G2 -> 44683 | H2: ='1850'!H2 -> 44713 | I2: ='1850'!I2 -> 44743 | J2: ='1850'!J2 -> 44774 | ... O2: ='1850'!O2 -> 44927 | P2: Voda | Q2: Teplo | R2: Elektr | Y2: spotřeby po měsících
A3: byt č. | C3: prosinec | D3: leden | E3: únor | F3: březen | G3: duben | H3: květen | I3: červen | J3: červenec | K3: srpen | L3: září | M3: říjen | N3: listopad | O3: prosinec | P3: m3 | Q3: GJ | R3: KWh | T3: byt | U3: leden | V3: únor | W3: březen | X3: duben | Y3: květen | Z3: červen | AA3: červenec | AB3: srpen | AC3: září | AD3: říjen | AE3: listopad | AF3: prosinec
A4: 1 | B4: vodoměr č. 190834100 | C4: 380.509 | D4: 394.372 | E4: 407.693 | F4: 421.132 | G4: 435.601 | H4: 446.898 | I4: 458.172 | J4: 469.845 | K4: 481.991 | L4: 492.673 | M4: 505.612 | N4: 517.252 | O4: 530.581 | P4: =O4-C4 -> 150.072 | T4: 1 | U4: =D4-C4 -> 13.863 | V4: =E4-D4 -> 13.321 | W4: =F4-E4 -> 13.439 | X4: =G4-F4 -> 14.469 | Y4: =H4-G4 -> 11.297 | Z4: =I4-H4 -> 11.274 | AA4: =J4-I4 -> 11.673 | AB4: =K4-J4 -> 12.146 | ... AF4: =O4-N4 -> 13.329
B5: kalorimetr č. SN 34582390 | C5: 9.528 | D5: 15.184 | E5: 20.138 | F5: 24.396 | G5: 27.007 | H5: 27.72 | I5: 28.355 | J5: 28.912 | K5: 29.455 | L5: 30.131 | M5: 30.977 | N5: 33.285 | O5: 37.232 | Q5: =O5-C5 -> 27.704
A6: 2 | B6: vodoměr č. 190906789 | C6: 212.804 | D6: 219.523 | E6: 226.242 | F6: 231.717 | G6: 240.123 | H6: 246.037 | I6: 253.288 | J6: 261.277 | K6: 268.711 | L6: 275.619 | M6: 283.158 | N6: 289.962 | O6: 294.937 | P6: =O6-C6 -> 82.133 | T6: 2 | U6: =D6-C6 -> 6.719 | V6: =E6-D6 -> 6.719 | W6: =F6-E6 -> 5.475 | X6: =G6-F6 -> 8.406 | Y6: =H6-G6 -> 5.914 | Z6: =I6-H6 -> 7.251 | AA6: =J6-I6 -> 7.989 | AB6: =K6-J6 -> 7.434 | ... AF6: =O6-N6 -> 4.975
B7: kalorimetr č. SN 34582422 | C7: 2.426 | D7: 3.62 | E7: 4.768 | F7: 5.584 | G7: 6.281 | H7: 6.52 | I7: 6.855 | J7: 7.207 | K7: 7.5 | L7: 7.834 | M7: 8.256 | N7: 9.047 | O7: 10.275 | Q7: =O7-C7 -> 7.849
A8: 3 | B8: vodoměr č. 190906786 | C8: 93.933 | D8: 100.429 | E8: 107.476 | F8: 115.911 | G8: 124.674 | H8: 132.17 | I8: 137.849 | J8: 142.352 | K8: 146.94 | L8: 152.019 | M8: 158.267 | N8: 165.252 | O8: 173.735 | P8: =O8-C8 -> 79.802 | T8: 3 | U8: =D8-C8 -> 6.496 | V8: =E8-D8 -> 7.047 | W8: =F8-E8 -> 8.435 | X8: =G8-F8 -> 8.763 | Y8: =H8-G8 -> 7.496 | Z8: =I8-H8 -> 5.679 | AA8: =J8-I8 -> 4.503 | AB8: =K8-J8 -> 4.588 | ... AF8: =O8-N8 -> 8.483
B9: kalorimetr č. SN 34582386 | C9: 6.53 | D9: 10.82 | E9: 14.235 | F9: 18.086 | G9: 20.495 | H9: 20.857 | I9: 21.125 | J9: 21.337 | K9: 21.54 | L9: 21.999 | M9: 22.938 | N9: 25.409 | O9: 29.607 | Q9: =O9-C9 -> 23.077
A10: 4 | B10: vodoměr č. 190834105 | C10: 146.769 | D10: 152.192 | E10: 156.441 | F10: 161.376 | G10: 165.999 | H10: 169.322 | I10: 173.204 | J10: 174.966 | K10: 177.5 | L10: 181.871 | M10: 186.895 | N10: 190.746 | O10: 194.525 | P10: =O10-C10 -> 47.756 | T10: 4 | U10: =D10-C10 -> 5.423 | V10: =E10-D10 -> 4.249 | W10: =F10-E10 -> 4.935 | X10: =G10-F10 -> 4.623 | Y10: =H10-G10 -> 3.323 | Z10: =I10-H10 -> 3.882 | AA10: =J10-I10 -> 1.762 | AB10: =K10-J10 -> 2.534 | ... AF10: =O10-N10 -> 3.779
B11: kalorimetr č. SN 34582421 | C11: 3.388 | D11: 5.46 | E11: 6.43 | F11: 7.096 | G11: 7.634 | H11: 8.007 | I11: 8.36 | J11: 8.478 | K11: 8.501 | L11: 8.718 | M11: 9.007 | N11: 10.153 | O11: 12.095 | Q11: =O11-C11 -> 8.707
A12: 5 | B12: vodoměr č. 190906792 | C12: 226.914 | D12: 235.952 | E12: 244.675 | F12: 252.571 | G12: 260.595 | H12: 266.943 | I12: 272.875 | J12: 279.208 | K12: 284.736 | L12: 290.574 | M12: 296.953 | N12: 303.79 | O12: 312.23 | P12: =O12-C12 -> 85.316 | T12: 5 | U12: =D12-C12 -> 9.038 | V12: =E12-D12 -> 8.723 | W12: =F12-E12 -> 7.896 | X12: =G12-F12 -> 8.024 | Y12: =H12-G12 -> 6.348 | Z12: =I12-H12 -> 5.932 | AA12: =J12-I12 -> 6.333 | AB12: =K12-J12 -> 5.528 | ... AF12: =O12-N12 -> 8.44
B13: kalorimetr č. SN 34582387 | C13: 3.187 | D13: 4.59 | E13: 5.892 | F13: 6.398 | G13: 7.091 | H13: 7.399 | I13: 7.654 | J13: 7.936 | K13: 8.158 | L13: 8.441 | M13: 8.873 | N13: 10.013 | O13: 11.632 | Q13: =O13-C13 -> 8.445
A14: 6 | B14: vodoměr č. 190906795 | C14: 126.237 | D14: 130.696 | E14: 135.298 | F14: 139.259 | G14: 143.641 | H14: 148.204 | I14: 152.458 | J14: 156.486 | K14: 159.134 | L14: 161.545 | M14: 165.743 | N14: 169.883 | O14: 173.968 | P14: =O14-C14 -> 47.731 | T14: 6 | U14: =D14-C14 -> 4.459 | V14: =E14-D14 -> 4.602 | W14: =F14-E14 -> 3.961 | X14: =G14-F14 -> 4.382 | Y14: =H14-G14 -> 4.563 | Z14: =I14-H14 -> 4.254 | AA14: =J14-I14 -> 4.028 | AB14: =K14-J14 -> 2.648 | ... AF14: =O14-N14 -> 4.085
B15: kalorimetr č. SN 34582420 | C15: 5.642 | D15: 7.981 | E15: 9.463 | F15: 10.738 | G15: 11.547 | H15: 11.774 | I15: 11.942 | J15: 12.123 | K15: 12.256 | L15: 12.365 | M15: 12.535 | N15: 14.506 | O15: 17.234 | Q15: =O15-C15 -> 11.592
A16: 7 | B16: vodoměr č. 190834103 | C16: 287.97 | D16: 299.51 | E16: 311.64 | F16: 325.426 | G16: 335.817 | H16: 347.682 | I16: 355.078 | J16: 363.852 | K16: 372.927 | L16: 383.84 | M16: 396.382 | N16: 407.592 | O16: 419.101 | P16: =O16-C16 -> 131.131 | T16: 7 | U16: =D16-C16 -> 11.54 | V16: =E16-D16 -> 12.13 | W16: =F16-E16 -> 13.786 | X16: =G16-F16 -> 10.391 | Y16: =H16-G16 -> 11.865 | Z16: =I16-H16 -> 7.396 | AA16: =J16-I16 -> 8.774 | AB16: =K16-J16 -> 9.075 | ... AF16: =O16-N16 -> 11.509
B17: kalorimetr č. SN 34582412 | C17: 8.727 | D17: 13.206 | E17: 16.898 | F17: 19.994 | G17: 22.146 | H17: 23.056 | I17: 23.577 | J17: 24.165 | K17: 24.72 | L17: 25.446 | M17: 26.613 | N17: 29.53 | O17: 33.724 | Q17: =O17-C17 -> 24.997
A18: 8 | B18: vodoměr č. 190834101 | C18: 184.437 | D18: 191.794 | E18: 198.198 | F18: 205.242 | G18: 213.098 | H18: 218.506 | I18: 224.14 | J18: 228.888 | K18: 233.397 | L18: 238.436 | M18: 246.487 | N18: 252.834 | O18: 260.688 | P18: =O18-C18 -> 76.251 | T18: 8 | U18: =D18-C18 -> 7.357 | V18: =E18-D18 -> 6.404 | W18: =F18-E18 -> 7.044 | X18: =G18-F18 -> 7.856 | Y18: =H18-G18 -> 5.408 | Z18: =I18-H18 -> 5.634 | AA18: =J18-I18 -> 4.748 | AB18: =K18-J18 -> 4.509 | ... AF18: =O18-N18 -> 7.854
B19: kalorimetr č. SN 34582403 | C19: 6.768 | D19: 10.201 | E19: 12.462 | F19: 13.939 | G19: 14.935 | H19: 15.201 | I19: 15.424 | J19: 15.638 | K19: 15.837 | L19: 16.144 | M19: 16.728 | N19: 19.354 | O19: 23.2 | Q19: =O19-C19 -> 16.432
A20: 9 | B20: vodoměr č. 190834108 | C20: 103.436 | D20: 107.644 | E20: 111.421 | F20: 115.406 | G20: 119.642 | H20: 123.256 | I20: 127.333 | J20: 131.153 | K20: 134.71 | L20: 137.912 | M20: 141.122 | N20: 144.279 | O20: 147.58 | P20: =O20-C20 -> 44.144 | T20: 9 | U20: =D20-C20 -> 4.208 | V20: =E20-D20 -> 3.777 | W20: =F20-E20 -> 3.985 | X20: =G20-F20 -> 4.236 | Y20: =H20-G20 -> 3.614 | Z20: =I20-H20 -> 4.077 | AA20: =J20-I20 -> 3.82 | AB20: =K20-J20 -> 3.557 | ... AF20: =O20-N20 -> 3.301
B21: kalorimetr č. SN 34582409 | C21: 6.771 | D21: 11.017 | E21: 13.907 | F21: 15.729 | G21: 17.121 | H21: 17.418 | I21: 17.682 | J21: 17.937 | K21: 18.195 | L21: 18.477 | M21: 19.178 | N21: 21.865 | O21: 26.124 | Q21: =O21-C21 -> 19.353
A22: 10 | B22: vodoměr č. 190906953 | C22: 129.324 | D22: 132.334 | E22: 134.89 | F22: 137.456 | G22: 140.283 | H22: 143.23 | I22: 146.032 | J22: 148.345 | K22: 151.514 | L22: 153.553 | M22: 157.095 | N22: 159.52 | O22: 162.723 | P22: =O22-C22 -> 33.399 | T22: 10 | U22: =D22-C22 -> 3.01 | V22: =E22-D22 -> 2.556 | W22: =F22-E22 -> 2.566 | X22: =G22-F22 -> 2.827 | Y22: =H22-G22 -> 2.947 | Z22: =I22-H22 -> 2.802 | AA22: =J22-I22 -> 2.313 | AB22: =K22-J22 -> 3.169 | ... AF22: =O22-N22 -> 3.203
B23: kalorimetr č. SN 34582415 | C23: 7.357 | D23: 11.217 | E23: 14.301 | F23: 16.754 | G23: 18.267 | H23: 18.417 | I23: 18.536 | J23: 18.621 | K23: 18.779 | L23: 19.064 | M23: 20.334 | N23: 23.168 | O23: 27.286 | Q23: =O23-C23 -> 19.929
B24: elektroměr č.2080200105 dům | C24: 4181 | D24: 4360 | E24: 4523 | F24: 4709 | G24: 4891 | H24: 5078 | I24: 5251 | J24: 5431 | K24: 5609 | L24: 5788 | M24: 5974 | N24: 6153 | O24: 6338 | P24: =SUM(P4:P23) -> 777.735 | Q24: =SUM(Q4:Q23) -> 168.085 | R24: =O24-C24 -> 2157
A25: spol.spotř. | B25: elektroměr č. 2080200100 VO | C25: 6580 | D25: 7082 | E25: 7522 | F25: 7895 | G25: 8220 | H25: 8492 | I25: 8737 | J25: 8985 | K25: 9270 | L25: 9585 | M25: 9977 | N25: 10392 | O25: 10842 | R25: =O25-C25 -> 4262 | T25: Zahrada | U25: =D26-C26 -> 0 | V25: =E26-D26 -> 0 | W25: =F26-E26 -> 0 | X25: =G26-F26 -> 0 | Y25: =H26-G26 -> 20.535 | Z25: =I26-H26 -> 18.043 | AA25: =J26-I26 -> 26.683 | AB25: =K26-J26 -> 17.652 | ... AF25: =O26-N26 -> 0
B26: vodoměr areál č.200076532 | C26: 318.911 | D26: 318.911 | E26: 318.911 | F26: 318.911 | G26: 318.911 | H26: 339.446 | I26: 357.489 | J26: 384.172 | K26: 401.824 | L26: 411.836 | M26: 415.488 | N26: 416.747 | O26: 416.747 | P26: =O26-C26 -> 97.836 | Q26: =ROUND(P26,0) -> 98 | R26: zahrada
B27: patní vodoměr č. 190976789 | C27: 2345.2 | D27: 2423.7 | E27: 2500.5 | F27: 2578.3 | G27: 2659 | H27: 2749.6 | I27: 2831.1 | J27: 2919.8 | K27: 2998.4 | L27: 3070.3 | M27: 3151.4 | N27: 3222.3 | O27: 3297.6 | P27: =O27-C27 -> 952.4 | Q27: =P27-Q26 -> 854.4 | R27: byty
B28: patní kalorimetr č./ MWh | C28: 155.36 | D28: 165.29 | E28: 172.88 | F28: 179.21 | G28: 183.71 | H28: 185.44 | I28: 187.01 | J28: 188.06 | K28: 188.61 | L28: 189.49 | M28: 191.3 | N28: 197.49 | O28: 206.92 | Q28: =(O28-C28)*3.6 -> 185.616 | R28: GJ
B29: patní kalorimetr č. /kub.m | C29: 11759 | D29: 12063 | E29: 12297 | F29: 12508 | G29: 12680 | H29: 12787 | I29: 12907 | J29: 12979 | K29: 12996 | L29: 13022 | M29: 13069 | N29: 13220 | O29: 13450 | Q29: =O29-C29 -> 1691 | R29: m3
A30: ='1850'!A29 -> fakturační vodoměr č. 63796 | C30: ='1850'!C29 -> 16304 | D30: ='1850'!D29 -> 16653.4 | E30: ='1850'!E29 -> 16977.5 | F30: ='1850'!F29 -> 17322.7 | G30: ='1850'!G29 -> 17680.1 | H30: ='1850'!H29 -> 18036.6 | I30: ='1850'!I29 -> 18355.9 | J30: ='1850'!J29 -> 18672 | ... O30: ='1850'!O29 -> 20281.1 | P30: =O30-C30 -> 3977.1
A32: 11 | B32: vodoměr SV č. 11717149 | C32: 9.369 | D32: 9.644 | E32: 9.908 | F32: 10.296 | G32: 10.618 | H32: 11.084 | I32: 11.542 | J32: 11.908 | K32: 12.288 | L32: 12.796 | M32: 13.195 | N32: 13.667 | O32: 13.972 | P32: =O32-C32 -> 4.603 | S32: SV | T32: 11 | U32: =D32-C32 -> 0.275 | V32: =E32-D32 -> 0.264 | W32: =F32-E32 -> 0.388 | X32: =G32-F32 -> 0.322 | Y32: =H32-G32 -> 0.466 | Z32: =I32-H32 -> 0.458 | AA32: =J32-I32 -> 0.366 | AB32: =K32-J32 -> 0.38 | ... AF32: =O32-N32 -> 0.305
B33: vodoměr TV č. 11683196 | C33: 0.594 | D33: 0.613 | E33: 0.622 | F33: 0.627 | G33: 0.633 | H33: 0.662 | I33: 0.675 | J33: 0.699 | K33: 0.701 | L33: 0.715 | M33: 0.735 | N33: 0.751 | O33: 0.76 | P33: =O33-C33 -> 0.166 | S33: TV | U33: =D33-C33 -> 0.019 | V33: =E33-D33 -> 0.009 | W33: =F33-E33 -> 0.005 | X33: =G33-F33 -> 0.006 | Y33: =H33-G33 -> 0.029 | Z33: =I33-H33 -> 0.013 | AA33: =J33-I33 -> 0.024 | AB33: =K33-J33 -> 0.002 | ... AF33: =O33-N33 -> 0.009
D35: Výměna elektroměru DŮM
D36: 43956 | E36: starý
E37: nový
D38: Výměna elektroměru AREÁL
D39: 43956 | E39: starý
E40: nový

Sheet 1854
A2: 1854 | C2: ='1850'!C2 -> 44562 | D2: ='1850'!D2 -> 44593 | E2: ='1850'!E2 -> 44622 | F2: ='1850'!F2 -> 44652 | G2: ='1850'!G2 -> 44683 | H2: ='1850'!H2 -> 44713 | I2: ='1850'!I2 -> 44743 | J2: ='1850'!J2 -> 44774 | ... O2: ='1850'!O2 -> 44927 | P2: voda | Q2: teplo | Y2: spotřeby po měsících
A3: byt č. | C3: prosinec | D3: leden | E3: únor | F3: březen | G3: duben | H3: květen | I3: červen | J3: červenec | K3: srpen | L3: září | M3: říjen | N3: listopad | O3: prosinec | P3: m3 | Q3: GJ | T3: byt | U3: leden | V3: únor | W3: březen | X3: duben | Y3: květen | Z3: červen | AA3: červenec | AB3: srpen | AC3: září | AD3: říjen | AE3: listopad | AF3: prosinec
A4: 1 | B4: vodoměr č. 190906992 | C4: 190.77 | D4: 198.964 | E4: 205.613 | F4: 215.274 | G4: 222.737 | H4: 230.268 | I4: 235.797 | J4: 238.097 | K4: 243.088 | L4: 250.11 | M4: 257.155 | N4: 264.354 | O4: 270.752 | P4: =O4-C4 -> 79.982 | T4: 1 | U4: =D4-C4 -> 8.194 | V4: =E4-D4 -> 6.649 | W4: =F4-E4 -> 9.661 | X4: =G4-F4 -> 7.463 | Y4: =H4-G4 -> 7.531 | Z4: =I4-H4 -> 5.529 | AA4: =J4-I4 -> 2.3 | AB4: =K4-J4 -> 4.991 | ... AF4: =O4-N4 -> 6.398
B5: kalorimetr č. SN 34672835 | C5: 6.792 | D5: 10.999 | E5: 14.319 | F5: 17.305 | G5: 19.445 | H5: 19.967 | I5: 20.251 | J5: 20.451 | K5: 20.726 | L5: 21.145 | M5: 22.543 | N5: 25.621 | O5: 29.809 | Q5: =O5-C5 -> 23.017
A6: 2 | B6: vodoměr č. 190906991 | C6: 130.154 | D6: 135.875 | E6: 140.738 | F6: 147.232 | G6: 153.132 | H6: 158.748 | I6: 163.806 | J6: 169.224 | K6: 175.724 | L6: 181.555 | M6: 186.962 | N6: 192.432 | O6: 199.445 | P6: =O6-C6 -> 69.291 | T6: 2 | U6: =D6-C6 -> 5.721 | V6: =E6-D6 -> 4.863 | W6: =F6-E6 -> 6.494 | X6: =G6-F6 -> 5.9 | Y6: =H6-G6 -> 5.616 | Z6: =I6-H6 -> 5.058 | AA6: =J6-I6 -> 5.418 | AB6: =K6-J6 -> 6.5 | ... AF6: =O6-N6 -> 7.013
B7: kalorimetr č. SN 34672801 | C7: 9.411 | D7: 14.899 | E7: 18.884 | F7: 22.264 | G7: 25.186 | H7: 25.813 | I7: 26.204 | J7: 26.563 | K7: 26.938 | L7: 27.906 | M7: 29.721 | N7: 34.365 | O7: 40.553 | Q7: =O7-C7 -> 31.142
A8: 3 | B8: vodoměr č. 190906988 | C8: 190.74 | D8: 198.066 | E8: 205.087 | F8: 212.007 | G8: 219.641 | H8: 227.219 | I8: 234.728 | J8: 242.841 | K8: 250.473 | L8: 256.939 | M8: 263.22 | N8: 269.182 | O8: 275.92 | P8: =O8-C8 -> 85.18 | T8: 3 | U8: =D8-C8 -> 7.326 | V8: =E8-D8 -> 7.021 | W8: =F8-E8 -> 6.92 | X8: =G8-F8 -> 7.634 | Y8: =H8-G8 -> 7.578 | Z8: =I8-H8 -> 7.509 | AA8: =J8-I8 -> 8.113 | AB8: =K8-J8 -> 7.632 | ... AF8: =O8-N8 -> 6.738
B9: kalorimetr č. SN 34672802 | C9: 11.59 | D9: 17.634 | E9: 22.681 | F9: 26.76 | G9: 30.672 | H9: 31.287 | I9: 31.575 | J9: 31.881 | K9: 32.14 | L9: 32.682 | M9: 34.515 | N9: 38.298 | O9: 43.799 | Q9: =O9-C9 -> 32.209
A10: 4 | B10: vodoměr č. 190906987 | C10: 125.285 | D10: 134.466 | E10: 142.333 | F10: 151.151 | G10: 161.107 | H10: 169.355 | I10: 176.913 | J10: 185.535 | K10: 194.771 | L10: 203.531 | M10: 213.631 | N10: 223.977 | O10: 233.497 | P10: =O10-C10 -> 108.212 | T10: 4 | U10: =D10-C10 -> 9.181 | V10: =E10-D10 -> 7.867 | W10: =F10-E10 -> 8.818 | X10: =G10-F10 -> 9.956 | Y10: =H10-G10 -> 8.248 | Z10: =I10-H10 -> 7.558 | AA10: =J10-I10 -> 8.622 | AB10: =K10-J10 -> 9.236 | ... AF10: =O10-N10 -> 9.52
B11: kalorimetr č. SN 69067316 | C11: 3.734 | D11: 5.696 | E11: 7.204 | F11: 8.422 | G11: 9.858 | H11: 10.483 | I11: 10.881 | J11: 11.287 | K11: 11.713 | L11: 12.171 | M11: 12.775 | N11: 14.078 | O11: 15.755 | Q11: =O11-C11 -> 12.021
A12: 5 | B12: vodoměr č. 190907002 | C12: 0.5 | D12: 0.511 | E12: 0.535 | F12: 0.535 | G12: 0.535 | H12: 0.551 | I12: 0.551 | J12: 0.565 | K12: 0.581 | L12: 0.585 | M12: 0.602 | N12: 0.022 | O12: 0.111 | P12: =O12-G40+G39-C12 -> 0.193 | T12: 5 | U12: =D12-C12 -> 0.011 | V12: =E12-D12 -> 0.024 | W12: =F12-E12 -> 0 | X12: =G12-F12 -> 0 | Y12: =H12-G12 -> 0.016 | Z12: =I12-H12 -> 0 | AA12: =J12-I12 -> 0.014 | AB12: =K12-J12 -> 0.016 | ... AD12: =M12-L12 -> 0.017 | AE12: =N12-G40+G39-M12 -> 0.002 | AF12: =O12-H40+H39-N12 -> 0.089
B13: kalorimetr č. SN 34672814 | C13: 1.731 | D13: 1.847 | E13: 2.168 | F13: 4.169 | G13: 4.171 | H13: 4.173 | I13: 4.173 | J13: 4.175 | K13: 4.177 | L13: 4.178 | M13: 4.18 | N13: 4.204 | O13: 4.916 | Q13: =O13-C13 -> 3.185
A14: 6 | B14: vodoměr č. 190906994 | C14: 233.669 | D14: 242.713 | E14: 252.162 | F14: 259.675 | G14: 260.158 | H14: 268.151 | I14: 275.288 | J14: 282.247 | K14: 291.04 | L14: 299.289 | M14: 308.548 | N14: 313.523 | O14: 323.594 | P14: =O14-C14 -> 89.925 | T14: 6 | U14: =D14-C14 -> 9.044 | V14: =E14-D14 -> 9.449 | W14: =F14-E14 -> 7.513 | X14: =G14-F14 -> 0.483 | Y14: =H14-G14 -> 7.993 | Z14: =I14-H14 -> 7.137 | AA14: =J14-I14 -> 6.959 | AB14: =K14-J14 -> 8.793 | ... AF14: =O14-N14 -> 10.071
B15: kalorimetr č. SN 34672815 | C15: 2.625 | D15: 4.85 | E15: 6.346 | F15: 7.037 | G15: 7.109 | H15: 7.562 | I15: 7.93 | J15: 8.273 | K15: 8.671 | L15: 9.103 | M15: 9.675 | N15: 10.306 | O15: 12.884 | Q15: =O15-C15 -> 10.259
A16: 7 | B16: vodoměr č. 190906986 | C16: 101.134 | D16: 105.37 | E16: 107.915 | F16: 109.353 | G16: 111.611 | H16: 115.126 | I16: 118.34 | J16: 119.386 | K16: 120.843 | L16: 122.624 | M16: 123.061 | N16: 123.42 | O16: 124.062 | P16: =O16-C16 -> 22.928 | T16: 7 | U16: =D16-C16 -> 4.236 | V16: =E16-D16 -> 2.545 | W16: =F16-E16 -> 1.438 | X16: =G16-F16 -> 2.258 | Y16: =H16-G16 -> 3.515 | Z16: =I16-H16 -> 3.214 | AA16: =J16-I16 -> 1.046 | AB16: =K16-J16 -> 1.457 | ... AF16: =O16-N16 -> 0.642
B17: kalorimetr č. SN 34672806 | C17: 2.488 | D17: 4.028 | E17: 4.973 | F17: 5.418 | G17: 5.943 | H17: 6.444 | I17: 6.871 | J17: 7.113 | K17: 7.39 | L17: 7.698 | M17: 7.933 | N17: 8.33 | O17: 9.096 | Q17: =O17-C17 -> 6.608
A18: 8 | B18: vodoměr č. 191519281 | C18: 175.044 | D18: 181.75 | E18: 187.756 | F18: 193.76 | G18: 200.808 | H18: 207.473 | I18: 213.543 | J18: 219.988 | K18: 225.963 | L18: 231.634 | M18: 237.715 | N18: 243.816 | O18: 249.7 | P18: =O18-C18 -> 74.656 | T18: 8 | U18: =D18-C18 -> 6.706 | V18: =E18-D18 -> 6.006 | W18: =F18-E18 -> 6.004 | X18: =G18-F18 -> 7.048 | Y18: =H18-G18 -> 6.665 | Z18: =I18-H18 -> 6.07 | AA18: =J18-I18 -> 6.445 | AB18: =K18-J18 -> 5.975 | ... AF18: =O18-N18 -> 5.884
B19: kalorimetr č. SN 34672809 | C19: 9.78 | D19: 15.601 | E19: 19.777 | F19: 22.598 | G19: 24.929 | H19: 25.322 | I19: 25.624 | J19: 25.942 | K19: 26.227 | L19: 26.61 | M19: 27.805 | N19: 30.144 | O19: 34.484 | Q19: =O19-C19 -> 24.704
A20: 9 | B20: vodoměr č. 190906990 | C20: 327.76 | D20: 340.09 | E20: 352.8 | F20: 364.961 | G20: 378.434 | H20: 388.121 | I20: 401.867 | J20: 415.937 | K20: 430.278 | L20: 440.701 | M20: 451.906 | N20: 460.658 | O20: 473.534 | P20: =O20-C20 -> 145.774 | T20: 9 | U20: =D20-C20 -> 12.33 | V20: =E20-D20 -> 12.71 | W20: =F20-E20 -> 12.161 | X20: =G20-F20 -> 13.473 | Y20: =H20-G20 -> 9.687 | Z20: =I20-H20 -> 13.746 | AA20: =J20-I20 -> 14.07 | AB20: =K20-J20 -> 14.341 | ... AF20: =O20-N20 -> 12.876
B21: kalorimetr č. SN 34672804 | C21: 9.923 | D21: 15.831 | E21: 20.555 | F21: 24.141 | G21: 26.881 | H21: 27.463 | I21: 28.062 | J21: 28.632 | K21: 29.177 | L21: 29.651 | M21: 30.413 | N21: 34.555 | O21: 40.387 | Q21: =O21-C21 -> 30.464
A22: 10 | B22: vodoměr č. 190906995 | C22: 0.325 | D22: 0.326 | E22: 0.326 | F22: 0.327 | G22: 0.327 | H22: 0.328 | I22: 0.332 | J22: 0.333 | K22: 0.335 | L22: 0.337 | M22: 0.337 | N22: 0.337 | O22: 0.337 | P22: =O22-C22 -> 0.012 | T22: 10 | U22: =D22-C22 -> 0.001 | V22: =E22-D22 -> 0 | W22: =F22-E22 -> 0.001 | X22: =G22-F22 -> 0 | Y22: =H22-G22 -> 0.001 | Z22: =I22-H22 -> 0.004 | AA22: =J22-I22 -> 0.001 | AB22: =K22-J22 -> 0.002 | ... AF22: =O22-N22 -> 0
B23: kalorimetr č. SN 34672829 | C23: 0.004 | D23: 0.011 | E23: 0.02 | F23: 0.034 | G23: 0.046 | H23: 0.052 | I23: 0.054 | J23: 0.055 | K23: 0.055 | L23: 0.061 | M23: 0.076 | N23: 0.086 | O23: 0.092 | Q23: =O23-C23 -> 0.088
P24: =SUM(P4:P23) -> 676.153 | Q24: =SUM(Q4:Q23) -> 173.697
A25: spol.spotř. | B25: elektroměr č. 72370871 | C25: 52736 | D25: 52933 | E25: 53109 | F25: 53294 | G25: 53503 | H25: 53700 | I25: 53890 | J25: 54083 | K25: 54279 | L25: 54465 | M25: 54656 | N25: 54831 | O25: 55126 | R25: =O25-C25 -> 2390
B26: patní vodoměr č. 190976793 | C26: 1618.4 | D26: 1687.5 | E26: 1750 | F26: 1814.5 | G26: 1874 | H26: 1936.7 | I26: 1998.2 | J26: 2056 | K26: 2121.5 | L26: 2181.1 | M26: 2242.7 | N26: 2298.5 | O26: 2361.6 | P26: =O26-C26 -> 743.2
B27: patní kalorimetr č. 70465263/ GJ | C27: 313.67 | D27: 349.04 | E27: 376.43 | F27: 399.14 | G27: 416.19 | H27: 419.83 | I27: 422.16 | J27: 424.71 | K27: 427.81 | L27: 431.9 | M27: 440.79 | N27: 462.56 | O27: 496.85 | Q27: =O27-C27 -> 183.18 | R27: GJ
B28: patní kalorimetr č. / kub.m | C28: 2751 | D28: 3014 | E28: 3212 | F28: 3367 | G28: 3492 | H28: 3527 | I28: 3554 | J28: 3589 | K28: 3635 | L28: 3683 | M28: 3766 | N28: 3918 | O28: 4150 | Q28: =O28-C28 -> 1399 | R28: m3
A29: Fakturační vodoměr: 42012114941 | C29: 4605 | D29: 4905.6 | E29: 5169.8 | F29: 5453.5 | G29: 5740.1 | H29: 6002.3 | I29: 6257.5 | J29: 6498.9 | K29: 6755.3 | L29: 7009 | M29: 7290.8 | N29: 7559.6 | O29: 7844.6 | P29: =O29-C29 -> 3239.6
E32: Výměna kalorimetru pata | H32: MWh | I32: m3 | K32: Výměna faktur.vodoměru výr.č. | N32: m3
D33: demontáž | E33: 43984 | F33: starý | K33: 44095 | L33: starý
G34: výr.č. | H34: GJ | I34: m3 | M34: výr.č. | N34: m3
D35: montáž | E35: 43986 | F35: nový | K35: 44095 | L35: nový
C38: byt | D38: Reklamace - výměna | F38: číslo | G38: stav | N38: Odečet vodárny 30.11.2021 | O38: 4300
C39: 5 | D39: 43950 | E39: starý | F39: 190907002 | G39: 0.602 | N39: Dohad 1.12.-31.12.2021 | O39: 305
E40: nový | F40: 221525395 | G40: 0.02 | N40: Odečet vodárny 31.12.2022 | O40: 7844

Sheet 1855
A2: 1855 | C2: ='1850'!C2 -> 44562 | D2: ='1850'!D2 -> 44593 | E2: ='1850'!E2 -> 44622 | F2: ='1850'!F2 -> 44652 | G2: ='1850'!G2 -> 44683 | H2: ='1850'!H2 -> 44713 | I2: ='1850'!I2 -> 44743 | J2: ='1850'!J2 -> 44774 | ... O2: ='1850'!O2 -> 44927 | P2: voda | Q2: teplo | R2: elektr | Y2: spotřeby po měsících
A3: byt č. | C3: prosinec | D3: leden | E3: únor | F3: březen | G3: duben | H3: květen | I3: červen | J3: červenec | K3: srpen | L3: září | M3: říjen | N3: listopad | O3: prosinec | P3: m3 | Q3: GJ | R3: KWh | T3: byt | U3: leden | V3: únor | W3: březen | X3: duben | Y3: květen | Z3: červen | AA3: červenec | AB3: srpen | AC3: září | AD3: říjen | AE3: listopad | AF3: prosinec
A4: 1 | B4: vodoměr č. 191519259 | C4: 363.842 | D4: 379.037 | E4: 391.154 | F4: 405.315 | G4: 420.059 | H4: 434.307 | I4: 447.536 | J4: 459.657 | K4: 469.844 | L4: 482.626 | M4: 495.495 | N4: 507.597 | O4: 520.504 | P4: =O4-C4 -> 156.662 | T4: 1 | U4: =D4-C4 -> 15.195 | V4: =E4-D4 -> 12.117 | W4: =F4-E4 -> 14.161 | X4: =G4-F4 -> 14.744 | Y4: =H4-G4 -> 14.248 | Z4: =I4-H4 -> 13.229 | AA4: =J4-I4 -> 12.121 | AB4: =K4-J4 -> 10.187 | ... AF4: =O4-N4 -> 12.907
B5: kalorimetr č. SN 34672816 | C5: 14.103 | D5: 22.427 | E5: 29.05 | F5: 35.001 | G5: 39.989 | H5: 41.414 | I5: 42.397 | J5: 43.269 | K5: 43.919 | L5: 45.027 | M5: 46.981 | N5: 50.747 | O5: 56.527 | Q5: =O5-C5 -> 42.424 | T5: teplo | U5: =D5-C5 -> 8.324 | V5: =E5-D5 -> 6.623 | W5: =F5-E5 -> 5.951 | X5: =G5-F5 -> 4.988 | Y5: =H5-G5 -> 1.425 | Z5: =I5-H5 -> 0.983 | AA5: =J5-I5 -> 0.872 | AB5: =K5-J5 -> 0.65 | ... AF5: =O5-N5 -> 5.78
A6: 2 | B6: vodoměr č. 191519283 | C6: 442.615 | D6: 459.633 | E6: 470.743 | F6: 489.988 | G6: 505.762 | H6: 521.158 | I6: 534.78 | J6: 542.788 | K6: 554.273 | L6: 568.101 | M6: 583.64 | N6: 602.887 | O6: 619.368 | P6: =O6-C6 -> 176.753 | T6: 2 | U6: =D6-C6 -> 17.018 | V6: =E6-D6 -> 11.11 | W6: =F6-E6 -> 19.245 | X6: =G6-F6 -> 15.774 | Y6: =H6-G6 -> 15.396 | Z6: =I6-H6 -> 13.622 | AA6: =J6-I6 -> 8.008 | AB6: =K6-J6 -> 11.485 | ... AF6: =O6-N6 -> 16.481
B7: kalorimetr č. SN 34672822 | C7: 9.68 | D7: 15.479 | E7: 20.291 | F7: 24.805 | G7: 28.324 | H7: 29.57 | I7: 30.461 | J7: 30.961 | K7: 31.626 | L7: 32.552 | M7: 34.249 | N7: 38.196 | O7: 43.285 | Q7: =O7-C7 -> 33.605 | U7: =D7-C7 -> 5.799 | V7: =E7-D7 -> 4.812 | W7: =F7-E7 -> 4.514 | X7: =G7-F7 -> 3.519 | Y7: =H7-G7 -> 1.246 | Z7: =I7-H7 -> 0.891 | AA7: =J7-I7 -> 0.5 | AB7: =K7-J7 -> 0.665 | ... AF7: =O7-N7 -> 5.089
A8: 3 | B8: vodoměr č. 190907001 | C8: 110.651 | D8: 114.85 | E8: 118.613 | F8: 122.505 | G8: 126.676 | H8: 130.442 | I8: 134.061 | J8: 137.5 | K8: 141.089 | L8: 144.247 | M8: 147.938 | N8: 151.554 | O8: 153.218 | P8: =O8-C8 -> 42.567 | T8: 3 | U8: =D8-C8 -> 4.199 | V8: =E8-D8 -> 3.763 | W8: =F8-E8 -> 3.892 | X8: =G8-F8 -> 4.171 | Y8: =H8-G8 -> 3.766 | Z8: =I8-H8 -> 3.619 | AA8: =J8-I8 -> 3.439 | AB8: =K8-J8 -> 3.589 | ... AF8: =O8-N8 -> 1.664
B9: kalorimetr č. SN 34672827 | C9: 4.502 | D9: 8.437 | E9: 11.346 | F9: 13.673 | G9: 15.437 | H9: 15.747 | I9: 15.991 | J9: 16.182 | K9: 16.383 | L9: 16.689 | M9: 17.644 | N9: 20.748 | O9: 22.779 | Q9: =O9-C9 -> 18.277 | U9: =D9-C9 -> 3.935 | V9: =E9-D9 -> 2.909 | W9: =F9-E9 -> 2.327 | X9: =G9-F9 -> 1.764 | Y9: =H9-G9 -> 0.31 | Z9: =I9-H9 -> 0.244 | AA9: =J9-I9 -> 0.191 | AB9: =K9-J9 -> 0.201 | ... AF9: =O9-N9 -> 2.031
A10: 4 | B10: vodoměr č. 190907005 | C10: 25.942 | D10: 26.788 | E10: 27.521 | F10: 28.403 | G10: 29.336 | H10: 30.505 | I10: 31.963 | J10: 33.172 | K10: 34.681 | L10: 35.797 | M10: 37.265 | N10: 38.967 | O10: 40.3 | P10: =O10-C10 -> 14.358 | T10: 4 | U10: =D10-C10 -> 0.846 | V10: =E10-D10 -> 0.733 | W10: =F10-E10 -> 0.882 | X10: =G10-F10 -> 0.933 | Y10: =H10-G10 -> 1.169 | Z10: =I10-H10 -> 1.458 | AA10: =J10-I10 -> 1.209 | AB10: =K10-J10 -> 1.509 | ... AF10: =O10-N10 -> 1.333
B11: kalorimetr č. SN 34672837 | C11: 0.493 | D11: 0.766 | E11: 0.801 | F11: 0.815 | G11: 0.853 | H11: 0.881 | I11: 0.912 | J11: 0.932 | K11: 0.949 | L11: 0.96 | M11: 1.039 | N11: 1.696 | O11: 2.965 | Q11: =O11-C11 -> 2.472 | U11: =D11-C11 -> 0.273 | V11: =E11-D11 -> 0.035 | W11: =F11-E11 -> 0.014 | X11: =G11-F11 -> 0.038 | Y11: =H11-G11 -> 0.028 | Z11: =I11-H11 -> 0.031 | AA11: =J11-I11 -> 0.02 | AB11: =K11-J11 -> 0.017 | ... AF11: =O11-N11 -> 1.269
A12: 5 | B12: vodoměr č. 190907004 | C12: 165.31 | D12: 171.468 | E12: 177.24 | F12: 182.938 | G12: 189.051 | H12: 193.937 | I12: 199.038 | J12: 205.072 | K12: 209.913 | L12: 214.417 | M12: 220.281 | N12: 225.004 | O12: 230.908 | P12: =O12-C12 -> 65.598 | T12: 5 | U12: =D12-C12 -> 6.158 | V12: =E12-D12 -> 5.772 | W12: =F12-E12 -> 5.698 | X12: =G12-F12 -> 6.113 | Y12: =H12-G12 -> 4.886 | Z12: =I12-H12 -> 5.101 | AA12: =J12-I12 -> 6.034 | AB12: =K12-J12 -> 4.841 | ... AF12: =O12-N12 -> 5.904
B13: kalorimetr č. SN 34672834 | C13: 6.474 | D13: 10.025 | E13: 12.636 | F13: 14.942 | G13: 16.491 | H13: 16.722 | I13: 16.893 | J13: 17.084 | K13: 17.216 | L13: 17.366 | M13: 18.423 | N13: 20.562 | O13: 23.759 | Q13: =O13-C13 -> 17.285 | U13: =D13-C13 -> 3.551 | V13: =E13-D13 -> 2.611 | W13: =F13-E13 -> 2.306 | X13: =G13-F13 -> 1.549 | Y13: =H13-G13 -> 0.231 | Z13: =I13-H13 -> 0.171 | AA13: =J13-I13 -> 0.191 | AB13: =K13-J13 -> 0.132 | ... AF13: =O13-N13 -> 3.197
A14: 6 | B14: vodoměr č. 190045692 | C14: 79.34 | D14: 83.45 | E14: 86.321 | F14: 90.092 | G14: 93.511 | H14: 97.031 | I14: 99.552 | J14: 102.605 | K14: 106.283 | L14: 108.123 | M14: 111.925 | N14: 116.487 | O14: 121.339 | P14: =O14-C14 -> 41.999 | T14: 6 | U14: =D14-C14 -> 4.11 | V14: =E14-D14 -> 2.871 | W14: =F14-E14 -> 3.771 | X14: =G14-F14 -> 3.419 | Y14: =H14-G14 -> 3.52 | Z14: =I14-H14 -> 2.521 | AA14: =J14-I14 -> 3.053 | AB14: =K14-J14 -> 3.678 | ... AF14: =O14-N14 -> 4.852
B15: kalorimetr č. SN 34672819 | C15: 9.928 | D15: 15.522 | E15: 19.185 | F15: 23.213 | G15: 26.092 | H15: 26.489 | I15: 26.677 | J15: 26.873 | K15: 27.088 | L15: 27.781 | M15: 30.392 | N15: 33.898 | O15: 39.653 | Q15: =O15-C15 -> 29.725 | U15: =D15-C15 -> 5.594 | V15: =E15-D15 -> 3.663 | W15: =F15-E15 -> 4.028 | X15: =G15-F15 -> 2.879 | Y15: =H15-G15 -> 0.397 | Z15: =I15-H15 -> 0.188 | AA15: =J15-I15 -> 0.196 | AB15: =K15-J15 -> 0.215 | ... AF15: =O15-N15 -> 5.755
A16: 7 | B16: vodoměr č. 190906998 | C16: 51.723 | D16: 52.939 | E16: 54.338 | F16: 55.746 | G16: 57.037 | H16: 58.38 | I16: 59.149 | J16: 60.6 | K16: 61.842 | L16: 63.11 | M16: 64.733 | N16: 65.733 | O16: 65.784 | P16: =O16-C16 -> 14.061 | T16: 7 | U16: =D16-C16 -> 1.216 | V16: =E16-D16 -> 1.399 | W16: =F16-E16 -> 1.408 | X16: =G16-F16 -> 1.291 | Y16: =H16-G16 -> 1.343 | Z16: =I16-H16 -> 0.769 | AA16: =J16-I16 -> 1.451 | AB16: =K16-J16 -> 1.242 | ... AF16: =O16-N16 -> 0.051
B17: kalorimetr č. SN 34672826 | C17: 0.333 | D17: 0.438 | E17: 0.523 | F17: 0.622 | G17: 0.732 | H17: 0.894 | I17: 1.024 | J17: 1.18 | K17: 1.341 | L17: 1.475 | M17: 1.608 | N17: 1.748 | O17: 1.855 | Q17: =O17-C17 -> 1.522 | U17: =D17-C17 -> 0.105 | V17: =E17-D17 -> 0.085 | W17: =F17-E17 -> 0.099 | X17: =G17-F17 -> 0.11 | Y17: =H17-G17 -> 0.162 | Z17: =I17-H17 -> 0.13 | AA17: =J17-I17 -> 0.156 | AB17: =K17-J17 -> 0.161 | ... AF17: =O17-N17 -> 0.107
A18: 8 | B18: vodoměr č. 191519269 | C18: 52.148 | D18: 54.538 | E18: 56.679 | F18: 58.69 | G18: 61.231 | H18: 63.496 | I18: 65.635 | J18: 67.91 | K18: 70.085 | L18: 72.008 | M18: 74.446 | N18: 76.507 | O18: 78.831 | P18: =O18-C18 -> 26.683 | T18: 8 | U18: =D18-C18 -> 2.39 | V18: =E18-D18 -> 2.141 | W18: =F18-E18 -> 2.011 | X18: =G18-F18 -> 2.541 | Y18: =H18-G18 -> 2.265 | Z18: =I18-H18 -> 2.139 | AA18: =J18-I18 -> 2.275 | AB18: =K18-J18 -> 2.175 | ... AF18: =O18-N18 -> 2.324
B19: kalorimetr č. SN 34672818 | C19: 5.327 | D19: 7.97 | E19: 9.64 | F19: 10.788 | G19: 11.587 | H19: 11.778 | I19: 11.958 | J19: 12.146 | K19: 12.336 | L19: 12.486 | M19: 13.013 | N19: 15.28 | O19: 18.5 | Q19: =O19-C19 -> 13.173 | U19: =D19-C19 -> 2.643 | V19: =E19-D19 -> 1.67 | W19: =F19-E19 -> 1.148 | X19: =G19-F19 -> 0.799 | Y19: =H19-G19 -> 0.191 | Z19: =I19-H19 -> 0.18 | AA19: =J19-I19 -> 0.188 | AB19: =K19-J19 -> 0.19 | ... AF19: =O19-N19 -> 3.22
A20: 9 | B20: vodoměr č. 191519268 | C20: 178.863 | D20: 185.597 | E20: 192.585 | F20: 199.548 | G20: 204.77 | H20: 210.97 | I20: 215.684 | J20: 222.01 | K20: 229.659 | L20: 235.953 | M20: 242.35 | N20: 247.92 | O20: 254.563 | P20: =O20-C20 -> 75.7 | T20: 9 | U20: =D20-C20 -> 6.734 | V20: =E20-D20 -> 6.988 | W20: =F20-E20 -> 6.963 | X20: =G20-F20 -> 5.222 | Y20: =H20-G20 -> 6.2 | Z20: =I20-H20 -> 4.714 | AA20: =J20-I20 -> 6.326 | AB20: =K20-J20 -> 7.649 | ... AF20: =O20-N20 -> 6.643
B21: kalorimetr č. SN 34672812 | C21: 8.832 | D21: 13.825 | E21: 17.342 | F21: 19.673 | G21: 21.021 | H21: 21.354 | I21: 21.594 | J21: 21.858 | K21: 22.171 | L21: 22.466 | M21: 22.958 | N21: 25.775 | O21: 29.667 | Q21: =O21-C21 -> 20.835 | U21: =D21-C21 -> 4.993 | V21: =E21-D21 -> 3.517 | W21: =F21-E21 -> 2.331 | X21: =G21-F21 -> 1.348 | Y21: =H21-G21 -> 0.333 | Z21: =I21-H21 -> 0.24 | AA21: =J21-I21 -> 0.264 | AB21: =K21-J21 -> 0.313 | ... AF21: =O21-N21 -> 3.892
A22: 10 | B22: vodoměr č. 190906996 | C22: 528.65 | D22: 546.713 | E22: 561.719 | F22: 573.523 | G22: 586.466 | H22: 599.316 | I22: 612.163 | J22: 624.171 | K22: 635.118 | L22: 645.648 | M22: 658.417 | N22: 670.332 | O22: 683.853 | P22: =O22-C22 -> 155.203 | T22: 10 | U22: =D22-C22 -> 18.063 | V22: =E22-D22 -> 15.006 | W22: =F22-E22 -> 11.804 | X22: =G22-F22 -> 12.943 | Y22: =H22-G22 -> 12.85 | Z22: =I22-H22 -> 12.847 | AA22: =J22-I22 -> 12.008 | AB22: =K22-J22 -> 10.947 | ... AF22: =O22-N22 -> 13.521
B23: kalorimetr č. SN 34672823 | C23: 7.278 | D23: 11.331 | E23: 13.926 | F23: 15.772 | G23: 17.062 | H23: 17.835 | I23: 18.494 | J23: 19.066 | K23: 19.573 | L23: 20.117 | M23: 20.822 | N23: 22.552 | O23: 25.839 | Q23: =O23-C23 -> 18.561 | U23: =D23-C23 -> 4.053 | V23: =E23-D23 -> 2.595 | W23: =F23-E23 -> 1.846 | X23: =G23-F23 -> 1.29 | Y23: =H23-G23 -> 0.773 | Z23: =I23-H23 -> 0.659 | AA23: =J23-I23 -> 0.572 | AB23: =K23-J23 -> 0.507 | ... AF23: =O23-N23 -> 3.287
P24: =SUM(P4:P23) -> 769.584 | Q24: =SUM(Q4:Q23) -> 197.879
A25: spol.spotř. | B25: elektroměr č. 72370870 | C25: 40777 | D25: 41000 | E25: 41211 | F25: 41420 | G25: 41673 | H25: 41920 | I25: 42161 | J25: 42386 | K25: 42602 | L25: 42805 | M25: 43030 | N25: 43249 | O25: 43553 | R25: =O25-C25 -> 2776
B26: patní vodoměr č. 190544822 | C26: 2353.9 | D26: 2438.4 | E26: 2509.1 | F26: 2588 | G26: 2664.4 | H26: 2738 | I26: 2806 | J26: 2870 | K26: 2934.9 | L26: 2999.3 | M26: 3074.6 | N26: 3148.9 | O26: 3223.2 | P26: =O26-C26 -> 869.3
B27: patní kalorimetr č.70465264/GJ | C27: 399.63 | D27: 441.98 | E27: 472.82 | F27: 498.7 | G27: 518.32 | H27: 523.04 | I27: 526.2 | J27: 528.71 | K27: 531.1 | L27: 534.79 | M27: 545.26 | N27: 571.19 | O27: 607.61 | Q27: =O27-C27 -> 207.98 | R27: GJ
B28: patní kalorimetr č./kub.m | C28: 2861 | D28: 3134 | E28: 3338 | F28: 3500 | G28: 3623 | H28: 3654 | I28: 3676 | J28: 3695 | K28: 3714 | L28: 3741 | M28: 3812 | N28: 3986 | O28: 4248 | Q28: =O28-C28 -> 1387 | R28: m3
A29: ='1854'!A29 -> Fakturační vodoměr: 42012114941 | C29: ='1854'!C29 -> 4605 | D29: ='1854'!D29 -> 4905.6 | E29: ='1854'!E29 -> 5169.8 | F29: ='1854'!F29 -> 5453.5 | G29: ='1854'!G29 -> 5740.1 | H29: ='1854'!H29 -> 6002.3 | I29: ='1854'!I29 -> 6257.5 | J29: ='1854'!J29 -> 6498.9 | ... O29: ='1854'!O29 -> 7844.6 | P29: =O29-C29 -> 3239.6
E32: Výměna kalorimetru pata | H32: MWh | I32: m3 | K32: Výměna faktur.vodoměru výr.č. | N32: m3
D33: demontáž | E33: 43984 | F33: starý | K33: 44095 | L33: starý
G34: výr.č. | H34: GJ | I34: m3 | M34: výr.č. | N34: m3
D35: montáž | E35: 43986 | F35: nový | K35: 44095 | L35: nový

Sheet 1856
A2: 1856 | C2: ='1850'!C2 -> 44562 | D2: ='1850'!D2 -> 44593 | E2: ='1850'!E2 -> 44622 | F2: ='1850'!F2 -> 44652 | G2: ='1850'!G2 -> 44683 | H2: ='1850'!H2 -> 44713 | I2: ='1850'!I2 -> 44743 | J2: ='1850'!J2 -> 44774 | ... O2: ='1850'!O2 -> 44927 | P2: Voda | Q2: Teplo | R2: Elektr | Y2: spotřeby po měsících
A3: byt č. | C3: prosinec | D3: leden | E3: únor | F3: březen | G3: duben | H3: květen | I3: červen | J3: červenec | K3: srpen | L3: září | M3: říjen | N3: listopad | O3: prosinec | P3: m3 | Q3: GJ | R3: KWh | T3: byt | U3: leden | V3: únor | W3: březen | X3: duben | Y3: květen | Z3: červen | AA3: červenec | AB3: srpen | AC3: září | AD3: říjen | AE3: listopad | AF3: prosinec
A4: 1 | B4: vodoměr č. 190907008 | C4: 391.792 | D4: 408.514 | E4: 424.341 | F4: 440.119 | G4: 458.447 | H4: 476.103 | I4: 492.199 | J4: 509.378 | K4: 523.963 | L4: 539.049 | M4: 557.43 | N4: 572.892 | O4: 591.22 | P4: =O4-C4 -> 199.428 | T4: 1 | U4: =D4-C4 -> 16.722 | V4: =E4-D4 -> 15.827 | W4: =F4-E4 -> 15.778 | X4: =G4-F4 -> 18.328 | Y4: =H4-G4 -> 17.656 | Z4: =I4-H4 -> 16.096 | AA4: =J4-I4 -> 17.179 | AB4: =K4-J4 -> 14.585 | ... AF4: =O4-N4 -> 18.328
B5: kalorimetr č. SN 34672813 | C5: 142.31 | D5: 148.773 | E5: 153.463 | F5: 157.84 | G5: 161.197 | H5: 162.337 | I5: 163.204 | J5: 163.963 | K5: 164.554 | L5: 165.264 | M5: 166.845 | N5: 170.198 | O5: 174.67 | Q5: =O5-C5 -> 32.36
A6: 2 | B6: vodoměr č. 191519260 | C6: 152.505 | D6: 157.905 | E6: 161.39 | F6: 165.22 | G6: 171.194 | H6: 175.802 | I6: 181.021 | J6: 187.351 | K6: 194.157 | L6: 199.391 | M6: 204.427 | N6: 209.8 | O6: 215.915 | P6: =O6-C6 -> 63.41 | T6: 2 | U6: =D6-C6 -> 5.4 | V6: =E6-D6 -> 3.485 | W6: =F6-E6 -> 3.83 | X6: =G6-F6 -> 5.974 | Y6: =H6-G6 -> 4.608 | Z6: =I6-H6 -> 5.219 | AA6: =J6-I6 -> 6.33 | AB6: =K6-J6 -> 6.806 | ... AF6: =O6-N6 -> 6.115
B7: kalorimetr č. SN 34672830 | C7: 48.461 | D7: 50.372 | E7: 51.377 | F7: 52.128 | G7: 52.922 | H7: 53.284 | I7: 53.637 | J7: 53.982 | K7: 54.361 | L7: 54.705 | M7: 55.096 | N7: 56.433 | O7: 57.917 | Q7: =O7-C7 -> 9.456
A8: 3 | B8: vodoměr č. 190907023 | C8: 129.307 | D8: 131.125 | E8: 134.573 | F8: 139.647 | G8: 143.024 | H8: 146.594 | I8: 149.316 | J8: 152.484 | K8: 156.246 | L8: 158.724 | M8: 162.895 | N8: 167.441 | O8: 172.821 | P8: =O8-C8 -> 43.514 | T8: 3 | U8: =D8-C8 -> 1.818 | V8: =E8-D8 -> 3.448 | W8: =F8-E8 -> 5.074 | X8: =G8-F8 -> 3.377 | Y8: =H8-G8 -> 3.57 | Z8: =I8-H8 -> 2.722 | AA8: =J8-I8 -> 3.168 | AB8: =K8-J8 -> 3.762 | ... AF8: =O8-N8 -> 5.38
B9: kalorimetr č. SN 34672808 | C9: 119.68 | D9: 121.763 | E9: 125.175 | F9: 128.641 | G9: 130.515 | H9: 131.079 | I9: 131.527 | J9: 131.94 | K9: 132.302 | L9: 132.838 | M9: 133.984 | N9: 137.564 | O9: 142.376 | Q9: =O9-C9 -> 22.696
A10: 4 | B10: vodoměr č. 190907015 | C10: 166.976 | D10: 172.389 | E10: 178.563 | F10: 185.128 | G10: 190.105 | H10: 194.956 | I10: 198.498 | J10: 206.706 | K10: 214.113 | L10: 227.804 | M10: 242.182 | N10: 252.557 | O10: 260.895 | P10: =O10-C10 -> 93.919 | T10: 4 | U10: =D10-C10 -> 5.413 | V10: =E10-D10 -> 6.174 | W10: =F10-E10 -> 6.565 | X10: =G10-F10 -> 4.977 | Y10: =H10-G10 -> 4.851 | Z10: =I10-H10 -> 3.542 | AA10: =J10-I10 -> 8.208 | AB10: =K10-J10 -> 7.407 | ... AF10: =O10-N10 -> 8.338
B11: kalorimetr č. SN 34672836 | C11: 69.017 | D11: =69.017+2.4 -> 71.417 | E11: =69.017+2.4+2.4 -> 73.817 | F11: =69.017+2.4+2.4+2 -> 75.817 | G11: =69.017+2.4+2.4+2+1 -> 76.817 | H11: =69.017+2.4+2.4+2+1+0.5 -> 77.317 | I11: =69.017+2.4+2.4+2+1+0.5+0.2 -> 77.517 | J11: =69.017+2.4+2.4+2+1+0.5+0.2+0.3 -> 77.817 | K11: =69.017+2.4+2.4+2+1+0.5+0.2+0.3+0.3 -> 78.117 | L11: =69.017+2.4+2.4+2+1+0.5+0.2+0.3+0.3+0.5 -> 78.617 | M11: =69.017+2.4+2.4+2+1+0.5+0.2+0.3+0.3+0.5+1 -> 79.617 | N11: =69.017+2.4+2.4+2+1+0.5+0.2+0.3+0.3+0.5+1+2 -> 81.617 | O11: =69.017+2.4+2.4+2+1+0.5+0.2+0.3+0.3+0.5+1+2+3 -> 84.617 | Q11: =O11-C11 -> 15.6
A12: 5 | B12: vodoměr č. 190907020 | C12: 27.464 | D12: 30.586 | E12: 33.604 | F12: 36.756 | G12: 39.957 | H12: 42.763 | I12: 45.55 | J12: 48.312 | K12: 50.932 | L12: 52.306 | M12: 53.991 | N12: 56.256 | O12: 58.507 | P12: =O12-C12 -> 31.043 | T12: 5 | U12: =D12-C12 -> 3.122 | V12: =E12-D12 -> 3.018 | W12: =F12-E12 -> 3.152 | X12: =G12-F12 -> 3.201 | Y12: =H12-G12 -> 2.806 | Z12: =I12-H12 -> 2.787 | AA12: =J12-I12 -> 2.762 | AB12: =K12-J12 -> 2.62 | ... AF12: =O12-N12 -> 2.251
B13: kalorimetr č. SN 34672800 | C13: 17.919 | D13: 19.425 | E13: 20.358 | F13: 24.792 | G13: 28.542 | H13: 31.293 | I13: 32.906 | J13: 33.127 | K13: 33.318 | L13: 33.461 | M13: 33.657 | N13: 34.297 | O13: 35.472 | Q13: =O13-C13 -> 17.553
A14: 6 | B14: vodoměr č. 190907016 | C14: 161.633 | D14: 167.64 | E14: 173.178 | F14: 179.166 | G14: 185.57 | H14: 190.705 | I14: 195.917 | J14: 200.034 | K14: 204.701 | L14: 209.54 | M14: 214.841 | N14: 219.472 | O14: 225.865 | P14: =O14-C14 -> 64.232 | T14: 6 | U14: =D14-C14 -> 6.007 | V14: =E14-D14 -> 5.538 | W14: =F14-E14 -> 5.988 | X14: =G14-F14 -> 6.404 | Y14: =H14-G14 -> 5.135 | Z14: =I14-H14 -> 5.212 | AA14: =J14-I14 -> 4.117 | AB14: =K14-J14 -> 4.667 | ... AF14: =O14-N14 -> 6.393
B15: kalorimetr č. SN 34672833 | C15: 51.612 | D15: 54.375 | E15: 56.034 | F15: 57.705 | G15: 59.003 | H15: 59.454 | I15: 59.759 | J15: 59.988 | K15: 60.249 | L15: 60.546 | M15: 61.631 | N15: 63.785 | O15: 66.737 | Q15: =O15-C15 -> 15.125
A16: 7 | B16: vodoměr č. 191519256 | C16: 123.133 | D16: 128.822 | E16: 134.03 | F16: 138.504 | G16: 142.42 | H16: 146.838 | I16: 150.455 | J16: 154.94 | K16: 159.371 | L16: 163.908 | M16: 169.041 | N16: 173.83 | O16: 178.345 | P16: =O16-C16 -> 55.212 | T16: 7 | U16: =D16-C16 -> 5.689 | V16: =E16-D16 -> 5.208 | W16: =F16-E16 -> 4.474 | X16: =G16-F16 -> 3.916 | Y16: =H16-G16 -> 4.418 | Z16: =I16-H16 -> 3.617 | AA16: =J16-I16 -> 4.485 | AB16: =K16-J16 -> 4.431 | ... AF16: =O16-N16 -> 4.515
B17: kalorimetr č. SN 34672817 | C17: 59.403 | D17: 62.685 | E17: 64.901 | F17: 65.91 | G17: 66.941 | H17: 67.311 | I17: 67.629 | J17: 67.956 | K17: 68.262 | L17: 68.623 | M17: 69.254 | N17: 71.426 | O17: 74.641 | Q17: =O17-C17 -> 15.238
A18: 8 | B18: vodoměr č. 190907024 | C18: 278.032 | D18: 288.428 | E18: 297.741 | F18: 308.341 | G18: 319.768 | H18: 327.955 | I18: 336.26 | J18: 343.128 | K18: 351.902 | L18: 360.708 | M18: 371.094 | N18: 380.615 | O18: 390.61 | P18: =O18-C18 -> 112.578 | T18: 8 | U18: =D18-C18 -> 10.396 | V18: =E18-D18 -> 9.313 | W18: =F18-E18 -> 10.6 | X18: =G18-F18 -> 11.427 | Y18: =H18-G18 -> 8.187 | Z18: =I18-H18 -> 8.305 | AA18: =J18-I18 -> 6.868 | AB18: =K18-J18 -> 8.774 | ... AF18: =O18-N18 -> 9.995
B19: kalorimetr č. SN 34672810 | C19: 156.842 | D19: 163.077 | E19: 167.692 | F19: 171.386 | G19: 174.473 | H19: 174.815 | I19: 175.077 | J19: 175.267 | K19: 175.48 | L19: 175.736 | M19: 176.189 | N19: 177.197 | O19: 179.995 | Q19: =O19-C19 -> 23.153
A20: 9 | B20: vodoměr č. 191519266 | C20: 164.492 | D20: 171.72 | E20: 176.685 | F20: 183.136 | G20: 190.91 | H20: 196.062 | I20: 200.468 | J20: 203.462 | K20: 207.471 | L20: 210.711 | M20: 217.446 | N20: 224.91 | O20: 232.433 | P20: =O20-C20 -> 67.941 | T20: 9 | U20: =D20-C20 -> 7.228 | V20: =E20-D20 -> 4.965 | W20: =F20-E20 -> 6.451 | X20: =G20-F20 -> 7.774 | Y20: =H20-G20 -> 5.152 | Z20: =I20-H20 -> 4.406 | AA20: =J20-I20 -> 2.994 | AB20: =K20-J20 -> 4.009 | ... AF20: =O20-N20 -> 7.523
B21: kalorimetr č. SN 34672824 | C21: 108.707 | D21: 113.488 | E21: 116.647 | F21: 119.1 | G21: 120.965 | H21: 121.321 | I21: 121.592 | J21: 121.841 | K21: 122.105 | L21: 122.381 | M21: 122.921 | N21: 124.95 | O21: 128.208 | Q21: =O21-C21 -> 19.501
A22: 10 | B22: vodoměr č. 190907019 | C22: 199.113 | D22: 206.376 | E22: 213.142 | F22: 219.978 | G22: 232.09 | H22: 237.959 | I22: 244.719 | J22: 248.462 | K22: 255.157 | L22: 258.848 | M22: 266.07 | N22: 271.677 | O22: 277.658 | P22: =O22-C22 -> 78.545 | T22: 10 | U22: =D22-C22 -> 7.263 | V22: =E22-D22 -> 6.766 | W22: =F22-E22 -> 6.836 | X22: =G22-F22 -> 12.112 | Y22: =H22-G22 -> 5.869 | Z22: =I22-H22 -> 6.76 | AA22: =J22-I22 -> 3.743 | AB22: =K22-J22 -> 6.695 | ... AF22: =O22-N22 -> 5.981
B23: kalorimetr č. SN 34672832 | C23: 85.393 | D23: 88.748 | E23: 91.006 | F23: 92.575 | G23: 93.808 | H23: 94.087 | I23: 94.392 | J23: 94.522 | K23: 94.766 | L23: 94.927 | M23: 95.556 | N23: 98.795 | O23: 103.034 | Q23: =O23-C23 -> 17.641
P24: =SUM(P4:P23) -> 809.822 | Q24: =SUM(Q4:Q23) -> 188.323
A25: spol.spotř. | B25: elektroměr č. 72371793 | C25: 42073 | D25: 42259 | E25: 42436 | F25: 42621 | G25: 42830 | H25: 43034 | I25: 43246 | J25: 43449 | K25: 43646 | L25: 43816 | M25: 44021 | N25: 44213 | O25: 44469 | R25: =O25-C25 -> 2396
B26: patní vodoměr č. 190976786 | C26: 2007 | D26: 2083.1 | E26: 2153.1 | F26: 2229.2 | G26: 2314.6 | H26: 2383.6 | I26: 2448.8 | J26: 2515 | K26: 2586.2 | L26: 2655.5 | M26: 2741.5 | N26: 2818.6 | O26: 2901.4 | P26: =O26-C26 -> 894.4
B27: patní kalorimetr č.70465265/GJ | C27: 319.73 | D27: 357.48 | E27: 385.17 | F27: 407.94 | G27: 424.35 | H27: 427.78 | I27: 430.23 | J27: 432.52 | K27: 434.74 | L27: 437.65 | M27: 444.69 | N27: 467.18 | O27: 501.79 | Q27: =O27-C27 -> 182.06 | R27: GJ
B28: patní kalorimetr č./kub.m | C28: 2371 | D28: 2625 | E28: 2812 | F28: 2964 | G28: 3070 | H28: 3094 | I28: 3113 | J28: 3132 | K28: 3150 | L28: 3172 | M28: 3222 | N28: 3363 | O28: 3595 | Q28: =O28-C28 -> 1224 | R28: m3
A29: ='1854'!A29 -> Fakturační vodoměr: 42012114941 | C29: ='1854'!C29 -> 4605 | D29: ='1854'!D29 -> 4905.6 | E29: ='1854'!E29 -> 5169.8 | F29: ='1854'!F29 -> 5453.5 | G29: ='1854'!G29 -> 5740.1 | H29: ='1854'!H29 -> 6002.3 | I29: ='1854'!I29 -> 6257.5 | J29: ='1854'!J29 -> 6498.9 | ... O29: ='1854'!O29 -> 7844.6 | P29: =O29-N35+N33-C29 -> 3239.6
E32: Výměna kalorimetru pata | H32: MWh | I32: m3 | K32: Výměna faktur.vodoměru výr.č. | N32: m3
D33: demontáž | E33: 43984 | F33: starý | K33: 44095 | L33: starý
G34: výr.č. | H34: GJ | I34: m3 | M34: výr.č. | N34: m3
D35: montáž | E35: 43986 | F35: nový | K35: 44095 | L35: nový

Sheet 1857
A2: 1857 | C2: ='1850'!C2 -> 44562 | D2: ='1850'!D2 -> 44593 | E2: ='1850'!E2 -> 44622 | F2: ='1850'!F2 -> 44652 | G2: ='1850'!G2 -> 44683 | H2: ='1850'!H2 -> 44713 | I2: ='1850'!I2 -> 44743 | J2: ='1850'!J2 -> 44774 | ... O2: ='1850'!O2 -> 44927 | P2: voda | Q2: teplo | R2: elektr | Y2: spotřeby po měsících
A3: byt č. | C3: prosinec | D3: leden | E3: únor | F3: březen | G3: duben | H3: květen | I3: červen | J3: červenec | K3: srpen | L3: září | M3: říjen | N3: listopad | O3: prosinec | P3: m3 | Q3: GJ | R3: KWh | T3: byt | U3: leden | V3: únor | W3: březen | X3: duben | Y3: květen | Z3: červen | AA3: červenec | AB3: srpen | AC3: září | AD3: říjen | AE3: listopad | AF3: prosinec
A4: 1 | B4: vodoměr č. 190907022 | C4: 126.745 | D4: 130.294 | E4: 133.88 | F4: 137.782 | G4: 142.326 | H4: 147.012 | I4: 151.039 | J4: 157.136 | K4: 161.062 | L4: 164.783 | M4: 169.194 | N4: 173.829 | O4: 179.246 | P4: =O4-C4 -> 52.501 | T4: 1 | U4: =D4-C4 -> 3.549 | V4: =E4-D4 -> 3.586 | W4: =F4-E4 -> 3.902 | X4: =G4-F4 -> 4.544 | Y4: =H4-G4 -> 4.686 | Z4: =I4-H4 -> 4.027 | AA4: =J4-I4 -> 6.097 | AB4: =K4-J4 -> 3.926 | ... AF4: =O4-N4 -> 5.417
B5: kalorimetr č. SN 34672828 | C5: 9.199 | D5: 14.961 | E5: 19.503 | F5: 23.86 | G5: 27.156 | H5: 27.577 | I5: 27.788 | J5: 28.07 | K5: 28.277 | L5: 29.097 | M5: 31.137 | N5: 35.215 | O5: 41.058 | Q5: =O5-C5 -> 31.859
A6: 2 | B6: vodoměr č. 191519284 | C6: 93.554 | D6: 97.26 | E6: 101.003 | F6: 105.049 | G6: 109.496 | H6: 113.401 | I6: 117.481 | J6: 121.765 | K6: 125.711 | L6: 129.244 | M6: 133.116 | N6: 136.872 | O6: 140.392 | P6: =O6-C6 -> 46.838 | T6: 2 | U6: =D6-C6 -> 3.706 | V6: =E6-D6 -> 3.743 | W6: =F6-E6 -> 4.046 | X6: =G6-F6 -> 4.447 | Y6: =H6-G6 -> 3.905 | Z6: =I6-H6 -> 4.08 | AA6: =J6-I6 -> 4.284 | AB6: =K6-J6 -> 3.946 | ... AF6: =O6-N6 -> 3.52
B7: kalorimetr č. SN 34672811 | C7: 2.765 | D7: 4.382 | E7: 5.471 | F7: 6.258 | G7: 6.735 | H7: 7.072 | I7: 7.406 | J7: 7.733 | K7: 8.025 | L7: 8.388 | M7: 8.991 | N7: 10.233 | O7: 11.837 | Q7: =O7-C7 -> 9.072
A8: 3 | B8: vodoměr č. 191519282 | C8: 405.963 | D8: 422.499 | E8: 435.874 | F8: 453.026 | G8: 470.638 | H8: 486.283 | I8: 502.661 | J8: 512.54 | K8: 521.827 | L8: 537.213 | M8: 551.593 | N8: 568.482 | O8: 584.474 | P8: =O8-C8 -> 178.511 | T8: 3 | U8: =D8-C8 -> 16.536 | V8: =E8-D8 -> 13.375 | W8: =F8-E8 -> 17.152 | X8: =G8-F8 -> 17.612 | Y8: =H8-G8 -> 15.645 | Z8: =I8-H8 -> 16.378 | AA8: =J8-I8 -> 9.879 | AB8: =K8-J8 -> 9.287 | ... AF8: =O8-N8 -> 15.992
B9: kalorimetr č. SN 34672803 | C9: 8.683 | D9: 13.325 | E9: 16.954 | F9: 20.801 | G9: 23.949 | H9: 24.808 | I9: 25.329 | J9: 25.586 | K9: 25.845 | L9: 26.498 | M9: 28.284 | N9: 31.811 | O9: 36.972 | Q9: =O9-C9 -> 28.289
A10: 4 | B10: vodoměr č. 200015758 | C10: 74.096 | D10: 77.991 | E10: 81.43 | F10: 85.273 | G10: 88.675 | H10: 90.972 | I10: 95.029 | J10: 99.856 | K10: 103.255 | L10: 105.684 | M10: 109.476 | N10: 112.107 | O10: 116.709 | P10: =O10-C10 -> 42.613 | T10: 4 | U10: =D10-C10 -> 3.895 | V10: =E10-D10 -> 3.439 | W10: =F10-E10 -> 3.843 | X10: =G10-F10 -> 3.402 | Y10: =H10-G10 -> 2.297 | Z10: =I10-H10 -> 4.057 | AA10: =J10-I10 -> 4.827 | AB10: =K10-J10 -> 3.399 | ... AF10: =O10-N10 -> 4.602
B11: kalorimetr č. SN 34672807 | C11: 2.865 | D11: 4.532 | E11: 5.547 | F11: 6.042 | G11: 6.418 | H11: 6.629 | I11: 6.886 | J11: 7.171 | K11: 7.374 | L11: 7.566 | M11: 7.883 | N11: 8.393 | O11: 9.389 | Q11: =O11-C11 -> 6.524
A12: 5 | B12: vodoměr č. 191519276 | C12: 198.733 | D12: 206.436 | E12: 213.922 | F12: 221.297 | G12: 228.684 | H12: 235.418 | I12: 242.166 | J12: 249.534 | K12: 255.488 | L12: 261.361 | M12: 267.931 | N12: 274.533 | O12: 279.104 | P12: =O12-C12 -> 80.371 | T12: 5 | U12: =D12-C12 -> 7.703 | V12: =E12-D12 -> 7.486 | W12: =F12-E12 -> 7.375 | X12: =G12-F12 -> 7.387 | Y12: =H12-G12 -> 6.734 | Z12: =I12-H12 -> 6.748 | AA12: =J12-I12 -> 7.368 | AB12: =K12-J12 -> 5.954 | ... AF12: =O12-N12 -> 4.571
B13: kalorimetr č. SN 34672838 | C13: 3.873 | D13: 5.892 | E13: 7.438 | F13: 8.513 | G13: 9.574 | H13: 10.058 | I13: 10.463 | J13: 10.914 | K13: 11.282 | L13: 11.661 | M13: 12.171 | N13: 13.554 | O13: 15.702 | Q13: =O13-C13 -> 11.829
A14: 6 | B14: vodoměr č. 191519285 | C14: 189.93 | D14: 193.532 | E14: 196.923 | F14: 200.519 | G14: 202.909 | H14: 203.55 | I14: 204.278 | J14: 205.696 | K14: 208.94 | L14: 211.408 | M14: 213.697 | N14: 215.103 | O14: 218.152 | P14: =O14-C14 -> 28.222 | T14: 6 | U14: =D14-C14 -> 3.602 | V14: =E14-D14 -> 3.391 | W14: =F14-E14 -> 3.596 | X14: =G14-F14 -> 2.39 | Y14: =H14-G14 -> 0.641 | Z14: =I14-H14 -> 0.728 | AA14: =J14-I14 -> 1.418 | AB14: =K14-J14 -> 3.244 | ... AF14: =O14-N14 -> 3.049
B15: kalorimetr č. SN 34672805 | C15: 7.514 | D15: 11.489 | E15: 14.19 | F15: 16.45 | G15: 18.002 | H15: 18.225 | I15: 18.434 | J15: 18.696 | K15: 19.036 | L15: 19.414 | M15: 20.087 | N15: 22.033 | O15: 24.874 | Q15: =O15-C15 -> 17.36
A16: 7 | B16: vodoměr č. 191519267 | C16: 310.042 | D16: 324.252 | E16: 337.504 | F16: 348.655 | G16: 361.404 | H16: 373.412 | I16: 385.36 | J16: 396.573 | K16: 409.799 | L16: 422.068 | M16: 433.2 | N16: 444.99 | O16: 456.265 | P16: =O16-C16 -> 146.223 | T16: 7 | U16: =D16-C16 -> 14.21 | V16: =E16-D16 -> 13.252 | W16: =F16-E16 -> 11.151 | X16: =G16-F16 -> 12.749 | Y16: =H16-G16 -> 12.008 | Z16: =I16-H16 -> 11.948 | AA16: =J16-I16 -> 11.213 | AB16: =K16-J16 -> 13.226 | ... AF16: =O16-N16 -> 11.275
B17: kalorimetr č. SN 34672821 | C17: 11.538 | D17: 17.495 | E17: 21.623 | F17: 24.753 | G17: 27.444 | H17: 28.333 | I17: 29.123 | J17: 29.81 | K17: 30.632 | L17: 31.428 | M17: 32.24 | N17: 35.96 | O17: 40.63 | Q17: =O17-C17 -> 29.092
A18: 8 | B18: vodoměr č. 190907014 | C18: 195.288 | D18: 202.422 | E18: 207.867 | F18: 213.916 | G18: 219.413 | H18: 225.262 | I18: 232.079 | J18: 237.355 | K18: 242.223 | L18: 249.122 | M18: 255.799 | N18: 262.802 | O18: 270.511 | P18: =O18-C18 -> 75.223 | T18: 8 | U18: =D18-C18 -> 7.134 | V18: =E18-D18 -> 5.445 | W18: =F18-E18 -> 6.049 | X18: =G18-F18 -> 5.497 | Y18: =H18-G18 -> 5.849 | Z18: =I18-H18 -> 6.817 | AA18: =J18-I18 -> 5.276 | AB18: =K18-J18 -> 4.868 | ... AF18: =O18-N18 -> 7.709
B19: kalorimetr č. SN 34672820 | C19: 4.926 | D19: 7.61 | E19: 9.11 | F19: 10.136 | G19: 10.965 | H19: 11.26 | I19: 11.551 | J19: 11.771 | K19: 11.942 | L19: 12.248 | M19: 12.916 | N19: 15.063 | O19: 18.417 | Q19: =O19-C19 -> 13.491
A20: 9 | B20: vodoměr č. 190907021 | C20: 59.795 | D20: 61.646 | E20: 64.14 | F20: 66.636 | G20: 68.77 | H20: 70.796 | I20: 72.788 | J20: 74.482 | K20: 76.616 | L20: 78.242 | M20: 80.044 | N20: 82.031 | O20: 83.935 | P20: =O20-C20 -> 24.14 | T20: 9 | U20: =D20-C20 -> 1.851 | V20: =E20-D20 -> 2.494 | W20: =F20-E20 -> 2.496 | X20: =G20-F20 -> 2.134 | Y20: =H20-G20 -> 2.026 | Z20: =I20-H20 -> 1.992 | AA20: =J20-I20 -> 1.694 | AB20: =K20-J20 -> 2.134 | ... AF20: =O20-N20 -> 1.904
B21: kalorimetr č. SN 34672831 | C21: 5.676 | D21: 8.968 | E21: 11.3 | F21: 12.673 | G21: 13.759 | H21: 13.819 | I21: 13.856 | J21: 13.882 | K21: 13.905 | L21: 13.969 | M21: 14.165 | N21: 15.087 | O21: 17.134 | Q21: =O21-C21 -> 11.458
A22: 10 | B22: vodoměr č. 190907025 | C22: 254.366 | D22: 267.284 | E22: 272.323 | F22: 285.078 | G22: 294.41 | H22: 301.024 | I22: 308.668 | J22: 313.331 | K22: 323.126 | L22: 333.519 | M22: 343.37 | N22: 354.518 | O22: 365.274 | P22: =O22-C22 -> 110.908 | T22: 10 | U22: =D22-C22 -> 12.918 | V22: =E22-D22 -> 5.039 | W22: =F22-E22 -> 12.755 | X22: =G22-F22 -> 9.332 | Y22: =H22-G22 -> 6.614 | Z22: =I22-H22 -> 7.644 | AA22: =J22-I22 -> 4.663 | AB22: =K22-J22 -> 9.795 | ... AF22: =O22-N22 -> 10.756
B23: kalorimetr č. SN 34672825 | C23: 7.017 | D23: 10.725 | E23: 13.481 | F23: 15.574 | G23: 17.397 | H23: 17.817 | I23: 18.244 | J23: 18.542 | K23: 18.987 | L23: 19.565 | M23: 20.298 | N23: 23.347 | O23: 27.728 | Q23: =O23-C23 -> 20.711
P24: =SUM(P4:P23) -> 785.55 | Q24: =SUM(Q4:Q23) -> 179.685
A25: spol.spotř. | B25: elektroměr č. 72370868 | C25: 47149 | D25: 47344 | E25: 47531 | F25: 47729 | G25: 47918 | H25: 48122 | I25: 48308 | J25: 48503 | K25: 48707 | L25: 48890 | M25: 49163 | N25: 49428 | O25: 49627 | R25: =O25-C25 -> 2478
B26: patní vodoměr č. 190976785 | C26: 2222.9 | D26: 2305.6 | E26: 2377 | F26: 2453.2 | G26: 2530.3 | H26: 2597.9 | I26: 2669.6 | J26: 2733.2 | K26: 2800.1 | L26: 2871.6 | M26: 2944.1 | N26: 3019.2 | O26: 3095.6 | P26: =O26-C26 -> 872.7
B27: patní kalorimetr č. 70465266/ GJ | C27: 358.21 | D27: 396.9 | E27: 423.34 | F27: 444.08 | G27: 460.43 | H27: 463.3 | I27: 465.51 | J27: 467.31 | K27: 469.15 | L27: 472.67 | M27: 480.63 | N27: 504.86 | O27: 541.01 | Q27: =O27-C27 -> 182.8 | R27: GJ
B28: patní kalorimetr č./kub.m | C28: 3022 | D28: 3295 | E28: 3472 | F28: 3609 | G28: 3717 | H28: 3743 | I28: 3764 | J28: 3784 | K28: 3805 | L28: 3837 | M28: 3906 | N28: 4072 | O28: 4324 | Q28: =O28-C28 -> 1302 | R28: m3
A29: ='1854'!A29 -> Fakturační vodoměr: 42012114941 | C29: ='1854'!C29 -> 4605 | D29: ='1854'!D29 -> 4905.6 | E29: ='1854'!E29 -> 5169.8 | F29: ='1854'!F29 -> 5453.5 | G29: ='1854'!G29 -> 5740.1 | H29: ='1854'!H29 -> 6002.3 | I29: ='1854'!I29 -> 6257.5 | J29: ='1854'!J29 -> 6498.9 | ... O29: ='1854'!O29 -> 7844.6 | P29: =O29--C29 -> 12449.6
D31: Reklamace - výměna
C32: 4 | D32: 43950 | E32: starý | K32: Výměna faktur.vodoměru výr.č. | N32: m3
E33: nový | K33: 44095 | L33: starý
M34: výr.č. | N34: m3
E35: Výměna kalorimetru pata | H35: MWh | I35: m3 | K35: 44095 | L35: nový
D36: demontáž | E36: 43984 | F36: starý
G37: výr.č. | H37: GJ | I37: m3
D38: montáž | E38: 43986 | F38: nový

Sheet S1
A1: Sumář - spotřeba leden | B1: 2022
A3: Voda - m3 | B3: 1850 | C3: 1851 | D3: 1852 | E3: 1853
A4: Náměry bytových vodoměrů | B4: ='1850'!D4-'1850'!C4+'1850'!D6-'1850'!C6+'1850'!D8-'1850'!C8+'1850'!D10-'1850'!C10+'1850'!D12-'1850'!C12+'1850'!D14-'1850'!C14+'1850'!D16-'1850'!C16+'1850'!D18-'1850'!C18+'1850'!D20-'1850'!C20+'1850'!D22-'1850'!C22 -> 63.349 | C4: ='1851'!E4-'1851'!D4+'1851'!E6-'1851'!D6+'1851'!E8-'1851'!D8+'1851'!E10-'1851'!D10+'1851'!E12-'1851'!D12+'1851'!E14-'1851'!D14+'1851'!E16-'1851'!D16+'1851'!E18-'1851'!D18+'1851'!E20-'1851'!D20+'1851'!E22-'1851'!D22+'1851'!E33-'1851'!D33+'1851'!E34-'1851'!D34+'1851'!E35-'1851'!D35+'1851'!E36-'1851'!D36+'1851'!E37-'1851'!D37+'1851'!E40-'1851'!D40+'1851'!E41-'1851'!D41+'1851'!E42-'1851'!D42+'1851'!E43-'1851'!D43+'1851'!E44-'1851'!D44+'1851'!E45-'1851'!D45+'1851'!E46-'1851'!D46+'1851'!E47-'1851'!D47+'1851'!E48-'1851'!D48+'1851'!E49-'1851'!D49 -> 87.671 | D4: ='1852'!D4-'1852'!C4+'1852'!D6-'1852'!C6+'1852'!D8-'1852'!C8+'1852'!D10-'1852'!C10+'1852'!D12-'1852'!C12+'1852'!D14-'1852'!C14+'1852'!D16-'1852'!C16+'1852'!D18-'1852'!C18+'1852'!D20-'1852'!C20+'1852'!D22-'1852'!C22 -> 82.033 | E4: ='1853'!D4-'1853'!C4+'1853'!D6-'1853'!C6+'1853'!D8-'1853'!C8+'1853'!D10-'1853'!C10+'1853'!D12-'1853'!C12+'1853'!D14-'1853'!C14+'1853'!D16-'1853'!C16+'1853'!D18-'1853'!C18+'1853'!D20-'1853'!C20+'1853'!D22-'1853'!C22+'1853'!D26-'1853'!C26 -> 72.113 | G4: =1-B4/B5 -> 0.10776056 | H4: =1-C4/C5 -> 0.063344017 | I4: =1-D4/D5 -> 0.10150055 | J4: =1-E4/E5 -> 0.081363057
A5: Patní vodoměry | B5: ='1850'!D26-'1850'!C26 -> 71 | C5: ='1851'!E26-'1851'!D26 -> 93.6 | D5: ='1852'!D26-'1852'!C26 -> 91.3 | E5: ='1853'!D27-'1853'!C27 -> 78.5
A6: Součet patních vodoměrů | B6: =B5+C5+D5+E5 -> 334.4 | G6: =1-B6/B7 -> 0.042930738
A7: fakturační vodoměr | B7: ='1850'!D29-'1850'!C29 -> 349.4
A8: Teplo - GJ
A9: Náměry bytových kalorimetrů | B9: ='1850'!D5-'1850'!C5+'1850'!D7-'1850'!C7+'1850'!D9-'1850'!C9+'1850'!D11-'1850'!C11+'1850'!D13-'1850'!C13+'1850'!D15-'1850'!C15+'1850'!D17-'1850'!C17+'1850'!D19-'1850'!C19+'1850'!D21-'1850'!C21+'1850'!D23-'1850'!C23 -> 33.448 | C9: ='1851'!E5-'1851'!D5+'1851'!E7-'1851'!D7+'1851'!E9-'1851'!D9+'1851'!E11-'1851'!D11+'1851'!E13-'1851'!D13+'1851'!E15-'1851'!D15+'1851'!E17-'1851'!D17+'1851'!E19-'1851'!D19+'1851'!E21-'1851'!D21+'1851'!E23-'1851'!D23 -> 41.724 | D9: ='1852'!D5-'1852'!C5+'1852'!D7-'1852'!C7+'1852'!D9-'1852'!C9+'1852'!D11-'1852'!C11+'1852'!D13-'1852'!C13+'1852'!D15-'1852'!C15+'1852'!D17-'1852'!C17+'1852'!D19-'1852'!C19+'1852'!D21-'1852'!C21+'1852'!D23-'1852'!C23 -> 38.167 | E9: ='1853'!D5-'1853'!C5+'1853'!D7-'1853'!C7+'1853'!D9-'1853'!C9+'1853'!D11-'1853'!C11+'1853'!D13-'1853'!C13+'1853'!D15-'1853'!C15+'1853'!D17-'1853'!C17+'1853'!D19-'1853'!C19+'1853'!D21-'1853'!C21+'1853'!D23-'1853'!C23 -> 32.972 | G9: =1-B9/B10 -> 0.072743402 | H9: =1-C9/C10 -> 0.097352025 | I9: =1-D9/D10 -> 0.054242244 | J9: =1-E9/E10 -> 0.077654694
A10: Fakturační kalorimetry | B10: =('1850'!D27-'1850'!C27)*3.6 -> 36.072 | C10: =('1851'!E27-'1851'!D27)*3.6 -> 46.224 | D10: =('1852'!D27-'1852'!C27)*3.6 -> 40.356 | E10: =('1853'!D28-'1853'!C28)*3.6 -> 35.748
A11: Elektřina - kWh
A12: Elektroměr dům | B12: ='1850'!D25-'1850'!C25 -> 206 | C12: ='1851'!E24-'1851'!D24 -> 358 | D12: ='1852'!D25-'1852'!C25 -> 181 | E12: ='1853'!D24-'1853'!C24 -> 179
A14: Elektroměr areál | B14: ='1853'!D25-'1853'!C25 -> 502
A15: Vodoměr areál | B15: ='1853'!D26-'1853'!C26 -> 0
A18: Voda - m3 | B18: 1854 | C18: 1855 | D18: 1856 | E18: 1857
A19: Náměry bytových vodoměrů | B19: ='1854'!D4-'1854'!C4+'1854'!D6-'1854'!C6+'1854'!D8-'1854'!C8+'1854'!D10-'1854'!C10+'1854'!D12-'1854'!C12+'1854'!D14-'1854'!C14+'1854'!D16-'1854'!C16+'1854'!D18-'1854'!C18+'1854'!D20-'1854'!C20+'1854'!D22-'1854'!C22 -> 62.75 | C19: ='1855'!D4-'1855'!C4+'1855'!D6-'1855'!C6+'1855'!D8-'1855'!C8+'1855'!D10-'1855'!C10+'1855'!D12-'1855'!C12+'1855'!D14-'1855'!C14+'1855'!D16-'1855'!C16+'1855'!D18-'1855'!C18+'1855'!D20-'1855'!C20+'1855'!D22-'1855'!C22 -> 75.929 | D19: ='1856'!D4-'1856'!C4+'1856'!D6-'1856'!C6+'1856'!D8-'1856'!C8+'1856'!D10-'1856'!C10+'1856'!D12-'1856'!C12+'1856'!D14-'1856'!C14+'1856'!D16-'1856'!C16+'1856'!D18-'1856'!C18+'1856'!D20-'1856'!C20+'1856'!D22-'1856'!C22 -> 69.058 | E19: ='1857'!D4-'1857'!C4+'1857'!D6-'1857'!C6+'1857'!D8-'1857'!C8+'1857'!D10-'1857'!C10+'1857'!D12-'1857'!C12+'1857'!D14-'1857'!C14+'1857'!D16-'1857'!C16+'1857'!D18-'1857'!C18+'1857'!D20-'1857'!C20+'1857'!D22-'1857'!C22 -> 75.104 | G19: =1-B19/B20 -> 0.091895803 | H19: =1-C19/C20 -> 0.10143195 | I19: =1-D19/D20 -> 0.092536137 | J19: =1-E19/E20 -> 0.09185006
A20: Patní vodoměry | B20: ='1854'!D26-'1854'!C26 -> 69.1 | C20: ='1855'!D26-'1855'!C26 -> 84.5 | D20: ='1856'!D26-'1856'!C26 -> 76.1 | E20: ='1857'!D26-'1857'!C26 -> 82.7
A21: Součet patních vodoměrů | B21: =B20+C20+D20+E20 -> 312.4 | G21: =1-B21/B22 -> -0.039254824
A22: fakturační vodoměr | B22: ='1854'!D29-'1854'!C29 -> 300.6
A23: Teplo - GJ
A24: Náměry bytových kalorimetrů | B24: ='1854'!D5-'1854'!C5+'1854'!D7-'1854'!C7+'1854'!D9-'1854'!C9+'1854'!D11-'1854'!C11+'1854'!D13-'1854'!C13+'1854'!D15-'1854'!C15+'1854'!D17-'1854'!C17+'1854'!D19-'1854'!C19+'1854'!D21-'1854'!C21+'1854'!D23-'1854'!C23 -> 33.318 | C24: ='1855'!D5-'1855'!C5+'1855'!D7-'1855'!C7+'1855'!D9-'1855'!C9+'1855'!D11-'1855'!C11+'1855'!D13-'1855'!C13+'1855'!D15-'1855'!C15+'1855'!D17-'1855'!C17+'1855'!D19-'1855'!C19+'1855'!D21-'1855'!C21+'1855'!D23-'1855'!C23 -> 39.27 | D24: ='1856'!D5-'1856'!C5+'1856'!D7-'1856'!C7+'1856'!D9-'1856'!C9+'1856'!D11-'1856'!C11+'1856'!D13-'1856'!C13+'1856'!D15-'1856'!C15+'1856'!D17-'1856'!C17+'1856'!D19-'1856'!C19+'1856'!D21-'1856'!C21+'1856'!D23-'1856'!C23 -> 34.779 | E24: ='1857'!D5-'1857'!C5+'1857'!D7-'1857'!C7+'1857'!D9-'1857'!C9+'1857'!D11-'1857'!C11+'1857'!D13-'1857'!C13+'1857'!D15-'1857'!C15+'1857'!D17-'1857'!C17+'1857'!D19-'1857'!C19+'1857'!D21-'1857'!C21+'1857'!D23-'1857'!C23 -> 35.323 | G24: =1-B24/B25 -> 0.058015267 | H24: =1-C24/C25 -> 0.072727273 | I24: =1-D24/D25 -> 0.078701987 | J24: =1-E24/E25 -> 0.087025071
A25: Fakturační kalorimetry | B25: =('1854'!D27-'1854'!C27) -> 35.37 | C25: =('1855'!D27-'1855'!C27) -> 42.35 | D25: =('1856'!D27-'1856'!C27) -> 37.75 | E25: =('1857'!D27-'1857'!C27) -> 38.69
A26: Elektřina - kWh
A27: Elektroměr dům | B27: ='1854'!D25-'1854'!C25 -> 197 | C27: ='1855'!D25-'1855'!C25 -> 223 | D27: ='1856'!D25-'1856'!C25 -> 186 | E27: ='1857'!D25-'1857'!C25 -> 195

Sheet S2
A1: Sumář - spotřeba únor | B1: =S1!B1 -> 2022
A3: Voda - m3 | B3: 1850 | C3: 1851 | D3: 1852 | E3: 1853
A4: Náměry bytových vodoměrů | B4: ='1850'!E4-'1850'!D4+'1850'!E6-'1850'!D6+'1850'!E8-'1850'!D8+'1850'!E10-'1850'!D10+'1850'!E12-'1850'!D12+'1850'!E14-'1850'!D14+'1850'!E16-'1850'!D16+'1850'!E18-'1850'!D18+'1850'!E20-'1850'!D20+'1850'!E22-'1850'!D22 -> 60.211 | C4: ='1851'!F4-'1851'!E4+'1851'!F6-'1851'!E6+'1851'!F8-'1851'!E8+'1851'!F10-'1851'!E10+'1851'!F12-'1851'!E12+'1851'!F14-'1851'!E14+'1851'!F16-'1851'!E16+'1851'!F18-'1851'!E18+'1851'!F20-'1851'!E20+'1851'!F22-'1851'!E22+'1851'!F33-'1851'!E33+'1851'!F34-'1851'!E34+'1851'!F35-'1851'!E35+'1851'!F36-'1851'!E36+'1851'!F37-'1851'!E37+'1851'!F40-'1851'!E40+'1851'!F41-'1851'!E41+'1851'!F42-'1851'!E42+'1851'!F43-'1851'!E43+'1851'!F44-'1851'!E44+'1851'!F45-'1851'!E45+'1851'!F46-'1851'!E46+'1851'!F47-'1851'!E47+'1851'!F48-'1851'!E48+'1851'!F49-'1851'!E49 -> 75.947 | D4: ='1852'!E4-'1852'!D4+'1852'!E6-'1852'!D6+'1852'!E8-'1852'!D8+'1852'!E10-'1852'!D10+'1852'!E12-'1852'!D12+'1852'!E14-'1852'!D14+'1852'!E16-'1852'!D16+'1852'!E18-'1852'!D18+'1852'!E20-'1852'!D20+'1852'!E22-'1852'!D22 -> 75.823 | E4: ='1853'!E4-'1853'!D4+'1853'!E6-'1853'!D6+'1853'!E8-'1853'!D8+'1853'!E10-'1853'!D10+'1853'!E12-'1853'!D12+'1853'!E14-'1853'!D14+'1853'!E16-'1853'!D16+'1853'!E18-'1853'!D18+'1853'!E20-'1853'!D20+'1853'!E22-'1853'!D22+'1853'!E26-'1853'!D26 -> 69.528 | G4: =1-B4/B5 -> 0.11193215 | H4: =1-C4/C5 -> 0.071552567 | I4: =1-D4/D5 -> 0.099489311 | J4: =1-E4/E5 -> 0.0946875
A5: Patní vodoměry | B5: ='1850'!E26-'1850'!D26 -> 67.8 | C5: ='1851'!F26-'1851'!E26 -> 81.8 | D5: ='1852'!E26-'1852'!D26 -> 84.2 | E5: ='1853'!E27-'1853'!D27 -> 76.8
A6: Součet patních vodoměrů | B6: =SUM(B5:E5) -> 310.6 | G6: =1-B6/B7 -> 0.041653811
A7: fakturační vodoměr | B7: ='1850'!E29-'1850'!D29 -> 324.1
A8: Teplo - GJ
A9: Náměry bytových kalorimetrů | B9: ='1850'!E5-'1850'!D5+'1850'!E7-'1850'!D7+'1850'!E9-'1850'!D9+'1850'!E11-'1850'!D11+'1850'!E13-'1850'!D13+'1850'!E15-'1850'!D15+'1850'!E17-'1850'!D17+'1850'!E19-'1850'!D19+'1850'!E21-'1850'!D21+'1850'!E23-'1850'!D23 -> 24.862 | C9: ='1851'!F5-'1851'!E5+'1851'!F7-'1851'!E7+'1851'!F9-'1851'!E9+'1851'!F11-'1851'!E11+'1851'!F13-'1851'!E13+'1851'!F15-'1851'!E15+'1851'!F17-'1851'!E17+'1851'!F19-'1851'!E19+'1851'!F21-'1851'!E21+'1851'!F23-'1851'!E23 -> 31.042 | D9: ='1852'!E5-'1852'!D5+'1852'!E7-'1852'!D7+'1852'!E9-'1852'!D9+'1852'!E11-'1852'!D11+'1852'!E13-'1852'!D13+'1852'!E15-'1852'!D15+'1852'!E17-'1852'!D17+'1852'!E19-'1852'!D19+'1852'!E21-'1852'!D21+'1852'!E23-'1852'!D23 -> 28.514 | E9: ='1853'!E5-'1853'!D5+'1853'!E7-'1853'!D7+'1853'!E9-'1853'!D9+'1853'!E11-'1853'!D11+'1853'!E13-'1853'!D13+'1853'!E15-'1853'!D15+'1853'!E17-'1853'!D17+'1853'!E19-'1853'!D19+'1853'!E21-'1853'!D21+'1853'!E23-'1853'!D23 -> 25.198 | G9: =1-B9/B10 -> 0.061669686 | H9: =1-C9/C10 -> 0.10552098 | I9: =1-D9/D10 -> 0.0099305556 | J9: =1-E9/E10 -> 0.077807056
A10: Fakturační kalorimetry | B10: =('1850'!E27-'1850'!D27)*3.6 -> 26.496 | C10: =('1851'!F27-'1851'!E27)*3.6 -> 34.704 | D10: =('1852'!E27-'1852'!D27)*3.6 -> 28.8 | E10: =('1853'!E28-'1853'!D28)*3.6 -> 27.324
A11: Elektřina -
A12: Elektroměr dům | B12: ='1850'!E34-'1850'!D25+'1850'!E25-'1850'!E35 -> 226 | C12: ='1851'!F24-'1851'!E24 -> 245 | D12: ='1852'!E25-'1852'!D25 -> 175 | E12: ='1853'!E24-'1853'!D24 -> 163
A14: Elektroměr areál | B14: ='1853'!E25-'1853'!D25 -> 440
A15: Vodoměr areál | B15: ='1853'!E26-'1853'!D26 -> 0
A18: Voda - m3 | B18: 1854 | C18: 1855 | D18: 1856 | E18: 1857
A19: Náměry bytových vodoměrů | B19: ='1854'!E4-'1854'!D4+'1854'!E6-'1854'!D6+'1854'!E8-'1854'!D8+'1854'!E10-'1854'!D10+'1854'!E12-'1854'!D12+'1854'!E14-'1854'!D14+'1854'!E16-'1854'!D16+'1854'!E18-'1854'!D18+'1854'!E20-'1854'!D20+'1854'!E22-'1854'!D22 -> 57.134 | C19: ='1855'!E4-'1855'!D4+'1855'!E6-'1855'!D6+'1855'!E8-'1855'!D8+'1855'!E10-'1855'!D10+'1855'!E12-'1855'!D12+'1855'!E14-'1855'!D14+'1855'!E16-'1855'!D16+'1855'!E18-'1855'!D18+'1855'!E20-'1855'!D20+'1855'!E22-'1855'!D22 -> 61.9 | D19: ='1856'!E4-'1856'!D4+'1856'!E6-'1856'!D6+'1856'!E8-'1856'!D8+'1856'!E10-'1856'!D10+'1856'!E12-'1856'!D12+'1856'!E14-'1856'!D14+'1856'!E16-'1856'!D16+'1856'!E18-'1856'!D18+'1856'!E20-'1856'!D20+'1856'!E22-'1856'!D22 -> 63.742 | E19: ='1857'!E4-'1857'!D4+'1857'!E6-'1857'!D6+'1857'!E8-'1857'!D8+'1857'!E10-'1857'!D10+'1857'!E12-'1857'!D12+'1857'!E14-'1857'!D14+'1857'!E16-'1857'!D16+'1857'!E18-'1857'!D18+'1857'!E20-'1857'!D20+'1857'!E22-'1857'!D22 -> 61.25 | G19: =1-B19/B20 -> 0.085856 | H19: =1-C19/C20 -> 0.12446959 | I19: =1-D19/D20 -> 0.0894 | J19: =1-E19/E20 -> 0.14215686
A20: Patní vodoměry | B20: ='1854'!E26-'1854'!D26 -> 62.5 | C20: ='1855'!E26-'1855'!D26 -> 70.7 | D20: ='1856'!E26-'1856'!D26 -> 70 | E20: ='1857'!E26-'1857'!D26 -> 71.4
A21: Součet patních vodoměrů | B21: =SUM(B20:E20) -> 274.6 | G21: =1-B21/B22 -> -0.039364118
A22: fakturační vodoměr | B22: ='1854'!E29-'1854'!D29 -> 264.2
A23: Teplo - GJ
A24: Náměry bytových kalorimetrů | B24: ='1854'!E5-'1854'!D5+'1854'!E7-'1854'!D7+'1854'!E9-'1854'!D9+'1854'!E11-'1854'!D11+'1854'!E13-'1854'!D13+'1854'!E15-'1854'!D15+'1854'!E17-'1854'!D17+'1854'!E19-'1854'!D19+'1854'!E21-'1854'!D21+'1854'!E23-'1854'!D23 -> 25.531 | C24: ='1855'!E5-'1855'!D5+'1855'!E7-'1855'!D7+'1855'!E9-'1855'!D9+'1855'!E11-'1855'!D11+'1855'!E13-'1855'!D13+'1855'!E15-'1855'!D15+'1855'!E17-'1855'!D17+'1855'!E19-'1855'!D19+'1855'!E21-'1855'!D21+'1855'!E23-'1855'!D23 -> 28.52 | D24: ='1856'!E5-'1856'!D5+'1856'!E7-'1856'!D7+'1856'!E9-'1856'!D9+'1856'!E11-'1856'!D11+'1856'!E13-'1856'!D13+'1856'!E15-'1856'!D15+'1856'!E17-'1856'!D17+'1856'!E19-'1856'!D19+'1856'!E21-'1856'!D21+'1856'!E23-'1856'!D23 -> 26.347 | E24: ='1857'!E5-'1857'!D5+'1857'!E7-'1857'!D7+'1857'!E9-'1857'!D9+'1857'!E11-'1857'!D11+'1857'!E13-'1857'!D13+'1857'!E15-'1857'!D15+'1857'!E17-'1857'!D17+'1857'!E19-'1857'!D19+'1857'!E21-'1857'!D21+'1857'!E23-'1857'!D23 -> 25.238 | G24: =1-B24/B25 -> 0.067871486 | H24: =1-C24/C25 -> 0.075226978 | I24: =1-D24/D25 -> 0.048501264 | J24: =1-E24/E25 -> 0.045461422
A25: Fakturační kalorimetry | B25: =('1854'!E27-'1854'!D27) -> 27.39 | C25: =('1855'!E27-'1855'!D27) -> 30.84 | D25: =('1856'!E27-'1856'!D27) -> 27.69 | E25: =('1857'!E27-'1857'!D27) -> 26.44
A26: Elektřina -
A27: Elektroměr dům | B27: ='1854'!E25-'1854'!D25 -> 176 | C27: ='1855'!E25-'1855'!D25 -> 211 | D27: ='1856'!E25-'1856'!D25 -> 177 | E27: ='1857'!E25-'1857'!D25 -> 187

Sheet S3
A1: Sumář - spotřeba březen | B1: =S1!B1 -> 2022
A3: Voda - m3 | B3: 1850 | C3: 1851 | D3: 1852 | E3: 1853
A4: Náměry bytových vodoměrů | B4: ='1850'!F4-'1850'!E4+'1850'!F6-'1850'!E6+'1850'!F8-'1850'!E8+'1850'!F10-'1850'!E10+'1850'!F12-'1850'!E12+'1850'!F14-'1850'!E14+'1850'!F16-'1850'!E16+'1850'!F18-'1850'!E18+'1850'!F20-'1850'!E20+'1850'!F22-'1850'!E22 -> 65.562 | C4: ='1851'!G4-'1851'!F4+'1851'!G6-'1851'!F6+'1851'!G8-'1851'!F8+'1851'!G10-'1851'!F10+'1851'!G12-'1851'!F12+'1851'!G14-'1851'!F14+'1851'!G16-'1851'!F16+'1851'!G18-'1851'!F18+'1851'!G20-'1851'!F20+'1851'!G22-'1851'!F22+'1851'!G33-'1851'!F33+'1851'!G34-'1851'!F34+'1851'!G35-'1851'!F35+'1851'!G36-'1851'!F36+'1851'!G37-'1851'!F37+'1851'!G40-'1851'!F40+'1851'!G41-'1851'!F41+'1851'!G42-'1851'!F42+'1851'!G43-'1851'!F43+'1851'!G44-'1851'!F44+'1851'!G45-'1851'!F45+'1851'!G46-'1851'!F46+'1851'!G47-'1851'!F47+'1851'!G48-'1851'!F48+'1851'!G49-'1851'!F49 -> 77.223 | D4: ='1852'!F4-'1852'!E4+'1852'!F6-'1852'!E6+'1852'!F8-'1852'!E8+'1852'!F10-'1852'!E10+'1852'!F12-'1852'!E12+'1852'!F14-'1852'!E14+'1852'!F16-'1852'!E16+'1852'!F18-'1852'!E18+'1852'!F20-'1852'!E20+'1852'!F22-'1852'!E22 -> 86.663 | E4: ='1853'!F4-'1853'!E4+'1853'!F6-'1853'!E6+'1853'!F8-'1853'!E8+'1853'!F10-'1853'!E10+'1853'!F12-'1853'!E12+'1853'!F14-'1853'!E14+'1853'!F16-'1853'!E16+'1853'!F18-'1853'!E18+'1853'!F20-'1853'!E20+'1853'!F22-'1853'!E22+'1853'!F26-'1853'!E26 -> 71.522 | G4: =1-B4/B5 -> 0.11522267 | H4: =1-C4/C5 -> 0.072953181 | I4: =1-D4/D5 -> 0.098199792 | J4: =1-E4/E5 -> 0.080694087
A5: Patní vodoměry | B5: ='1850'!F26-'1850'!E26 -> 74.1 | C5: ='1851'!G26-'1851'!F26 -> 83.3 | D5: ='1852'!F26-'1852'!E26 -> 96.1 | E5: ='1853'!F27-'1853'!E27 -> 77.8
A6: Součet patních vodoměrů | B6: =SUM(B5:E5) -> 331.3 | G6: =1-B6/B7 -> 0.040266512
A7: fakturační vodoměr | B7: ='1850'!F29-'1850'!E29 -> 345.2
A8: Teplo - GJ
A9: Náměry bytových kalorimetrů | B9: ='1850'!F5-'1850'!E5+'1850'!F7-'1850'!E7+'1850'!F9-'1850'!E9+'1850'!F11-'1850'!E11+'1850'!F13-'1850'!E13+'1850'!F15-'1850'!E15+'1850'!F17-'1850'!E17+'1850'!F19-'1850'!E19+'1850'!F21-'1850'!E21+'1850'!F23-'1850'!E23 -> 19.642 | C9: ='1851'!G5-'1851'!F5+'1851'!G7-'1851'!F7+'1851'!G9-'1851'!F9+'1851'!G11-'1851'!F11+'1851'!G13-'1851'!F13+'1851'!G15-'1851'!F15+'1851'!G17-'1851'!F17+'1851'!G19-'1851'!F19+'1851'!G21-'1851'!F21+'1851'!G23-'1851'!F23 -> 26.406 | D9: ='1852'!F5-'1852'!E5+'1852'!F7-'1852'!E7+'1852'!F9-'1852'!E9+'1852'!F11-'1852'!E11+'1852'!F13-'1852'!E13+'1852'!F15-'1852'!E15+'1852'!F17-'1852'!E17+'1852'!F19-'1852'!E19+'1852'!F21-'1852'!E21+'1852'!F23-'1852'!E23 -> 24.634 | E9: ='1853'!F5-'1853'!E5+'1853'!F7-'1853'!E7+'1853'!F9-'1853'!E9+'1853'!F11-'1853'!E11+'1853'!F13-'1853'!E13+'1853'!F15-'1853'!E15+'1853'!F17-'1853'!E17+'1853'!F19-'1853'!E19+'1853'!F21-'1853'!E21+'1853'!F23-'1853'!E23 -> 20.22 | G9: =1-B9/B10 -> 0.034316618 | H9: =1-C9/C10 -> 0.12155689 | I9: =1-D9/D10 -> -0.0062908497 | J9: =1-E9/E10 -> 0.11269089
A10: Fakturační kalorimetry | B10: =('1850'!F27-'1850'!E27)*3.6 -> 20.34 | C10: =('1851'!G27-'1851'!F27)*3.6 -> 30.06 | D10: =('1852'!F27-'1852'!E27)*3.6 -> 24.48 | E10: =('1853'!F28-'1853'!E28)*3.6 -> 22.788
A11: Elektřina -
A12: Elektroměr dům | B12: ='1850'!F25-'1850'!E25 -> 230 | C12: ='1851'!G24-'1851'!F24 -> 249 | D12: ='1852'!F25-'1852'!E25 -> 188 | E12: ='1853'!F24-'1853'!E24 -> 186
A14: Elektroměr areál | B14: ='1853'!F25-'1853'!E25 -> 373
A15: Vodoměr areál | B15: ='1853'!F26-'1853'!E26 -> 0
A18: Voda - m3 | B18: 1854 | C18: 1855 | D18: 1856 | E18: 1857
A19: Náměry bytových vodoměrů | B19: ='1854'!F4-'1854'!E4+'1854'!F6-'1854'!E6+'1854'!F8-'1854'!E8+'1854'!F10-'1854'!E10+'1854'!F12-'1854'!E12+'1854'!F14-'1854'!E14+'1854'!F16-'1854'!E16+'1854'!F18-'1854'!E18+'1854'!F20-'1854'!E20+'1854'!F22-'1854'!E22 -> 59.01 | C19: ='1855'!F4-'1855'!E4+'1855'!F6-'1855'!E6+'1855'!F8-'1855'!E8+'1855'!F10-'1855'!E10+'1855'!F12-'1855'!E12+'1855'!F14-'1855'!E14+'1855'!F16-'1855'!E16+'1855'!F18-'1855'!E18+'1855'!F20-'1855'!E20+'1855'!F22-'1855'!E22 -> 69.835 | D19: ='1856'!F4-'1856'!E4+'1856'!F6-'1856'!E6+'1856'!F8-'1856'!E8+'1856'!F10-'1856'!E10+'1856'!F12-'1856'!E12+'1856'!F14-'1856'!E14+'1856'!F16-'1856'!E16+'1856'!F18-'1856'!E18+'1856'!F20-'1856'!E20+'1856'!F22-'1856'!E22 -> 68.748 | E19: ='1857'!F4-'1857'!E4+'1857'!F6-'1857'!E6+'1857'!F8-'1857'!E8+'1857'!F10-'1857'!E10+'1857'!F12-'1857'!E12+'1857'!F14-'1857'!E14+'1857'!F16-'1857'!E16+'1857'!F18-'1857'!E18+'1857'!F20-'1857'!E20+'1857'!F22-'1857'!E22 -> 72.365 | G19: =1-B19/B20 -> 0.085116279 | H19: =1-C19/C20 -> 0.11489227 | I19: =1-D19/D20 -> 0.096609724 | J19: =1-E19/E20 -> 0.050328084
A20: Patní vodoměry | B20: ='1854'!F26-'1854'!E26 -> 64.5 | C20: ='1855'!F26-'1855'!E26 -> 78.9 | D20: ='1856'!F26-'1856'!E26 -> 76.1 | E20: ='1857'!F26-'1857'!E26 -> 76.2
A21: Součet patních vodoměrů | B21: =SUM(B20:E20) -> 295.7 | G21: =1-B21/B22 -> -0.042298202
A22: fakturační vodoměr | B22: ='1854'!F29-'1854'!E29 -> 283.7
A23: Teplo - GJ
A24: Náměry bytových kalorimetrů | B24: ='1854'!F5-'1854'!E5+'1854'!F7-'1854'!E7+'1854'!F9-'1854'!E9+'1854'!F11-'1854'!E11+'1854'!F13-'1854'!E13+'1854'!F15-'1854'!E15+'1854'!F17-'1854'!E17+'1854'!F19-'1854'!E19+'1854'!F21-'1854'!E21+'1854'!F23-'1854'!E23 -> 21.221 | C24: ='1855'!F5-'1855'!E5+'1855'!F7-'1855'!E7+'1855'!F9-'1855'!E9+'1855'!F11-'1855'!E11+'1855'!F13-'1855'!E13+'1855'!F15-'1855'!E15+'1855'!F17-'1855'!E17+'1855'!F19-'1855'!E19+'1855'!F21-'1855'!E21+'1855'!F23-'1855'!E23 -> 24.564 | D24: ='1856'!F5-'1856'!E5+'1856'!F7-'1856'!E7+'1856'!F9-'1856'!E9+'1856'!F11-'1856'!E11+'1856'!F13-'1856'!E13+'1856'!F15-'1856'!E15+'1856'!F17-'1856'!E17+'1856'!F19-'1856'!E19+'1856'!F21-'1856'!E21+'1856'!F23-'1856'!E23 -> 25.424 | E24: ='1857'!F5-'1857'!E5+'1857'!F7-'1857'!E7+'1857'!F9-'1857'!E9+'1857'!F11-'1857'!E11+'1857'!F13-'1857'!E13+'1857'!F15-'1857'!E15+'1857'!F17-'1857'!E17+'1857'!F19-'1857'!E19+'1857'!F21-'1857'!E21+'1857'!F23-'1857'!E23 -> 20.443 | G24: =1-B24/B25 -> 0.06556583 | H24: =1-C24/C25 -> 0.050850077 | I24: =1-D24/D25 -> -0.11655687 | J24: =1-E24/E25 -> 0.014320154
A25: Fakturační kalorimetry | B25: =('1854'!F27-'1854'!E27) -> 22.71 | C25: =('1855'!F27-'1855'!E27) -> 25.88 | D25: =('1856'!F27-'1856'!E27) -> 22.77 | E25: =('1857'!F27-'1857'!E27) -> 20.74
A26: Elektřina -
A27: Elektroměr dům | B27: ='1854'!F25-'1854'!E25 -> 185 | C27: ='1855'!F25-'1855'!E25 -> 209 | D27: ='1856'!F25-'1856'!E25 -> 185 | E27: ='1857'!F25-'1857'!E25 -> 198

Sheet S4
A1: Sumář - spotřeba duben | B1: =S1!B1 -> 2022
A3: Voda - m3 | B3: 1850 | C3: 1851 | D3: 1852 | E3: 1853
A4: Náměry bytových vodoměrů | B4: ='1850'!G4-'1850'!F4+'1850'!G6-'1850'!F6+'1850'!G8-'1850'!F8+'1850'!G10-'1850'!F10+'1850'!G12-'1850'!F12+'1850'!G14-'1850'!F14+'1850'!G16-'1850'!F16+'1850'!G18-'1850'!F18+'1850'!G20-'1850'!F20+'1850'!G22-'1850'!F22 -> 62.021 | C4: ='1851'!H4-'1851'!G4+'1851'!H6-'1851'!G6+'1851'!H8-'1851'!G8+'1851'!H10-'1851'!G10+'1851'!H12-'1851'!G12+'1851'!H14-'1851'!G14+'1851'!H16-'1851'!G16+'1851'!H18-'1851'!G18+'1851'!H20-'1851'!G20+'1851'!H22-'1851'!G22+'1851'!H33-'1851'!G33+'1851'!H34-'1851'!G34+'1851'!H35-'1851'!G35+'1851'!H36-'1851'!G36+'1851'!H37-'1851'!G37+'1851'!H40-'1851'!G40+'1851'!H41-'1851'!G41+'1851'!H42-'1851'!G42+'1851'!H43-'1851'!G43+'1851'!H44-'1851'!G44+'1851'!H45-'1851'!G45+'1851'!H46-'1851'!G46+'1851'!H47-'1851'!G47+'1851'!H48-'1851'!G48+'1851'!H49-'1851'!G49 -> 85.804 | D4: ='1852'!G4-'1852'!F4+'1852'!G6-'1852'!F6+'1852'!G8-'1852'!F8+'1852'!G10-'1852'!F10+'1852'!G12-'1852'!F12+'1852'!G14-'1852'!F14+'1852'!G16-'1852'!F16+'1852'!G18-'1852'!F18+'1852'!G20-'1852'!F20+'1852'!G22-'1852'!F22 -> 91.321 | E4: ='1853'!G4-'1853'!F4+'1853'!G6-'1853'!F6+'1853'!G8-'1853'!F8+'1853'!G10-'1853'!F10+'1853'!G12-'1853'!F12+'1853'!G14-'1853'!F14+'1853'!G16-'1853'!F16+'1853'!G18-'1853'!F18+'1853'!G20-'1853'!F20+'1853'!G22-'1853'!F22+'1853'!G26-'1853'!F26 -> 73.977 | G4: =1-B4/B5 -> 0.10632565 | H4: =1-C4/C5 -> 0.066332971 | I4: =1-D4/D5 -> 0.10028571 | J4: =1-E4/E5 -> 0.08330855
A5: Patní vodoměry | B5: ='1850'!G26-'1850'!F26 -> 69.4 | C5: ='1851'!H26-'1851'!G26 -> 91.9 | D5: ='1852'!G26-'1852'!F26 -> 101.5 | E5: ='1853'!G27-'1853'!F27 -> 80.7
A6: Součet patních vodoměrů | B6: =SUM(B5:E5) -> 343.5 | G6: =1-B6/B7 -> 0.038891998
A7: fakturační vodoměr | B7: ='1850'!G29-'1850'!F29 -> 357.4
A8: Teplo - GJ
A9: Náměry bytových kalorimetrů | B9: ='1850'!G5-'1850'!F5+'1850'!G7-'1850'!F7+'1850'!G9-'1850'!F9+'1850'!G11-'1850'!F11+'1850'!G13-'1850'!F13+'1850'!G15-'1850'!F15+'1850'!G17-'1850'!F17+'1850'!G19-'1850'!F19+'1850'!G21-'1850'!F21+'1850'!G23-'1850'!F23 -> 14.785 | C9: ='1851'!H5-'1851'!G5+'1851'!H7-'1851'!G7+'1851'!H9-'1851'!G9+'1851'!H11-'1851'!G11+'1851'!H13-'1851'!G13+'1851'!H15-'1851'!G15+'1851'!H17-'1851'!G17+'1851'!H19-'1851'!G19+'1851'!H21-'1851'!G21+'1851'!H23-'1851'!G23 -> 20.313 | D9: ='1852'!G5-'1852'!F5+'1852'!G7-'1852'!F7+'1852'!G9-'1852'!F9+'1852'!G11-'1852'!F11+'1852'!G13-'1852'!F13+'1852'!G15-'1852'!F15+'1852'!G17-'1852'!F17+'1852'!G19-'1852'!F19+'1852'!G21-'1852'!F21+'1852'!G23-'1852'!F23 -> 20.167 | E9: ='1853'!G5-'1853'!F5+'1853'!G7-'1853'!F7+'1853'!G9-'1853'!F9+'1853'!G11-'1853'!F11+'1853'!G13-'1853'!F13+'1853'!G15-'1853'!F15+'1853'!G17-'1853'!F17+'1853'!G19-'1853'!F19+'1853'!G21-'1853'!F21+'1853'!G23-'1853'!F23 -> 13.81 | G9: =1-B9/B10 -> 0.019822328 | H9: =1-C9/C10 -> 0.14765861 | I9: =1-D9/D10 -> -0.025997151 | J9: =1-E9/E10 -> 0.14753086
A10: Fakturační kalorimetry | B10: =('1850'!G27-'1850'!F27)*3.6 -> 15.084 | C10: =('1851'!H27-'1851'!G27)*3.6 -> 23.832 | D10: =('1852'!G27-'1852'!F27)*3.6 -> 19.656 | E10: =('1853'!G28-'1853'!F28)*3.6 -> 16.2
A11: Elektřina -
A12: Elektroměr dům | B12: ='1850'!G25-'1850'!F25 -> 219 | C12: ='1851'!H24-'1851'!G24 -> 253 | D12: ='1852'!G25-'1852'!F25 -> 221 | E12: ='1853'!G24-'1853'!F24 -> 182
A14: Elektroměr areál | B14: ='1853'!G25-'1853'!F25 -> 325
A15: Vodoměr areál | B15: ='1853'!G26-'1853'!F26 -> 0
A18: Voda - m3 | B18: 1854 | C18: 1855 | D18: 1856 | E18: 1857
A19: Náměry bytových vodoměrů | B19: ='1854'!G4-'1854'!F4+'1854'!G6-'1854'!F6+'1854'!G8-'1854'!F8+'1854'!G10-'1854'!F10+'1854'!G12-'1854'!F12+'1854'!G14-'1854'!F14+'1854'!G16-'1854'!F16+'1854'!G18-'1854'!F18+'1854'!G20-'1854'!F20+'1854'!G22-'1854'!F22 -> 54.215 | C19: ='1855'!G4-'1855'!F4+'1855'!G6-'1855'!F6+'1855'!G8-'1855'!F8+'1855'!G10-'1855'!F10+'1855'!G12-'1855'!F12+'1855'!G14-'1855'!F14+'1855'!G16-'1855'!F16+'1855'!G18-'1855'!F18+'1855'!G20-'1855'!F20+'1855'!G22-'1855'!F22 -> 67.151 | D19: ='1856'!G4-'1856'!F4+'1856'!G6-'1856'!F6+'1856'!G8-'1856'!F8+'1856'!G10-'1856'!F10+'1856'!G12-'1856'!F12+'1856'!G14-'1856'!F14+'1856'!G16-'1856'!F16+'1856'!G18-'1856'!F18+'1856'!G20-'1856'!F20+'1856'!G22-'1856'!F22 -> 77.49 | E19: ='1857'!G4-'1857'!F4+'1857'!G6-'1857'!F6+'1857'!G8-'1857'!F8+'1857'!G10-'1857'!F10+'1857'!G12-'1857'!F12+'1857'!G14-'1857'!F14+'1857'!G16-'1857'!F16+'1857'!G18-'1857'!F18+'1857'!G20-'1857'!F20+'1857'!G22-'1857'!F22 -> 69.494 | G19: =1-B19/B20 -> 0.088823529 | H19: =1-C19/C20 -> 0.12106021 | I19: =1-D19/D20 -> 0.092622951 | J19: =1-E19/E20 -> 0.098651102
A20: Patní vodoměry | B20: ='1854'!G26-'1854'!F26 -> 59.5 | C20: ='1855'!G26-'1855'!F26 -> 76.4 | D20: ='1856'!G26-'1856'!F26 -> 85.4 | E20: ='1857'!G26-'1857'!F26 -> 77.1
A21: Součet patních vodoměrů | B21: =SUM(B20:E20) -> 298.4 | G21: =1-B21/B22 -> -0.041172366
A22: fakturační vodoměr | B22: ='1854'!G29-'1854'!F29 -> 286.6
A23: Teplo - GJ
A24: Náměry bytových kalorimetrů | B24: ='1854'!G5-'1854'!F5+'1854'!G7-'1854'!F7+'1854'!G9-'1854'!F9+'1854'!G11-'1854'!F11+'1854'!G13-'1854'!F13+'1854'!G15-'1854'!F15+'1854'!G17-'1854'!F17+'1854'!G19-'1854'!F19+'1854'!G21-'1854'!F21+'1854'!G23-'1854'!F23 -> 16.092 | C24: ='1855'!G5-'1855'!F5+'1855'!G7-'1855'!F7+'1855'!G9-'1855'!F9+'1855'!G11-'1855'!F11+'1855'!G13-'1855'!F13+'1855'!G15-'1855'!F15+'1855'!G17-'1855'!F17+'1855'!G19-'1855'!F19+'1855'!G21-'1855'!F21+'1855'!G23-'1855'!F23 -> 18.284 | D24: ='1856'!G5-'1856'!F5+'1856'!G7-'1856'!F7+'1856'!G9-'1856'!F9+'1856'!G11-'1856'!F11+'1856'!G13-'1856'!F13+'1856'!G15-'1856'!F15+'1856'!G17-'1856'!F17+'1856'!G19-'1856'!F19+'1856'!G21-'1856'!F21+'1856'!G23-'1856'!F23 -> 19.289 | E24: ='1857'!G5-'1857'!F5+'1857'!G7-'1857'!F7+'1857'!G9-'1857'!F9+'1857'!G11-'1857'!F11+'1857'!G13-'1857'!F13+'1857'!G15-'1857'!F15+'1857'!G17-'1857'!F17+'1857'!G19-'1857'!F19+'1857'!G21-'1857'!F21+'1857'!G23-'1857'!F23 -> 16.339 | G24: =1-B24/B25 -> 0.056187683 | H24: =1-C24/C25 -> 0.068093782 | I24: =1-D24/D25 -> -0.1754418 | J24: =1-E24/E25 -> 0.00067278287
A25: Fakturační kalorimetry | B25: =('1854'!G27-'1854'!F27) -> 17.05 | C25: =('1855'!G27-'1855'!F27) -> 19.62 | D25: =('1856'!G27-'1856'!F27) -> 16.41 | E25: =('1857'!G27-'1857'!F27) -> 16.35
A26: Elektřina -
A27: Elektroměr dům | B27: ='1854'!G25-'1854'!F25 -> 209 | C27: ='1855'!G25-'1855'!F25 -> 253 | D27: ='1856'!G25-'1856'!F25 -> 209 | E27: ='1857'!G25-'1857'!F25 -> 189

Sheet S5
A1: Sumář - spotřeba květen | B1: =S1!B1 -> 2022
A3: Voda - m3 | B3: 1850 | C3: 1851 | D3: 1852 | E3: 1853
A4: Náměry bytových vodoměrů | B4: ='1850'!H4-'1850'!G4+'1850'!H6-'1850'!G6+'1850'!H8-'1850'!G8+'1850'!H10-'1850'!G10+'1850'!H12-'1850'!G12+'1850'!H14-'1850'!G14+'1850'!H16-'1850'!G16+'1850'!H18-'1850'!G18+'1850'!H20-'1850'!G20+'1850'!H22-'1850'!G22 -> 60.938 | C4: ='1851'!I4-'1851'!H4+'1851'!I6-'1851'!H6+'1851'!I8-'1851'!H8+'1851'!I10-'1851'!H10+'1851'!I12-'1851'!H12+'1851'!I14-'1851'!H14+'1851'!I16-'1851'!H16+'1851'!I18-'1851'!H18+'1851'!I20-'1851'!H20+'1851'!I22-'1851'!H22+'1851'!I33-'1851'!H33+'1851'!I34-'1851'!H34+'1851'!I35-'1851'!H35+'1851'!I36-'1851'!H36+'1851'!I37-'1851'!H37+'1851'!I40-'1851'!H40+'1851'!I41-'1851'!H41+'1851'!I42-'1851'!H42+'1851'!I43-'1851'!H43+'1851'!I44-'1851'!H44+'1851'!I45-'1851'!H45+'1851'!I46-'1851'!H46+'1851'!I47-'1851'!H47+'1851'!I48-'1851'!H48+'1851'!I49-'1851'!H49 -> 80.899 | D4: ='1852'!H4-'1852'!G4+'1852'!H6-'1852'!G6+'1852'!H8-'1852'!G8+'1852'!H10-'1852'!G10+'1852'!H12-'1852'!G12+'1852'!H14-'1852'!G14+'1852'!H16-'1852'!G16+'1852'!H18-'1852'!G18+'1852'!H20-'1852'!G20+'1852'!H22-'1852'!G22 -> 86.382 | E4: ='1853'!H4-'1853'!G4+'1853'!H6-'1853'!G6+'1853'!H8-'1853'!G8+'1853'!H10-'1853'!G10+'1853'!H12-'1853'!G12+'1853'!H14-'1853'!G14+'1853'!H16-'1853'!G16+'1853'!H18-'1853'!G18+'1853'!H20-'1853'!G20+'1853'!H22-'1853'!G22+'1853'!H26-'1853'!G26 -> 83.31 | G4: =1-B4/B5 -> 0.11039416 | H4: =1-C4/C5 -> 0.07119403 | I4: =1-D4/D5 -> 0.1001875 | J4: =1-E4/E5 -> 0.080463576
A5: Patní vodoměry | B5: ='1850'!H26-'1850'!G26 -> 68.5 | C5: ='1851'!I26-'1851'!H26 -> 87.1 | D5: ='1852'!H26-'1852'!G26 -> 96 | E5: ='1853'!H27-'1853'!G27 -> 90.6
A6: Součet patních vodoměrů | B6: =SUM(B5:E5) -> 342.2 | G6: =1-B6/B7 -> 0.040112202
A7: fakturační vodoměr | B7: ='1850'!H29-'1850'!G29 -> 356.5
A8: Teplo - GJ
A9: Náměry bytových kalorimetrů | B9: ='1850'!H5-'1850'!G5+'1850'!H7-'1850'!G7+'1850'!H9-'1850'!G9+'1850'!H11-'1850'!G11+'1850'!H13-'1850'!G13+'1850'!H15-'1850'!G15+'1850'!H17-'1850'!G17+'1850'!H19-'1850'!G19+'1850'!H21-'1850'!G21+'1850'!H23-'1850'!G23 -> 4.891 | C9: ='1851'!I5-'1851'!H5+'1851'!I7-'1851'!H7+'1851'!I9-'1851'!H9+'1851'!I11-'1851'!H11+'1851'!I13-'1851'!H13+'1851'!I15-'1851'!H15+'1851'!I17-'1851'!H17+'1851'!I19-'1851'!H19+'1851'!I21-'1851'!H21+'1851'!I23-'1851'!H23 -> 7.669 | D9: ='1852'!H5-'1852'!G5+'1852'!H7-'1852'!G7+'1852'!H9-'1852'!G9+'1852'!H11-'1852'!G11+'1852'!H13-'1852'!G13+'1852'!H15-'1852'!G15+'1852'!H17-'1852'!G17+'1852'!H19-'1852'!G19+'1852'!H21-'1852'!G21+'1852'!H23-'1852'!G23 -> 6.953 | E9: ='1853'!H5-'1853'!G5+'1853'!H7-'1853'!G7+'1853'!H9-'1853'!G9+'1853'!H11-'1853'!G11+'1853'!H13-'1853'!G13+'1853'!H15-'1853'!G15+'1853'!H17-'1853'!G17+'1853'!H19-'1853'!G19+'1853'!H21-'1853'!G21+'1853'!H23-'1853'!G23 -> 3.845 | G9: =1-B9/B10 -> -0.46087216 | H9: =1-C9/C10 -> 0.30609844 | I9: =1-D9/D10 -> -0.3228691 | J9: =1-E9/E10 -> 0.38262685
A10: Fakturační kalorimetry | B10: =('1850'!H27-'1850'!G27)*3.6 -> 3.348 | C10: =('1851'!I27-'1851'!H27)*3.6 -> 11.052 | D10: =('1852'!H27-'1852'!G27)*3.6 -> 5.256 | E10: =('1853'!H28-'1853'!G28)*3.6 -> 6.228
A11: Elektřina -
A12: Elektroměr dům | B12: ='1850'!H25-'1850'!G25 -> 243 | C12: ='1851'!I24-'1851'!H24 -> 258 | D12: ='1852'!H25-'1852'!G25 -> 190 | E12: ='1853'!H24-'1853'!G24 -> 187
A14: Elektroměr areál | B14: ='1853'!H25-'1853'!G25 -> 272
A15: Vodoměr areál | B15: ='1853'!H26-'1853'!G26 -> 20.535
A18: Voda - m3 | B18: 1854 | C18: 1855 | D18: 1856 | E18: 1857
A19: Náměry bytových vodoměrů | B19: ='1854'!H4-'1854'!G4+'1854'!H6-'1854'!G6+'1854'!H8-'1854'!G8+'1854'!H10-'1854'!G10+'1854'!H12-'1854'!G12+'1854'!H14-'1854'!G14+'1854'!H16-'1854'!G16+'1854'!H18-'1854'!G18+'1854'!H20-'1854'!G20+'1854'!H22-'1854'!G22 -> 56.85 | C19: ='1855'!H4-'1855'!G4+'1855'!H6-'1855'!G6+'1855'!H8-'1855'!G8+'1855'!H10-'1855'!G10+'1855'!H12-'1855'!G12+'1855'!H14-'1855'!G14+'1855'!H16-'1855'!G16+'1855'!H18-'1855'!G18+'1855'!H20-'1855'!G20+'1855'!H22-'1855'!G22 -> 65.643 | D19: ='1856'!H4-'1856'!G4+'1856'!H6-'1856'!G6+'1856'!H8-'1856'!G8+'1856'!H10-'1856'!G10+'1856'!H12-'1856'!G12+'1856'!H14-'1856'!G14+'1856'!H16-'1856'!G16+'1856'!H18-'1856'!G18+'1856'!H20-'1856'!G20+'1856'!H22-'1856'!G22 -> 62.252 | E19: ='1857'!H4-'1857'!G4+'1857'!H6-'1857'!G6+'1857'!H8-'1857'!G8+'1857'!H10-'1857'!G10+'1857'!H12-'1857'!G12+'1857'!H14-'1857'!G14+'1857'!H16-'1857'!G16+'1857'!H18-'1857'!G18+'1857'!H20-'1857'!G20+'1857'!H22-'1857'!G22 -> 60.405 | G19: =1-B19/B20 -> 0.093301435 | H19: =1-C19/C20 -> 0.10811141 | I19: =1-D19/D20 -> 0.097797101 | J19: =1-E19/E20 -> 0.10643491
A20: Patní vodoměry | B20: ='1854'!H26-'1854'!G26 -> 62.7 | C20: ='1855'!H26-'1855'!G26 -> 73.6 | D20: ='1856'!H26-'1856'!G26 -> 69 | E20: ='1857'!H26-'1857'!G26 -> 67.6
A21: Součet patních vodoměrů | B21: =SUM(B20:E20) -> 272.9 | G21: =1-B21/B22 -> -0.040808543
A22: fakturační vodoměr | B22: ='1854'!H29-'1854'!G29 -> 262.2
A23: Teplo - GJ
A24: Náměry bytových kalorimetrů | B24: ='1854'!H5-'1854'!G5+'1854'!H7-'1854'!G7+'1854'!H9-'1854'!G9+'1854'!H11-'1854'!G11+'1854'!H13-'1854'!G13+'1854'!H15-'1854'!G15+'1854'!H17-'1854'!G17+'1854'!H19-'1854'!G19+'1854'!H21-'1854'!G21+'1854'!H23-'1854'!G23 -> 4.326 | C24: ='1855'!H5-'1855'!G5+'1855'!H7-'1855'!G7+'1855'!H9-'1855'!G9+'1855'!H11-'1855'!G11+'1855'!H13-'1855'!G13+'1855'!H15-'1855'!G15+'1855'!H17-'1855'!G17+'1855'!H19-'1855'!G19+'1855'!H21-'1855'!G21+'1855'!H23-'1855'!G23 -> 5.096 | D24: ='1856'!H5-'1856'!G5+'1856'!H7-'1856'!G7+'1856'!H9-'1856'!G9+'1856'!H11-'1856'!G11+'1856'!H13-'1856'!G13+'1856'!H15-'1856'!G15+'1856'!H17-'1856'!G17+'1856'!H19-'1856'!G19+'1856'!H21-'1856'!G21+'1856'!H23-'1856'!G23 -> 7.115 | E24: ='1857'!H5-'1857'!G5+'1857'!H7-'1857'!G7+'1857'!H9-'1857'!G9+'1857'!H11-'1857'!G11+'1857'!H13-'1857'!G13+'1857'!H15-'1857'!G15+'1857'!H17-'1857'!G17+'1857'!H19-'1857'!G19+'1857'!H21-'1857'!G21+'1857'!H23-'1857'!G23 -> 4.199 | G24: =1-B24/B25 -> -0.18846154 | H24: =1-C24/C25 -> -0.079661017 | I24: =1-D24/D25 -> -1.074344 | J24: =1-E24/E25 -> -0.4630662
A25: Fakturační kalorimetry | B25: =('1854'!H27-'1854'!G27) -> 3.64 | C25: =('1855'!H27-'1855'!G27) -> 4.72 | D25: =('1856'!H27-'1856'!G27) -> 3.43 | E25: =('1857'!H27-'1857'!G27) -> 2.87
A26: Elektřina -
A27: Elektroměr dům | B27: ='1854'!H25-'1854'!G25 -> 197 | C27: ='1855'!H25-'1855'!G25 -> 247 | D27: ='1856'!H25-'1856'!G25 -> 204 | E27: ='1857'!H25-'1857'!G25 -> 204

Sheet S6
A1: Sumář - spotřeba červen | B1: =S1!B1 -> 2022
A3: Voda - m3 | B3: 1850 | C3: 1851 | D3: 1852 | E3: 1853
A4: Náměry bytových vodoměrů | B4: ='1850'!I4-'1850'!H4+'1850'!I6-'1850'!H6+'1850'!I8-'1850'!H8+'1850'!I10-'1850'!H10+'1850'!I12-'1850'!H12+'1850'!I14-'1850'!H14+'1850'!I16-'1850'!H16+'1850'!I18-'1850'!H18+'1850'!I20-'1850'!H20+'1850'!I22-'1850'!H22 -> 52.638 | C4: ='1851'!J4-'1851'!I4+'1851'!J6-'1851'!I6+'1851'!J8-'1851'!I8+'1851'!J10-'1851'!I10+'1851'!J12-'1851'!I12+'1851'!J14-'1851'!I14+'1851'!J16-'1851'!I16+'1851'!J18-'1851'!I18+'1851'!J20-'1851'!I20+'1851'!J22-'1851'!I22+'1851'!J33-'1851'!I33+'1851'!J34-'1851'!I34+'1851'!J35-'1851'!I35+'1851'!J36-'1851'!I36+'1851'!J37-'1851'!I37+'1851'!J40-'1851'!I40+'1851'!J41-'1851'!I41+'1851'!J42-'1851'!I42+'1851'!J43-'1851'!I43+'1851'!J44-'1851'!I44+'1851'!J45-'1851'!I45+'1851'!J46-'1851'!I46+'1851'!J47-'1851'!I47+'1851'!J48-'1851'!I48+'1851'!J49-'1851'!I49 -> 71.24 | D4: ='1852'!I4-'1852'!H4+'1852'!I6-'1852'!H6+'1852'!I8-'1852'!H8+'1852'!I10-'1852'!H10+'1852'!I12-'1852'!H12+'1852'!I14-'1852'!H14+'1852'!I16-'1852'!H16+'1852'!I18-'1852'!H18+'1852'!I20-'1852'!H20+'1852'!I22-'1852'!H22 -> 77.784 | E4: ='1853'!I4-'1853'!H4+'1853'!I6-'1853'!H6+'1853'!I8-'1853'!H8+'1853'!I10-'1853'!H10+'1853'!I12-'1853'!H12+'1853'!I14-'1853'!H14+'1853'!I16-'1853'!H16+'1853'!I18-'1853'!H18+'1853'!I20-'1853'!H20+'1853'!I22-'1853'!H22+'1853'!I26-'1853'!H26 -> 76.224 | G4: =1-B4/B5 -> 0.11383838 | H4: =1-C4/C5 -> 0.07839586 | I4: =1-D4/D5 -> 0.099722222 | J4: =1-E4/E5 -> 0.064736196
A5: Patní vodoměry | B5: ='1850'!I26-'1850'!H26 -> 59.4 | C5: ='1851'!J26-'1851'!I26 -> 77.3 | D5: ='1852'!I26-'1852'!H26 -> 86.4 | E5: ='1853'!I27-'1853'!H27 -> 81.5
A6: Součet patních vodoměrů | B6: =SUM(B5:E5) -> 304.6 | G6: =1-B6/B7 -> 0.046038209
A7: fakturační vodoměr | B7: ='1850'!I29-'1850'!H29 -> 319.3
A8: Teplo - GJ
A9: Náměry bytových kalorimetrů | B9: ='1850'!I5-'1850'!H5+'1850'!I7-'1850'!H7+'1850'!I9-'1850'!H9+'1850'!I11-'1850'!H11+'1850'!I13-'1850'!H13+'1850'!I15-'1850'!H15+'1850'!I17-'1850'!H17+'1850'!I19-'1850'!H19+'1850'!I21-'1850'!H21+'1850'!I23-'1850'!H23 -> 3.677 | C9: ='1851'!J5-'1851'!I5+'1851'!J7-'1851'!I7+'1851'!J9-'1851'!I9+'1851'!J11-'1851'!I11+'1851'!J13-'1851'!I13+'1851'!J15-'1851'!I15+'1851'!J17-'1851'!I17+'1851'!J19-'1851'!I19+'1851'!J21-'1851'!I21+'1851'!J23-'1851'!I23 -> 5.979 | D9: ='1852'!I5-'1852'!H5+'1852'!I7-'1852'!H7+'1852'!I9-'1852'!H9+'1852'!I11-'1852'!H11+'1852'!I13-'1852'!H13+'1852'!I15-'1852'!H15+'1852'!I17-'1852'!H17+'1852'!I19-'1852'!H19+'1852'!I21-'1852'!H21+'1852'!I23-'1852'!H23 -> 5.517 | E9: ='1853'!I5-'1853'!H5+'1853'!I7-'1853'!H7+'1853'!I9-'1853'!H9+'1853'!I11-'1853'!H11+'1853'!I13-'1853'!H13+'1853'!I15-'1853'!H15+'1853'!I17-'1853'!H17+'1853'!I19-'1853'!H19+'1853'!I21-'1853'!H21+'1853'!I23-'1853'!H23 -> 3.141 | G9: =1-B9/B10 -> -0.64740143 | H9: =1-C9/C10 -> 0.35376135 | I9: =1-D9/D10 -> -0.4059633 | J9: =1-E9/E10 -> 0.44426752
A10: Fakturační kalorimetry | B10: =('1850'!I27-'1850'!H27)*3.6 -> 2.232 | C10: =('1851'!J27-'1851'!I27)*3.6 -> 9.252 | D10: =('1852'!I27-'1852'!H27)*3.6 -> 3.924 | E10: =('1853'!I28-'1853'!H28)*3.6 -> 5.652
A11: Elektřina -
A12: Elektroměr dům | B12: ='1850'!I25-'1850'!H25 -> 232 | C12: ='1851'!J24-'1851'!I24 -> 234 | D12: ='1852'!I25-'1852'!H25 -> 190 | E12: ='1853'!I24-'1853'!H24 -> 173
A14: Elektroměr areál | B14: ='1853'!I25-'1853'!H25 -> 245
A15: Vodoměr areál | B15: ='1853'!I26-'1853'!H26 -> 18.043
A18: Voda - m3 | B18: 1854 | C18: 1855 | D18: 1856 | E18: 1857
A19: Náměry bytových vodoměrů | B19: ='1854'!I4-'1854'!H4+'1854'!I6-'1854'!H6+'1854'!I8-'1854'!H8+'1854'!I10-'1854'!H10+'1854'!I12-'1854'!H12+'1854'!I14-'1854'!H14+'1854'!I16-'1854'!H16+'1854'!I18-'1854'!H18+'1854'!I20-'1854'!H20+'1854'!I22-'1854'!H22 -> 55.825 | C19: ='1855'!I4-'1855'!H4+'1855'!I6-'1855'!H6+'1855'!I8-'1855'!H8+'1855'!I10-'1855'!H10+'1855'!I12-'1855'!H12+'1855'!I14-'1855'!H14+'1855'!I16-'1855'!H16+'1855'!I18-'1855'!H18+'1855'!I20-'1855'!H20+'1855'!I22-'1855'!H22 -> 60.019 | D19: ='1856'!I4-'1856'!H4+'1856'!I6-'1856'!H6+'1856'!I8-'1856'!H8+'1856'!I10-'1856'!H10+'1856'!I12-'1856'!H12+'1856'!I14-'1856'!H14+'1856'!I16-'1856'!H16+'1856'!I18-'1856'!H18+'1856'!I20-'1856'!H20+'1856'!I22-'1856'!H22 -> 58.666 | E19: ='1857'!I4-'1857'!H4+'1857'!I6-'1857'!H6+'1857'!I8-'1857'!H8+'1857'!I10-'1857'!H10+'1857'!I12-'1857'!H12+'1857'!I14-'1857'!H14+'1857'!I16-'1857'!H16+'1857'!I18-'1857'!H18+'1857'!I20-'1857'!H20+'1857'!I22-'1857'!H22 -> 64.419 | G19: =1-B19/B20 -> 0.092276423 | H19: =1-C19/C20 -> 0.11736765 | I19: =1-D19/D20 -> 0.10021472 | J19: =1-E19/E20 -> 0.10154812
A20: Patní vodoměry | B20: ='1854'!I26-'1854'!H26 -> 61.5 | C20: ='1855'!I26-'1855'!H26 -> 68 | D20: ='1856'!I26-'1856'!H26 -> 65.2 | E20: ='1857'!I26-'1857'!H26 -> 71.7
A21: Součet patních vodoměrů | B21: =SUM(B20:E20) -> 266.4 | G21: =1-B21/B22 -> -0.043887147
A22: fakturační vodoměr | B22: ='1854'!I29-'1854'!H29 -> 255.2
A23: Teplo - GJ
A24: Náměry bytových kalorimetrů | B24: ='1854'!I5-'1854'!H5+'1854'!I7-'1854'!H7+'1854'!I9-'1854'!H9+'1854'!I11-'1854'!H11+'1854'!I13-'1854'!H13+'1854'!I15-'1854'!H15+'1854'!I17-'1854'!H17+'1854'!I19-'1854'!H19+'1854'!I21-'1854'!H21+'1854'!I23-'1854'!H23 -> 3.059 | C24: ='1855'!I5-'1855'!H5+'1855'!I7-'1855'!H7+'1855'!I9-'1855'!H9+'1855'!I11-'1855'!H11+'1855'!I13-'1855'!H13+'1855'!I15-'1855'!H15+'1855'!I17-'1855'!H17+'1855'!I19-'1855'!H19+'1855'!I21-'1855'!H21+'1855'!I23-'1855'!H23 -> 3.717 | D24: ='1856'!I5-'1856'!H5+'1856'!I7-'1856'!H7+'1856'!I9-'1856'!H9+'1856'!I11-'1856'!H11+'1856'!I13-'1856'!H13+'1856'!I15-'1856'!H15+'1856'!I17-'1856'!H17+'1856'!I19-'1856'!H19+'1856'!I21-'1856'!H21+'1856'!I23-'1856'!H23 -> 4.942 | E24: ='1857'!I5-'1857'!H5+'1857'!I7-'1857'!H7+'1857'!I9-'1857'!H9+'1857'!I11-'1857'!H11+'1857'!I13-'1857'!H13+'1857'!I15-'1857'!H15+'1857'!I17-'1857'!H17+'1857'!I19-'1857'!H19+'1857'!I21-'1857'!H21+'1857'!I23-'1857'!H23 -> 3.482 | G24: =1-B24/B25 -> -0.31287554 | H24: =1-C24/C25 -> -0.17626582 | I24: =1-D24/D25 -> -1.0171429 | J24: =1-E24/E25 -> -0.57556561
A25: Fakturační kalorimetry | B25: ='1854'!I27-'1854'!H27 -> 2.33 | C25: ='1855'!I27-'1855'!H27 -> 3.16 | D25: ='1856'!I27-'1856'!H27 -> 2.45 | E25: ='1857'!I27-'1857'!H27 -> 2.21
A26: Elektřina -
A27: Elektroměr dům | B27: ='1854'!I25-'1854'!H25 -> 190 | C27: ='1855'!I25-'1855'!H25 -> 241 | D27: ='1856'!I25-'1856'!H25 -> 212 | E27: ='1857'!I25-'1857'!H25 -> 186

Sheet S7
A1: Sumář - spotřeba červenec | B1: =S1!B1 -> 2022
A3: Voda - m3 | B3: 1850 | C3: 1851 | D3: 1852 | E3: 1853
A4: Náměry bytových vodoměrů | B4: ='1850'!J4-'1850'!I4+'1850'!J6-'1850'!I6+'1850'!J8-'1850'!I8+'1850'!J10-'1850'!I10+'1850'!J12-'1850'!I12+'1850'!J14-'1850'!I14+'1850'!J16-'1850'!I16+'1850'!J18-'1850'!I18+'1850'!J20-'1850'!I20+'1850'!J22-'1850'!I22 -> 45.181 | C4: ='1851'!K4-'1851'!J4+'1851'!K6-'1851'!J6+'1851'!K8-'1851'!J8+'1851'!K10-'1851'!J10+'1851'!K12-'1851'!J12+'1851'!K14-'1851'!J14+'1851'!K16-'1851'!J16+'1851'!K18-'1851'!J18+'1851'!K20-'1851'!J20+'1851'!K22-'1851'!J22+'1851'!K33-'1851'!J33+'1851'!K34-'1851'!J34+'1851'!K35-'1851'!J35+'1851'!K36-'1851'!J36+'1851'!K37-'1851'!J37+'1851'!K40-'1851'!J40+'1851'!K41-'1851'!J41+'1851'!K42-'1851'!J42+'1851'!K43-'1851'!J43+'1851'!K44-'1851'!J44+'1851'!K45-'1851'!J45+'1851'!K46-'1851'!J46+'1851'!K47-'1851'!J47+'1851'!K48-'1851'!J48+'1851'!K49-'1851'!J49 -> 70.9 | D4: ='1852'!J4-'1852'!I4+'1852'!J6-'1852'!I6+'1852'!J8-'1852'!I8+'1852'!J10-'1852'!I10+'1852'!J12-'1852'!I12+'1852'!J14-'1852'!I14+'1852'!J16-'1852'!I16+'1852'!J18-'1852'!I18+'1852'!J20-'1852'!I20+'1852'!J22-'1852'!I22 -> 74.88 | E4: ='1853'!J4-'1853'!I4+'1853'!J6-'1853'!I6+'1853'!J8-'1853'!I8+'1853'!J10-'1853'!I10+'1853'!J12-'1853'!I12+'1853'!J14-'1853'!I14+'1853'!J16-'1853'!I16+'1853'!J18-'1853'!I18+'1853'!J20-'1853'!I20+'1853'!J22-'1853'!I22+'1853'!J26-'1853'!I26 -> 82.626 | G4: =1-B4/B5 -> 0.12609284 | H4: =1-C4/C5 -> 0.073202614 | I4: =1-D4/D5 -> 0.097831325 | J4: =1-E4/E5 -> 0.068478016
A5: Patní vodoměry | B5: ='1850'!J26-'1850'!I26 -> 51.7 | C5: ='1851'!K26-'1851'!J26 -> 76.5 | D5: ='1852'!J26-'1852'!I26 -> 83 | E5: ='1853'!J27-'1853'!I27 -> 88.7
A6: Součet patních vodoměrů | B6: =SUM(B5:E5) -> 299.9 | G6: =1-B6/B7 -> 0.051249605
A7: fakturační vodoměr | B7: ='1850'!J29-'1850'!I29 -> 316.1
A8: Teplo - GJ
A9: Náměry bytových kalorimetrů | B9: ='1850'!J5-'1850'!I5+'1850'!J7-'1850'!I7+'1850'!J9-'1850'!I9+'1850'!J11-'1850'!I11+'1850'!J13-'1850'!I13+'1850'!J15-'1850'!I15+'1850'!J17-'1850'!I17+'1850'!J19-'1850'!I19+'1850'!J21-'1850'!I21+'1850'!J23-'1850'!I23 -> 3.183 | C9: ='1851'!K5-'1851'!J5+'1851'!K7-'1851'!J7+'1851'!K9-'1851'!J9+'1851'!K11-'1851'!J11+'1851'!K13-'1851'!J13+'1851'!K15-'1851'!J15+'1851'!K17-'1851'!J17+'1851'!K19-'1851'!J19+'1851'!K21-'1851'!J21+'1851'!K23-'1851'!J23 -> 5.603 | D9: ='1852'!J5-'1852'!I5+'1852'!J7-'1852'!I7+'1852'!J9-'1852'!I9+'1852'!J11-'1852'!I11+'1852'!J13-'1852'!I13+'1852'!J15-'1852'!I15+'1852'!J17-'1852'!I17+'1852'!J19-'1852'!I19+'1852'!J21-'1852'!I21+'1852'!J23-'1852'!I23 -> 4.714 | E9: ='1853'!J5-'1853'!I5+'1853'!J7-'1853'!I7+'1853'!J9-'1853'!I9+'1853'!J11-'1853'!I11+'1853'!J13-'1853'!I13+'1853'!J15-'1853'!I15+'1853'!J17-'1853'!I17+'1853'!J19-'1853'!I19+'1853'!J21-'1853'!I21+'1853'!J23-'1853'!I23 -> 2.844 | G9: =1-B9/B10 -> -0.84201389 | H9: =1-C9/C10 -> 0.38965142 | I9: =1-D9/D10 -> -0.65752461 | J9: =1-E9/E10 -> 0.24761905
A10: Fakturační kalorimetry | B10: =('1850'!J27-'1850'!I27)*3.6 -> 1.728 | C10: =('1851'!K27-'1851'!J27)*3.6 -> 9.18 | D10: =('1852'!J27-'1852'!I27)*3.6 -> 2.844 | E10: =('1853'!J28-'1853'!I28)*3.6 -> 3.78
A11: Elektřina -
A12: Elektroměr dům | B12: ='1850'!J25-'1850'!I25 -> 229 | C12: ='1851'!K24-'1851'!J24 -> 259 | D12: ='1852'!J25-'1852'!I25 -> 181 | E12: ='1853'!J24-'1853'!I24 -> 180
A14: Elektroměr areál | B14: ='1853'!J25-'1853'!I25 -> 248
A15: Vodoměr areál | B15: ='1853'!J26-'1853'!I26 -> 26.683
A18: Voda - m3 | B18: 1854 | C18: 1855 | D18: 1856 | E18: 1857
A19: Náměry bytových vodoměrů | B19: ='1854'!J4-'1854'!I4+'1854'!J6-'1854'!I6+'1854'!J8-'1854'!I8+'1854'!J10-'1854'!I10+'1854'!J12-'1854'!I12+'1854'!J14-'1854'!I14+'1854'!J16-'1854'!I16+'1854'!J18-'1854'!I18+'1854'!J20-'1854'!I20+'1854'!J22-'1854'!I22 -> 52.988 | C19: ='1855'!J4-'1855'!I4+'1855'!J6-'1855'!I6+'1855'!J8-'1855'!I8+'1855'!J10-'1855'!I10+'1855'!J12-'1855'!I12+'1855'!J14-'1855'!I14+'1855'!J16-'1855'!I16+'1855'!J18-'1855'!I18+'1855'!J20-'1855'!I20+'1855'!J22-'1855'!I22 -> 55.924 | D19: ='1856'!J4-'1856'!I4+'1856'!J6-'1856'!I6+'1856'!J8-'1856'!I8+'1856'!J10-'1856'!I10+'1856'!J12-'1856'!I12+'1856'!J14-'1856'!I14+'1856'!J16-'1856'!I16+'1856'!J18-'1856'!I18+'1856'!J20-'1856'!I20+'1856'!J22-'1856'!I22 -> 59.854 | E19: ='1857'!J4-'1857'!I4+'1857'!J6-'1857'!I6+'1857'!J8-'1857'!I8+'1857'!J10-'1857'!I10+'1857'!J12-'1857'!I12+'1857'!J14-'1857'!I14+'1857'!J16-'1857'!I16+'1857'!J18-'1857'!I18+'1857'!J20-'1857'!I20+'1857'!J22-'1857'!I22 -> 56.719 | G19: =1-B19/B20 -> 0.083252595 | H19: =1-C19/C20 -> 0.1261875 | I19: =1-D19/D20 -> 0.095861027 | J19: =1-E19/E20 -> 0.10819182
A20: Patní vodoměry | B20: ='1854'!J26-'1854'!I26 -> 57.8 | C20: ='1855'!J26-'1855'!I26 -> 64 | D20: ='1856'!J26-'1856'!I26 -> 66.2 | E20: ='1857'!J26-'1857'!I26 -> 63.6
A21: Součet patních vodoměrů | B21: =SUM(B20:E20) -> 251.6 | G21: =1-B21/B22 -> -0.042253521
A22: fakturační vodoměr | B22: ='1854'!J29-'1854'!I29 -> 241.4
A23: Teplo - GJ
A24: Náměry bytových kalorimetrů | B24: ='1854'!J5-'1854'!I5+'1854'!J7-'1854'!I7+'1854'!J9-'1854'!I9+'1854'!J11-'1854'!I11+'1854'!J13-'1854'!I13+'1854'!J15-'1854'!I15+'1854'!J17-'1854'!I17+'1854'!J19-'1854'!I19+'1854'!J21-'1854'!I21+'1854'!J23-'1854'!I23 -> 2.747 | C24: ='1855'!J5-'1855'!I5+'1855'!J7-'1855'!I7+'1855'!J9-'1855'!I9+'1855'!J11-'1855'!I11+'1855'!J13-'1855'!I13+'1855'!J15-'1855'!I15+'1855'!J17-'1855'!I17+'1855'!J19-'1855'!I19+'1855'!J21-'1855'!I21+'1855'!J23-'1855'!I23 -> 3.15 | D24: ='1856'!J5-'1856'!I5+'1856'!J7-'1856'!I7+'1856'!J9-'1856'!I9+'1856'!J11-'1856'!I11+'1856'!J13-'1856'!I13+'1856'!J15-'1856'!I15+'1856'!J17-'1856'!I17+'1856'!J19-'1856'!I19+'1856'!J21-'1856'!I21+'1856'!J23-'1856'!I23 -> 3.163 | E24: ='1857'!J5-'1857'!I5+'1857'!J7-'1857'!I7+'1857'!J9-'1857'!I9+'1857'!J11-'1857'!I11+'1857'!J13-'1857'!I13+'1857'!J15-'1857'!I15+'1857'!J17-'1857'!I17+'1857'!J19-'1857'!I19+'1857'!J21-'1857'!I21+'1857'!J23-'1857'!I23 -> 3.095 | G24: =1-B24/B25 -> -0.077254902 | H24: =1-C24/C25 -> -0.25498008 | I24: =1-D24/D25 -> -0.38122271 | J24: =1-E24/E25 -> -0.71944444
A25: Fakturační kalorimetry | B25: ='1854'!J27-'1854'!I27 -> 2.55 | C25: ='1855'!J27-'1855'!I27 -> 2.51 | D25: ='1856'!J27-'1856'!I27 -> 2.29 | E25: ='1857'!J27-'1857'!I27 -> 1.8
A26: Elektřina -
A27: Elektroměr dům | B27: ='1854'!J25-'1854'!I25 -> 193 | C27: ='1855'!J25-'1855'!I25 -> 225 | D27: ='1856'!J25-'1856'!I25 -> 203 | E27: ='1857'!J25-'1857'!I25 -> 195

Sheet S8
A1: Sumář - spotřeba srpen | B1: =S1!B1 -> 2022
A3: Voda - m3 | B3: 1850 | C3: 1851 | D3: 1852 | E3: 1853
A4: Náměry bytových vodoměrů | B4: ='1850'!K4-'1850'!J4+'1850'!K6-'1850'!J6+'1850'!K8-'1850'!J8+'1850'!K10-'1850'!J10+'1850'!K12-'1850'!J12+'1850'!K14-'1850'!J14+'1850'!K16-'1850'!J16+'1850'!K18-'1850'!J18+'1850'!K20-'1850'!J20+'1850'!K22-'1850'!J22 -> 50.24 | C4: ='1851'!L4-'1851'!K4+'1851'!L6-'1851'!K6+'1851'!L8-'1851'!K8+'1851'!L10-'1851'!K10+'1851'!L12-'1851'!K12+'1851'!L14-'1851'!K14+'1851'!L16-'1851'!K16+'1851'!L18-'1851'!K18+'1851'!L20-'1851'!K20+'1851'!L22-'1851'!K22+'1851'!L33-'1851'!K33+'1851'!L34-'1851'!K34+'1851'!L35-'1851'!K35+'1851'!L36-'1851'!K36+'1851'!L37-'1851'!K37+'1851'!L40-'1851'!K40+'1851'!L41-'1851'!K41+'1851'!L42-'1851'!K42+'1851'!L43-'1851'!K43+'1851'!L44-'1851'!K44+'1851'!L45-'1851'!K45+'1851'!L46-'1851'!K46+'1851'!L47-'1851'!K47+'1851'!L48-'1851'!K48+'1851'!L49-'1851'!K49 -> 73.901 | D4: ='1852'!K4-'1852'!J4+'1852'!K6-'1852'!J6+'1852'!K8-'1852'!J8+'1852'!K10-'1852'!J10+'1852'!K12-'1852'!J12+'1852'!K14-'1852'!J14+'1852'!K16-'1852'!J16+'1852'!K18-'1852'!J18+'1852'!K20-'1852'!J20+'1852'!K22-'1852'!J22 -> 68.427 | E4: ='1853'!K4-'1853'!J4+'1853'!K6-'1853'!J6+'1853'!K8-'1853'!J8+'1853'!K10-'1853'!J10+'1853'!K12-'1853'!J12+'1853'!K14-'1853'!J14+'1853'!K16-'1853'!J16+'1853'!K18-'1853'!J18+'1853'!K20-'1853'!J20+'1853'!K22-'1853'!J22+'1853'!K26-'1853'!J26 -> 72.84 | G4: =1-B4/B5 -> 0.12014011 | H4: =1-C4/C5 -> 0.069256927 | I4: =1-D4/D5 -> 0.10082786 | J4: =1-E4/E5 -> 0.073282443
A5: Patní vodoměry | B5: ='1850'!K26-'1850'!J26 -> 57.1 | C5: ='1851'!L26-'1851'!K26 -> 79.4 | D5: ='1852'!K26-'1852'!J26 -> 76.1 | E5: ='1853'!K27-'1853'!J27 -> 78.6
A6: Součet patních vodoměrů | B6: =SUM(B5:E5) -> 291.2 | G6: =1-B6/B7 -> 0.052700065
A7: fakturační vodoměr | B7: ='1850'!K29-'1850'!J29 -> 307.4
A8: Teplo - GJ
A9: Náměry bytových kalorimetrů | B9: ='1850'!K5-'1850'!J5+'1850'!K7-'1850'!J7+'1850'!K9-'1850'!J9+'1850'!K11-'1850'!J11+'1850'!K13-'1850'!J13+'1850'!K15-'1850'!J15+'1850'!K17-'1850'!J17+'1850'!K19-'1850'!J19+'1850'!K21-'1850'!J21+'1850'!K23-'1850'!J23 -> 3.108 | C9: ='1851'!L5-'1851'!K5+'1851'!L7-'1851'!K7+'1851'!L9-'1851'!K9+'1851'!L11-'1851'!K11+'1851'!L13-'1851'!K13+'1851'!L15-'1851'!K15+'1851'!L17-'1851'!K17+'1851'!L19-'1851'!K19+'1851'!L21-'1851'!K21+'1851'!L23-'1851'!K23 -> 5.27 | D9: ='1852'!K5-'1852'!J5+'1852'!K7-'1852'!J7+'1852'!K9-'1852'!J9+'1852'!K11-'1852'!J11+'1852'!K13-'1852'!J13+'1852'!K15-'1852'!J15+'1852'!K17-'1852'!J17+'1852'!K19-'1852'!J19+'1852'!K21-'1852'!J21+'1852'!K23-'1852'!J23 -> 4.355 | E9: ='1853'!K5-'1853'!J5+'1853'!K7-'1853'!J7+'1853'!K9-'1853'!J9+'1853'!K11-'1853'!J11+'1853'!K13-'1853'!J13+'1853'!K15-'1853'!J15+'1853'!K17-'1853'!J17+'1853'!K19-'1853'!J19+'1853'!K21-'1853'!J21+'1853'!K23-'1853'!J23 -> 2.587 | G9: =1-B9/B10 -> -0.83687943 | H9: =1-C9/C10 -> 0.40492322 | I9: =1-D9/D10 -> -0.77900327 | J9: =1-E9/E10 -> -0.30656566
A10: Fakturační kalorimetry | B10: =('1850'!K27-'1850'!J27)*3.6 -> 1.692 | C10: =('1851'!L27-'1851'!K27)*3.6 -> 8.856 | D10: =('1852'!K27-'1852'!J27)*3.6 -> 2.448 | E10: =('1853'!K28-'1853'!J28)*3.6 -> 1.98
A11: Elektřina -
A12: Elektroměr dům | B12: ='1850'!K25-'1850'!J25 -> 216 | C12: ='1851'!L24-'1851'!K24 -> 265 | D12: ='1852'!K25-'1852'!J25 -> 215 | E12: ='1853'!K24-'1853'!J24 -> 178
A14: Elektroměr areál | B14: ='1853'!K25-'1853'!J25 -> 285
A15: Vodoměr areál | B15: ='1853'!K26-'1853'!J26 -> 17.652
A18: Voda - m3 | B18: 1854 | C18: 1855 | D18: 1856 | E18: 1857
A19: Náměry bytových vodoměrů | B19: ='1854'!K4-'1854'!J4+'1854'!K6-'1854'!J6+'1854'!K8-'1854'!J8+'1854'!K10-'1854'!J10+'1854'!K12-'1854'!J12+'1854'!K14-'1854'!J14+'1854'!K16-'1854'!J16+'1854'!K18-'1854'!J18+'1854'!K20-'1854'!J20+'1854'!K22-'1854'!J22 -> 58.943 | C19: ='1855'!K4-'1855'!J4+'1855'!K6-'1855'!J6+'1855'!K8-'1855'!J8+'1855'!K10-'1855'!J10+'1855'!K12-'1855'!J12+'1855'!K14-'1855'!J14+'1855'!K16-'1855'!J16+'1855'!K18-'1855'!J18+'1855'!K20-'1855'!J20+'1855'!K22-'1855'!J22 -> 57.302 | D19: ='1856'!K4-'1856'!J4+'1856'!K6-'1856'!J6+'1856'!K8-'1856'!J8+'1856'!K10-'1856'!J10+'1856'!K12-'1856'!J12+'1856'!K14-'1856'!J14+'1856'!K16-'1856'!J16+'1856'!K18-'1856'!J18+'1856'!K20-'1856'!J20+'1856'!K22-'1856'!J22 -> 63.756 | E19: ='1857'!K4-'1857'!J4+'1857'!K6-'1857'!J6+'1857'!K8-'1857'!J8+'1857'!K10-'1857'!J10+'1857'!K12-'1857'!J12+'1857'!K14-'1857'!J14+'1857'!K16-'1857'!J16+'1857'!K18-'1857'!J18+'1857'!K20-'1857'!J20+'1857'!K22-'1857'!J22 -> 59.779 | G19: =1-B19/B20 -> 0.10010687 | H19: =1-C19/C20 -> 0.11707242 | I19: =1-D19/D20 -> 0.10455056 | J19: =1-E19/E20 -> 0.10644245
A20: Patní vodoměry | B20: ='1854'!K26-'1854'!J26 -> 65.5 | C20: ='1855'!K26-'1855'!J26 -> 64.9 | D20: ='1856'!K26-'1856'!J26 -> 71.2 | E20: ='1857'!K26-'1857'!J26 -> 66.9
A21: Součet patních vodoměrů | B21: =SUM(B20:E20) -> 268.5 | G21: =1-B21/B22 -> -0.047191888
A22: fakturační vodoměr | B22: ='1854'!K29-'1854'!J29 -> 256.4
A23: Teplo - GJ
A24: Náměry bytových kalorimetrů | B24: ='1854'!K5-'1854'!J5+'1854'!K7-'1854'!J7+'1854'!K9-'1854'!J9+'1854'!K11-'1854'!J11+'1854'!K13-'1854'!J13+'1854'!K15-'1854'!J15+'1854'!K17-'1854'!J17+'1854'!K19-'1854'!J19+'1854'!K21-'1854'!J21+'1854'!K23-'1854'!J23 -> 2.842 | C24: ='1855'!K5-'1855'!J5+'1855'!K7-'1855'!J7+'1855'!K9-'1855'!J9+'1855'!K11-'1855'!J11+'1855'!K13-'1855'!J13+'1855'!K15-'1855'!J15+'1855'!K17-'1855'!J17+'1855'!K19-'1855'!J19+'1855'!K21-'1855'!J21+'1855'!K23-'1855'!J23 -> 3.051 | D24: ='1856'!K5-'1856'!J5+'1856'!K7-'1856'!J7+'1856'!K9-'1856'!J9+'1856'!K11-'1856'!J11+'1856'!K13-'1856'!J13+'1856'!K15-'1856'!J15+'1856'!K17-'1856'!J17+'1856'!K19-'1856'!J19+'1856'!K21-'1856'!J21+'1856'!K23-'1856'!J23 -> 3.111 | E24: ='1857'!K5-'1857'!J5+'1857'!K7-'1857'!J7+'1857'!K9-'1857'!J9+'1857'!K11-'1857'!J11+'1857'!K13-'1857'!J13+'1857'!K15-'1857'!J15+'1857'!K17-'1857'!J17+'1857'!K19-'1857'!J19+'1857'!K21-'1857'!J21+'1857'!K23-'1857'!J23 -> 3.13 | G24: =1-B24/B25 -> 0.083225806 | H24: =1-C24/C25 -> -0.27656904 | I24: =1-D24/D25 -> -0.40135135 | J24: =1-E24/E25 -> -0.70108696
A25: Fakturační kalorimetry | B25: =('1854'!K27-'1854'!J27) -> 3.1 | C25: =('1855'!K27-'1855'!J27) -> 2.39 | D25: =('1856'!K27-'1856'!J27) -> 2.22 | E25: =('1857'!K27-'1857'!J27) -> 1.84
A26: Elektřina -
A27: Elektroměr dům | B27: ='1854'!K25-'1854'!J25 -> 196 | C27: ='1855'!K25-'1855'!J25 -> 216 | D27: ='1856'!K25-'1856'!J25 -> 197 | E27: ='1857'!K25-'1857'!J25 -> 204

Sheet S9
A1: Sumář - spotřeba září | B1: =S1!B1 -> 2022
A3: Voda - m3 | B3: 1850 | C3: 1851 | D3: 1852 | E3: 1853
A4: Náměry bytových vodoměrů | B4: ='1850'!L4-'1850'!K4+'1850'!L6-'1850'!K6+'1850'!L8-'1850'!K8+'1850'!L10-'1850'!K10+'1850'!L12-'1850'!K12+'1850'!L14-'1850'!K14+'1850'!L16-'1850'!K16+'1850'!L18-'1850'!K18+'1850'!L20-'1850'!K20+'1850'!L22-'1850'!K22 -> 49.449 | C4: ='1851'!M4-'1851'!L4+'1851'!M6-'1851'!L6+'1851'!M8-'1851'!L8+'1851'!M10-'1851'!L10+'1851'!M12-'1851'!L12+'1851'!M14-'1851'!L14+'1851'!M16-'1851'!L16+'1851'!M18-'1851'!L18+'1851'!M20-'1851'!L20+'1851'!M22-'1851'!L22+'1851'!M33-'1851'!L33+'1851'!M34-'1851'!L34+'1851'!M35-'1851'!L35+'1851'!M36-'1851'!L36+'1851'!M37-'1851'!L37+'1851'!M40-'1851'!L40+'1851'!M41-'1851'!L41+'1851'!M42-'1851'!L42+'1851'!M43-'1851'!L43+'1851'!M44-'1851'!L44+'1851'!M45-'1851'!L45+'1851'!M46-'1851'!L46+'1851'!M47-'1851'!L47+'1851'!M48-'1851'!L48+'1851'!M49-'1851'!L49 -> 70.104 | D4: ='1852'!L4-'1852'!K4+'1852'!L6-'1852'!K6+'1852'!L8-'1852'!K8+'1852'!L10-'1852'!K10+'1852'!L12-'1852'!K12+'1852'!L14-'1852'!K14+'1852'!L16-'1852'!K16+'1852'!L18-'1852'!K18+'1852'!L20-'1852'!K20+'1852'!L22-'1852'!K22 -> 76.022 | E4: ='1853'!L4-'1853'!K4+'1853'!L6-'1853'!K6+'1853'!L8-'1853'!K8+'1853'!L10-'1853'!K10+'1853'!L12-'1853'!K12+'1853'!L14-'1853'!K14+'1853'!L16-'1853'!K16+'1853'!L18-'1853'!K18+'1853'!L20-'1853'!K20+'1853'!L22-'1853'!K22+'1853'!L26-'1853'!K26 -> 66.494 | G4: =1-B4/B5 -> 0.1106295 | H4: =1-C4/C5 -> 0.075145119 | I4: =1-D4/D5 -> 0.099265403 | J4: =1-E4/E5 -> 0.075187761
A5: Patní vodoměry | B5: ='1850'!L26-'1850'!K26 -> 55.6 | C5: ='1851'!M26-'1851'!L26 -> 75.8 | D5: ='1852'!L26-'1852'!K26 -> 84.4 | E5: ='1853'!L27-'1853'!K27 -> 71.9
A6: Součet patních vodoměrů | B6: =SUM(B5:E5) -> 287.7 | G6: =1-B6/B7 -> 0.052683569
A7: fakturační vodoměr | B7: ='1850'!L29-'1850'!K29 -> 303.7
A8: Teplo - GJ
A9: Náměry bytových kalorimetrů | B9: ='1850'!L5-'1850'!K5+'1850'!L7-'1850'!K7+'1850'!L9-'1850'!K9+'1850'!L11-'1850'!K11+'1850'!L13-'1850'!K13+'1850'!L15-'1850'!K15+'1850'!L17-'1850'!K17+'1850'!L19-'1850'!K19+'1850'!L21-'1850'!K21+'1850'!L23-'1850'!K23 -> 4.21 | C9: ='1851'!M5-'1851'!L5+'1851'!M7-'1851'!L7+'1851'!M9-'1851'!L9+'1851'!M11-'1851'!L11+'1851'!M13-'1851'!L13+'1851'!M15-'1851'!L15+'1851'!M17-'1851'!L17+'1851'!M19-'1851'!L19+'1851'!M21-'1851'!L21+'1851'!M23-'1851'!L23 -> 6.879 | D9: ='1852'!L5-'1852'!K5+'1852'!L7-'1852'!K7+'1852'!L9-'1852'!K9+'1852'!L11-'1852'!K11+'1852'!L13-'1852'!K13+'1852'!L15-'1852'!K15+'1852'!L17-'1852'!K17+'1852'!L19-'1852'!K19+'1852'!L21-'1852'!K21+'1852'!L23-'1852'!K23 -> 6.514 | E9: ='1853'!L5-'1853'!K5+'1853'!L7-'1853'!K7+'1853'!L9-'1853'!K9+'1853'!L11-'1853'!K11+'1853'!L13-'1853'!K13+'1853'!L15-'1853'!K15+'1853'!L17-'1853'!K17+'1853'!L19-'1853'!K19+'1853'!L21-'1853'!K21+'1853'!L23-'1853'!K23 -> 3.678 | G9: =1-B9/B10 -> -0.40896921 | H9: =1-C9/C10 -> 0.31998814 | I9: =1-D9/D10 -> -0.29246032 | J9: =1-E9/E10 -> -0.16098485
A10: Fakturační kalorimetry | B10: =('1850'!L27-'1850'!K27)*3.6 -> 2.988 | C10: =('1851'!M27-'1851'!L27)*3.6 -> 10.116 | D10: =('1852'!L27-'1852'!K27)*3.6 -> 5.04 | E10: =('1853'!L28-'1853'!K28)*3.6 -> 3.168
A11: Elektřina -
A12: Elektroměr dům | B12: ='1850'!L25-'1850'!K25 -> 216 | C12: ='1851'!M24-'1851'!L24 -> 329 | D12: ='1852'!L25-'1852'!K25 -> 189 | E12: ='1853'!L24-'1853'!K24 -> 179
A14: Elektroměr areál | B14: ='1853'!L25-'1853'!K25 -> 315
A15: Vodoměr areál | B15: ='1853'!L26-'1853'!K26 -> 10.012
A18: Voda - m3 | B18: 1854 | C18: 1855 | D18: 1856 | E18: 1857
A19: Náměry bytových vodoměrů | B19: ='1854'!L4-'1854'!K4+'1854'!L6-'1854'!K6+'1854'!L8-'1854'!K8+'1854'!L10-'1854'!K10+'1854'!L12-'1854'!K12+'1854'!L14-'1854'!K14+'1854'!L16-'1854'!K16+'1854'!L18-'1854'!K18+'1854'!L20-'1854'!K20+'1854'!L22-'1854'!K22 -> 54.209 | C19: ='1855'!L4-'1855'!K4+'1855'!L6-'1855'!K6+'1855'!L8-'1855'!K8+'1855'!L10-'1855'!K10+'1855'!L12-'1855'!K12+'1855'!L14-'1855'!K14+'1855'!L16-'1855'!K16+'1855'!L18-'1855'!K18+'1855'!L20-'1855'!K20+'1855'!L22-'1855'!K22 -> 57.243 | D19: ='1856'!L4-'1856'!K4+'1856'!L6-'1856'!K6+'1856'!L8-'1856'!K8+'1856'!L10-'1856'!K10+'1856'!L12-'1856'!K12+'1856'!L14-'1856'!K14+'1856'!L16-'1856'!K16+'1856'!L18-'1856'!K18+'1856'!L20-'1856'!K20+'1856'!L22-'1856'!K22 -> 62.976 | E19: ='1857'!L4-'1857'!K4+'1857'!L6-'1857'!K6+'1857'!L8-'1857'!K8+'1857'!L10-'1857'!K10+'1857'!L12-'1857'!K12+'1857'!L14-'1857'!K14+'1857'!L16-'1857'!K16+'1857'!L18-'1857'!K18+'1857'!L20-'1857'!K20+'1857'!L22-'1857'!K22 -> 64.597 | G19: =1-B19/B20 -> 0.09045302 | H19: =1-C19/C20 -> 0.11113354 | I19: =1-D19/D20 -> 0.091255411 | J19: =1-E19/E20 -> 0.096545455
A20: Patní vodoměry | B20: ='1854'!L26-'1854'!K26 -> 59.6 | C20: ='1855'!L26-'1855'!K26 -> 64.4 | D20: ='1856'!L26-'1856'!K26 -> 69.3 | E20: ='1857'!L26-'1857'!K26 -> 71.5
A21: Součet patních vodoměrů | B21: =SUM(B20:E20) -> 264.8 | G21: =1-B21/B22 -> -0.043752464
A22: fakturační vodoměr | B22: ='1854'!L29-'1854'!K29 -> 253.7
A23: Teplo - GJ
A24: Náměry bytových kalorimetrů | B24: ='1854'!L5-'1854'!K5+'1854'!L7-'1854'!K7+'1854'!L9-'1854'!K9+'1854'!L11-'1854'!K11+'1854'!L13-'1854'!K13+'1854'!L15-'1854'!K15+'1854'!L17-'1854'!K17+'1854'!L19-'1854'!K19+'1854'!L21-'1854'!K21+'1854'!L23-'1854'!K23 -> 3.991 | C24: ='1855'!L5-'1855'!K5+'1855'!L7-'1855'!K7+'1855'!L9-'1855'!K9+'1855'!L11-'1855'!K11+'1855'!L13-'1855'!K13+'1855'!L15-'1855'!K15+'1855'!L17-'1855'!K17+'1855'!L19-'1855'!K19+'1855'!L21-'1855'!K21+'1855'!L23-'1855'!K23 -> 4.317 | D24: ='1856'!L5-'1856'!K5+'1856'!L7-'1856'!K7+'1856'!L9-'1856'!K9+'1856'!L11-'1856'!K11+'1856'!L13-'1856'!K13+'1856'!L15-'1856'!K15+'1856'!L17-'1856'!K17+'1856'!L19-'1856'!K19+'1856'!L21-'1856'!K21+'1856'!L23-'1856'!K23 -> 3.584 | E24: ='1857'!L5-'1857'!K5+'1857'!L7-'1857'!K7+'1857'!L9-'1857'!K9+'1857'!L11-'1857'!K11+'1857'!L13-'1857'!K13+'1857'!L15-'1857'!K15+'1857'!L17-'1857'!K17+'1857'!L19-'1857'!K19+'1857'!L21-'1857'!K21+'1857'!L23-'1857'!K23 -> 4.529 | G24: =1-B24/B25 -> 0.024205379 | H24: =1-C24/C25 -> -0.1699187 | I24: =1-D24/D25 -> -0.23161512 | J24: =1-E24/E25 -> -0.28664773
A25: Fakturační kalorimetry | B25: =('1854'!L27-'1854'!K27) -> 4.09 | C25: =('1855'!L27-'1855'!K27) -> 3.69 | D25: =('1856'!L27-'1856'!K27) -> 2.91 | E25: =('1857'!L27-'1857'!K27) -> 3.52
A26: Elektřina -
A27: Elektroměr dům | B27: ='1854'!L25-'1854'!K25 -> 186 | C27: ='1855'!L25-'1855'!K25 -> 203 | D27: ='1856'!L25-'1856'!K25 -> 170 | E27: ='1857'!L25-'1857'!K25 -> 183

Sheet S10
A1: Sumář - spotřeba říjen | B1: =S1!B1 -> 2022
A3: Voda - m3 | B3: 1850 | C3: 1851 | D3: 1852 | E3: 1853
A4: Náměry bytových vodoměrů | B4: ='1850'!M4-'1850'!L4+'1850'!M6-'1850'!L6+'1850'!M8-'1850'!L8+'1850'!M10-'1850'!L10+'1850'!M12-'1850'!L12+'1850'!M14-'1850'!L14+'1850'!M16-'1850'!L16+'1850'!M18-'1850'!L18+'1850'!M20-'1850'!L20+'1850'!M22-'1850'!L22 -> 58.253 | C4: ='1851'!N4-'1851'!M4+'1851'!N6-'1851'!M6+'1851'!N8-'1851'!M8+'1851'!N10-'1851'!M10+'1851'!N12-'1851'!M12+'1851'!N14-'1851'!M14+'1851'!N16-'1851'!M16+'1851'!N18-'1851'!M18+'1851'!N20-'1851'!M20+'1851'!N22-'1851'!M22+'1851'!N33-'1851'!M33+'1851'!N34-'1851'!M34+'1851'!N35-'1851'!M35+'1851'!N36-'1851'!M36+'1851'!N37-'1851'!M37+'1851'!N40-'1851'!M40+'1851'!N41-'1851'!M41+'1851'!N42-'1851'!M42+'1851'!N43-'1851'!M43+'1851'!N44-'1851'!M44+'1851'!N45-'1851'!M45+'1851'!N46-'1851'!M46+'1851'!N47-'1851'!M47+'1851'!N48-'1851'!M48+'1851'!N49-'1851'!M49 -> 78.06 | D4: ='1852'!M4-'1852'!L4+'1852'!M6-'1852'!L6+'1852'!M8-'1852'!L8+'1852'!M10-'1852'!L10+'1852'!M12-'1852'!L12+'1852'!M14-'1852'!L14+'1852'!M16-'1852'!L16+'1852'!M18-'1852'!L18+'1852'!M20-'1852'!L20+'1852'!M22-'1852'!L22 -> 89.478 | E4: ='1853'!M4-'1853'!L4+'1853'!M6-'1853'!L6+'1853'!M8-'1853'!L8+'1853'!M10-'1853'!L10+'1853'!M12-'1853'!L12+'1853'!M14-'1853'!L14+'1853'!M16-'1853'!L16+'1853'!M18-'1853'!L18+'1853'!M20-'1853'!L20+'1853'!M22-'1853'!L22+'1853'!M26-'1853'!L26 -> 73.324 | G4: =1-B4/B5 -> 0.11064122 | H4: =1-C4/C5 -> 0.057246377 | I4: =1-D4/D5 -> 0.10072362 | J4: =1-E4/E5 -> 0.095881628
A5: Patní vodoměry | B5: ='1850'!M26-'1850'!L26 -> 65.5 | C5: ='1851'!N26-'1851'!M26 -> 82.8 | D5: ='1852'!M26-'1852'!L26 -> 99.5 | E5: ='1853'!M27-'1853'!L27 -> 81.1
A6: Součet patních vodoměrů | B6: =SUM(B5:E5) -> 328.9 | G6: =1-B6/B7 -> 0.046390258
A7: fakturační vodoměr | B7: ='1850'!M29-'1850'!L29 -> 344.9
A8: Teplo - GJ
A9: Náměry bytových kalorimetrů | B9: ='1850'!M5-'1850'!L5+'1850'!M7-'1850'!L7+'1850'!M9-'1850'!L9+'1850'!M11-'1850'!L11+'1850'!M13-'1850'!L13+'1850'!M15-'1850'!L15+'1850'!M17-'1850'!L17+'1850'!M19-'1850'!L19+'1850'!M21-'1850'!L21+'1850'!M23-'1850'!L23 -> 7.795 | C9: ='1851'!N5-'1851'!M5+'1851'!N7-'1851'!M7+'1851'!N9-'1851'!M9+'1851'!N11-'1851'!M11+'1851'!N13-'1851'!M13+'1851'!N15-'1851'!M15+'1851'!N17-'1851'!M17+'1851'!N19-'1851'!M19+'1851'!N21-'1851'!M21+'1851'!N23-'1851'!M23 -> 10.535 | D9: ='1852'!M5-'1852'!L5+'1852'!M7-'1852'!L7+'1852'!M9-'1852'!L9+'1852'!M11-'1852'!L11+'1852'!M13-'1852'!L13+'1852'!M15-'1852'!L15+'1852'!M17-'1852'!L17+'1852'!M19-'1852'!L19+'1852'!M21-'1852'!L21+'1852'!M23-'1852'!L23 -> 11.279 | E9: ='1853'!M5-'1853'!L5+'1853'!M7-'1853'!L7+'1853'!M9-'1853'!L9+'1853'!M11-'1853'!L11+'1853'!M13-'1853'!L13+'1853'!M15-'1853'!L15+'1853'!M17-'1853'!L17+'1853'!M19-'1853'!L19+'1853'!M21-'1853'!L21+'1853'!M23-'1853'!L23 -> 6.82 | G9: =1-B9/B10 -> -0.036018075 | H9: =1-C9/C10 -> 0.25537178 | I9: =1-D9/D10 -> -0.12295898 | J9: =1-E9/E10 -> -0.046654389
A10: Fakturační kalorimetry | B10: =('1850'!M27-'1850'!L27)*3.6 -> 7.524 | C10: =('1851'!N27-'1851'!M27)*3.6 -> 14.148 | D10: =('1852'!M27-'1852'!L27)*3.6 -> 10.044 | E10: =('1853'!M28-'1853'!L28)*3.6 -> 6.516
A11: Elektřina -
A12: Elektroměr dům | B12: ='1850'!M25-'1850'!L25 -> 240 | C12: ='1851'!N24-'1851'!M24 -> 419 | D12: ='1852'!M25-'1852'!L25 -> 218 | E12: ='1853'!M24-'1853'!L24 -> 186
A14: Elektroměr areál | B14: ='1853'!M25-'1853'!L25 -> 392
A15: Vodoměr areál | B15: ='1853'!M26-'1853'!L26 -> 3.652
A18: Voda - m3 | B18: 1854 | C18: 1855 | D18: 1856 | E18: 1857
A19: Náměry bytových vodoměrů | B19: ='1854'!M4-'1854'!L4+'1854'!M6-'1854'!L6+'1854'!M8-'1854'!L8+'1854'!M10-'1854'!L10+'1854'!M12-'1854'!L12+'1854'!M14-'1854'!L14+'1854'!M16-'1854'!L16+'1854'!M18-'1854'!L18+'1854'!M20-'1854'!L20+'1854'!M22-'1854'!L22 -> 55.832 | C19: ='1855'!M4-'1855'!L4+'1855'!M6-'1855'!L6+'1855'!M8-'1855'!L8+'1855'!M10-'1855'!L10+'1855'!M12-'1855'!L12+'1855'!M14-'1855'!L14+'1855'!M16-'1855'!L16+'1855'!M18-'1855'!L18+'1855'!M20-'1855'!L20+'1855'!M22-'1855'!L22 -> 66.46 | D19: ='1856'!M4-'1856'!L4+'1856'!M6-'1856'!L6+'1856'!M8-'1856'!L8+'1856'!M10-'1856'!L10+'1856'!M12-'1856'!L12+'1856'!M14-'1856'!L14+'1856'!M16-'1856'!L16+'1856'!M18-'1856'!L18+'1856'!M20-'1856'!L20+'1856'!M22-'1856'!L22 -> 78.428 | E19: ='1857'!M4-'1857'!L4+'1857'!M6-'1857'!L6+'1857'!M8-'1857'!L8+'1857'!M10-'1857'!L10+'1857'!M12-'1857'!L12+'1857'!M14-'1857'!L14+'1857'!M16-'1857'!L16+'1857'!M18-'1857'!L18+'1857'!M20-'1857'!L20+'1857'!M22-'1857'!L22 -> 64.776 | G19: =1-B19/B20 -> 0.093636364 | H19: =1-C19/C20 -> 0.11739708 | I19: =1-D19/D20 -> 0.088046512 | J19: =1-E19/E20 -> 0.10653793
A20: Patní vodoměry | B20: ='1854'!M26-'1854'!L26 -> 61.6 | C20: ='1855'!M26-'1855'!L26 -> 75.3 | D20: ='1856'!M26-'1856'!L26 -> 86 | E20: ='1857'!M26-'1857'!L26 -> 72.5
A21: Součet patních vodoměrů | B21: =SUM(B20:E20) -> 295.4 | G21: =1-B21/B22 -> -0.048261178
A22: fakturační vodoměr | B22: ='1854'!M29-'1854'!L29 -> 281.8
A23: Teplo - GJ
A24: Náměry bytových kalorimetrů | B24: ='1854'!M5-'1854'!L5+'1854'!M7-'1854'!L7+'1854'!M9-'1854'!L9+'1854'!M11-'1854'!L11+'1854'!M13-'1854'!L13+'1854'!M15-'1854'!L15+'1854'!M17-'1854'!L17+'1854'!M19-'1854'!L19+'1854'!M21-'1854'!L21+'1854'!M23-'1854'!L23 -> 8.431 | C24: ='1855'!M5-'1855'!L5+'1855'!M7-'1855'!L7+'1855'!M9-'1855'!L9+'1855'!M11-'1855'!L11+'1855'!M13-'1855'!L13+'1855'!M15-'1855'!L15+'1855'!M17-'1855'!L17+'1855'!M19-'1855'!L19+'1855'!M21-'1855'!L21+'1855'!M23-'1855'!L23 -> 10.21 | D24: ='1856'!M5-'1856'!L5+'1856'!M7-'1856'!L7+'1856'!M9-'1856'!L9+'1856'!M11-'1856'!L11+'1856'!M13-'1856'!L13+'1856'!M15-'1856'!L15+'1856'!M17-'1856'!L17+'1856'!M19-'1856'!L19+'1856'!M21-'1856'!L21+'1856'!M23-'1856'!L23 -> 7.652 | E24: ='1857'!M5-'1857'!L5+'1857'!M7-'1857'!L7+'1857'!M9-'1857'!L9+'1857'!M11-'1857'!L11+'1857'!M13-'1857'!L13+'1857'!M15-'1857'!L15+'1857'!M17-'1857'!L17+'1857'!M19-'1857'!L19+'1857'!M21-'1857'!L21+'1857'!M23-'1857'!L23 -> 8.338 | G24: =1-B24/B25 -> 0.051631046 | H24: =1-C24/C25 -> 0.024832856 | I24: =1-D24/D25 -> -0.086931818 | J24: =1-E24/E25 -> -0.047487437
A25: Fakturační kalorimetry | B25: =('1854'!M27-'1854'!L27) -> 8.89 | C25: =('1855'!M27-'1855'!L27) -> 10.47 | D25: =('1856'!M27-'1856'!L27) -> 7.04 | E25: =('1857'!M27-'1857'!L27) -> 7.96
A26: Elektřina -
A27: Elektroměr dům | B27: ='1854'!M25-'1854'!L25 -> 191 | C27: ='1855'!M25-'1855'!L25 -> 225 | D27: ='1856'!M25-'1856'!L25 -> 205 | E27: ='1857'!M25-'1857'!L25 -> 273

Sheet S11
A1: Sumář - spotřeba listopad | B1: =S1!B1 -> 2022
A3: Voda - m3 | B3: 1850 | C3: 1851 | D3: 1852 | E3: 1853
A4: Náměry bytových vodoměrů | B4: ='1850'!N4-'1850'!M4+'1850'!N6-'1850'!M6+'1850'!N8-'1850'!M8+'1850'!N10-'1850'!M10+'1850'!N12-'1850'!M12+'1850'!N14-'1850'!M14+'1850'!N16-'1850'!M16+'1850'!N18-'1850'!M18+'1850'!N20-'1850'!M20+'1850'!N22-'1850'!M22 -> 53.988 | C4: ='1851'!O4-'1851'!N4+'1851'!O6-'1851'!N6+'1851'!O8-'1851'!I54+'1851'!I53-'1851'!N8+'1851'!O10-'1851'!N10+'1851'!O12-'1851'!N12+'1851'!O14-'1851'!N14+'1851'!O16-'1851'!N16+'1851'!O18-'1851'!N18+'1851'!O20-'1851'!N20+'1851'!O22-'1851'!N22+'1851'!O33-'1851'!N33+'1851'!O34-'1851'!N34+'1851'!O35-'1851'!N35+'1851'!O36-'1851'!N36+'1851'!O37-'1851'!N37+'1851'!O40-'1851'!N40+'1851'!O41-'1851'!N41+'1851'!O42-'1851'!N42+'1851'!O43-'1851'!N43+'1851'!O44-'1851'!N44+'1851'!O45-'1851'!N45+'1851'!O46-'1851'!N46+'1851'!O47-'1851'!N47+'1851'!O48-'1851'!N48+'1851'!O49-'1851'!N49 -> 71.84 | D4: ='1852'!N4-'1852'!M4+'1852'!N6-'1852'!M6+'1852'!N8-'1852'!M8+'1852'!N10-'1852'!M10+'1852'!N12-'1852'!M12+'1852'!N14-'1852'!M14+'1852'!N16-'1852'!M16+'1852'!N18-'1852'!M18+'1852'!N20+'1852'!G32-'1852'!M20+'1852'!N22-'1852'!M22 -> 80.817 | E4: ='1853'!N4-'1853'!M4+'1853'!N6-'1853'!M6+'1853'!N8-'1853'!M8+'1853'!N10-'1853'!M10+'1853'!N12-'1853'!M12+'1853'!N14-'1853'!M14+'1853'!N16-'1853'!M16+'1853'!N18-'1853'!M18+'1853'!N20-'1853'!M20+'1853'!N22-'1853'!M22+'1853'!N26-'1853'!M26 -> 64.655 | G4: =1-B4/B5 -> 0.10910891 | H4: =1-C4/C5 -> 0.083673469 | I4: =1-D4/D5 -> 0.0990301 | J4: =1-E4/E5 -> 0.088081805
A5: Patní vodoměry | B5: ='1850'!N26-'1850'!M26 -> 60.6 | C5: ='1851'!O26-'1851'!N26 -> 78.4 | D5: ='1852'!N26-'1852'!M26 -> 89.7 | E5: ='1853'!N27-'1853'!M27 -> 70.9
A6: Součet patních vodoměrů | B6: =SUM(B5:E5) -> 299.6 | G6: =1-B6/B7 -> 0.047679593
A7: fakturační vodoměr | B7: ='1850'!N29-'1850'!M29 -> 314.6
A8: Teplo - GJ
A9: Náměry bytových kalorimetrů | B9: ='1850'!N5-'1850'!M5+'1850'!N7-'1850'!M7+'1850'!N9-'1850'!M9+'1850'!N11-'1850'!M11+'1850'!N13-'1850'!M13+'1850'!N15-'1850'!M15+'1850'!N17-'1850'!M17+'1850'!N19-'1850'!M19+'1850'!N21-'1850'!M21+'1850'!N23-'1850'!M23 -> 20.308 | C9: ='1851'!O5-'1851'!N5+'1851'!O7-'1851'!N7+'1851'!O9-'1851'!N9+'1851'!O11-'1851'!N11+'1851'!O13-'1851'!N13+'1851'!O15-'1851'!N15+'1851'!O17-'1851'!N17+'1851'!O19-'1851'!N19+'1851'!O21-'1851'!N21+'1851'!O23-'1851'!N23 -> 25.484 | D9: ='1852'!N5-'1852'!M5+'1852'!N7-'1852'!M7+'1852'!N9-'1852'!M9+'1852'!N11-'1852'!M11+'1852'!N13-'1852'!M13+'1852'!N15-'1852'!M15+'1852'!N17-'1852'!M17+'1852'!N19-'1852'!M19+'1852'!N21-'1852'!M21+'1852'!N23-'1852'!M23 -> 25.783 | E9: ='1853'!N5-'1853'!M5+'1853'!N7-'1853'!M7+'1853'!N9-'1853'!M9+'1853'!N11-'1853'!M11+'1853'!N13-'1853'!M13+'1853'!N15-'1853'!M15+'1853'!N17-'1853'!M17+'1853'!N19-'1853'!M19+'1853'!N21-'1853'!M21+'1853'!N23-'1853'!M23 -> 20.891 | G9: =1-B9/B10 -> 0.06758494 | H9: =1-C9/C10 -> 0.1260631 | I9: =1-D9/D10 -> 0.045074074 | J9: =1-E9/E10 -> 0.062511219
A10: Fakturační kalorimetry | B10: =('1850'!N27-'1850'!M27)*3.6 -> 21.78 | C10: =('1851'!O27-'1851'!N27)*3.6 -> 29.16 | D10: =('1852'!N27-'1852'!M27)*3.6 -> 27 | E10: =('1853'!N28-'1853'!M28)*3.6 -> 22.284
A11: Elektřina -
A12: Elektroměr dům | B12: ='1850'!N25-'1850'!M25 -> 249 | C12: ='1851'!O24-'1851'!N24 -> 546 | D12: ='1852'!N25-'1852'!M25 -> 207 | E12: ='1853'!N24-'1853'!M24 -> 179
A14: Elektroměr areál | B14: ='1853'!N25-'1853'!M25 -> 415
A15: Vodoměr areál | B15: ='1853'!N26-'1853'!M26 -> 1.259
A18: Voda - m3 | B18: 1854 | C18: 1855 | D18: 1856 | E18: 1857
A19: Náměry bytových vodoměrů | B19: ='1854'!N4-'1854'!M4+'1854'!N6-'1854'!M6+'1854'!N8-'1854'!M8+'1854'!N10-'1854'!M10+'1854'!N12-'1854'!G40+'1854'!G39-'1854'!M12+'1854'!N14-'1854'!M14+'1854'!N16-'1854'!M16+'1854'!N18-'1854'!M18+'1854'!N20-'1854'!M20+'1854'!N22-'1854'!M22 -> 49.166 | C19: ='1855'!N4-'1855'!M4+'1855'!N6-'1855'!M6+'1855'!N8-'1855'!M8+'1855'!N10-'1855'!M10+'1855'!N12-'1855'!M12+'1855'!N14-'1855'!M14+'1855'!N16-'1855'!M16+'1855'!N18-'1855'!M18+'1855'!N20-'1855'!M20+'1855'!N22-'1855'!M22 -> 66.498 | D19: ='1856'!N4-'1856'!M4+'1856'!N6-'1856'!M6+'1856'!N8-'1856'!M8+'1856'!N10-'1856'!M10+'1856'!N12-'1856'!M12+'1856'!N14-'1856'!M14+'1856'!N16-'1856'!M16+'1856'!N18-'1856'!M18+'1856'!N20-'1856'!M20+'1856'!N22-'1856'!M22 -> 70.033 | E19: ='1857'!N4-'1857'!M4+'1857'!N6-'1857'!M6+'1857'!N8-'1857'!M8+'1857'!N10-'1857'!M10+'1857'!N12-'1857'!M12+'1857'!N14-'1857'!M14+'1857'!N16-'1857'!M16+'1857'!N18-'1857'!M18+'1857'!N20-'1857'!M20+'1857'!N22-'1857'!M22 -> 67.847 | G19: =1-B19/B20 -> 0.11888889 | H19: =1-C19/C20 -> 0.10500673 | I19: =1-D19/D20 -> 0.091660182 | J19: =1-E19/E20 -> 0.096577896
A20: Patní vodoměry | B20: ='1854'!N26-'1854'!M26 -> 55.8 | C20: ='1855'!N26-'1855'!M26 -> 74.3 | D20: ='1856'!N26-'1856'!M26 -> 77.1 | E20: ='1857'!N26-'1857'!M26 -> 75.1
A21: Součet patních vodoměrů | B21: =SUM(B20:E20) -> 282.3 | G21: =1-B21/B22 -> -0.050223214
A22: fakturační vodoměr | B22: ='1854'!N29-'1854'!M29 -> 268.8
A23: Teplo - GJ
A24: Náměry bytových kalorimetrů | B24: ='1854'!N5-'1854'!M5+'1854'!N7-'1854'!M7+'1854'!N9-'1854'!M9+'1854'!N11-'1854'!M11+'1854'!N13-'1854'!M13+'1854'!N15-'1854'!M15+'1854'!N17-'1854'!M17+'1854'!N19-'1854'!M19+'1854'!N21-'1854'!M21+'1854'!N23-'1854'!M23 -> 20.351 | C24: ='1855'!N5-'1855'!M5+'1855'!N7-'1855'!M7+'1855'!N9-'1855'!M9+'1855'!N11-'1855'!M11+'1855'!N13-'1855'!M13+'1855'!N15-'1855'!M15+'1855'!N17-'1855'!M17+'1855'!N19-'1855'!M19+'1855'!N21-'1855'!M21+'1855'!N23-'1855'!M23 -> 24.073 | D24: ='1856'!N5-'1856'!M5+'1856'!N7-'1856'!M7+'1856'!N9-'1856'!M9+'1856'!N11-'1856'!M11+'1856'!N13-'1856'!M13+'1856'!N15-'1856'!M15+'1856'!N17-'1856'!M17+'1856'!N19-'1856'!M19+'1856'!N21-'1856'!M21+'1856'!N23-'1856'!M23 -> 21.512 | E24: ='1857'!N5-'1857'!M5+'1857'!N7-'1857'!M7+'1857'!N9-'1857'!M9+'1857'!N11-'1857'!M11+'1857'!N13-'1857'!M13+'1857'!N15-'1857'!M15+'1857'!N17-'1857'!M17+'1857'!N19-'1857'!M19+'1857'!N21-'1857'!M21+'1857'!N23-'1857'!M23 -> 22.524 | G24: =1-B24/B25 -> 0.065181442 | H24: =1-C24/C25 -> 0.071615889 | I24: =1-D24/D25 -> 0.043485994 | J24: =1-E24/E25 -> 0.070408584
A25: Fakturační kalorimetry | B25: =('1854'!N27-'1854'!M27) -> 21.77 | C25: =('1855'!N27-'1855'!M27) -> 25.93 | D25: =('1856'!N27-'1856'!M27) -> 22.49 | E25: =('1857'!N27-'1857'!M27) -> 24.23
A26: Elektřina -
A27: Elektroměr dům | B27: ='1854'!N25-'1854'!M25 -> 175 | C27: ='1855'!N25-'1855'!M25 -> 219 | D27: ='1856'!N25-'1856'!M25 -> 192 | E27: ='1857'!N25-'1857'!M25 -> 265

Sheet S12
A1: Sumář - spotřeba prosinec | B1: =S1!B1 -> 2022
A3: Voda - m3 | B3: 1850 | C3: 1851 | D3: 1852 | E3: 1853
A4: Náměry bytových vodoměrů | B4: ='1850'!O4-'1850'!N4+'1850'!O6-'1850'!N6+'1850'!O8-'1850'!N8+'1850'!O10-'1850'!N10+'1850'!O12-'1850'!N12+'1850'!O14-'1850'!N14+'1850'!O16-'1850'!N16+'1850'!O18-'1850'!N18+'1850'!O20-'1850'!N20+'1850'!O22-'1850'!N22 -> 54.824 | C4: ='1851'!P4-'1851'!O4+'1851'!P6-'1851'!O6+'1851'!P8-'1851'!O8+'1851'!P10-'1851'!O10+'1851'!P12-'1851'!O12+'1851'!P14-'1851'!O14+'1851'!P16-'1851'!O16+'1851'!P18-'1851'!O18+'1851'!P20-'1851'!O20+'1851'!P22-'1851'!O22+'1851'!P33-'1851'!O33+'1851'!P34-'1851'!O34+'1851'!P35-'1851'!O35+'1851'!P36-'1851'!O36+'1851'!P37-'1851'!O37+'1851'!P40-'1851'!O40+'1851'!P41-'1851'!O41+'1851'!P42-'1851'!O42+'1851'!P43-'1851'!O43+'1851'!P44-'1851'!O44+'1851'!P45-'1851'!O45+'1851'!P46-'1851'!O46+'1851'!P47-'1851'!O47+'1851'!P48-'1851'!O48+'1851'!P49-'1851'!O49 -> 84.608 | D4: ='1852'!O4-'1852'!N4+'1852'!O6-'1852'!N6+'1852'!O8-'1852'!N8+'1852'!O10-'1852'!N10+'1852'!O12-'1852'!N12+'1852'!O14-'1852'!N14+'1852'!O16-'1852'!N16+'1852'!O18-'1852'!N18+'1852'!O20-'1852'!N20+'1852'!O22-'1852'!N22 -> 87.328 | E4: ='1853'!O4-'1853'!N4+'1853'!O6-'1853'!N6+'1853'!O8-'1853'!N8+'1853'!O10-'1853'!N10+'1853'!O12-'1853'!N12+'1853'!O14-'1853'!N14+'1853'!O16-'1853'!N16+'1853'!O18-'1853'!N18+'1853'!O20-'1853'!N20+'1853'!O22-'1853'!N22+'1853'!O26-'1853'!N26 -> 68.958 | G4: =1-B4/B5 -> 0.10710098 | H4: =1-C4/C5 -> 0.068193833 | I4: =1-D4/D5 -> 0.09971134 | J4: =1-E4/E5 -> 0.084223108
A5: Patní vodoměry | B5: ='1850'!O26-'1850'!N26 -> 61.4 | C5: ='1851'!P26-'1851'!O26 -> 90.8 | D5: ='1852'!O26-'1852'!N26 -> 97 | E5: ='1853'!O27-'1853'!N27 -> 75.3
A6: Součet patních vodoměrů | B6: =SUM(B5:E5) -> 324.5 | G6: =1-B6/B7 -> 0.041358936
A7: fakturační vodoměr | B7: ='1850'!O29-'1850'!N29 -> 338.5
A8: Teplo - GJ
A9: Náměry bytových kalorimetrů | B9: ='1850'!O5-'1850'!N5+'1850'!O7-'1850'!N7+'1850'!O9-'1850'!N9+'1850'!O11-'1850'!N11+'1850'!O13-'1850'!N13+'1850'!O15-'1850'!N15+'1850'!O17-'1850'!N17+'1850'!O19-'1850'!N19+'1850'!O21-'1850'!N21+'1850'!O23-'1850'!N23 -> 31.707 | C9: ='1851'!P5-'1851'!O5+'1851'!P7-'1851'!O7+'1851'!P9-'1851'!O9+'1851'!P11-'1851'!O11+'1851'!P13-'1851'!O13+'1851'!P15-'1851'!O15+'1851'!P17-'1851'!O17+'1851'!P19-'1851'!O19+'1851'!P21-'1851'!O21+'1851'!P23-'1851'!O23 -> 38.125 | D9: ='1852'!O5-'1852'!N5+'1852'!O7-'1852'!N7+'1852'!O9-'1852'!N9+'1852'!O11-'1852'!N11+'1852'!O13-'1852'!N13+'1852'!O15-'1852'!N15+'1852'!O17-'1852'!N17+'1852'!O19-'1852'!N19+'1852'!O21-'1852'!N21+'1852'!O23-'1852'!N23 -> 36.703 | E9: ='1853'!O5-'1853'!N5+'1853'!O7-'1853'!N7+'1853'!O9-'1853'!N9+'1853'!O11-'1853'!N11+'1853'!O13-'1853'!N13+'1853'!O15-'1853'!N15+'1853'!O17-'1853'!N17+'1853'!O19-'1853'!N19+'1853'!O21-'1853'!N21+'1853'!O23-'1853'!N23 -> 32.079 | G9: =1-B9/B10 -> 0.091073271 | H9: =1-C9/C10 -> 0.10175761 | I9: =1-D9/D10 -> 0.060343062 | J9: =1-E9/E10 -> 0.05505479
A10: Fakturační kalorimetry | B10: =('1850'!O27-'1850'!N27)*3.6 -> 34.884 | C10: =('1851'!P27-'1851'!O27)*3.6 -> 42.444 | D10: =('1852'!O27-'1852'!N27)*3.6 -> 39.06 | E10: =('1853'!O28-'1853'!N28)*3.6 -> 33.948
A11: Elektřina -
A12: Elektroměr dům | B12: ='1850'!O25-'1850'!N25 -> 219 | C12: ='1851'!P24-'1851'!O24 -> 244 | D12: ='1852'!O25-'1852'!N25 -> 324 | E12: ='1853'!O24-'1853'!N24 -> 185
A14: Elektroměr areál | B14: ='1853'!O25-'1853'!N25 -> 450
A15: Vodoměr areál | B15: ='1853'!O26-'1853'!N26 -> 0
A18: Voda - m3 | B18: 1854 | C18: 1855 | D18: 1856 | E18: 1857
A19: Náměry bytových vodoměrů | B19: ='1854'!O4-'1854'!N4+'1854'!O6-'1854'!N6+'1854'!O8-'1854'!N8+'1854'!O10-'1854'!N10+'1854'!O12-'1854'!N12+'1854'!O14-'1854'!N14+'1854'!O16-'1854'!N16+'1854'!O18-'1854'!N18+'1854'!O20-'1854'!N20+'1854'!O22-'1854'!N22 -> 59.231 | C19: ='1855'!O4-'1855'!N4+'1855'!O6-'1855'!N6+'1855'!O8-'1855'!N8+'1855'!O10-'1855'!N10+'1855'!O12-'1855'!N12+'1855'!O14-'1855'!N14+'1855'!O16-'1855'!N16+'1855'!O18-'1855'!N18+'1855'!O20-'1855'!N20+'1855'!O22-'1855'!N22 -> 65.68 | D19: ='1856'!O4-'1856'!N4+'1856'!O6-'1856'!N6+'1856'!O8-'1856'!N8+'1856'!O10-'1856'!N10+'1856'!O12-'1856'!N12+'1856'!O14-'1856'!N14+'1856'!O16-'1856'!N16+'1856'!O18-'1856'!N18+'1856'!O20-'1856'!N20+'1856'!O22-'1856'!N22 -> 74.819 | E19: ='1857'!O4-'1857'!N4+'1857'!O6-'1857'!N6+'1857'!O8-'1857'!N8+'1857'!O10-'1857'!N10+'1857'!O12-'1857'!N12+'1857'!O14-'1857'!N14+'1857'!O16-'1857'!N16+'1857'!O18-'1857'!N18+'1857'!O20-'1857'!N20+'1857'!O22-'1857'!N22 -> 68.795 | G19: =1-B19/B20 -> 0.061315372 | H19: =1-C19/C20 -> 0.11601615 | I19: =1-D19/D20 -> 0.096388889 | J19: =1-E19/E20 -> 0.099541885
A20: Patní vodoměry | B20: ='1854'!O26-'1854'!N26 -> 63.1 | C20: ='1855'!O26-'1855'!N26 -> 74.3 | D20: ='1856'!O26-'1856'!N26 -> 82.8 | E20: ='1857'!O26-'1857'!N26 -> 76.4
A21: Součet patních vodoměrů | B21: =SUM(B20:E20) -> 296.6 | G21: =1-B21/B22 -> -0.040701754
A22: fakturační vodoměr | B22: ='1854'!O29-'1854'!N29 -> 285
A23: Teplo - GJ
A24: Náměry bytových kalorimetrů | B24: ='1854'!O5-'1854'!N5+'1854'!O7-'1854'!N7+'1854'!O9-'1854'!N9+'1854'!O11-'1854'!N11+'1854'!O13-'1854'!N13+'1854'!O15-'1854'!N15+'1854'!O17-'1854'!N17+'1854'!O19-'1854'!N19+'1854'!O21-'1854'!N21+'1854'!O23-'1854'!N23 -> 31.788 | C24: ='1855'!O5-'1855'!N5+'1855'!O7-'1855'!N7+'1855'!O9-'1855'!N9+'1855'!O11-'1855'!N11+'1855'!O13-'1855'!N13+'1855'!O15-'1855'!N15+'1855'!O17-'1855'!N17+'1855'!O19-'1855'!N19+'1855'!O21-'1855'!N21+'1855'!O23-'1855'!N23 -> 33.627 | D24: ='1856'!O5-'1856'!N5+'1856'!O7-'1856'!N7+'1856'!O9-'1856'!N9+'1856'!O11-'1856'!N11+'1856'!O13-'1856'!N13+'1856'!O15-'1856'!N15+'1856'!O17-'1856'!N17+'1856'!O19-'1856'!N19+'1856'!O21-'1856'!N21+'1856'!O23-'1856'!N23 -> 31.405 | E24: ='1857'!O5-'1857'!N5+'1857'!O7-'1857'!N7+'1857'!O9-'1857'!N9+'1857'!O11-'1857'!N11+'1857'!O13-'1857'!N13+'1857'!O15-'1857'!N15+'1857'!O17-'1857'!N17+'1857'!O19-'1857'!N19+'1857'!O21-'1857'!N21+'1857'!O23-'1857'!N23 -> 33.045 | G24: =1-B24/B25 -> 0.072965879 | H24: =1-C24/C25 -> 0.076688633 | I24: =1-D24/D25 -> 0.092603294 | J24: =1-E24/E25 -> 0.085892116
A25: Fakturační kalorimetry | B25: =('1854'!O27-'1854'!N27) -> 34.29 | C25: =('1855'!O27-'1855'!N27) -> 36.42 | D25: =('1856'!O27-'1856'!N27) -> 34.61 | E25: =('1857'!O27-'1857'!N27) -> 36.15
A26: Elektřina -
A27: Elektroměr dům | B27: ='1854'!O25-'1854'!N25 -> 295 | C27: ='1855'!O25-'1855'!N25 -> 304 | D27: ='1856'!O25-'1856'!N25 -> 256 | E27: ='1857'!O25-'1857'!N25 -> 199

Sheet Rozdíly
A1: Přehled rozdílů a ztrát za teplo v GJ | F1: =S1!B1 -> 2022
C3: 1850 | F3: 51 | I3: 52 | L3: 53 | O3: 54 | R3: 55 | U3: 56 | X3: 57
C4: 1850 | F4: 1851 | I4: 1852 | L4: 1853 | O4: 1854 | R4: 1855 | U4: 1856 | X4: 1857
C5: odečet | D5: rozdíl [GJ] | E5: rozdíl [%] | F5: odečet | G5: rozdíl [GJ] | H5: rozdíl [%] | I5: odečet | J5: rozdíl [GJ] | K5: rozdíl [%] | L5: odečet | M5: rozdíl [GJ] | N5: rozdíl [%] | O5: odečet | P5: rozdíl [GJ] | Q5: rozdíl [%] | R5: odečet | S5: rozdíl [GJ] | T5: rozdíl [%] | U5: odečet | V5: rozdíl [GJ] | W5: rozdíl [%] | X5: odečet | Y5: rozdíl [GJ] | Z5: rozdíl [%]
A6: leden | B6: součty kal. | C6: =S1!B9 -> 33.448 | D6: =S1!B10-S1!B9 -> 2.624 | E6: =D6/C7 -> 0.072743402 | F6: =S1!C9 -> 41.724 | G6: =S1!C10-S1!C9 -> 4.5 | H6: =G6/F7 -> 0.097352025 | I6: =S1!D9 -> 38.167 | J6: =S1!D10-S1!D9 -> 2.189 | K6: =J6/I7 -> 0.054242244 | L6: =S1!E9 -> 32.972 | M6: =S1!E10-S1!E9 -> 2.776 | N6: =M6/L7 -> 0.077654694 | O6: =S1!B24 -> 33.318 | P6: =S1!B25-S1!B24 -> 2.052 | Q6: =P6/O7 -> 0.058015267 | R6: =S1!C24 -> 39.27 | S6: =S1!C25-S1!C24 -> 3.08 | T6: =S6/R7 -> 0.072727273 | U6: =S1!D24 -> 34.779 | V6: =S1!D25-S1!D24 -> 2.971 | W6: =V6/U7 -> 0.078701987 | X6: =S1!E24 -> 35.323 | Y6: =S1!E25-S1!E24 -> 3.367 | Z6: =Y6/X7 -> 0.087025071
B7: faktur.kal. | C7: =S1!B10 -> 36.072 | F7: =S1!C10 -> 46.224 | I7: =S1!D10 -> 40.356 | L7: =S1!E10 -> 35.748 | O7: =S1!B25 -> 35.37 | R7: =S1!C25 -> 42.35 | U7: =S1!D25 -> 37.75 | X7: =S1!E25 -> 38.69
A8: únor | B8: součty kal. | C8: =S2!B9 -> 24.862 | D8: =S2!B10-S2!B9 -> 1.634 | E8: =D8/C9 -> 0.061669686 | F8: =S2!C9 -> 31.042 | G8: =S2!C10-S2!C9 -> 3.662 | H8: =G8/F9 -> 0.10552098 | I8: =S2!D9 -> 28.514 | J8: =S2!D10-S2!D9 -> 0.286 | K8: =J8/I9 -> 0.0099305556 | L8: =S2!E9 -> 25.198 | M8: =S2!E10-S2!E9 -> 2.126 | N8: =M8/L9 -> 0.077807056 | O8: =S2!B24 -> 25.531 | P8: =S2!B25-S2!B24 -> 1.859 | Q8: =P8/O9 -> 0.067871486 | R8: =S2!C24 -> 28.52 | S8: =S2!C25-S2!C24 -> 2.32 | T8: =S8/R9 -> 0.075226978 | U8: =S2!D24 -> 26.347 | V8: =S2!D25-S2!D24 -> 1.343 | W8: =V8/U9 -> 0.048501264 | X8: =S2!E24 -> 25.238 | Y8: =S2!E25-S2!E24 -> 1.202 | Z8: =Y8/X9 -> 0.045461422
B9: faktur.kal. | C9: =S2!B10 -> 26.496 | F9: =S2!C10 -> 34.704 | I9: =S2!D10 -> 28.8 | L9: =S2!E10 -> 27.324 | O9: =S2!B25 -> 27.39 | R9: =S2!C25 -> 30.84 | U9: =S2!D25 -> 27.69 | X9: =S2!E25 -> 26.44
A10: březen | B10: součty kal. | C10: =S3!B9 -> 19.642 | D10: =S3!B10-S3!B9 -> 0.698 | E10: =D10/C11 -> 0.034316618 | F10: =S3!C9 -> 26.406 | G10: =S3!C10-S3!C9 -> 3.654 | H10: =G10/F11 -> 0.12155689 | I10: =S3!D9 -> 24.634 | J10: =S3!D10-S3!D9 -> -0.154 | K10: =J10/I11 -> -0.0062908497 | L10: =S3!E9 -> 20.22 | M10: =S3!E10-S3!E9 -> 2.568 | N10: =M10/L11 -> 0.11269089 | O10: =S3!B24 -> 21.221 | P10: =S3!B25-S3!B24 -> 1.489 | Q10: =P10/O11 -> 0.06556583 | R10: =S3!C24 -> 24.564 | S10: =S3!C25-S3!C24 -> 1.316 | T10: =S10/R11 -> 0.050850077 | U10: =S3!D24 -> 25.424 | V10: =S3!D25-S3!D24 -> -2.654 | W10: =V10/U11 -> -0.11655687 | X10: =S3!E24 -> 20.443 | Y10: =S3!E25-S3!E24 -> 0.297 | Z10: =Y10/X11 -> 0.014320154
B11: faktur.kal. | C11: =S3!B10 -> 20.34 | F11: =S3!C10 -> 30.06 | I11: =S3!D10 -> 24.48 | L11: =S3!E10 -> 22.788 | O11: =S3!B25 -> 22.71 | R11: =S3!C25 -> 25.88 | U11: =S3!D25 -> 22.77 | X11: =S3!E25 -> 20.74
A12: duben | B12: součty kal. | C12: =S4!B9 -> 14.785 | D12: =S4!B10-S4!B9 -> 0.299 | E12: =D12/C13 -> 0.019822328 | F12: =S4!C9 -> 20.313 | G12: =S4!C10-S4!C9 -> 3.519 | H12: =G12/F13 -> 0.14765861 | I12: =S4!D9 -> 20.167 | J12: =S4!D10-S4!D9 -> -0.511 | K12: =J12/I13 -> -0.025997151 | L12: =S4!E9 -> 13.81 | M12: =S4!E10-S4!E9 -> 2.39 | N12: =M12/L13 -> 0.14753086 | O12: =S4!B24 -> 16.092 | P12: =S4!B25-S4!B24 -> 0.958 | Q12: =P12/O13 -> 0.056187683 | R12: =S4!C24 -> 18.284 | S12: =S4!C25-S4!C24 -> 1.336 | T12: =S12/R13 -> 0.068093782 | U12: =S4!D24 -> 19.289 | V12: =S4!D25-S4!D24 -> -2.879 | W12: =V12/U13 -> -0.1754418 | X12: =S4!E24 -> 16.339 | Y12: =S4!E25-S4!E24 -> 0.011 | Z12: =Y12/X13 -> 0.00067278287
B13: faktur.kal. | C13: =S4!B10 -> 15.084 | F13: =S4!C10 -> 23.832 | I13: =S4!D10 -> 19.656 | L13: =S4!E10 -> 16.2 | O13: =S4!B25 -> 17.05 | R13: =S4!C25 -> 19.62 | U13: =S4!D25 -> 16.41 | X13: =S4!E25 -> 16.35
A14: květen | B14: součty kal. | C14: =S5!B9 -> 4.891 | D14: =S5!B10-S5!B9 -> -1.543 | E14: =D14/C15 -> -0.46087216 | F14: =S5!C9 -> 7.669 | G14: =S5!C10-S5!C9 -> 3.383 | H14: =G14/F15 -> 0.30609844 | I14: =S5!D9 -> 6.953 | J14: =S5!D10-S5!D9 -> -1.697 | K14: =J14/I15 -> -0.3228691 | L14: =S5!E9 -> 3.845 | M14: =S5!E10-S5!E9 -> 2.383 | N14: =M14/L15 -> 0.38262685 | O14: =S5!B24 -> 4.326 | P14: =S5!B25-S5!B24 -> -0.686 | Q14: =P14/O15 -> -0.18846154 | R14: =S5!C24 -> 5.096 | S14: =S5!C25-S5!C24 -> -0.376 | T14: =S14/R15 -> -0.079661017 | U14: =S5!D24 -> 7.115 | V14: =S5!D25-S5!D24 -> -3.685 | W14: =V14/U15 -> -1.074344 | X14: =S5!E24 -> 4.199 | Y14: =S5!E25-S5!E24 -> -1.329 | Z14: =Y14/X15 -> -0.4630662
B15: faktur.kal. | C15: =S5!B10 -> 3.348 | F15: =S5!C10 -> 11.052 | I15: =S5!D10 -> 5.256 | L15: =S5!E10 -> 6.228 | O15: =S5!B25 -> 3.64 | R15: =S5!C25 -> 4.72 | U15: =S5!D25 -> 3.43 | X15: =S5!E25 -> 2.87
A16: červen | B16: součty kal. | C16: =S6!B9 -> 3.677 | D16: =S6!B10-S6!B9 -> -1.445 | E16: =D16/C17 -> -0.64740143 | F16: =S6!C9 -> 5.979 | G16: =S6!C10-S6!C9 -> 3.273 | H16: =G16/F17 -> 0.35376135 | I16: =S6!D9 -> 5.517 | J16: =S6!D10-S6!D9 -> -1.593 | K16: =J16/I17 -> -0.4059633 | L16: =S6!E9 -> 3.141 | M16: =S6!E10-S6!E9 -> 2.511 | N16: =M16/L17 -> 0.44426752 | O16: =S6!B24 -> 3.059 | P16: =S6!B25-S6!B24 -> -0.729 | Q16: =P16/O17 -> -0.31287554 | R16: =S6!C24 -> 3.717 | S16: =S6!C25-S6!C24 -> -0.557 | T16: =S16/R17 -> -0.17626582 | U16: =S6!D24 -> 4.942 | V16: =S6!D25-S6!D24 -> -2.492 | W16: =V16/U17 -> -1.0171429 | X16: =S6!E24 -> 3.482 | Y16: =S6!E25-S6!E24 -> -1.272 | Z16: =Y16/X17 -> -0.57556561
B17: faktur.kal. | C17: =S6!B10 -> 2.232 | F17: =S6!C10 -> 9.252 | I17: =S6!D10 -> 3.924 | L17: =S6!E10 -> 5.652 | O17: =S6!B25 -> 2.33 | R17: =S6!C25 -> 3.16 | U17: =S6!D25 -> 2.45 | X17: =S6!E25 -> 2.21
A18: červenec | B18: součty kal. | C18: =S7!B9 -> 3.183 | D18: =S7!B10-S7!B9 -> -1.455 | E18: =D18/C19 -> -0.84201389 | F18: =S7!C9 -> 5.603 | G18: =S7!C10-S7!C9 -> 3.577 | H18: =G18/F19 -> 0.38965142 | I18: =S7!D9 -> 4.714 | J18: =S7!D10-S7!D9 -> -1.87 | K18: =J18/I19 -> -0.65752461 | L18: =S7!E9 -> 2.844 | M18: =S7!E10-S7!E9 -> 0.936 | N18: =M18/L19 -> 0.24761905 | O18: =S7!B24 -> 2.747 | P18: =S7!B25-S7!B24 -> -0.197 | Q18: =P18/O19 -> -0.077254902 | R18: =S7!C24 -> 3.15 | S18: =S7!C25-S7!C24 -> -0.64 | T18: =S18/R19 -> -0.25498008 | U18: =S7!D24 -> 3.163 | V18: =S7!D25-S7!D24 -> -0.873 | W18: =V18/U19 -> -0.38122271 | X18: =S7!E24 -> 3.095 | Y18: =S7!E25-S7!E24 -> -1.295 | Z18: =Y18/X19 -> -0.71944444
B19: faktur.kal. | C19: =S7!B10 -> 1.728 | F19: =S7!C10 -> 9.18 | I19: =S7!D10 -> 2.844 | L19: =S7!E10 -> 3.78 | O19: =S7!B25 -> 2.55 | R19: =S7!C25 -> 2.51 | U19: =S7!D25 -> 2.29 | X19: =S7!E25 -> 1.8
A20: srpen | B20: součty kal. | C20: =S8!B9 -> 3.108 | D20: =S8!B10-S8!B9 -> -1.416 | E20: =D20/C21 -> -0.83687943 | F20: =S8!C9 -> 5.27 | G20: =S8!C10-S8!C9 -> 3.586 | H20: =G20/F21 -> 0.40492322 | I20: =S8!D9 -> 4.355 | J20: =S8!D10-S8!D9 -> -1.907 | K20: =J20/I21 -> -0.77900327 | L20: =S8!E9 -> 2.587 | M20: =S8!E10-S8!E9 -> -0.607 | N20: =M20/L21 -> -0.30656566 | O20: =S8!B24 -> 2.842 | P20: =S8!B25-S8!B24 -> 0.258 | Q20: =P20/O21 -> 0.083225806 | R20: =S8!C24 -> 3.051 | S20: =S8!C25-S8!C24 -> -0.661 | T20: =S20/R21 -> -0.27656904 | U20: =S8!D24 -> 3.111 | V20: =S8!D25-S8!D24 -> -0.891 | W20: =V20/U21 -> -0.40135135 | X20: =S8!E24 -> 3.13 | Y20: =S8!E25-S8!E24 -> -1.29 | Z20: =Y20/X21 -> -0.70108696
B21: faktur.kal. | C21: =S8!B10 -> 1.692 | F21: =S8!C10 -> 8.856 | I21: =S8!D10 -> 2.448 | L21: =S8!E10 -> 1.98 | O21: =S8!B25 -> 3.1 | R21: =S8!C25 -> 2.39 | U21: =S8!D25 -> 2.22 | X21: =S8!E25 -> 1.84
A22: září | B22: součty kal. | C22: =S9!B9 -> 4.21 | D22: =S9!B10-S9!B9 -> -1.222 | E22: =D22/C23 -> -0.40896921 | F22: =S9!C9 -> 6.879 | G22: =S9!C10-S9!C9 -> 3.237 | H22: =G22/F23 -> 0.31998814 | I22: =S9!D9 -> 6.514 | J22: =S9!D10-S9!D9 -> -1.474 | K22: =J22/I23 -> -0.29246032 | L22: =S9!E9 -> 3.678 | M22: =S9!E10-S9!E9 -> -0.51 | N22: =M22/L23 -> -0.16098485 | O22: =S9!B24 -> 3.991 | P22: =S9!B25-S9!B24 -> 0.099 | Q22: =P22/O23 -> 0.024205379 | R22: =S9!C24 -> 4.317 | S22: =S9!C25-S9!C24 -> -0.627 | T22: =S22/R23 -> -0.1699187 | U22: =S9!D24 -> 3.584 | V22: =S9!D25-S9!D24 -> -0.674 | W22: =V22/U23 -> -0.23161512 | X22: =S9!E24 -> 4.529 | Y22: =S9!E25-S9!E24 -> -1.009 | Z22: =Y22/X23 -> -0.28664773
B23: faktur.kal. | C23: =S9!B10 -> 2.988 | F23: =S9!C10 -> 10.116 | I23: =S9!D10 -> 5.04 | L23: =S9!E10 -> 3.168 | O23: =S9!B25 -> 4.09 | R23: =S9!C25 -> 3.69 | U23: =S9!D25 -> 2.91 | X23: =S9!E25 -> 3.52
A24: říjen | B24: součty kal. | C24: =S10!B9 -> 7.795 | D24: =S10!B10-S10!B9 -> -0.271 | E24: =D24/C25 -> -0.036018075 | F24: =S10!C9 -> 10.535 | G24: =S10!C10-S10!C9 -> 3.613 | H24: =G24/F25 -> 0.25537178 | I24: =S10!D9 -> 11.279 | J24: =S10!D10-S10!D9 -> -1.235 | K24: =J24/I25 -> -0.12295898 | L24: =S10!E9 -> 6.82 | M24: =S10!E10-S10!E9 -> -0.304 | N24: =M24/L25 -> -0.046654389 | O24: =S10!B24 -> 8.431 | P24: =S10!B25-S10!B24 -> 0.459 | Q24: =P24/O25 -> 0.051631046 | R24: =S10!C24 -> 10.21 | S24: =S10!C25-S10!C24 -> 0.26 | T24: =S24/R25 -> 0.024832856 | U24: =S10!D24 -> 7.652 | V24: =S10!D25-S10!D24 -> -0.612 | W24: =V24/U25 -> -0.086931818 | X24: =S10!E24 -> 8.338 | Y24: =S10!E25-S10!E24 -> -0.378 | Z24: =Y24/X25 -> -0.047487437
B25: faktur.kal. | C25: =S10!B10 -> 7.524 | F25: =S10!C10 -> 14.148 | I25: =S10!D10 -> 10.044 | L25: =S10!E10 -> 6.516 | O25: =S10!B25 -> 8.89 | R25: =S10!C25 -> 10.47 | U25: =S10!D25 -> 7.04 | X25: =S10!E25 -> 7.96
A26: listopad | B26: součty kal. | C26: =S11!B9 -> 20.308 | D26: =S11!B10-S11!B9 -> 1.472 | E26: =D26/C27 -> 0.06758494 | F26: =S11!C9 -> 25.484 | G26: =S11!C10-S11!C9 -> 3.676 | H26: =G26/F27 -> 0.1260631 | I26: =S11!D9 -> 25.783 | J26: =S11!D10-S11!D9 -> 1.217 | K26: =J26/I27 -> 0.045074074 | L26: =S11!E9 -> 20.891 | M26: =S11!E10-S11!E9 -> 1.393 | N26: =M26/L27 -> 0.062511219 | O26: =S11!B24 -> 20.351 | P26: =S11!B25-S11!B24 -> 1.419 | Q26: =P26/O27 -> 0.065181442 | R26: =S11!C24 -> 24.073 | S26: =S11!C25-S11!C24 -> 1.857 | T26: =S26/R27 -> 0.071615889 | U26: =S11!D24 -> 21.512 | V26: =S11!D25-S11!D24 -> 0.978 | W26: =V26/U27 -> 0.043485994 | X26: =S11!E24 -> 22.524 | Y26: =S11!E25-S11!E24 -> 1.706 | Z26: =Y26/X27 -> 0.070408584
B27: faktur.kal. | C27: =S11!B10 -> 21.78 | F27: =S11!C10 -> 29.16 | I27: =S11!D10 -> 27 | L27: =S11!E10 -> 22.284 | O27: =S11!B25 -> 21.77 | R27: =S11!C25 -> 25.93 | U27: =S11!D25 -> 22.49 | X27: =S11!E25 -> 24.23
A28: prosinec | B28: součty kal. | C28: =S12!B9 -> 31.707 | D28: =S12!B10-S12!B9 -> 3.177 | E28: =D28/C29 -> 0.091073271 | F28: =S12!C9 -> 38.125 | G28: =S12!C10-S12!C9 -> 4.319 | H28: =G28/F29 -> 0.10175761 | I28: =S12!D9 -> 36.703 | J28: =S12!D10-S12!D9 -> 2.357 | K28: =J28/I29 -> 0.060343062 | L28: =S12!E9 -> 32.079 | M28: =S12!E10-S12!E9 -> 1.869 | N28: =M28/L29 -> 0.05505479 | O28: =S12!B24 -> 31.788 | P28: =S12!B25-S12!B24 -> 2.502 | Q28: =P28/O29 -> 0.072965879 | R28: =S12!C24 -> 33.627 | S28: =S12!C25-S12!C24 -> 2.793 | T28: =S28/R29 -> 0.076688633 | U28: =S12!D24 -> 31.405 | V28: =S12!D25-S12!D24 -> 3.205 | W28: =V28/U29 -> 0.092603294 | X28: =S12!E24 -> 33.045 | Y28: =S12!E25-S12!E24 -> 3.105 | Z28: =Y28/X29 -> 0.085892116
B29: faktur.kal. | C29: =S12!B10 -> 34.884 | F29: =S12!C10 -> 42.444 | I29: =S12!D10 -> 39.06 | L29: =S12!E10 -> 33.948 | O29: =S12!B25 -> 34.29 | R29: =S12!C25 -> 36.42 | U29: =S12!D25 -> 34.61 | X29: =S12!E25 -> 36.15
B30: Poznámka:
A31: CELKEM ROZDÍL v GJ | D31: =SUM(D6:D29) -> 2.552 | G31: =SUM(G6:G29) -> 43.999 | J31: =SUM(J6:J29) -> -4.392 | M31: =SUM(M6:M29) -> 17.531 | P31: =SUM(P6:P29) -> 9.483 | S31: =SUM(S6:S29) -> 10.101 | V31: =SUM(V6:V29) -> -6.263 | Y31: =SUM(Y6:Y29) -> 3.115
A33: CELKEM ROZDÍL v % | D33: =(D6+D8+D10+D12+D14+D16+D18+D20+D22+D24+D26+D28)/(C7+C9+C11+C13+C15+C17+C19+C21+C23+C25+C27+C29) -> 0.014652519 | G33: =(G6+G8+G10+G12+G14+G16+G18+G20+G22+G24+G26+G28)/(F7+F9+F11+F13+F15+F17+F19+F21+F23+F25+F27+F29) -> 0.16354803 | J33: =(J6+J8+J10+J12+J14+J16+J18+J20+J22+J24+J26+J28)/(I7+I9+I11+I13+I15+I17+I19+I21+I23+I25+I27+I29) -> -0.021023608 | M33: =(M6+M8+M10+M12+M14+M16+M18+M20+M22+M24+M26+M28)/(L7+L9+L11+L13+L15+L17+L19+L21+L23+L25+L27+L29) -> 0.094447677 | P33: =(P6+P8+P10+P12+P14+P16+P18+P20+P22+P24+P26+P28)/(O7+O9+O11+O13+O15+O17+O19+O21+O23+O25+O27+O29) -> 0.051768752 | S33: =(S6+S8+S10+S12+S14+S16+S18+S20+S22+S24+S26+S28)/(R7+R9+R11+R13+R15+R17+R19+R21+R23+R25+R27+R29) -> 0.04856717 | V33: =(V6+V8+V10+V12+V14+V16+V18+V20+V22+V24+V26+V28)/(U7+U9+U11+U13+U15+U17+U19+U21+U23+U25+U27+U29) -> -0.034400747 | Y33: =(Y6+Y8+Y10+Y12+Y14+Y16+Y18+Y20+Y22+Y24+Y26+Y28)/(X7+X9+X11+X13+X15+X17+X19+X21+X23+X25+X27+X29) -> 0.017040481
D34: 1850 | G34: 1851 | J34: 1852 | M34: 1853 | P34: 1854 | S34: 1855 | V34: 1856 | Y34: 1857

Sheet Rozdíly (2)
A1: Přehled rozdílů a ztrát za teplo v GJ
C3: 1850 | F3: 51 | I3: 52 | L3: 53 | O3: 54 | R3: 55 | U3: 56 | X3: 57
C4: 1850 | F4: 1851 | I4: 1852 | L4: 1853 | O4: 1854 | R4: 1855 | U4: 1856 | X4: 1857
C5: odečet | D5: rozdíl [GJ] | E5: rozdíl [%] | F5: odečet | G5: rozdíl [GJ] | H5: rozdíl [%] | I5: odečet | J5: rozdíl [GJ] | K5: rozdíl [%] | L5: odečet | M5: rozdíl [GJ] | N5: rozdíl [%] | O5: odečet | P5: rozdíl [GJ] | Q5: rozdíl [%] | R5: odečet | S5: rozdíl [GJ] | T5: rozdíl [%] | U5: odečet | V5: rozdíl [GJ] | W5: rozdíl [%] | X5: odečet | Y5: rozdíl [GJ] | Z5: rozdíl [%]
A6: leden | B6: součty kal. | C6: =S1!B9 -> 33.448 | D6: =S1!B10-S1!B9 -> 2.624 | E6: =D6/C7 -> 0.072743402 | F6: =S1!C9 -> 41.724 | G6: =S1!C10-S1!C9 -> 4.5 | H6: =G6/F7 -> 0.097352025 | I6: =S1!D9 -> 38.167 | J6: =S1!D10-S1!D9 -> 2.189 | K6: =J6/I7 -> 0.054242244 | L6: =S1!E9 -> 32.972 | M6: =S1!E10-S1!E9 -> 2.776 | N6: =M6/L7 -> 0.077654694 | O6: =S1!B24 -> 33.318 | P6: =S1!B25-S1!B24 -> 2.052 | Q6: =P6/O7 -> 0.058015267 | R6: =S1!C24 -> 39.27 | S6: =S1!C25-S1!C24 -> 3.08 | T6: =S6/R7 -> 0.072727273 | U6: =S1!D24 -> 34.779 | V6: =S1!D25-S1!D24 -> 2.971 | W6: =V6/U7 -> 0.078701987 | X6: =S1!E24 -> 35.323 | Y6: =S1!E25-S1!E24 -> 3.367 | Z6: =Y6/X7 -> 0.087025071
B7: faktur.kal. | C7: =S1!B10 -> 36.072 | F7: =S1!C10 -> 46.224 | I7: =S1!D10 -> 40.356 | L7: =S1!E10 -> 35.748 | O7: =S1!B25 -> 35.37 | R7: =S1!C25 -> 42.35 | U7: =S1!D25 -> 37.75 | X7: =S1!E25 -> 38.69
A8: únor | B8: součty kal. | C8: =S2!B9 -> 24.862 | D8: =S2!B10-S2!B9 -> 1.634 | E8: =D8/C9 -> 0.061669686 | F8: =S2!C9 -> 31.042 | G8: =S2!C10-S2!C9 -> 3.662 | H8: =G8/F9 -> 0.10552098 | I8: =S2!D9 -> 28.514 | J8: =S2!D10-S2!D9 -> 0.286 | K8: =J8/I9 -> 0.0099305556 | L8: =S2!E9 -> 25.198 | M8: =S2!E10-S2!E9 -> 2.126 | N8: =M8/L9 -> 0.077807056 | O8: =S2!B24 -> 25.531 | P8: =S2!B25-S2!B24 -> 1.859 | Q8: =P8/O9 -> 0.067871486 | R8: =S2!C24 -> 28.52 | S8: =S2!C25-S2!C24 -> 2.32 | T8: =S8/R9 -> 0.075226978 | U8: =S2!D24 -> 26.347 | V8: =S2!D25-S2!D24 -> 1.343 | W8: =V8/U9 -> 0.048501264 | X8: =S2!E24 -> 25.238 | Y8: =S2!E25-S2!E24 -> 1.202 | Z8: =Y8/X9 -> 0.045461422
B9: faktur.kal. | C9: =S2!B10 -> 26.496 | F9: =S2!C10 -> 34.704 | I9: =S2!D10 -> 28.8 | L9: =S2!E10 -> 27.324 | O9: =S2!B25 -> 27.39 | R9: =S2!C25 -> 30.84 | U9: =S2!D25 -> 27.69 | X9: =S2!E25 -> 26.44
A10: březen | B10: součty kal. | C10: =S3!B9 -> 19.642 | D10: =S3!B10-S3!B9 -> 0.698 | E10: =D10/C11 -> 0.034316618 | F10: =S3!C9 -> 26.406 | G10: =S3!C10-S3!C9 -> 3.654 | H10: =G10/F11 -> 0.12155689 | I10: =S3!D9 -> 24.634 | J10: =S3!D10-S3!D9 -> -0.154 | K10: =J10/I11 -> -0.0062908497 | L10: =S3!E9 -> 20.22 | M10: =S3!E10-S3!E9 -> 2.568 | N10: =M10/L11 -> 0.11269089 | O10: =S3!B24 -> 21.221 | P10: =S3!B25-S3!B24 -> 1.489 | Q10: =P10/O11 -> 0.06556583 | R10: =S3!C24 -> 24.564 | S10: =S3!C25-S3!C24 -> 1.316 | T10: =S10/R11 -> 0.050850077 | U10: =S3!D24 -> 25.424 | V10: =S3!D25-S3!D24 -> -2.654 | W10: =V10/U11 -> -0.11655687 | X10: =S3!E24 -> 20.443 | Y10: =S3!E25-S3!E24 -> 0.297 | Z10: =Y10/X11 -> 0.014320154
B11: faktur.kal. | C11: =S3!B10 -> 20.34 | F11: =S3!C10 -> 30.06 | I11: =S3!D10 -> 24.48 | L11: =S3!E10 -> 22.788 | O11: =S3!B25 -> 22.71 | R11: =S3!C25 -> 25.88 | U11: =S3!D25 -> 22.77 | X11: =S3!E25 -> 20.74
A12: duben | B12: součty kal. | C12: =S4!B9 -> 14.785 | D12: =S4!B10-S4!B9 -> 0.299 | E12: =D12/C13 -> 0.019822328 | F12: =S4!C9 -> 20.313 | G12: =S4!C10-S4!C9 -> 3.519 | H12: =G12/F13 -> 0.14765861 | I12: =S4!D9 -> 20.167 | J12: =S4!D10-S4!D9 -> -0.511 | K12: =J12/I13 -> -0.025997151 | L12: =S4!E9 -> 13.81 | M12: =S4!E10-S4!E9 -> 2.39 | N12: =M12/L13 -> 0.14753086 | O12: =S4!B24 -> 16.092 | P12: =S4!B25-S4!B24 -> 0.958 | Q12: =P12/O13 -> 0.056187683 | R12: =S4!C24 -> 18.284 | S12: =S4!C25-S4!C24 -> 1.336 | T12: =S12/R13 -> 0.068093782 | U12: =S4!D24 -> 19.289 | V12: =S4!D25-S4!D24 -> -2.879 | W12: =V12/U13 -> -0.1754418 | X12: =S4!E24 -> 16.339 | Y12: =S4!E25-S4!E24 -> 0.011 | Z12: =Y12/X13 -> 0.00067278287
B13: faktur.kal. | C13: =S4!B10 -> 15.084 | F13: =S4!C10 -> 23.832 | I13: =S4!D10 -> 19.656 | L13: =S4!E10 -> 16.2 | O13: =S4!B25 -> 17.05 | R13: =S4!C25 -> 19.62 | U13: =S4!D25 -> 16.41 | X13: =S4!E25 -> 16.35
A14: květen | B14: součty kal. | C14: =S5!B9 -> 4.891 | D14: =S5!B10-S5!B9 -> -1.543 | E14: =D14/C15 -> -0.46087216 | F14: =S5!C9 -> 7.669 | G14: =S5!C10-S5!C9 -> 3.383 | H14: =G14/F15 -> 0.30609844 | I14: =S5!D9 -> 6.953 | J14: =S5!D10-S5!D9 -> -1.697 | K14: =J14/I15 -> -0.3228691 | L14: =S5!E9 -> 3.845 | M14: =S5!E10-S5!E9 -> 2.383 | N14: =M14/L15 -> 0.38262685 | O14: =S5!B24 -> 4.326 | P14: =S5!B25-S5!B24 -> -0.686 | Q14: =P14/O15 -> -0.18846154 | R14: =S5!C24 -> 5.096 | S14: =S5!C25-S5!C24 -> -0.376 | T14: =S14/R15 -> -0.079661017 | U14: =S5!D24 -> 7.115 | V14: =S5!D25-S5!D24 -> -3.685 | W14: =V14/U15 -> -1.074344 | X14: =S5!E24 -> 4.199 | Y14: =S5!E25-S5!E24 -> -1.329 | Z14: =Y14/X15 -> -0.4630662
B15: faktur.kal. | C15: =S5!B10 -> 3.348 | F15: =S5!C10 -> 11.052 | I15: =S5!D10 -> 5.256 | L15: =S5!E10 -> 6.228 | O15: =S5!B25 -> 3.64 | R15: =S5!C25 -> 4.72 | U15: =S5!D25 -> 3.43 | X15: =S5!E25 -> 2.87
A16: červen | B16: součty kal. | C16: =S6!B9 -> 3.677 | D16: =S6!B10-S6!B9 -> -1.445 | E16: =D16/C17 -> -0.64740143 | F16: =S6!C9 -> 5.979 | G16: =S6!C10-S6!C9 -> 3.273 | H16: =G16/F17 -> 0.35376135 | I16: =S6!D9 -> 5.517 | J16: =S6!D10-S6!D9 -> -1.593 | K16: =J16/I17 -> -0.4059633 | L16: =S6!E9 -> 3.141 | M16: =S6!E10-S6!E9 -> 2.511 | N16: =M16/L17 -> 0.44426752 | O16: =S6!B24 -> 3.059 | P16: =S6!B25-S6!B24 -> -0.729 | Q16: =P16/O17 -> -0.31287554 | R16: =S6!C24 -> 3.717 | S16: =S6!C25-S6!C24 -> -0.557 | T16: =S16/R17 -> -0.17626582 | U16: =S6!D24 -> 4.942 | V16: =S6!D25-S6!D24 -> -2.492 | W16: =V16/U17 -> -1.0171429 | X16: =S6!E24 -> 3.482 | Y16: =S6!E25-S6!E24 -> -1.272 | Z16: =Y16/X17 -> -0.57556561
B17: faktur.kal. | C17: =S6!B10 -> 2.232 | F17: =S6!C10 -> 9.252 | I17: =S6!D10 -> 3.924 | L17: =S6!E10 -> 5.652 | O17: =S6!B25 -> 2.33 | R17: =S6!C25 -> 3.16 | U17: =S6!D25 -> 2.45 | X17: =S6!E25 -> 2.21
A18: červenec | B18: součty kal. | C18: =S7!B9 -> 3.183 | D18: =S7!B10-S7!B9 -> -1.455 | E18: =D18/C19 -> -0.84201389 | F18: =S7!C9 -> 5.603 | G18: =S7!C10-S7!C9 -> 3.577 | H18: =G18/F19 -> 0.38965142 | I18: =S7!D9 -> 4.714 | J18: =S7!D10-S7!D9 -> -1.87 | K18: =J18/I19 -> -0.65752461 | L18: =S7!E9 -> 2.844 | M18: =S7!E10-S7!E9 -> 0.936 | N18: =M18/L19 -> 0.24761905 | O18: =S7!B24 -> 2.747 | P18: =S7!B25-S7!B24 -> -0.197 | Q18: =P18/O19 -> -0.077254902 | R18: =S7!C24 -> 3.15 | S18: =S7!C25-S7!C24 -> -0.64 | T18: =S18/R19 -> -0.25498008 | U18: =S7!D24 -> 3.163 | V18: =S7!D25-S7!D24 -> -0.873 | W18: =V18/U19 -> -0.38122271 | X18: =S7!E24 -> 3.095 | Y18: =S7!E25-S7!E24 -> -1.295 | Z18: =Y18/X19 -> -0.71944444
B19: faktur.kal. | C19: =S7!B10 -> 1.728 | F19: =S7!C10 -> 9.18 | I19: =S7!D10 -> 2.844 | L19: =S7!E10 -> 3.78 | O19: =S7!B25 -> 2.55 | R19: =S7!C25 -> 2.51 | U19: =S7!D25 -> 2.29 | X19: =S7!E25 -> 1.8
A20: srpen | B20: součty kal. | C20: =S8!B9 -> 3.108 | D20: =S8!B10-S8!B9 -> -1.416 | E20: =D20/C21 -> -0.83687943 | F20: =S8!C9 -> 5.27 | G20: =S8!C10-S8!C9 -> 3.586 | H20: =G20/F21 -> 0.40492322 | I20: =S8!D9 -> 4.355 | J20: =S8!D10-S8!D9 -> -1.907 | K20: =J20/I21 -> -0.77900327 | L20: =S8!E9 -> 2.587 | M20: =S8!E10-S8!E9 -> -0.607 | N20: =M20/L21 -> -0.30656566 | O20: =S8!B24 -> 2.842 | P20: =S8!B25-S8!B24 -> 0.258 | Q20: =P20/O21 -> 0.083225806 | R20: =S8!C24 -> 3.051 | S20: =S8!C25-S8!C24 -> -0.661 | T20: =S20/R21 -> -0.27656904 | U20: =S8!D24 -> 3.111 | V20: =S8!D25-S8!D24 -> -0.891 | W20: =V20/U21 -> -0.40135135 | X20: =S8!E24 -> 3.13 | Y20: =S8!E25-S8!E24 -> -1.29 | Z20: =Y20/X21 -> -0.70108696
B21: faktur.kal. | C21: =S8!B10 -> 1.692 | F21: =S8!C10 -> 8.856 | I21: =S8!D10 -> 2.448 | L21: =S8!E10 -> 1.98 | O21: =S8!B25 -> 3.1 | R21: =S8!C25 -> 2.39 | U21: =S8!D25 -> 2.22 | X21: =S8!E25 -> 1.84
A22: září | B22: součty kal. | C22: =S9!B9 -> 4.21 | D22: =S9!B10-S9!B9 -> -1.222 | E22: =D22/C23 -> -0.40896921 | F22: =S9!C9 -> 6.879 | G22: =S9!C10-S9!C9 -> 3.237 | H22: =G22/F23 -> 0.31998814 | I22: =S9!D9 -> 6.514 | J22: =S9!D10-S9!D9 -> -1.474 | K22: =J22/I23 -> -0.29246032 | L22: =S9!E9 -> 3.678 | M22: =S9!E10-S9!E9 -> -0.51 | N22: =M22/L23 -> -0.16098485 | O22: =S9!B24 -> 3.991 | P22: =S9!B25-S9!B24 -> 0.099 | Q22: =P22/O23 -> 0.024205379 | R22: =S9!C24 -> 4.317 | S22: =S9!C25-S9!C24 -> -0.627 | T22: =S22/R23 -> -0.1699187 | U22: =S9!D24 -> 3.584 | V22: =S9!D25-S9!D24 -> -0.674 | W22: =V22/U23 -> -0.23161512 | X22: =S9!E24 -> 4.529 | Y22: =S9!E25-S9!E24 -> -1.009 | Z22: =Y22/X23 -> -0.28664773
B23: faktur.kal. | C23: =S9!B10 -> 2.988 | F23: =S9!C10 -> 10.116 | I23: =S9!D10 -> 5.04 | L23: =S9!E10 -> 3.168 | O23: =S9!B25 -> 4.09 | R23: =S9!C25 -> 3.69 | U23: =S9!D25 -> 2.91 | X23: =S9!E25 -> 3.52
A24: říjen | B24: součty kal. | C24: =S10!B9 -> 7.795 | D24: =S10!B10-S10!B9 -> -0.271 | E24: =D24/C25 -> -0.036018075 | F24: =S10!C9 -> 10.535 | G24: =S10!C10-S10!C9 -> 3.613 | H24: =G24/F25 -> 0.25537178 | I24: =S10!D9 -> 11.279 | J24: =S10!D10-S10!D9 -> -1.235 | K24: =J24/I25 -> -0.12295898 | L24: =S10!E9 -> 6.82 | M24: =S10!E10-S10!E9 -> -0.304 | N24: =M24/L25 -> -0.046654389 | O24: =S10!B24 -> 8.431 | P24: =S10!B25-S10!B24 -> 0.459 | Q24: =P24/O25 -> 0.051631046 | R24: =S10!C24 -> 10.21 | S24: =S10!C25-S10!C24 -> 0.26 | T24: =S24/R25 -> 0.024832856 | U24: =S10!D24 -> 7.652 | V24: =S10!D25-S10!D24 -> -0.612 | W24: =V24/U25 -> -0.086931818 | X24: =S10!E24 -> 8.338 | Y24: =S10!E25-S10!E24 -> -0.378 | Z24: =Y24/X25 -> -0.047487437
B25: faktur.kal. | C25: =S10!B10 -> 7.524 | F25: =S10!C10 -> 14.148 | I25: =S10!D10 -> 10.044 | L25: =S10!E10 -> 6.516 | O25: =S10!B25 -> 8.89 | R25: =S10!C25 -> 10.47 | U25: =S10!D25 -> 7.04 | X25: =S10!E25 -> 7.96
A26: listopad | B26: součty kal. | C26: =S11!B9 -> 20.308 | D26: =S11!B10-S11!B9 -> 1.472 | E26: =D26/C27 -> 0.06758494 | F26: =S11!C9 -> 25.484 | G26: =S11!C10-S11!C9 -> 3.676 | H26: =G26/F27 -> 0.1260631 | I26: =S11!D9 -> 25.783 | J26: =S11!D10-S11!D9 -> 1.217 | K26: =J26/I27 -> 0.045074074 | L26: =S11!E9 -> 20.891 | M26: =S11!E10-S11!E9 -> 1.393 | N26: =M26/L27 -> 0.062511219 | O26: =S11!B24 -> 20.351 | P26: =S11!B25-S11!B24 -> 1.419 | Q26: =P26/O27 -> 0.065181442 | R26: =S11!C24 -> 24.073 | S26: =S11!C25-S11!C24 -> 1.857 | T26: =S26/R27 -> 0.071615889 | U26: =S11!D24 -> 21.512 | V26: =S11!D25-S11!D24 -> 0.978 | W26: =V26/U27 -> 0.043485994 | X26: =S11!E24 -> 22.524 | Y26: =S11!E25-S11!E24 -> 1.706 | Z26: =Y26/X27 -> 0.070408584
B27: faktur.kal. | C27: =S11!B10 -> 21.78 | F27: =S11!C10 -> 29.16 | I27: =S11!D10 -> 27 | L27: =S11!E10 -> 22.284 | O27: =S11!B25 -> 21.77 | R27: =S11!C25 -> 25.93 | U27: =S11!D25 -> 22.49 | X27: =S11!E25 -> 24.23
A28: prosinec | B28: součty kal. | C28: =S12!B9 -> 31.707 | D28: =S12!B10-S12!B9 -> 3.177 | E28: =D28/C29 -> 0.091073271 | F28: =S12!C9 -> 38.125 | G28: =S12!C10-S12!C9 -> 4.319 | H28: =G28/F29 -> 0.10175761 | I28: =S12!D9 -> 36.703 | J28: =S12!D10-S12!D9 -> 2.357 | K28: =J28/I29 -> 0.060343062 | L28: =S12!E9 -> 32.079 | M28: =S12!E10-S12!E9 -> 1.869 | N28: =M28/L29 -> 0.05505479 | O28: =S12!B24 -> 31.788 | P28: =S12!B25-S12!B24 -> 2.502 | Q28: =P28/O29 -> 0.072965879 | R28: =S12!C24 -> 33.627 | S28: =S12!C25-S12!C24 -> 2.793 | T28: =S28/R29 -> 0.076688633 | U28: =S12!D24 -> 31.405 | V28: =S12!D25-S12!D24 -> 3.205 | W28: =V28/U29 -> 0.092603294 | X28: =S12!E24 -> 33.045 | Y28: =S12!E25-S12!E24 -> 3.105 | Z28: =Y28/X29 -> 0.085892116
B29: faktur.kal. | C29: =S12!B10 -> 34.884 | F29: =S12!C10 -> 42.444 | I29: =S12!D10 -> 39.06 | L29: =S12!E10 -> 33.948 | O29: =S12!B25 -> 34.29 | R29: =S12!C25 -> 36.42 | U29: =S12!D25 -> 34.61 | X29: =S12!E25 -> 36.15
A31: CELKEM ROZDÍL v GJ | D31: =SUM(D6:D29) -> 2.552 | G31: =SUM(G6:G29) -> 43.999 | J31: =SUM(J6:J29) -> -4.392 | M31: =SUM(M6:M29) -> 17.531 | P31: =SUM(P6:P29) -> 9.483 | S31: =SUM(S6:S29) -> 10.101 | V31: =SUM(V6:V29) -> -6.263 | Y31: =SUM(Y6:Y29) -> 3.115
A33: CELKEM ROZDÍL v % | D33: =(D6+D8+D10+D12+D14+D16+D18+D20+D22+D24+D26+D28)/(C7+C9+C11+C13+C15+C17+C19+C21+C23+C25+C27+C29) -> 0.014652519 | G33: =(G6+G8+G10+G12+G14+G16+G18+G20+G22+G24+G26+G28)/(F7+F9+F11+F13+F15+F17+F19+F21+F23+F25+F27+F29) -> 0.16354803 | J33: =(J6+J8+J10+J12+J14+J16+J18+J20+J22+J24+J26+J28)/(I7+I9+I11+I13+I15+I17+I19+I21+I23+I25+I27+I29) -> -0.021023608 | M33: =(M6+M8+M10+M12+M14+M16+M18+M20+M22+M24+M26+M28)/(L7+L9+L11+L13+L15+L17+L19+L21+L23+L25+L27+L29) -> 0.094447677 | P33: =(P6+P8+P10+P12+P14+P16+P18+P20+P22+P24+P26+P28)/(O7+O9+O11+O13+O15+O17+O19+O21+O23+O25+O27+O29) -> 0.051768752 | S33: =(S6+S8+S10+S12+S14+S16+S18+S20+S22+S24+S26+S28)/(R7+R9+R11+R13+R15+R17+R19+R21+R23+R25+R27+R29) -> 0.04856717 | V33: =(V6+V8+V10+V12+V14+V16+V18+V20+V22+V24+V26+V28)/(U7+U9+U11+U13+U15+U17+U19+U21+U23+U25+U27+U29) -> -0.034400747 | Y33: =(Y6+Y8+Y10+Y12+Y14+Y16+Y18+Y20+Y22+Y24+Y26+Y28)/(X7+X9+X11+X13+X15+X17+X19+X21+X23+X25+X27+X29) -> 0.017040481
D34: 1850 | G34: 1851 | J34: 1852 | M34: 1853 | P34: 1854 | S34: 1855 | V34: 1856 | Y34: 1857

Sheet S 2022 %
A1: Sumář - spotřeba rok | B1: =S1!B1 -> 2022
A3: Voda - m3 | B3: 1850 | C3: 1851 | D3: 1852 | E3: 1853
A4: Náměry bytových vodoměrů | B4: =S1!B4+S2!B4+S3!B4+S4!B4+S5!B4+S6!B4+S7!B4+S8!B4+S9!B4+S10!B4+S11!B4+S12!B4 -> 676.654 | C4: =S1!C4+S2!C4+S3!C4+S4!C4+S5!C4+S6!C4+S7!C4+S8!C4+S9!C4+S10!C4+S11!C4+S12!C4 -> 928.197 | D4: =S1!D4+S2!D4+S3!D4+S4!D4+S5!D4+S6!D4+S7!D4+S8!D4+S9!D4+S10!D4+S11!D4+S12!D4 -> 976.958 | E4: =S1!E4+S2!E4+S3!E4+S4!E4+S5!E4+S6!E4+S7!E4+S8!E4+S9!E4+S10!E4+S11!E4+S12!E4 -> 875.571 | G4: =1-B4/B5 -> 0.11211914 | H4: =1-C4/C5 -> 0.070594773 | I4: =1-D4/D5 -> 0.099743826 | J4: =1-E4/E5 -> 0.080668837
A5: Patní vodoměry | B5: ='1850'!O26-'1850'!C26 -> 762.1 | C5: ='1851'!P26-'1851'!D26 -> 998.7 | D5: ='1852'!O26-'1852'!C26 -> 1085.2 | E5: ='1853'!O27-'1853'!C27 -> 952.4
A6: Součet patních vodoměrů | B6: =SUM(B5:E5) -> 3798.4 | G6: =1-B6/B7 -> 0.044932237
A7: fakturační vodoměr | B7: ='1850'!O29-'1850'!C29 -> 3977.1
A8: Teplo - GJ
A9: Náměry bytových kalorimetrů | B9: =S1!B9+S2!B9+S3!B9+S4!B9+S5!B9+S6!B9+S7!B9+S8!B9+S9!B9+S10!B9+S11!B9+S12!B9 -> 171.616 | C9: =S1!C9+S2!C9+S3!C9+S4!C9+S5!C9+S6!C9+S7!C9+S8!C9+S9!C9+S10!C9+S11!C9+S12!C9 -> 225.029 | D9: =S1!D9+S2!D9+S3!D9+S4!D9+S5!D9+S6!D9+S7!D9+S8!D9+S9!D9+S10!D9+S11!D9+S12!D9 -> 213.3 | E9: =S1!E9+S2!E9+S3!E9+S4!E9+S5!E9+S6!E9+S7!E9+S8!E9+S9!E9+S10!E9+S11!E9+S12!E9 -> 168.085 | G9: =1-B9/B10 -> 0.014652519 | H9: =1-C9/C10 -> 0.16354803 | I9: =1-D9/D10 -> -0.021023608 | J9: =1-E9/E10 -> 0.094447677
A10: Fakturační kalorimetry | B10: =('1850'!O27-'1850'!C27)*3.6 -> 174.168 | C10: =('1851'!P27-'1851'!D27)*3.6 -> 269.028 | D10: =('1852'!O27-'1852'!C27)*3.6 -> 208.908 | E10: =('1853'!O28-'1853'!C28)*3.6 -> 185.616
A11: Elektřina -
A12: Elektroměr dům | B12: ='1850'!O25-'1850'!E35+'1850'!E34-'1850'!C25 -> 2725 | C12: ='1851'!P24-'1851'!I58+'1851'!I57-'1851'!D24 -> 3659 | D12: ='1852'!O25-'1852'!H37+'1852'!H36-'1852'!C25 -> 2479 | E12: ='1853'!O24-'1853'!H37+'1853'!H36-'1853'!C24 -> 2157
A14: Elektroměr areál | B14: ='1853'!O25-'1853'!H40+'1853'!H39-'1853'!C25 -> 4262
A15: Vodoměr areál | B15: ='1853'!O26-'1853'!D26 -> 97.836 | C15: ='S 2022'!C15 -> 98
A18: Voda - m3 | B18: 1854 | C18: 1855 | D18: 1856 | E18: 1857
A19: Náměry bytových vodoměrů | B19: =S1!B19+S2!B19+S3!B19+S4!B19+S5!B19+S6!B19+S7!B19+S8!B19+S9!B19+S10!B19+S11!B19+S12!B19 -> 676.153 | C19: =S1!C19+S2!C19+S3!C19+S4!C19+S5!C19+S6!C19+S7!C19+S8!C19+S9!C19+S10!C19+S11!C19+S12!C19 -> 769.584 | D19: =S1!D19+S2!D19+S3!D19+S4!D19+S5!D19+S6!D19+S7!D19+S8!D19+S9!D19+S10!D19+S11!D19+S12!D19 -> 809.822 | E19: =S1!E19+S2!E19+S3!E19+S4!E19+S5!E19+S6!E19+S7!E19+S8!E19+S9!E19+S10!E19+S11!E19+S12!E19 -> 785.55 | G19: =1-B19/B20 -> 0.09021394 | H19: =1-C19/C20 -> 0.11470839 | I19: =1-D19/D20 -> 0.094563953 | J19: =1-E19/E20 -> 0.099862496
A20: Patní vodoměry | B20: ='1854'!O26-'1854'!C26 -> 743.2 | C20: ='1855'!O26-'1855'!C26 -> 869.3 | D20: ='1856'!O26-'1856'!C26 -> 894.4 | E20: ='1857'!O26-'1857'!C26 -> 872.7
A21: Součet patních vodoměrů | B21: =SUM(B20:E20) -> 3379.6 | G21: =1-B21/B22 -> -0.043215212
