Workbook

Sheet 1850
A2: 1850 | C2: 44197 | D2: 44228 | E2: 44256 | F2: 44286 | G2: 44316 | H2: 44348 | I2: 44379 | J2: 44410 | K2: 44441 | L2: 44470 | M2: 44501 | N2: 44531 | O2: 44562 | P2: voda | Q2: teplo | Y2: spotřeby po měsících
A3: byt č. | C3: prosinec | D3: leden | E3: únor | F3: březen | G3: duben | H3: květen | I3: červen | J3: červenec | K3: srpen | L3: září | M3: říjen | N3: listopad | O3: prosinec | P3: m3 | Q3: GJ | T3: byt | U3: leden | V3: únor | W3: březen | X3: duben | Y3: květen | Z3: červen | AA3: červenec | AB3: srpen | AC3: září | AD3: říjen | AE3: listopad | AF3: prosinec
A4: 1 | B4: vodoměr č. 190834092 | C4: 19.243 | D4: 20.569 | E4: 21.482 | F4: 22.18 | G4: 22.725 | H4: 23.582 | I4: 24.655 | J4: 25.497 | K4: 27.026 | L4: 27.442 | M4: 28.892 | N4: 29.709 | O4: 29.98 | P4: =O4-C4 -> 10.737 | T4: 1 | U4: =D4-C4 -> 1.326 | V4: =E4-D4 -> 0.913 | W4: =F4-E4 -> 0.698 | X4: =G4-F4 -> 0.545 | Y4: =H4-G4 -> 0.857 | Z4: =I4-H4 -> 1.073 | AA4: =J4-I4 -> 0.842 | AB4: =K4-J4 -> 1.529 | ... AF4: =O4-N4 -> 0.271
B5: kalorimetr č. SN 34582391 | C5: 48.868 | D5: 53.714 | E5: 57.69 | F5: 60.988 | G5: 62.63 | H5: 63.173 | I5: 63.396 | J5: 63.591 | K5: 63.827 | L5: 64.019 | M5: 64.939 | N5: 3.392 | O5: 4.385 | Q5: =O5+M5-C5 -> 20.456
A6: 2 | B6: vodoměr č. 190834090 | C6: 237.95 | D6: 257.112 | E6: 273.845 | F6: 290.811 | G6: 307.095 | H6: 322.734 | I6: 336.84 | J6: 344.485 | K6: 358.631 | L6: 372.001 | M6: 389.883 | N6: 405.272 | O6: 419.04 | P6: =O6-C6 -> 181.09 | T6: 2 | U6: =D6-C6 -> 19.162 | V6: =E6-D6 -> 16.733 | W6: =F6-E6 -> 16.966 | X6: =G6-F6 -> 16.284 | Y6: =H6-G6 -> 15.639 | Z6: =I6-H6 -> 14.106 | AA6: =J6-I6 -> 7.645 | AB6: =K6-J6 -> 14.146 | ... AF6: =O6-N6 -> 13.768
B7: kalorimetr č. SN 34582401 | C7: 88.086 | D7: 92.165 | E7: 95.813 | F7: 98.767 | G7: 100.937 | H7: 101.764 | I7: 102.224 | J7: 102.382 | K7: 102.734 | L7: 103.188 | M7: 104.553 | N7: 4.004 | O7: 9.432 | Q7: =O7+M7-C7 -> 25.899
A8: 3 | B8: vodoměr č. 190834097 | C8: 93.175 | D8: 99.538 | E8: 105.403 | F8: 111.275 | G8: 116.824 | H8: 122.66 | I8: 128.11 | J8: 132.844 | K8: 139.125 | L8: 143.265 | M8: 149.19 | N8: 154.308 | O8: 159.808 | P8: =O8-C8 -> 66.633 | T8: 3 | U8: =D8-C8 -> 6.363 | V8: =E8-D8 -> 5.865 | W8: =F8-E8 -> 5.872 | X8: =G8-F8 -> 5.549 | Y8: =H8-G8 -> 5.836 | Z8: =I8-H8 -> 5.45 | AA8: =J8-I8 -> 4.734 | AB8: =K8-J8 -> 6.281 | ... AF8: =O8-N8 -> 5.5
B9: kalorimetr č. SN 34582385 | C9: 72.679 | D9: 76.135 | E9: 79.069 | F9: 81.395 | G9: 83.406 | H9: 84.483 | I9: 84.889 | J9: 85.221 | K9: 85.675 | L9: 86.001 | M9: 87.258 | N9: 2.025 | O9: 5.553 | Q9: =O9+M9-C9 -> 20.132
A10: 4 | B10: vodoměr č. 190834098 | C10: 123.698 | D10: 133.59 | E10: 142.385 | F10: 151.352 | G10: 160.005 | H10: 168.96 | I10: 177.71 | J10: 184.748 | K10: 191.963 | L10: 198.934 | M10: 207.044 | N10: 216.011 | O10: 227.481 | P10: =O10-C10 -> 103.783 | T10: 4 | U10: =D10-C10 -> 9.892 | V10: =E10-D10 -> 8.795 | W10: =F10-E10 -> 8.967 | X10: =G10-F10 -> 8.653 | Y10: =H10-G10 -> 8.955 | Z10: =I10-H10 -> 8.75 | AA10: =J10-I10 -> 7.038 | AB10: =K10-J10 -> 7.215 | ... AF10: =O10-N10 -> 11.47
B11: kalorimetr č. SN 34582414 | C11: 42.203 | D11: 45.034 | E11: 47.509 | F11: 49.363 | G11: 50.789 | H11: 51.732 | I11: 52.345 | J11: 52.837 | K11: 53.439 | L11: 54.022 | M11: 55.071 | N11: 1.728 | O11: 4.205 | Q11: =O11+M11-C11 -> 17.073
A12: 5 | B12: vodoměr č. 190834095 | C12: 88.4 | D12: 93.837 | E12: 100.215 | F12: 106.95 | G12: 113.65 | H12: 120.398 | I12: 127.044 | J12: 134.998 | K12: 141.793 | L12: 148.771 | M12: 156.956 | N12: 165.039 | O12: 170.846 | P12: =O12-C12 -> 82.446 | T12: 5 | U12: =D12-C12 -> 5.437 | V12: =E12-D12 -> 6.378 | W12: =F12-E12 -> 6.735 | X12: =G12-F12 -> 6.7 | Y12: =H12-G12 -> 6.748 | Z12: =I12-H12 -> 6.646 | AA12: =J12-I12 -> 7.954 | AB12: =K12-J12 -> 6.795 | ... AF12: =O12-N12 -> 5.807
B13: kalorimetr č. SN 34582396 | C13: 62.988 | D13: 66.942 | E13: 71.021 | F13: 74.715 | G13: 76.829 | H13: 77.679 | I13: 78.098 | J13: 78.502 | K13: 78.879 | L13: 79.333 | M13: 79.861 | N13: 2.265 | O13: 5.129 | Q13: =O13+M13-C13 -> 22.002
A14: 6 | B14: vodoměr č. 190834099 | C14: 96.983 | D14: 104.33 | E14: 111.02 | F14: 119.217 | G14: 128.008 | H14: 132.552 | I14: 139.608 | J14: 148.201 | K14: 157.169 | L14: 164.735 | M14: 175.025 | N14: 184.606 | O14: 196.918 | P14: =O14-C14 -> 99.935 | T14: 6 | U14: =D14-C14 -> 7.347 | V14: =E14-D14 -> 6.69 | W14: =F14-E14 -> 8.197 | X14: =G14-F14 -> 8.791 | Y14: =H14-G14 -> 4.544 | Z14: =I14-H14 -> 7.056 | AA14: =J14-I14 -> 8.593 | AB14: =K14-J14 -> 8.968 | ... AF14: =O14-N14 -> 12.312
B15: kalorimetr č. SN 34582416 | C15: 92.789 | D15: 98.458 | E15: 103.255 | F15: 107.78 | G15: 110.551 | H15: 111.22 | I15: 111.705 | J15: 112.237 | K15: 112.892 | L15: 115.212 | M15: 116.577 | N15: 4.403 | O15: 9.852 | Q15: =O15+M15-C15 -> 33.64
A16: 7 | B16: vodoměr č. 190834102 | C16: 24.825 | D16: 26.187 | E16: 27.426 | F16: 28.524 | G16: 29.743 | H16: 30.912 | I16: 31.974 | J16: 33.501 | K16: 34.824 | L16: 35.585 | M16: 36.455 | N16: 37.847 | O16: 39.303 | P16: =O16-C16 -> 14.478 | T16: 7 | U16: =D16-C16 -> 1.362 | V16: =E16-D16 -> 1.239 | W16: =F16-E16 -> 1.098 | X16: =G16-F16 -> 1.219 | Y16: =H16-G16 -> 1.169 | Z16: =I16-H16 -> 1.062 | AA16: =J16-I16 -> 1.527 | AB16: =K16-J16 -> 1.323 | ... AF16: =O16-N16 -> 1.456
B17: kalorimetr č. SN 34582423 | C17: 21.853 | D17: 23.088 | E17: 24 | F17: 24.524 | G17: 24.802 | H17: 24.983 | I17: 25.102 | J17: 25.222 | K17: 25.345 | L17: 25.437 | M17: 25.612 | N17: 0.903 | O17: 2.484 | Q17: =O17+M17-C17 -> 6.243
A18: 8 | B18: vodoměr č. 200015742 | C18: 9.28 | D18: 10.861 | E18: 12.649 | F18: 12.709 | G18: 14.239 | H18: 15.866 | I18: 17.724 | J18: 20.257 | K18: 22.173 | L18: 24.832 | M18: 28.429 | N18: 30.744 | O18: 32.864 | P18: =O18-C18 -> 23.584 | T18: 8 | U18: =D18-C18 -> 1.581 | V18: =E18-D18 -> 1.788 | W18: =F18-E18 -> 0.06 | X18: =G18-F18 -> 1.53 | Y18: =H18-G18 -> 1.627 | Z18: =I18-H18 -> 1.858 | AA18: =J18-I18 -> 2.533 | AB18: =K18-J18 -> 1.916 | ... AF18: =O18-N18 -> 2.12
B19: kalorimetr č. SN 34582408 | C19: 65.264 | D19: 67.527 | E19: 69.644 | F19: 69.953 | G19: 70.955 | H19: 71.672 | I19: 71.967 | J19: 72.294 | K19: 72.529 | L19: 73.389 | M19: 75.868 | N19: 2.709 | O19: 6.075 | Q19: =O19+M19-C19 -> 16.679
A20: 9 | B20: vodoměr č. 190834109 | C20: 1.911 | D20: 1.94 | E20: 1.96 | F20: 1.985 | G20: 2.007 | H20: 2.058 | I20: 2.083 | J20: 2.106 | K20: 2.128 | L20: 2.161 | M20: 2.175 | N20: 2.203 | O20: 2.223 | P20: =O20-C20 -> 0.312 | T20: 9 | U20: =D20-C20 -> 0.029 | V20: =E20-D20 -> 0.02 | W20: =F20-E20 -> 0.025 | X20: =G20-F20 -> 0.022 | Y20: =H20-G20 -> 0.051 | Z20: =I20-H20 -> 0.025 | AA20: =J20-I20 -> 0.023 | AB20: =K20-J20 -> 0.022 | ... AF20: =O20-N20 -> 0.02
B21: kalorimetr č. SN 34582410 | C21: 8.213 | D21: 9.231 | E21: 9.78 | F21: 9.989 | G21: 10.189 | H21: 10.389 | I21: 10.548 | J21: 10.708 | K21: 10.877 | L21: 11.045 | M21: 11.245 | N21: 0.19 | O21: 0.387 | Q21: =O21+M21-C21 -> 3.419
A22: 10 | B22: vodoměr č. 191519263 | C22: 101.593 | D22: 108.709 | E22: 115.048 | F22: 121.564 | G22: 129.335 | H22: 137.892 | I22: 144.968 | J22: 150.91 | K22: 156.473 | L22: 163.14 | M22: 171.62 | N22: 179.328 | O22: 186.401 | P22: =O22-C22 -> 84.808 | T22: 10 | U22: =D22-C22 -> 7.116 | V22: =E22-D22 -> 6.339 | W22: =F22-E22 -> 6.516 | X22: =G22-F22 -> 7.771 | Y22: =H22-G22 -> 8.557 | Z22: =I22-H22 -> 7.076 | AA22: =J22-I22 -> 5.942 | AB22: =K22-J22 -> 5.563 | ... AF22: =O22-N22 -> 7.073
B23: kalorimetr č. SN 34582413 | C23: 57.821 | D23: 62.75 | E23: 66.692 | F23: 70.474 | G23: 72.459 | H23: 73.031 | I23: 73.354 | J23: 73.645 | K23: 73.915 | L23: 74.241 | M23: 74.991 | N23: 3.127 | O23: 7.061 | Q23: =O23+M23-C23 -> 24.231
P24: =SUM(P4:P23) -> 667.806 | Q24: =SUM(Q4:Q23) -> 189.774
A25: spol.spotř. | B25: elektroměr č. 18972503 | C25: 73254 | D25: 73470 | E25: 73892 | F25: 74089 | G25: 74303 | H25: 74534 | I25: 74767 | J25: 74985 | K25: 75202 | L25: 75399 | M25: 75635 | N25: 75860 | O25: 76098 | R25: =O25-C25 -> 2844
B26: patní vodoměr č. 190976787 | C26: 952.1 | D26: 1020.5 | E26: 1081.8 | F26: 1144.1 | G26: 1208.2 | H26: 1269.7 | I26: 1329.4 | J26: 1382.7 | K26: 1444 | L26: 1501 | M26: 1572.9 | N26: 1639 | O26: 1705.8 | P26: =O26-C26 -> 753.7
B27: patní kalorimetr č./MWh | C27: 73.33 | D27: 84.23 | E27: 93.5 | F27: 101.03 | G27: 105.98 | H27: 108.15 | I27: 109.34 | J27: 110.29 | K27: 111.73 | L27: 113.46 | M27: 116.46 | N27: 123.87 | O27: 132.72 | Q27: =(O27-C27)*3.6 -> 213.804 | R27: GJ
B28: patní kalorimetr č./kub.m | C28: 2917 | D28: 3302 | E28: 3632 | F28: 3897 | G28: 4064 | H28: 4154 | I28: 4221 | J28: 4275 | K28: 4427 | L28: 4525 | M28: 4633 | N28: 4841 | O28: 5092 | Q28: =O28-C28 -> 2175 | R28: m3
A29: fakturační vodoměr č. 63796 | C29: 11988 | D29: 12374.5 | E29: 12733.1 | F29: 13122.2 | G29: 13481.9 | H29: 13859.3 | I29: 14237.6 | J29: 14571.1 | K29: 14905.5 | L29: 15230.3 | M29: 15608.4 | N29: 15951 | O29: 16304 | P29: =O29-C29 -> 4316
D31: Reklamace - výměna
C32: 8 | D32: 43950 | E32: starý | N32: Odečet vodárny 30.11.2020 | O32: 11538
E33: nový | N33: Dohad 1.12.-31.12.2020 | O33: =C29-O32 -> 450
N34: Odečet vodárny 30.11.2021 | O34: =N29 -> 15951
N35: Dohad 1.12.-31.12.2021 | O35: =O29-N29 -> 353

Sheet 1851
AE1: Vytipování vadných vodoměrů
A2: Nové | B2: 1851 | D2: ='1850'!C2 -> 44197 | E2: ='1850'!D2 -> 44228 | F2: ='1850'!E2 -> 44256 | G2: ='1850'!F2 -> 44286 | H2: ='1850'!G2 -> 44316 | I2: ='1850'!H2 -> 44348 | J2: ='1850'!I2 -> 44379 | K2: ='1850'!J2 -> 44410 | ... P2: ='1850'!O2 -> 44562 | Q2: voda | R2: teplo | Z2: spotřeby po měsících | AH2: loňský
A3: číslování | B3: byt č. | D3: prosinec | E3: leden | F3: únor | G3: březen | H3: duben | I3: květen | J3: červen | K3: červenec | L3: srpen | M3: září | N3: říjen | O3: listopad | P3: prosinec | Q3: m3 | R3: GJ | U3: byt | V3: leden | W3: únor | X3: březen | Y3: duben | Z3: květen | AA3: červen | AB3: červenec | AC3: srpen | AD3: září | AE3: říjen | AF3: listopad | AG3: prosinec | AH3: průměr
A4: 1 | B4: 1 | C4: vodoměr č. 190834116 | D4: 205.567 | E4: 221.547 | F4: 236.764 | G4: 253.94 | H4: 270.5 | I4: 288.37 | J4: 303.361 | K4: 317.472 | L4: 333.694 | M4: 346.717 | N4: 361.688 | O4: 376.035 | P4: 391.196 | Q4: =P4-D4 -> 185.629 | U4: 1 | V4: =E4-D4 -> 15.98 | W4: =F4-E4 -> 15.217 | X4: =G4-F4 -> 17.176 | Y4: =H4-G4 -> 16.56 | Z4: =I4-H4 -> 17.87 | AA4: =J4-I4 -> 14.991 | AB4: =K4-J4 -> 14.111 | AC4: =L4-K4 -> 16.222 | ... AG4: =P4-O4 -> 15.161 | AH4: 11.905222
C5: kalorimetr č. SN 34582402 | D5: 93.112 | E5: 99.188 | F5: 104.513 | G5: 108.546 | H5: 111.529 | I5: 113.271 | J5: 114.033 | K5: 114.635 | L5: 115.237 | M5: 115.515 | N5: 116.202 | O5: 4.51 | P5: 9.87 | R5: =P5+N5-D5 -> 32.96 | U5: xx
A6: 2 | B6: 2 | C6: vodoměr SV č. 190834120 | D6: 72.047 | E6: 80.194 | F6: 88.071 | G6: 95.62 | H6: 103.93 | I6: 112.173 | J6: 122.152 | K6: 128.216 | L6: 134.824 | M6: 138.564 | N6: 138.613 | O6: 139.785 | P6: 143.997 | Q6: =P6-D6 -> 71.95 | U6: 2 | V6: =E6-D6 -> 8.147 | W6: =F6-E6 -> 7.877 | X6: =G6-F6 -> 7.549 | Y6: =H6-G6 -> 8.31 | Z6: =I6-H6 -> 8.243 | AA6: =J6-I6 -> 9.979 | AB6: =K6-J6 -> 6.064 | AC6: =L6-K6 -> 6.608 | ... AG6: =P6-O6 -> 4.212 | AH6: 4.9828889
A7: 2 a 3 | C7: kalorimetr č. SN 34582400 | D7: 175.328 | E7: 183.237 | F7: 190.779 | G7: 196.541 | H7: 200.35 | I7: 203.574 | J7: 205.16 | K7: 206.01 | L7: 207.223 | M7: 208.24 | N7: 210.654 | O7: 4.233 | P7: 11.013 | R7: =P7+N7-D7 -> 46.339 | U7: TV | V7: =V40 -> 4.067 | W7: =W40 -> 3.906 | X7: =X40 -> 4.554 | Y7: =Y40 -> 4.82 | Z7: =Z40 -> 5.119 | AA7: =AA40 -> 4.326 | AB7: =AB40 -> 1.896 | AC7: =AC40 -> 2.732 | ... AG7: =AG40 -> 2.439 | AH7: 4.43
A8: 5 | B8: 3 | C8: vodoměr SV č. 190834093 | D8: 9.729 | E8: 10.536 | F8: 11.245 | G8: 11.844 | H8: 12.409 | I8: 12.977 | J8: 13.463 | K8: 14.055 | L8: 14.589 | M8: 15.232 | N8: 15.92 | O8: 16.668 | P8: 17.464 | Q8: =P8-D8 -> 7.735 | U8: 5 | V8: =E8-D8 -> 0.807 | W8: =F8-E8 -> 0.709 | X8: =G8-F8 -> 0.599 | Y8: =H8-G8 -> 0.565 | Z8: =I8-H8 -> 0.568 | AA8: =J8-I8 -> 0.486 | AB8: =K8-J8 -> 0.592 | AC8: =L8-K8 -> 0.534 | ... AG8: =P8-O8 -> 0.796 | AH8: 0.94022222
A9: 5 a 6 | C9: kalorimetr č. SN 34582398 | D9: 111.321 | E9: 118.476 | F9: 123.894 | G9: 128.438 | H9: 131.98 | I9: 134.658 | J9: 136.071 | K9: 137.443 | L9: 138.471 | M9: 139.598 | N9: 142.494 | O9: 4.752 | P9: 11.368 | R9: =P9+N9-D9 -> 42.541 | U9: TV | V9: =V42 -> 0.616 | W9: =W42 -> 0.481 | X9: =X42 -> 0.471 | Y9: =Y42 -> 0.448 | Z9: =Z42 -> 0.569 | AA9: =AA42 -> 0.424 | AB9: =AB42 -> 0.528 | AC9: =AC42 -> 0.408 | ... AG9: =AG42 -> 0.659 | AH9: 0.37122222
A10: 4 | B10: 4 | C10: vodoměr č. 190834126 | D10: 86.836 | E10: 95.091 | F10: 102.059 | G10: 108.961 | H10: 109.153 | I10: 109.208 | J10: 109.235 | K10: 109.263 | L10: 109.323 | M10: 109.332 | N10: 109.342 | O10: 109.342 | P10: 109.346 | Q10: =P10-D10 -> 22.51 | U10: 4 | V10: =E10-D10 -> 8.255 | W10: =F10-E10 -> 6.968 | X10: =G10-F10 -> 6.902 | Y10: =H10-G10 -> 0.192 | Z10: =I10-H10 -> 0.055 | AA10: =J10-I10 -> 0.027 | AB10: =K10-J10 -> 0.028 | AC10: =L10-K10 -> 0.06 | ... AG10: =P10-O10 -> 0.004 | AH10: 5.9373333
C11: kalorimetr č. SN 34582419 | D11: 17.991 | E11: 19.115 | F11: 19.629 | G11: 20.135 | H11: 20.784 | I11: 20.808 | J11: 20.809 | K11: 20.809 | L11: 20.813 | M11: 20.816 | N11: 20.817 | O11: 0 | P11: 0 | R11: =P11+N11-D11 -> 2.826 | U11: xx
A12: 9 | B12: 5 | C12: vodoměr SV č. 190834122 | D12: 78.604 | E12: 83.889 | F12: 88.397 | G12: 94.781 | H12: 100.684 | I12: 100.768 | J12: 100.786 | K12: 100.878 | L12: 100.878 | M12: 102.689 | N12: 107.645 | O12: 111.189 | P12: 115.676 | Q12: =P12-D12 -> 37.072 | U12: 9 | V12: =E12-D12 -> 5.285 | W12: =F12-E12 -> 4.508 | X12: =G12-F12 -> 6.384 | Y12: =H12-G12 -> 5.903 | Z12: =I12-H12 -> 0.084 | AA12: =J12-I12 -> 0.018 | AB12: =K12-J12 -> 0.092 | AC12: =L12-K12 -> 0 | ... AG12: =P12-O12 -> 4.487 | AH12: 4.7323333
A13: 8 a 9 | C13: kalorimetr č. SN 34582384 | D13: 97.694 | E13: 102.617 | F13: 107.302 | G13: 111.972 | H13: 115.359 | I13: 116.116 | J13: 116.733 | K13: 117.253 | L13: 117.85 | M13: 118.619 | N13: 120.284 | O13: 3.32 | P13: 8.304 | R13: =P13+N13-D13 -> 30.894 | U13: TV | V13: =V44 -> 2.356 | W13: =W44 -> 2.099 | X13: =X44 -> 3.377 | Y13: =Y44 -> 3.065 | Z13: =Z44 -> 0.011 | AA13: =AA44 -> 0.006 | AB13: =AB44 -> 0.128 | AC13: =AC44 -> 0.003 | ... AG13: =AG44 -> 1.967 | AH13: 4.7182222
A14: 15 | B14: 6 | C14: vodoměr SV č. 200015757 | D14: 34.588 | E14: 34.819 | F14: 39.176 | G14: 45.971 | H14: 50.363 | I14: 54.964 | J14: 59.066 | K14: 63.972 | L14: 68.807 | M14: 73.365 | N14: 86.969 | O14: 90.483 | P14: 95.075 | Q14: =P14-D14 -> 60.487 | U14: 15 | V14: =E14-D14 -> 0.231 | W14: =F14-E14 -> 4.357 | X14: =G14-F14 -> 6.795 | Y14: =H14-G14 -> 4.392 | Z14: =I14-H14 -> 4.601 | AA14: =J14-I14 -> 4.102 | AB14: =K14-J14 -> 4.906 | AC14: =L14-K14 -> 4.835 | ... AG14: =P14-O14 -> 4.592 | AH14: 1.6821111
A15: 11 a 15 | C15: kalorimetr č. SN 34582397 | D15: 65.988 | E15: 68.122 | F15: 72.85 | G15: 74.825 | H15: 76.853 | I15: 78.093 | J15: 78.69 | K15: 79.174 | L15: 79.731 | M15: 80.236 | N15: 81.589 | O15: 2.134 | P15: 5.474 | R15: =P15+N15-D15 -> 21.075 | U15: TV | V15: =V46 -> 0.206 | W15: =W46 -> 3.217 | X15: =X46 -> 2.575 | Y15: =Y46 -> 2.86 | Z15: =Z46 -> 2.831 | AA15: =AA46 -> 2.186 | AB15: =AB46 -> 2.295 | AC15: =AC46 -> 2.481 | ... AG15: =AG46 -> 4.121 | AH15: 0.73344444
A16: 7 | B16: 7 | C16: vodoměr č. 190834119 | D16: 99.093 | E16: 106.462 | F16: 113.648 | G16: 119.619 | H16: 125.662 | I16: 131.111 | J16: 136.484 | K16: 139.39 | L16: 142.792 | M16: 147.191 | N16: 153.539 | O16: 159.654 | P16: 167.571 | Q16: =P16-D16 -> 68.478 | U16: 7 | V16: =E16-D16 -> 7.369 | W16: =F16-E16 -> 7.186 | X16: =G16-F16 -> 5.971 | Y16: =H16-G16 -> 6.043 | Z16: =I16-H16 -> 5.449 | AA16: =J16-I16 -> 5.373 | AB16: =K16-J16 -> 2.906 | AC16: =L16-K16 -> 3.402 | ... AG16: =P16-O16 -> 7.917 | AH16: 6.2735556
C17: kalorimetr č. SN 34582417 | D17: 18.508 | E17: 19.118 | F17: 19.738 | G17: 20.202 | H17: 20.645 | I17: 21.059 | J17: 21.429 | K17: 21.61 | L17: 21.871 | M17: 22.145 | N17: 22.574 | O17: 0.453 | P17: 1.141 | R17: =P17+N17-D17 -> 5.207 | U17: xx
A18: 13 | B18: 8 | C18: vodoměr SV č. 190834112 | D18: 48.475 | E18: 52.187 | F18: 54.804 | G18: 58.063 | H18: 61.339 | I18: 64.54 | J18: 65.347 | K18: 67.489 | L18: 70.17 | M18: 74.005 | N18: 77.902 | O18: 80.837 | P18: 81.12 | Q18: =P18-D18 -> 32.645 | U18: 13 | V18: =E18-D18 -> 3.712 | W18: =F18-E18 -> 2.617 | X18: =G18-F18 -> 3.259 | Y18: =H18-G18 -> 3.276 | Z18: =I18-H18 -> 3.201 | AA18: =J18-I18 -> 0.807 | AB18: =K18-J18 -> 2.142 | AC18: =L18-K18 -> 2.681 | ... AG18: =P18-O18 -> 0.283 | AH18: 2.5207778
A19: 12 a 13 | C19: kalorimetr č. SN 34582392 | D19: 105.54 | E19: 113.214 | F19: 119.452 | G19: 125.691 | H19: 130.393 | I19: 132.781 | J19: 133.318 | K19: 134.04 | L19: 135.124 | M19: 137.184 | N19: 140.95 | O19: 5.658 | P19: 10.751 | R19: =P19+N19-D19 -> 46.161 | U19: TV | V19: =V48 -> 2.522 | W19: =W48 -> 1.574 | X19: =X48 -> 2.173 | Y19: =Y48 -> 2.215 | Z19: =Z48 -> 1.648 | AA19: =AA48 -> 0.259 | AB19: =AB48 -> 0.961 | AC19: =AC48 -> 1.236 | ... AG19: =AG48 -> 0.24 | AH19: 1.2623333
A20: 14 | B20: 9 | C20: vodoměr č. 190834124 | D20: 131.206 | E20: 139.015 | F20: 147.416 | G20: 159.326 | H20: 171.807 | I20: 183.642 | J20: 195.663 | K20: 203.739 | L20: 211.599 | M20: 222.487 | N20: 233.54 | O20: 244.477 | P20: 254.696 | Q20: =P20-D20 -> 123.49 | U20: 14 | V20: =E20-D20 -> 7.809 | W20: =F20-E20 -> 8.401 | X20: =G20-F20 -> 11.91 | Y20: =H20-G20 -> 12.481 | Z20: =I20-H20 -> 11.835 | AA20: =J20-I20 -> 12.021 | AB20: =K20-J20 -> 8.076 | AC20: =L20-K20 -> 7.86 | ... AG20: =P20-O20 -> 10.219 | AH20: 6.9983333
C21: kalorimetr č. SN 34582418 | D21: 86.094 | E21: 91.259 | F21: 95.115 | G21: 99.365 | H21: 102.092 | I21: 103.356 | J21: 103.97 | K21: 104.382 | L21: 104.821 | M21: 105.33 | N21: 107.107 | O21: 4.224 | P21: 9.502 | R21: =P21+N21-D21 -> 30.515 | U21: xx
A22: 10 | B22: 10 | C22: vodoměr č. 190834091 | D22: 26.794 | E22: 29.017 | F22: 31.002 | G22: 32.96 | H22: 35.09 | I22: 37.34 | J22: 39.221 | K22: 41.299 | L22: 43.21 | M22: 44.72 | N22: 46.838 | O22: 48.628 | P22: 50.705 | Q22: =P22-D22 -> 23.911 | U22: 10 | V22: =E22-D22 -> 2.223 | W22: =F22-E22 -> 1.985 | X22: =G22-F22 -> 1.958 | Y22: =H22-G22 -> 2.13 | Z22: =I22-H22 -> 2.25 | AA22: =J22-I22 -> 1.881 | AB22: =K22-J22 -> 2.078 | AC22: =L22-K22 -> 1.911 | ... AG22: =P22-O22 -> 2.077 | AH22: 2.9007778
C23: kalorimetr č. SN 34582411 | D23: 55.147 | E23: 58.953 | F23: 62.427 | G23: 64.698 | H23: 65.852 | I23: 66.141 | J23: 66.348 | K23: 66.56 | L23: 66.79 | M23: 67.007 | N23: 67.955 | O23: 2.632 | P23: 6.162 | R23: =P23+N23-D23 -> 18.97 | U23: xx
B24: spol.spotř. | C24: elektroměr č. 2080200096 | D24: 2060 | E24: 2323 | F24: 2905 | G24: 3147 | H24: 3390 | I24: 3642 | J24: 3916 | K24: 4176 | L24: 4423 | M24: 4660 | N24: 4911 | O24: 5165 | P24: 5432 | Q24: =SUM(Q4:Q23)+SUM(Q33:Q49) -> 1143.893 | R24: =SUM(R4:R23) -> 277.488 | S24: =P24-D24 -> 3372 | U24: kWh
C26: patní vodoměr č. 190976791 | D26: 1630.8 | E26: 1748.6 | F26: 1866.3 | G26: 1998.5 | H26: 2113.8 | I26: 2226 | J26: 2322.3 | K26: 2402.7 | L26: 2487.9 | M26: 2568.8 | N26: 2672.9 | O26: 2759.8 | P26: 2853.6 | Q26: =P26-D26 -> 1222.8
C27: patní kalorimetr č. /MWh | D27: 125.62 | E27: 139.98 | F27: 153.15 | G27: 164.24 | H27: 172.68 | I27: 177.9 | J27: 180.92 | K27: 183.55 | L27: 186.38 | M27: 189.4 | N27: 195.31 | O27: 205.15 | P27: 217.78 | R27: =(P27-D27)*3.6 -> 331.776 | S27: GJ
C28: patní kalorimetr č./kub.m | D28: 15982 | E28: 16796 | F28: 17602 | G28: 18338 | H28: 19077 | I28: 19755 | J28: 20350 | K28: 20959 | L28: 22036 | M28: 22389 | N28: 22732 | O28: 23129 | P28: 23652 | R28: =P28-D28 -> 7670 | S28: m3
B29: ='1850'!A29 -> fakturační vodoměr č. 63796 | D29: ='1850'!C29 -> 11988 | E29: ='1850'!D29 -> 12374.5 | F29: ='1850'!E29 -> 12733.1 | G29: ='1850'!F29 -> 13122.2 | H29: ='1850'!G29 -> 13481.9 | I29: ='1850'!H29 -> 13859.3 | J29: ='1850'!I29 -> 14237.6 | K29: ='1850'!J29 -> 14571.1 | ... P29: ='1850'!O29 -> 16304 | Q29: =P29-D29 -> 4316 | V29: studená voda
U31: byt | V31: leden | W31: únor | X31: březen | Y31: duben | Z31: květen | AA31: červen | AB31: červenec | AC31: srpen | AD31: září | AE31: říjen | AF31: listopad | AG31: prosinec
A33: 3 | B33: 2B | C33: vodoměr SV č. 200015745 | D33: 79.952 | E33: 88.199 | F33: 96.154 | G33: 105.308 | H33: 113.576 | I33: 123.185 | J33: 130.92 | K33: 136.807 | L33: 144.653 | M33: 151.214 | N33: 159.786 | O33: 167.129 | P33: 174.759 | Q33: =P33-D33 -> 94.807 | U33: 3 | V33: =E33-D33 -> 8.247 | W33: =F33-E33 -> 7.955 | X33: =G33-F33 -> 9.154 | Y33: =H33-G33 -> 8.268 | Z33: =I33-H33 -> 9.609 | AA33: =J33-I33 -> 7.735 | AB33: =K33-J33 -> 5.887 | AC33: =L33-K33 -> 7.846 | ... AG33: =P33-O33 -> 7.63 | AH33: 7.9723
A34: 6 | B34: 3B | C34: vodoměr SV č. 190834107 | D34: 63.505 | E34: 68.027 | F34: 72.444 | G34: 78.21 | H34: 83.107 | I34: 89.214 | J34: 94.272 | K34: 98.86 | L34: 99.697 | M34: 100.705 | N34: 102.022 | O34: 103.03 | P34: 104.722 | Q34: =P34-D34 -> 41.217 | U34: 6 | V34: =E34-D34 -> 4.522 | W34: =F34-E34 -> 4.417 | X34: =G34-F34 -> 5.766 | Y34: =H34-G34 -> 4.897 | Z34: =I34-H34 -> 6.107 | AA34: =J34-I34 -> 5.058 | AB34: =K34-J34 -> 4.588 | AC34: =L34-K34 -> 0.837 | ... AG34: =P34-O34 -> 1.692 | AH34: 2.9773
A35: 8 | B35: 5B | C35: vodoměr SV č. 190834094 | D35: 96.878 | E35: 105.394 | F35: 113.217 | G35: 121.683 | H35: 126.481 | I35: 132.265 | J35: 138.812 | K35: 144.97 | L35: 152.941 | M35: 159.194 | N35: 166.476 | O35: 172.105 | P35: 177.033 | Q35: =P35-D35 -> 80.155 | U35: 8 | V35: =E35-D35 -> 8.516 | W35: =F35-E35 -> 7.823 | X35: =G35-F35 -> 8.466 | Y35: =H35-G35 -> 4.798 | Z35: =I35-H35 -> 5.784 | AA35: =J35-I35 -> 6.547 | AB35: =K35-J35 -> 6.158 | AC35: =L35-K35 -> 7.971 | ... AG35: =P35-O35 -> 4.928 | AH35: 5.4084
A36: 11 | B36: 6B | C36: vodoměr SV č. 200015744 | D36: 8.147 | E36: 8.744 | F36: 9.217 | G36: 9.435 | H36: 9.99 | I36: 10.343 | J36: 10.952 | K36: 11.449 | L36: 12.278 | M36: 12.466 | N36: 12.736 | O36: 12.914 | P36: 13.701 | Q36: =P36-D36 -> 5.554 | U36: 11 | V36: =E36-D36 -> 0.597 | W36: =F36-E36 -> 0.473 | X36: =G36-F36 -> 0.218 | Y36: =H36-G36 -> 0.555 | Z36: =I36-H36 -> 0.353 | AA36: =J36-I36 -> 0.609 | AB36: =K36-J36 -> 0.497 | AC36: =L36-K36 -> 0.829 | ... AG36: =P36-O36 -> 0.787 | AH36: 0.4723
A37: 12 | B37: 8B | C37: vodoměr SV č. 190834128 | D37: 28.67 | E37: 30.22 | F37: 31.622 | G37: 33.129 | H37: 35.414 | I37: 37.551 | J37: 39.374 | K37: 41.147 | L37: 42.868 | M37: 44.489 | N37: 46.26 | O37: 47.774 | P37: 49.424 | Q37: =P37-D37 -> 20.754 | U37: 12 | V37: =E37-D37 -> 1.55 | W37: =F37-E37 -> 1.402 | X37: =G37-F37 -> 1.507 | Y37: =H37-G37 -> 2.285 | Z37: =I37-H37 -> 2.137 | AA37: =J37-I37 -> 1.823 | AB37: =K37-J37 -> 1.773 | AC37: =L37-K37 -> 1.721 | ... AG37: =P37-O37 -> 1.65 | AH37: 2.1434
C39: VODOMĚRY TEPLÁ VODA | V39: teplá voda
A40: 2 | B40: 2 | C40: vodoměr TUV č. 200105142 | D40: 20.754 | E40: 24.821 | F40: 28.727 | G40: 33.281 | H40: 38.101 | I40: 43.22 | J40: 47.546 | K40: 49.442 | L40: 52.174 | M40: 53.511 | N40: 53.516 | O40: 54.347 | P40: 56.786 | Q40: =P40-D40 -> 36.032 | U40: 2 | V40: =E40-D40 -> 4.067 | W40: =F40-E40 -> 3.906 | X40: =G40-F40 -> 4.554 | Y40: =H40-G40 -> 4.82 | Z40: =I40-H40 -> 5.119 | AA40: =J40-I40 -> 4.326 | AB40: =K40-J40 -> 1.896 | AC40: =L40-K40 -> 2.732 | ... AG40: =P40-O40 -> 2.439 | AH40: 4.0477
A41: 3 | B41: 2B | C41: vodoměr TUV č. 200105133 | D41: 45.661 | E41: 52.39 | F41: 59.452 | G41: 66.645 | H41: 72.841 | I41: 79.726 | J41: 84.369 | K41: 87.31 | L41: 91.296 | M41: 95.538 | N41: 100.689 | O41: 106.248 | P41: 111.664 | Q41: =P41-D41 -> 66.003 | U41: 3 | V41: =E41-D41 -> 6.729 | W41: =F41-E41 -> 7.062 | X41: =G41-F41 -> 7.193 | Y41: =H41-G41 -> 6.196 | Z41: =I41-H41 -> 6.885 | AA41: =J41-I41 -> 4.643 | AB41: =K41-J41 -> 2.941 | AC41: =L41-K41 -> 3.986 | ... AG41: =P41-O41 -> 5.416 | AH41: 4.1811
A42: 5 | B42: 3 | C42: vodoměr TUV č. 190049448 | D42: 6.058 | E42: 6.674 | F42: 7.155 | G42: 7.626 | H42: 8.074 | I42: 8.643 | J42: 9.067 | K42: 9.595 | L42: 10.003 | M42: 10.488 | N42: 11.25 | O42: 11.95 | P42: 12.609 | Q42: =P42-D42 -> 6.551 | U42: 5 | V42: =E42-D42 -> 0.616 | W42: =F42-E42 -> 0.481 | X42: =G42-F42 -> 0.471 | Y42: =H42-G42 -> 0.448 | Z42: =I42-H42 -> 0.569 | AA42: =J42-I42 -> 0.424 | AB42: =K42-J42 -> 0.528 | AC42: =L42-K42 -> 0.408 | ... AG42: =P42-O42 -> 0.659 | AH42: 0.3771
A43: 6 | B43: 3B | C43: vodoměr TUV č. 190049255 | D43: 50.504 | E43: 55.02 | F43: 59.203 | G43: 63.576 | H43: 67.635 | I43: 72.055 | J43: 75.169 | K43: 77.982 | L43: 78.244 | M43: 78.837 | N43: 79.732 | O43: 80.626 | P43: 82.099 | Q43: =P43-D43 -> 31.595 | U43: 6 | V43: =E43-D43 -> 4.516 | W43: =F43-E43 -> 4.183 | X43: =G43-F43 -> 4.373 | Y43: =H43-G43 -> 4.059 | Z43: =I43-H43 -> 4.42 | AA43: =J43-I43 -> 3.114 | AB43: =K43-J43 -> 2.813 | AC43: =L43-K43 -> 0.262 | ... AG43: =P43-O43 -> 1.473 | AH43: 1.5876
A44: 9 | B44: 5 | C44: vodoměr TUV č. 200105131 | D44: 19.951 | E44: 22.307 | F44: 24.406 | G44: 27.783 | H44: 30.848 | I44: 30.859 | J44: 30.865 | K44: 30.993 | L44: 30.996 | M44: 31.652 | N44: 33.675 | O44: 35.288 | P44: 37.255 | Q44: =P44-D44 -> 17.304 | U44: 9 | V44: =E44-D44 -> 2.356 | W44: =F44-E44 -> 2.099 | X44: =G44-F44 -> 3.377 | Y44: =H44-G44 -> 3.065 | Z44: =I44-H44 -> 0.011 | AA44: =J44-I44 -> 0.006 | AB44: =K44-J44 -> 0.128 | AC44: =L44-K44 -> 0.003 | ... AG44: =P44-O44 -> 1.967 | AH44: 4.4403
A45: 8 | B45: 5B | C45: vodoměr TUV č. 200105152 | D45: 28.564 | E45: 33.14 | F45: 37.963 | G45: 42.609 | H45: 44.275 | I45: 46.833 | J45: 49.805 | K45: 52.162 | L45: 55.504 | M45: 58.563 | N45: 62.596 | O45: 66.674 | P45: 69.031 | Q45: =P45-D45 -> 40.467 | U45: 8 | V45: =E45-D45 -> 4.576 | W45: =F45-E45 -> 4.823 | X45: =G45-F45 -> 4.646 | Y45: =H45-G45 -> 1.666 | Z45: =I45-H45 -> 2.558 | AA45: =J45-I45 -> 2.972 | AB45: =K45-J45 -> 2.357 | AC45: =L45-K45 -> 3.342 | ... AG45: =P45-O45 -> 2.357 | AH45: 2.5713
A46: 15 | B46: 6 | C46: vodoměr TUV č. 190049234 | D46: 30.488 | E46: 30.694 | F46: 33.911 | G46: 36.486 | H46: 39.346 | I46: 42.177 | J46: 44.363 | K46: 46.658 | L46: 49.139 | M46: 51.571 | N46: 54.977 | O46: 57.997 | P46: 62.118 | Q46: =P46-D46 -> 31.63 | U46: 15 | V46: =E46-D46 -> 0.206 | W46: =F46-E46 -> 3.217 | X46: =G46-F46 -> 2.575 | Y46: =H46-G46 -> 2.86 | Z46: =I46-H46 -> 2.831 | AA46: =J46-I46 -> 2.186 | AB46: =K46-J46 -> 2.295 | AC46: =L46-K46 -> 2.481 | ... AG46: =P46-O46 -> 4.121 | AH46: 0.9661
A47: 11 | B47: 6B | C47: vodoměr TUV č. 190049258 | D47: 7.6 | E47: 7.967 | F47: 8.258 | G47: 8.442 | H47: 8.848 | I47: 9.034 | J47: 9.168 | K47: 9.391 | L47: 9.765 | M47: 9.843 | N47: 9.972 | O47: 10.06 | P47: 10.546 | Q47: =P47-D47 -> 2.946 | U47: 11 | V47: =E47-D47 -> 0.367 | W47: =F47-E47 -> 0.291 | X47: =G47-F47 -> 0.184 | Y47: =H47-G47 -> 0.406 | Z47: =I47-H47 -> 0.186 | AA47: =J47-I47 -> 0.134 | AB47: =K47-J47 -> 0.223 | AC47: =L47-K47 -> 0.374 | ... AG47: =P47-O47 -> 0.486 | AH47: 0.2794
A48: 13 | B48: 8 | C48: vodoměr TUV č. 190049444 | D48: 23.833 | E48: 26.355 | F48: 27.929 | G48: 30.102 | H48: 32.317 | I48: 33.965 | J48: 34.224 | K48: 35.185 | L48: 36.421 | M48: 38.323 | N48: 40.811 | O48: 42.78 | P48: 43.02 | Q48: =P48-D48 -> 19.187 | U48: 13 | V48: =E48-D48 -> 2.522 | W48: =F48-E48 -> 1.574 | X48: =G48-F48 -> 2.173 | Y48: =H48-G48 -> 2.215 | Z48: =I48-H48 -> 1.648 | AA48: =J48-I48 -> 0.259 | AB48: =K48-J48 -> 0.961 | AC48: =L48-K48 -> 1.236 | ... AG48: =P48-O48 -> 0.24 | AH48: 1.3253
A49: 12 | B49: 8B | C49: vodoměr TUV č. 190049253 | D49: 22.722 | E49: 24.144 | F49: 25.367 | G49: 26.602 | H49: 27.882 | I49: 29.216 | J49: 30.225 | K49: 31.272 | L49: 32.41 | M49: 33.774 | N49: 35.32 | O49: 36.897 | P49: 38.506 | Q49: =P49-D49 -> 15.784 | U49: 12 | V49: =E49-D49 -> 1.422 | W49: =F49-E49 -> 1.223 | X49: =G49-F49 -> 1.235 | Y49: =H49-G49 -> 1.28 | Z49: =I49-H49 -> 1.334 | AA49: =J49-I49 -> 1.009 | AB49: =K49-J49 -> 1.047 | AC49: =L49-K49 -> 1.138 | ... AG49: =P49-O49 -> 1.609 | AH49: 1.6965
E52: Reklamace - výměna | V52: SROVNÁVACÍ TABULKA ZBYTKU DĚLENÝCH BYTŮ - spotřeby SV a TV
C53: 2 | D53: 2A - TV | E53: 43950 | F53: starý | T53: byt | U53: Vodom. | V53: leden | W53: únor | X53: březen | Y53: duben | Z53: květen | AA53: červen | AB53: červenec | AC53: srpen | AD53: září | AE53: říjen | AF53: listopad | AG53: prosinec
F54: nový | T54: 3 | U54: SV | V54: =V33 -> 8.247 | W54: =W33 -> 7.955 | X54: =X33 -> 9.154 | Y54: =Y33 -> 8.268 | Z54: =Z33 -> 9.609 | AA54: =AA33 -> 7.735 | AB54: =AB33 -> 5.887 | AC54: =AC33 -> 7.846 | ... AG54: =AG33 -> 7.63 | AH54: 7.9723
C55: 3 | D55: 2B - SV | E55: 43950 | F55: starý | U55: TV | V55: =V41 -> 6.729 | W55: =W41 -> 7.062 | X55: =X41 -> 7.193 | Y55: =Y41 -> 6.196 | Z55: =Z41 -> 6.885 | AA55: =AA41 -> 4.643 | AB55: =AB41 -> 2.941 | AC55: =AC41 -> 3.986 | ... AG55: =AG41 -> 5.416 | AH55: 4.1811
F56: nový | T56: 6 | U56: SV | V56: =V34 -> 4.522 | W56: =W34 -> 4.417 | X56: =X34 -> 5.766 | Y56: =Y34 -> 4.897 | Z56: =Z34 -> 6.107 | AA56: =AA34 -> 5.058 | AB56: =AB34 -> 4.588 | AC56: =AC34 -> 0.837 | ... AG56: =AG34 -> 1.692 | AH56: 2.9773
C57: 3 | D57: 2B - TV | E57: 43950 | F57: starý | U57: TV | V57: =V43 -> 4.516 | W57: =W43 -> 4.183 | X57: =X43 -> 4.373 | Y57: =Y43 -> 4.059 | Z57: =Z43 -> 4.42 | AA57: =AA43 -> 3.114 | AB57: =AB43 -> 2.813 | AC57: =AC43 -> 0.262 | ... AG57: =AG43 -> 1.473 | AH57: 1.5876
F58: nový | T58: 8 | U58: SV | V58: =V35 -> 8.516 | W58: =W35 -> 7.823 | X58: =X35 -> 8.466 | Y58: =Y35 -> 4.798 | Z58: =Z35 -> 5.784 | AA58: =AA35 -> 6.547 | AB58: =AB35 -> 6.158 | AC58: =AC35 -> 7.971 | ... AG58: =AG35 -> 4.928 | AH58: 5.4084
C59: 9 | D59: 5A - TV | E59: 43950 | F59: starý | U59: TV | V59: =V45 -> 4.576 | W59: =W45 -> 4.823 | X59: =X45 -> 4.646 | Y59: =Y45 -> 1.666 | Z59: =Z45 -> 2.558 | AA59: =AA45 -> 2.972 | AB59: =AB45 -> 2.357 | AC59: =AC45 -> 3.342 | ... AG59: =AG45 -> 2.357 | AH59: 2.5713
F60: nový | T60: 11 | U60: SV | V60: =V36 -> 0.597 | W60: =W36 -> 0.473 | X60: =X36 -> 0.218 | Y60: =Y36 -> 0.555 | Z60: =Z36 -> 0.353 | AA60: =AA36 -> 0.609 | AB60: =AB36 -> 0.497 | AC60: =AC36 -> 0.829 | ... AG60: =AG36 -> 0.787 | AH60: 0.4723
C61: 8 | D61: 5B - TV | E61: 43950 | F61: starý | U61: TV | V61: =V47 -> 0.367 | W61: =W47 -> 0.291 | X61: =X47 -> 0.184 | Y61: =Y47 -> 0.406 | Z61: =Z47 -> 0.186 | AA61: =AA47 -> 0.134 | AB61: =AB47 -> 0.223 | AC61: =AC47 -> 0.374 | ... AG61: =AG47 -> 0.486 | AH61: 0.2794
F62: nový | T62: 12 | U62: SV | V62: =V37 -> 1.55 | W62: =W37 -> 1.402 | X62: =X37 -> 1.507 | Y62: =Y37 -> 2.285 | Z62: =Z37 -> 2.137 | AA62: =AA37 -> 1.823 | AB62: =AB37 -> 1.773 | AC62: =AC37 -> 1.721 | ... AG62: =AG37 -> 1.65 | AH62: 2.1434
C63: 15 | D63: 6A - SV | E63: 43950 | F63: starý | U63: TV | V63: =V49 -> 1.422 | W63: =W49 -> 1.223 | X63: =X49 -> 1.235 | Y63: =Y49 -> 1.28 | Z63: =Z49 -> 1.334 | AA63: =AA49 -> 1.009 | AB63: =AB49 -> 1.047 | AC63: =AC49 -> 1.138 | ... AG63: =AG49 -> 1.609 | AH63: 1.6965
F64: nový
C65: 11 | D65: 6B - SV | E65: 43950 | F65: starý
F66: nový
E68: Výměna elektroměru
E69: 43956 | F69: starý
F70: nový

Sheet 1852
A2: 1852 | C2: ='1850'!C2 -> 44197 | D2: ='1850'!D2 -> 44228 | E2: ='1850'!E2 -> 44256 | F2: ='1850'!F2 -> 44286 | G2: ='1850'!G2 -> 44316 | H2: ='1850'!H2 -> 44348 | I2: ='1850'!I2 -> 44379 | J2: ='1850'!J2 -> 44410 | ... O2: ='1850'!O2 -> 44562 | P2: voda | Q2: teplo | Y2: spotřeby po měsících
A3: byt č. | C3: prosinec | D3: leden | E3: únor | F3: březen | G3: duben | H3: květen | I3: červen | J3: červenec | K3: srpen | L3: září | M3: říjen | N3: listopad | O3: prosinec | P3: m3 | Q3: GJ | T3: byt | U3: leden | V3: únor | W3: březen | X3: duben | Y3: květen | Z3: červen | AA3: červenec | AB3: srpen | AC3: září | AD3: říjen | AE3: listopad | AF3: prosinec
A4: 1 | B4: vodoměr č. 190834115 | C4: 187.433 | D4: 199.897 | E4: 210.162 | F4: 220.238 | G4: 231.885 | H4: 243.812 | I4: 255.006 | J4: 265.96 | K4: 276.638 | L4: 287.038 | M4: 297.65 | N4: 307.706 | O4: 317.269 | P4: =O4-C4 -> 129.836 | T4: 1 | U4: =D4-C4 -> 12.464 | V4: =E4-D4 -> 10.265 | W4: =F4-E4 -> 10.076 | X4: =G4-F4 -> 11.647 | Y4: =H4-G4 -> 11.927 | Z4: =I4-H4 -> 11.194 | AA4: =J4-I4 -> 10.954 | AB4: =K4-J4 -> 10.678 | ... AF4: =O4-N4 -> 9.563
B5: kalorimetr č. SN 34582388 | C5: 78.606 | D5: 83.646 | E5: 88.59 | F5: 92.455 | G5: 95.461 | H5: 96.962 | I5: 97.605 | J5: 98.153 | K5: 98.705 | L5: 99.511 | M5: 101.518 | N5: 3.546 | O5: 7.696 | Q5: =O5+M5-C5 -> 30.608
A6: 2 | B6: vodoměr č. 190834121 | C6: 71.705 | D6: 79.867 | E6: 87.301 | F6: 93.336 | G6: 101.476 | H6: 111.487 | I6: 120.575 | J6: 128.309 | K6: 137.054 | L6: 141.254 | M6: 142.56 | N6: 147.208 | O6: 149.209 | P6: =O6-C6 -> 77.504 | T6: 2 | U6: =D6-C6 -> 8.162 | V6: =E6-D6 -> 7.434 | W6: =F6-E6 -> 6.035 | X6: =G6-F6 -> 8.14 | Y6: =H6-G6 -> 10.011 | Z6: =I6-H6 -> 9.088 | AA6: =J6-I6 -> 7.734 | AB6: =K6-J6 -> 8.745 | ... AF6: =O6-N6 -> 2.001
B7: kalorimetr č. SN 34582394 | C7: 58.143 | D7: 60.344 | E7: 62.435 | F7: 63.762 | G7: 64.78 | H7: 65.51 | I7: 65.995 | J7: 66.352 | K7: 66.788 | L7: 67.11 | M7: 67.856 | N7: 2.296 | O7: 4.266 | Q7: =O7+M7-C7 -> 13.979
A8: 3 | B8: vodoměr č. 200015760 | C8: 81.529 | D8: 89.8 | E8: 97.685 | F8: 106.906 | G8: 115.855 | H8: 125.94 | I8: 137.421 | J8: 149.275 | K8: 155.726 | L8: 165.651 | M8: 177.095 | N8: 188.923 | O8: 203.867 | P8: =O8-C8 -> 122.338 | T8: 3 | U8: =D8-C8 -> 8.271 | V8: =E8-D8 -> 7.885 | W8: =F8-E8 -> 9.221 | X8: =G8-F8 -> 8.949 | Y8: =H8-G8 -> 10.085 | Z8: =I8-H8 -> 11.481 | AA8: =J8-I8 -> 11.854 | AB8: =K8-J8 -> 6.451 | ... AF8: =O8-N8 -> 14.944
B9: kalorimetr č. SN 34582389 | C9: 96.054 | D9: 101.778 | E9: 107.323 | F9: 111.677 | G9: 115.169 | H9: 117.837 | I9: 120.017 | J9: 120.776 | K9: 121.233 | L9: 122.292 | M9: 125.583 | N9: 4.568 | O9: 10.111 | Q9: =O9+M9-C9 -> 39.64
A10: 4 | B10: vodoměr č. 190834096 | C10: 164.97 | D10: 180.491 | E10: 193.2 | F10: 206.537 | G10: 220.88 | H10: 233.454 | I10: 244.684 | J10: 248.239 | K10: 254.006 | L10: 266.797 | M10: 283.207 | N10: 296.321 | O10: 310.612 | P10: =O10-C10 -> 145.642 | T10: 4 | U10: =D10-C10 -> 15.521 | V10: =E10-D10 -> 12.709 | W10: =F10-E10 -> 13.337 | X10: =G10-F10 -> 14.343 | Y10: =H10-G10 -> 12.574 | Z10: =I10-H10 -> 11.23 | AA10: =J10-I10 -> 3.555 | AB10: =K10-J10 -> 5.767 | ... AF10: =O10-N10 -> 14.291
B11: kalorimetr č. SN 34582395 | C11: 105.124 | D11: 110.479 | E11: 114.917 | F11: 118.449 | G11: 121.36 | H11: 122.973 | I11: 123.596 | J11: 123.826 | K11: 124.191 | L11: 125.127 | M11: 128.281 | N11: 4.54 | O11: 9.533 | Q11: =O11+M11-C11 -> 32.69
A12: 5 | B12: vodoměr č. 190834110 | C12: 36.779 | D12: 42.789 | E12: 49.701 | F12: 57.395 | G12: 63.68 | H12: 69.968 | I12: 77.5 | J12: 85.466 | K12: 90.525 | L12: 100.222 | M12: 111.409 | N12: 121.996 | O12: 133.155 | P12: =O12-C12 -> 96.376 | T12: 5 | U12: =D12-C12 -> 6.01 | V12: =E12-D12 -> 6.912 | W12: =F12-E12 -> 7.694 | X12: =G12-F12 -> 6.285 | Y12: =H12-G12 -> 6.288 | Z12: =I12-H12 -> 7.532 | AA12: =J12-I12 -> 7.966 | AB12: =K12-J12 -> 5.059 | ... AF12: =O12-N12 -> 11.159
B13: kalorimetr č. SN 34582393 | C13: 21.764 | D13: 24.348 | E13: 26.424 | F13: 27.811 | G13: 28.937 | H13: 29.667 | I13: 30.197 | J13: 30.766 | K13: 31.208 | L13: 32.033 | M13: 33.416 | N13: 1.949 | O13: 4.064 | Q13: =O13+M13-C13 -> 15.716
A14: 6 | B14: vodoměr č. 190834127 | C14: 124.962 | D14: 133.594 | E14: 139.905 | F14: 149.525 | G14: 156.103 | H14: 165.081 | I14: 171.151 | J14: 176.652 | K14: 182.209 | L14: 190.243 | M14: 198.245 | N14: 206.957 | O14: 215.901 | P14: =O14-C14 -> 90.939 | T14: 6 | U14: =D14-C14 -> 8.632 | V14: =E14-D14 -> 6.311 | W14: =F14-E14 -> 9.62 | X14: =G14-F14 -> 6.578 | Y14: =H14-G14 -> 8.978 | Z14: =I14-H14 -> 6.07 | AA14: =J14-I14 -> 5.501 | AB14: =K14-J14 -> 5.557 | ... AF14: =O14-N14 -> 8.944
B15: kalorimetr č. SN 34582399 | C15: 139.772 | D15: 144.765 | E15: 149.124 | F15: 153.187 | G15: 155.784 | H15: 157.529 | I15: 158.489 | J15: 159.309 | K15: 159.919 | L15: 161.127 | M15: 163.696 | N15: 2.713 | O15: 6.688 | Q15: =O15+M15-C15 -> 30.612
A16: 7 | B16: vodoměr č. 190834123 | C16: 17.249 | D16: 17.893 | E16: 18.308 | F16: 18.98 | G16: 19.624 | H16: 20.672 | I16: 21.446 | J16: 23.465 | K16: 25.065 | L16: 25.604 | M16: 26.971 | N16: 28.58 | O16: 29.521 | P16: =O16-C16 -> 12.272 | T16: 7 | U16: =D16-C16 -> 0.644 | V16: =E16-D16 -> 0.415 | W16: =F16-E16 -> 0.672 | X16: =G16-F16 -> 0.644 | Y16: =H16-G16 -> 1.048 | Z16: =I16-H16 -> 0.774 | AA16: =J16-I16 -> 2.019 | AB16: =K16-J16 -> 1.6 | ... AF16: =O16-N16 -> 0.941
B17: kalorimetr č. SN 34582404 | C17: 39.837 | D17: 42.54 | E17: 44.369 | F17: 45.893 | G17: 46.434 | H17: 46.517 | I17: 46.533 | J17: 46.57 | K17: 46.618 | L17: 46.629 | M17: 46.719 | N17: 1.347 | O17: 3.464 | Q17: =O17+M17-C17 -> 10.346
A18: 8 | B18: vodoměr č. 190834118 | C18: 136.449 | D18: 146.323 | E18: 156.518 | F18: 167.766 | G18: 177.691 | H18: 189.343 | I18: 197.173 | J18: 204.762 | K18: 213.5 | L18: 220.531 | M18: 232.347 | N18: 242.121 | O18: 249.053 | P18: =O18-C18 -> 112.604 | T18: 8 | U18: =D18-C18 -> 9.874 | V18: =E18-D18 -> 10.195 | W18: =F18-E18 -> 11.248 | X18: =G18-F18 -> 9.925 | Y18: =H18-G18 -> 11.652 | Z18: =I18-H18 -> 7.83 | AA18: =J18-I18 -> 7.589 | AB18: =K18-J18 -> 8.738 | ... AF18: =O18-N18 -> 6.932
B19: kalorimetr č. SN 34582406 | C19: 54.3 | D19: 58.427 | E19: 61.379 | F19: 63.639 | G19: 65.226 | H19: 66.057 | I19: 66.511 | J19: 66.939 | K19: 67.427 | L19: 67.859 | M19: 68.758 | N19: 2.543 | O19: 5.175 | Q19: =O19+M19-C19 -> 19.633
A20: 9 | B20: vodoměr č. 190834113 | C20: 106.093 | D20: 109.998 | E20: 114.59 | F20: 119.052 | G20: 122.995 | H20: 126.643 | I20: 128.59 | J20: 129.587 | K20: 131.477 | L20: 133.877 | M20: 138.171 | N20: 140.916 | O20: 143.658 | P20: =O20-C20 -> 37.565 | T20: 9 | U20: =D20-C20 -> 3.905 | V20: =E20-D20 -> 4.592 | W20: =F20-E20 -> 4.462 | X20: =G20-F20 -> 3.943 | Y20: =H20-G20 -> 3.648 | Z20: =I20-H20 -> 1.947 | AA20: =J20-I20 -> 0.997 | AB20: =K20-J20 -> 1.89 | ... AF20: =O20-N20 -> 2.742
B21: kalorimetr č. SN 34582405 | C21: 107.631 | D21: 113.954 | E21: 119.379 | F21: 124.312 | G21: 127.787 | H21: 129.475 | I21: 130.122 | J21: 130.518 | K21: 131.075 | L21: 131.83 | M21: 135.275 | N21: 5.76 | O21: 11.394 | Q21: =O21+M21-C21 -> 39.038
A22: 10 | B22: vodoměr č. 190834129 | C22: 107.228 | D22: 116.851 | E22: 125.324 | F22: 134.541 | G22: 143.92 | H22: 152.62 | I22: 160.49 | J22: 166.456 | K22: 173.441 | L22: 179.765 | M22: 185.484 | N22: 193.033 | O22: 199.254 | P22: =O22-C22 -> 92.026 | T22: 10 | U22: =D22-C22 -> 9.623 | V22: =E22-D22 -> 8.473 | W22: =F22-E22 -> 9.217 | X22: =G22-F22 -> 9.379 | Y22: =H22-G22 -> 8.7 | Z22: =I22-H22 -> 7.87 | AA22: =J22-I22 -> 5.966 | AB22: =K22-J22 -> 6.985 | ... AF22: =O22-N22 -> 6.221
B23: kalorimetr č. SN 34582407 | C23: 51.404 | D23: 55.741 | E23: 59.389 | F23: 62.297 | G23: 63.644 | H23: 64.417 | I23: 64.938 | J23: 65.35 | K23: 65.87 | L23: 66.493 | M23: 67.651 | N23: 2.642 | O23: 6.284 | Q23: =O23+M23-C23 -> 22.531
P24: =SUM(P4:P23) -> 917.102 | Q24: =SUM(Q4:Q23) -> 254.793
A25: spol.spotř. | B25: elektroměr č. 2080200097 | C25: 1960 | D25: 2164 | E25: 3386 | F25: 3600 | G25: 3812 | H25: 4024 | I25: 4224 | J25: 4406 | K25: 4622 | L25: 4810 | M25: 4999 | N25: 5191 | O25: 5389 | R25: =O25-C25 -> 3429
B26: patní vodoměr č. 190976792 | C26: 1247.6 | D26: 1346.7 | E26: 1435.1 | F26: 1532.8 | G26: 1626.9 | H26: 1729.4 | I26: 1820.7 | J26: 1897.8 | K26: 1973.9 | L26: 2061.4 | M26: 2160 | N26: 2257.3 | O26: 2353 | P26: =O26-C26 -> 1105.4
B27: patní kalorimetr č./MWh | C27: 94.22 | D27: 106.89 | E27: 117.26 | F27: 125.69 | G27: 131.63 | H27: 134.96 | I27: 136.89 | J27: 137.85 | K27: 139.28 | L27: 140.74 | M27: 145.78 | N27: 154.91 | O27: 165.58 | Q27: =(O27-C27)*3.6 -> 256.896 | R27: GJ
B28: patní kalorimetr č./kub.m | C28: 4874 | D28: 5262 | E28: 5590 | F28: 5845 | G28: 6034 | H28: 6164 | I28: 6280 | J28: 6337 | K28: 6580 | L28: 6667 | M28: 6811 | N28: 7036 | O28: 7312 | Q28: =O28-C28 -> 2438 | R28: m3
A29: ='1850'!A29 -> fakturační vodoměr č. 63796 | C29: ='1850'!C29 -> 11988 | D29: ='1850'!D29 -> 12374.5 | E29: ='1850'!E29 -> 12733.1 | F29: ='1850'!F29 -> 13122.2 | G29: ='1850'!G29 -> 13481.9 | H29: ='1850'!H29 -> 13859.3 | I29: ='1850'!I29 -> 14237.6 | J29: ='1850'!J29 -> 14571.1 | ... O29: ='1850'!O29 -> 16304 | P29: =O29-C29 -> 4316
D31: Reklamace - výměna
C32: 3 | D32: 43950 | E32: starý
E33: nový
D35: Výměna elektroměru
D36: 43956 | E36: starý
E37: nový

Sheet 1853
A2: 1853 | C2: ='1850'!C2 -> 44197 | D2: ='1850'!D2 -> 44228 | E2: ='1850'!E2 -> 44256 | F2: ='1850'!F2 -> 44286 | G2: ='1850'!G2 -> 44316 | H2: ='1850'!H2 -> 44348 | I2: ='1850'!I2 -> 44379 | J2: ='1850'!J2 -> 44410 | ... O2: ='1850'!O2 -> 44562 | P2: Voda | Q2: Teplo | R2: Elektr | Y2: spotřeby po měsících
A3: byt č. | C3: prosinec | D3: leden | E3: únor | F3: březen | G3: duben | H3: květen | I3: červen | J3: červenec | K3: srpen | L3: září | M3: říjen | N3: listopad | O3: prosinec | P3: m3 | Q3: GJ | R3: KWh | T3: byt | U3: leden | V3: únor | W3: březen | X3: duben | Y3: květen | Z3: červen | AA3: červenec | AB3: srpen | AC3: září | AD3: říjen | AE3: listopad | AF3: prosinec
A4: 1 | B4: vodoměr č. 190834100 | C4: 210.134 | D4: 225.19 | E4: 240.626 | F4: 256.469 | G4: 270.571 | H4: 284.837 | I4: 298.902 | J4: 312.34 | K4: 325.859 | L4: 338.55 | M4: 352.808 | N4: 366.434 | O4: 380.509 | P4: =O4-C4 -> 170.375 | T4: 1 | U4: =D4-C4 -> 15.056 | V4: =E4-D4 -> 15.436 | W4: =F4-E4 -> 15.843 | X4: =G4-F4 -> 14.102 | Y4: =H4-G4 -> 14.266 | Z4: =I4-H4 -> 14.065 | AA4: =J4-I4 -> 13.438 | AB4: =K4-J4 -> 13.519 | ... AF4: =O4-N4 -> 14.075
B5: kalorimetr č. SN 34582390 | C5: 124.038 | D5: 129.636 | E5: 135.173 | F5: 139.923 | G5: 143.03 | H5: 144.664 | I5: 145.704 | J5: 146.627 | K5: 147.574 | L5: 148.512 | M5: 150.413 | N5: 3.83 | O5: 9.528 | Q5: =O5+M5-C5 -> 35.903
A6: 2 | B6: vodoměr č. 190906789 | C6: 116.709 | D6: 124.707 | E6: 133.277 | F6: 141.498 | G6: 151.197 | H6: 158.655 | I6: 166.783 | J6: 174.839 | K6: 183.011 | L6: 189.59 | M6: 196.961 | N6: 204.595 | O6: 212.804 | P6: =O6-C6 -> 96.095 | T6: 2 | U6: =D6-C6 -> 7.998 | V6: =E6-D6 -> 8.57 | W6: =F6-E6 -> 8.221 | X6: =G6-F6 -> 9.699 | Y6: =H6-G6 -> 7.458 | Z6: =I6-H6 -> 8.128 | AA6: =J6-I6 -> 8.056 | AB6: =K6-J6 -> 8.172 | ... AF6: =O6-N6 -> 8.209
B7: kalorimetr č. SN 34582422 | C7: 38.301 | D7: 39.968 | E7: 41.662 | F7: 43.007 | G7: 43.882 | H7: 44.483 | I7: 45.036 | J7: 45.562 | K7: 46.125 | L7: 46.657 | M7: 47.343 | N7: 1.121 | O7: 2.426 | Q7: =O7+M7-C7 -> 11.468
A8: 3 | B8: vodoměr č. 190906786 | C8: 35.335 | D8: 39.35 | E8: 42.505 | F8: 46.641 | G8: 50.573 | H8: 55.072 | I8: 59.553 | J8: 65.588 | K8: 73.323 | L8: 78.349 | M8: 82.464 | N8: 88.016 | O8: 93.933 | P8: =O8-C8 -> 58.598 | T8: 3 | U8: =D8-C8 -> 4.015 | V8: =E8-D8 -> 3.155 | W8: =F8-E8 -> 4.136 | X8: =G8-F8 -> 3.932 | Y8: =H8-G8 -> 4.499 | Z8: =I8-H8 -> 4.481 | AA8: =J8-I8 -> 6.035 | AB8: =K8-J8 -> 7.735 | ... AF8: =O8-N8 -> 5.917
B9: kalorimetr č. SN 34582386 | C9: 26.764 | D9: 31.255 | E9: 35.56 | F9: 38.966 | G9: 41.159 | H9: 41.925 | I9: 42.117 | J9: 42.323 | K9: 42.585 | L9: 42.898 | M9: 44.365 | N9: 2.709 | O9: 6.53 | Q9: =O9+M9-C9 -> 24.131
A10: 4 | B10: vodoměr č. 190834105 | C10: 87.347 | D10: 94.292 | E10: 100.373 | F10: 108.311 | G10: 108.345 | H10: 111.922 | I10: 116.917 | J10: 119.674 | K10: 125.285 | L10: 130.503 | M10: 136.102 | N10: 140.904 | O10: 146.769 | P10: =O10-C10 -> 59.422 | T10: 4 | U10: =D10-C10 -> 6.945 | V10: =E10-D10 -> 6.081 | W10: =F10-E10 -> 7.938 | X10: =G10-F10 -> 0.034 | Y10: =H10-G10 -> 3.577 | Z10: =I10-H10 -> 4.995 | AA10: =J10-I10 -> 2.757 | AB10: =K10-J10 -> 5.611 | ... AF10: =O10-N10 -> 5.865
B11: kalorimetr č. SN 34582421 | C11: 53.181 | D11: 56.515 | E11: 59.626 | F11: 61.732 | G11: 61.78 | H11: 62.009 | I11: 62.276 | J11: 62.399 | K11: 62.639 | L11: 63 | M11: 63.785 | N11: 1.663 | O11: 3.388 | Q11: =O11+M11-C11 -> 13.992
A12: 5 | B12: vodoměr č. 190906792 | C12: 129.352 | D12: 138.891 | E12: 146.336 | F12: 154.096 | G12: 162.636 | H12: 170.83 | I12: 179.159 | J12: 187.258 | K12: 195.175 | L12: 202.595 | M12: 210.844 | N12: 218.331 | O12: 226.914 | P12: =O12-C12 -> 97.562 | T12: 5 | U12: =D12-C12 -> 9.539 | V12: =E12-D12 -> 7.445 | W12: =F12-E12 -> 7.76 | X12: =G12-F12 -> 8.54 | Y12: =H12-G12 -> 8.194 | Z12: =I12-H12 -> 8.329 | AA12: =J12-I12 -> 8.099 | AB12: =K12-J12 -> 7.917 | ... AF12: =O12-N12 -> 8.583
B13: kalorimetr č. SN 34582387 | C13: 47.354 | D13: 49.682 | E13: 51.607 | F13: 53.193 | G13: 54.327 | H13: 54.922 | I13: 55.247 | J13: 55.539 | K13: 55.839 | L13: 56.212 | M13: 57.074 | N13: 1.455 | O13: 3.187 | Q13: =O13+M13-C13 -> 12.907
A14: 6 | B14: vodoměr č. 190906795 | C14: 70.472 | D14: 76.082 | E14: 80.361 | F14: 85.261 | G14: 89.975 | H14: 95.404 | I14: 98.632 | J14: 103.698 | K14: 107.937 | L14: 112.042 | M14: 117.073 | N14: 121.721 | O14: 126.237 | P14: =O14-C14 -> 55.765 | T14: 6 | U14: =D14-C14 -> 5.61 | V14: =E14-D14 -> 4.279 | W14: =F14-E14 -> 4.9 | X14: =G14-F14 -> 4.714 | Y14: =H14-G14 -> 5.429 | Z14: =I14-H14 -> 3.228 | AA14: =J14-I14 -> 5.066 | AB14: =K14-J14 -> 4.239 | ... AF14: =O14-N14 -> 4.516
B15: kalorimetr č. SN 34582420 | C15: 61.159 | D15: 63.315 | E15: 65.273 | F15: 66.837 | G15: 67.699 | H15: 68.052 | I15: 68.129 | J15: 68.219 | K15: 68.313 | L15: 68.415 | M15: 69.275 | N15: 2.491 | O15: 5.642 | Q15: =O15+M15-C15 -> 13.758
A16: 7 | B16: vodoměr č. 190834103 | C16: 153.776 | D16: 165.57 | E16: 176.528 | F16: 188.613 | G16: 199.702 | H16: 211.688 | I16: 221.085 | J16: 228.757 | K16: 238.38 | L16: 249.268 | M16: 262.98 | N16: 275.76 | O16: 287.97 | P16: =O16-C16 -> 134.194 | T16: 7 | U16: =D16-C16 -> 11.794 | V16: =E16-D16 -> 10.958 | W16: =F16-E16 -> 12.085 | X16: =G16-F16 -> 11.089 | Y16: =H16-G16 -> 11.986 | Z16: =I16-H16 -> 9.397 | AA16: =J16-I16 -> 7.672 | AB16: =K16-J16 -> 9.623 | ... AF16: =O16-N16 -> 12.21
B17: kalorimetr č. SN 34582412 | C17: 65.016 | D17: 69.919 | E17: 73.881 | F17: 77.087 | G17: 79.644 | H17: 81.213 | I17: 81.8 | J17: 82.25 | K17: 82.84 | L17: 83.639 | M17: 86.055 | N17: 4.144 | O17: 8.727 | Q17: =O17+M17-C17 -> 29.766
A18: 8 | B18: vodoměr č. 190834101 | C18: 100.621 | D18: 109.833 | E18: 116.945 | F18: 124.578 | G18: 132.565 | H18: 139.819 | I18: 146.527 | J18: 152.428 | K18: 157.722 | L18: 163.689 | M18: 170.613 | N18: 176.929 | O18: 184.437 | P18: =O18-C18 -> 83.816 | T18: 8 | U18: =D18-C18 -> 9.212 | V18: =E18-D18 -> 7.112 | W18: =F18-E18 -> 7.633 | X18: =G18-F18 -> 7.987 | Y18: =H18-G18 -> 7.254 | Z18: =I18-H18 -> 6.708 | AA18: =J18-I18 -> 5.901 | AB18: =K18-J18 -> 5.294 | ... AF18: =O18-N18 -> 7.508
B19: kalorimetr č. SN 34582403 | C19: 51.585 | D19: 56.377 | E19: 60.377 | F19: 63.328 | G19: 65.052 | H19: 65.661 | I19: 65.96 | J19: 66.223 | K19: 66.547 | L19: 66.872 | M19: 68.136 | N19: 3.331 | O19: 6.768 | Q19: =O19+M19-C19 -> 23.319
A20: 9 | B20: vodoměr č. 190834108 | C20: 56.467 | D20: 60.734 | E20: 64.62 | F20: 68.852 | G20: 72.319 | H20: 76.583 | I20: 80.779 | J20: 84.338 | K20: 88.07 | L20: 91.677 | M20: 95.506 | N20: 99.525 | O20: 103.436 | P20: =O20-C20 -> 46.969 | T20: 9 | U20: =D20-C20 -> 4.267 | V20: =E20-D20 -> 3.886 | W20: =F20-E20 -> 4.232 | X20: =G20-F20 -> 3.467 | Y20: =H20-G20 -> 4.264 | Z20: =I20-H20 -> 4.196 | AA20: =J20-I20 -> 3.559 | AB20: =K20-J20 -> 3.732 | ... AF20: =O20-N20 -> 3.911
B21: kalorimetr č. SN 34582409 | C21: 72.237 | D21: 76.583 | E21: 79.713 | F21: 82.199 | G21: 83.504 | H21: 84.088 | I21: 84.429 | J21: 84.721 | K21: 85.035 | L21: 85.367 | M21: 86.295 | N21: 2.659 | O21: 6.771 | Q21: =O21+M21-C21 -> 20.829
A22: 10 | B22: vodoměr č. 190906953 | C22: 76.907 | D22: 83.498 | E22: 89.534 | F22: 95.228 | G22: 99.579 | H22: 103.456 | I22: 107.555 | J22: 112.803 | K22: 116.072 | L22: 119.57 | M22: 123.563 | N22: 126.08 | O22: 129.324 | P22: =O22-C22 -> 52.417 | T22: 10 | U22: =D22-C22 -> 6.591 | V22: =E22-D22 -> 6.036 | W22: =F22-E22 -> 5.694 | X22: =G22-F22 -> 4.351 | Y22: =H22-G22 -> 3.877 | Z22: =I22-H22 -> 4.099 | AA22: =J22-I22 -> 5.248 | AB22: =K22-J22 -> 3.269 | ... AF22: =O22-N22 -> 3.244
B23: kalorimetr č. SN 34582415 | C23: 74.498 | D23: 78.33 | E23: 81.408 | F23: 83.832 | G23: 85.174 | H23: 85.695 | I23: 85.804 | J23: 85.953 | K23: 86.039 | L23: 86.147 | M23: 87.257 | N23: 2.898 | O23: 7.357 | Q23: =O23+M23-C23 -> 20.116
B24: elektroměr č.2080200105 dům | C24: 1993 | D24: 2177 | E24: 2343 | F24: 2552 | G24: 2727 | H24: 2922 | I24: 3122 | J24: 3295 | K24: 3480 | L24: 3646 | M24: 3827 | N24: 4003 | O24: 4181 | P24: =SUM(P4:P23) -> 855.213 | Q24: =SUM(Q4:Q23) -> 206.189 | R24: =O24-C24 -> 2188
A25: spol.spotř. | B25: elektroměr č. 2080200100 VO | C25: 2654 | D25: 3101 | E25: 3442 | F25: 3764 | G25: 4047 | H25: 4312 | I25: 4551 | J25: 4791 | K25: 5066 | L25: 5356 | M25: 5702 | N25: 6093 | O25: 6580 | R25: =O25-C25 -> 3926 | T25: Zahrada | U25: =D26-C26 -> 0 | V25: =E26-D26 -> 0 | W25: =F26-E26 -> 0 | X25: =G26-F26 -> 0.005 | Y25: =H26-G26 -> 6.695 | Z25: =I26-H26 -> 31.899 | AA25: =J26-I26 -> 24.052 | AB25: =K26-J26 -> 14.408 | ... AF25: =O26-N26 -> 0
B26: vodoměr areál č.200076532 | C26: 227.235 | D26: 227.235 | E26: 227.235 | F26: 227.235 | G26: 227.24 | H26: 233.935 | I26: 265.834 | J26: 289.886 | K26: 304.294 | L26: 313.422 | M26: 318.911 | N26: 318.911 | O26: 318.911 | P26: =O26-C26 -> 91.676 | Q26: =ROUND(P26,0) -> 92 | R26: zahrada
B27: patní vodoměr č. 190976789 | C27: 1315 | D27: 1403.9 | E27: 1484.5 | F27: 1570.9 | G27: 1645.5 | H27: 1729.5 | I27: 1834.9 | J27: 1930.6 | K27: 2020.8 | L27: 2101.2 | M27: 2188.3 | N27: 2263.9 | O27: 2345.2 | P27: =O27-C27 -> 1030.2 | Q27: =P27-Q26 -> 938.2 | R27: byty
B28: patní kalorimetr č./ MWh | C28: 86.8 | D28: 98.56 | E28: 108.85 | F28: 117.21 | G28: 122.54 | H28: 125.79 | I28: 127.8 | J28: 129.67 | K28: 131.61 | L28: 133.51 | M28: 137.6 | N28: 145.3 | O28: 155.36 | Q28: =(O28-C28)*3.6 -> 246.816 | R28: GJ
B29: patní kalorimetr č. /kub.m | C29: 7965 | D29: 8353 | E29: 8727 | F29: 9078 | G29: 9380 | H29: 9715 | I29: 10051 | J29: 10392 | K29: 10934 | L29: 11114 | M29: 11279 | N29: 11484 | O29: 11759 | Q29: =O29-C29 -> 3794 | R29: m3
A30: ='1850'!A29 -> fakturační vodoměr č. 63796 | C30: ='1850'!C29 -> 11988 | D30: ='1850'!D29 -> 12374.5 | E30: ='1850'!E29 -> 12733.1 | F30: ='1850'!F29 -> 13122.2 | G30: ='1850'!G29 -> 13481.9 | H30: ='1850'!H29 -> 13859.3 | I30: ='1850'!I29 -> 14237.6 | J30: ='1850'!J29 -> 14571.1 | ... O30: ='1850'!O29 -> 16304 | P30: =O30-C30 -> 4316
A32: 11 | B32: vodoměr SV č. 11717149 | C32: 4.74 | D32: 5.1 | E32: 5.339 | F32: 5.742 | G32: 6.121 | H32: 6.517 | I32: 6.949 | J32: 7.26 | K32: 7.743 | L32: 8.114 | M32: 8.541 | N32: 8.965 | O32: 9.369 | P32: =O32-C32 -> 4.629 | S32: SV | T32: 11 | U32: =D32-C32 -> 0.36 | V32: =E32-D32 -> 0.239 | W32: =F32-E32 -> 0.403 | X32: =G32-F32 -> 0.379 | Y32: =H32-G32 -> 0.396 | Z32: =I32-H32 -> 0.432 | AA32: =J32-I32 -> 0.311 | AB32: =K32-J32 -> 0.483 | ... AF32: =O32-N32 -> 0.404
B33: vodoměr TV č. 11683196 | C33: 0.199 | D33: 0.206 | E33: 0.206 | F33: 0.229 | G33: 0.27 | H33: 0.309 | I33: 0.318 | J33: 0.322 | K33: 0.336 | L33: 0.359 | M33: 0.387 | N33: 0.565 | O33: 0.594 | P33: =O33-C33 -> 0.395 | S33: TV | U33: =D33-C33 -> 0.007 | V33: =E33-D33 -> 0 | W33: =F33-E33 -> 0.023 | X33: =G33-F33 -> 0.041 | Y33: =H33-G33 -> 0.039 | Z33: =I33-H33 -> 0.009 | AA33: =J33-I33 -> 0.004 | AB33: =K33-J33 -> 0.014 | ... AF33: =O33-N33 -> 0.029
D35: Výměna elektroměru DŮM
D36: 43956 | E36: starý
E37: nový
D38: Výměna elektroměru AREÁL
D39: 43956 | E39: starý
E40: nový

Sheet 1854
A2: 1854 | C2: ='1850'!C2 -> 44197 | D2: ='1850'!D2 -> 44228 | E2: ='1850'!E2 -> 44256 | F2: ='1850'!F2 -> 44286 | G2: ='1850'!G2 -> 44316 | H2: ='1850'!H2 -> 44348 | I2: ='1850'!I2 -> 44379 | J2: ='1850'!J2 -> 44410 | ... O2: ='1850'!O2 -> 44562 | P2: voda | Q2: teplo | Y2: spotřeby po měsících
A3: byt č. | C3: prosinec | D3: leden | E3: únor | F3: březen | G3: duben | H3: květen | I3: červen | J3: červenec | K3: srpen | L3: září | M3: říjen | N3: listopad | O3: prosinec | P3: m3 | Q3: GJ | T3: byt | U3: leden | V3: únor | W3: březen | X3: duben | Y3: květen | Z3: červen | AA3: červenec | AB3: srpen | AC3: září | AD3: říjen | AE3: listopad | AF3: prosinec
A4: 1 | B4: vodoměr č. 190906992 | C4: 108.296 | D4: 117.934 | E4: 126.371 | F4: 137.142 | G4: 143.573 | H4: 151.368 | I4: 156.891 | J4: 160.635 | K4: 163.498 | L4: 170.96 | M4: 178.415 | N4: 186.131 | O4: 190.77 | P4: =O4-C4 -> 82.474 | T4: 1 | U4: =D4-C4 -> 9.638 | V4: =E4-D4 -> 8.437 | W4: =F4-E4 -> 10.771 | X4: =G4-F4 -> 6.431 | Y4: =H4-G4 -> 7.795 | Z4: =I4-H4 -> 5.523 | AA4: =J4-I4 -> 3.744 | AB4: =K4-J4 -> 2.863 | ... AF4: =O4-N4 -> 4.639
B5: kalorimetr č. SN 34672835 | C5: 55.873 | D5: 60.559 | E5: 64.612 | F5: 68.171 | G5: 70.575 | H5: 71.722 | I5: 72.07 | J5: 72.355 | K5: 72.598 | L5: 73.034 | M5: 74.463 | N5: 2.815 | O5: 6.792 | Q5: =O5+M5-C5 -> 25.382
A6: 2 | B6: vodoměr č. 190906991 | C6: 69.331 | D6: 74.159 | E6: 78.521 | F6: 82.637 | G6: 86.875 | H6: 92.6 | I6: 98.445 | J6: 103.959 | K6: 108.19 | L6: 114.812 | M6: 119.841 | N6: 125.586 | O6: 130.154 | P6: =O6-C6 -> 60.823 | T6: 2 | U6: =D6-C6 -> 4.828 | V6: =E6-D6 -> 4.362 | W6: =F6-E6 -> 4.116 | X6: =G6-F6 -> 4.238 | Y6: =H6-G6 -> 5.725 | Z6: =I6-H6 -> 5.845 | AA6: =J6-I6 -> 5.514 | AB6: =K6-J6 -> 4.231 | ... AF6: =O6-N6 -> 4.568
B7: kalorimetr č. SN 34672801 | C7: 120 | D7: 126.143 | E7: 131.767 | F7: 136.237 | G7: 139.338 | H7: 141.115 | I7: 141.519 | J7: 141.944 | K7: 142.28 | L7: 142.834 | M7: 144.521 | N7: 3.892 | O7: 9.411 | Q7: =O7+M7-C7 -> 33.932
A8: 3 | B8: vodoměr č. 190906988 | C8: 101.518 | D8: 108.332 | E8: 115.323 | F8: 122.072 | G8: 128.964 | H8: 136.831 | I8: 145.719 | J8: 153.25 | K8: 161.731 | L8: 168.763 | M8: 175.987 | N8: 182.694 | O8: 190.74 | P8: =O8-C8 -> 89.222 | T8: 3 | U8: =D8-C8 -> 6.814 | V8: =E8-D8 -> 6.991 | W8: =F8-E8 -> 6.749 | X8: =G8-F8 -> 6.892 | Y8: =H8-G8 -> 7.867 | Z8: =I8-H8 -> 8.888 | AA8: =J8-I8 -> 7.531 | AB8: =K8-J8 -> 8.481 | ... AF8: =O8-N8 -> 8.046
B9: kalorimetr č. SN 34672802 | C9: 120.421 | D9: 126.754 | E9: 132.548 | F9: 137.481 | G9: 142.241 | H9: 145.103 | I9: 145.403 | J9: 145.632 | K9: 146.189 | L9: 146.878 | M9: 149.519 | N9: 5.197 | O9: 11.59 | Q9: =O9+M9-C9 -> 40.688
A10: 4 | B10: vodoměr č. 190906987 | C10: 70.198 | D10: 74.825 | E10: 78.216 | F10: 81.361 | G10: 84.888 | H10: 89.821 | I10: 93.737 | J10: 97.617 | K10: 101.234 | L10: 105.38 | M10: 110.009 | N10: 116.852 | O10: 125.285 | P10: =O10-C10 -> 55.087 | T10: 4 | U10: =D10-C10 -> 4.627 | V10: =E10-D10 -> 3.391 | W10: =F10-E10 -> 3.145 | X10: =G10-F10 -> 3.527 | Y10: =H10-G10 -> 4.933 | Z10: =I10-H10 -> 3.916 | AA10: =J10-I10 -> 3.88 | AB10: =K10-J10 -> 3.617 | ... AF10: =O10-N10 -> 8.433
B11: kalorimetr č. SN 69067316 | C11: 50.563 | D11: 53.796 | E11: 55.883 | F11: 57.771 | G11: 59.018 | H11: 60.432 | I11: 60.804 | J11: 61.1 | K11: 61.431 | L11: 61.774 | M11: 62.689 | N11: 1.801 | O11: 3.734 | Q11: =O11+M11-C11 -> 15.86
A12: 5 | B12: vodoměr č. 190907002 | C12: 0.351 | D12: 0.351 | E12: 0.394 | F12: 0.394 | G12: 0.4 | H12: 0.406 | I12: 0.433 | J12: 0.433 | K12: 0.446 | L12: 0.459 | M12: 0.488 | N12: 0.49 | O12: 0.5 | P12: =O12-C12 -> 0.149 | T12: 5 | U12: =D12-C12 -> 0 | V12: =E12-D12 -> 0.043 | W12: =F12-E12 -> 0 | X12: =G12-F12 -> 0.006 | Y12: =H12-G12 -> 0.006 | Z12: =I12-H12 -> 0.027 | AA12: =J12-I12 -> 0 | AB12: =K12-J12 -> 0.013 | ... AF12: =O12-N12 -> 0.01
B13: kalorimetr č. SN 34672814 | C13: 16.744 | D13: 16.796 | E13: 17.823 | F13: 17.957 | G13: 18.128 | H13: 18.295 | I13: 18.423 | J13: 18.549 | K13: 18.68 | L13: 18.812 | M13: 19.756 | N13: 1.535 | O13: 1.731 | Q13: =O13+M13-C13 -> 4.743
A14: 6 | B14: vodoměr č. 190906994 | C14: 141.535 | D14: 151.572 | E14: 160.361 | F14: 169.755 | G14: 171.005 | H14: 176.65 | I14: 184.177 | J14: 191.534 | K14: 200.078 | L14: 208.774 | M14: 216.67 | N14: 225.03 | O14: 233.669 | P14: =O14-C14 -> 92.134 | T14: 6 | U14: =D14-C14 -> 10.037 | V14: =E14-D14 -> 8.789 | W14: =F14-E14 -> 9.394 | X14: =G14-F14 -> 1.25 | Y14: =H14-G14 -> 5.645 | Z14: =I14-H14 -> 7.527 | AA14: =J14-I14 -> 7.357 | AB14: =K14-J14 -> 8.544 | ... AF14: =O14-N14 -> 8.639
B15: kalorimetr č. SN 34672815 | C15: 78.857 | D15: 81.945 | E15: 84.348 | F15: 86.491 | G15: 86.881 | H15: 87.32 | I15: 87.792 | J15: 88.196 | K15: 88.596 | L15: 89.095 | M15: 89.723 | N15: 1.079 | O15: 2.625 | Q15: =O15+M15-C15 -> 13.491
A16: 7 | B16: vodoměr č. 190906986 | C16: 51.225 | D16: 55.634 | E16: 59.594 | F16: 63.799 | G16: 67.823 | H16: 71.991 | I16: 76.224 | J16: 80.807 | K16: 85.22 | L16: 89.017 | M16: 92.745 | N16: 97.034 | O16: 101.134 | P16: =O16-C16 -> 49.909 | T16: 7 | U16: =D16-C16 -> 4.409 | V16: =E16-D16 -> 3.96 | W16: =F16-E16 -> 4.205 | X16: =G16-F16 -> 4.024 | Y16: =H16-G16 -> 4.168 | Z16: =I16-H16 -> 4.233 | AA16: =J16-I16 -> 4.583 | AB16: =K16-J16 -> 4.413 | ... AF16: =O16-N16 -> 4.1
B17: kalorimetr č. SN 34672806 | C17: 19.596 | D17: 20.82 | E17: 21.83 | F17: 22.48 | G17: 23.085 | H17: 23.53 | I17: 23.831 | J17: 24.163 | K17: 24.644 | L17: 25.091 | M17: 25.625 | N17: 0.875 | O17: 2.488 | Q17: =O17+M17-C17 -> 8.517
A18: 8 | B18: vodoměr č. 191519281 | C18: 90.085 | D18: 97.705 | E18: 104.86 | F18: 112.267 | G18: 119.468 | H18: 127.056 | I18: 133.733 | J18: 140.574 | K18: 146.238 | L18: 152.066 | M18: 160.083 | N18: 167.194 | O18: 175.044 | P18: =O18-C18 -> 84.959 | T18: 8 | U18: =D18-C18 -> 7.62 | V18: =E18-D18 -> 7.155 | W18: =F18-E18 -> 7.407 | X18: =G18-F18 -> 7.201 | Y18: =H18-G18 -> 7.588 | Z18: =I18-H18 -> 6.677 | AA18: =J18-I18 -> 6.841 | AB18: =K18-J18 -> 5.664 | ... AF18: =O18-N18 -> 7.85
B19: kalorimetr č. SN 34672809 | C19: 99.643 | D19: 106.394 | E19: 112.071 | F19: 116.555 | G19: 119.253 | H19: 120.688 | I19: 121.152 | J19: 121.586 | K19: 121.979 | L19: 122.392 | M19: 124.129 | N19: 3.865 | O19: 9.78 | Q19: =O19+M19-C19 -> 34.266
A20: 9 | B20: vodoměr č. 190906990 | C20: 180.181 | D20: 194.155 | E20: 205.785 | F20: 218.926 | G20: 232.15 | H20: 245.726 | I20: 257.798 | J20: 269.32 | K20: 279.292 | L20: 289.528 | M20: 301.174 | N20: 314.489 | O20: 327.76 | P20: =O20-C20 -> 147.579 | T20: 9 | U20: =D20-C20 -> 13.974 | V20: =E20-D20 -> 11.63 | W20: =F20-E20 -> 13.141 | X20: =G20-F20 -> 13.224 | Y20: =H20-G20 -> 13.576 | Z20: =I20-H20 -> 12.072 | AA20: =J20-I20 -> 11.522 | AB20: =K20-J20 -> 9.972 | ... AF20: =O20-N20 -> 13.271
B21: kalorimetr č. SN 34672804 | C21: 115.847 | D21: 122.559 | E21: 127.787 | F21: 132.051 | G21: 135.375 | H21: 136.67 | I21: 137.322 | J21: 137.963 | K21: 138.598 | L21: 139.292 | M21: 141.213 | N21: 4.265 | O21: 9.923 | Q21: =O21+M21-C21 -> 35.289
A22: 10 | B22: vodoměr č. 190906995 | C22: 0.239 | D22: 0.243 | E22: 0.246 | F22: 0.249 | G22: 0.253 | H22: 0.259 | I22: 0.271 | J22: 0.279 | K22: 0.285 | L22: 0.302 | M22: 0.321 | N22: 0.325 | O22: 0.325 | P22: =O22-C22 -> 0.086 | T22: 10 | U22: =D22-C22 -> 0.004 | V22: =E22-D22 -> 0.003 | W22: =F22-E22 -> 0.003 | X22: =G22-F22 -> 0.004 | Y22: =H22-G22 -> 0.006 | Z22: =I22-H22 -> 0.012 | AA22: =J22-I22 -> 0.008 | AB22: =K22-J22 -> 0.006 | ... AF22: =O22-N22 -> 0
B23: kalorimetr č. SN 34672829 | C23: 1.417 | D23: 1.434 | E23: 1.458 | F23: 1.485 | G23: 1.519 | H23: 1.572 | I23: 1.6 | J23: 1.618 | K23: 1.658 | L23: 1.707 | M23: 1.768 | N23: 0 | O23: 0.004 | Q23: =O23+M23-C23 -> 0.355
P24: =SUM(P4:P23) -> 662.422 | Q24: =SUM(Q4:Q23) -> 212.523
A25: spol.spotř. | B25: elektroměr č. 72370871 | C25: 50228 | D25: 50474 | E25: 50709 | F25: 50963 | G25: 51152 | H25: 51366 | I25: 51586 | J25: 51782 | K25: 51995 | L25: 52184 | M25: 52363 | N25: 52545 | O25: 52736 | R25: =O25-C25 -> 2508
B26: patní vodoměr č. 190976793 | C26: 896.1 | D26: 963 | E26: 1022.8 | F26: 1086.8 | G26: 1138.3 | H26: 1200.4 | I26: 1260.9 | J26: 1316.5 | K26: 1368.7 | L26: 1427.7 | M26: 1487.9 | N26: 1553.4 | O26: 1618.4 | P26: =O26-C26 -> 722.3
B27: patní kalorimetr č. 70465263/ GJ | C27: 90.5 | D27: 130.9 | E27: 165.97 | F27: 194.05 | G27: 213.76 | H27: 225.19 | I27: 228.65 | J27: 231.7 | K27: 236.36 | L27: 240.08 | M27: 252.41 | N27: 279.14 | O27: 313.67 | Q27: =O27-C27 -> 223.17 | R27: GJ
B28: patní kalorimetr č. / kub.m | C28: 787 | D28: 1134 | E28: 1418 | F28: 1660 | G28: 1822 | H28: 1923 | I28: 1973 | J28: 2017 | K28: 2171 | L28: 2230 | M28: 2321 | N28: 2498 | O28: 2751 | Q28: =O28-C28 -> 1964 | R28: m3
A29: Fakturační vodoměr: 42012114941 | C29: 1085 | D29: 1404.3 | E29: 1696 | F29: 2013.8 | G29: 2336.4 | H29: 2664.8 | I29: 2958.3 | J29: 3200.4 | K29: 3449.5 | L29: 3713.1 | M29: 4002.8 | N29: 4300 | O29: 4605 | P29: =O29-C29 -> 3520
E32: Výměna kalorimetru pata | H32: MWh | I32: m3 | K32: Výměna faktur.vodoměru výr.č. | N32: m3
D33: demontáž | E33: 43984 | F33: starý | K33: 44095 | L33: starý
G34: výr.č. | H34: GJ | I34: m3 | M34: výr.č. | N34: m3
D35: montáž | E35: 43986 | F35: nový | K35: 44095 | L35: nový
N38: Odečet vodárny 30.11.2020 | O38: 701
N39: Dohad 1.12.-31.12.2020 | O39: =C29-O38 -> 384
N40: Odečet vodárny 30.11.2021 | O40: =N29 -> 4300
N41: Dohad 1.12.-31.12.2021 | O41: =O29-N29 -> 305

Sheet 1855
A2: 1855 | C2: ='1850'!C2 -> 44197 | D2: ='1850'!D2 -> 44228 | E2: ='1850'!E2 -> 44256 | F2: ='1850'!F2 -> 44286 | G2: ='1850'!G2 -> 44316 | H2: ='1850'!H2 -> 44348 | I2: ='1850'!I2 -> 44379 | J2: ='1850'!J2 -> 44410 | ... O2: ='1850'!O2 -> 44562 | P2: voda | Q2: teplo | R2: elektr | Y2: spotřeby po měsících
A3: byt č. | C3: prosinec | D3: leden | E3: únor | F3: březen | G3: duben | H3: květen | I3: červen | J3: červenec | K3: srpen | L3: září | M3: říjen | N3: listopad | O3: prosinec | P3: m3 | Q3: GJ | R3: KWh | T3: byt | U3: leden | V3: únor | W3: březen | X3: duben | Y3: květen | Z3: červen | AA3: červenec | AB3: srpen | AC3: září | AD3: říjen | AE3: listopad | AF3: prosinec
A4: 1 | B4: vodoměr č. 191519259 | C4: 183.174 | D4: 198.851 | E4: 213.97 | F4: 231.036 | G4: 247.368 | H4: 266.761 | I4: 282.674 | J4: 296.255 | K4: 307.945 | L4: 321.815 | M4: 336.012 | N4: 349.73 | O4: 363.842 | P4: =O4-C4 -> 180.668 | T4: 1 | U4: =D4-C4 -> 15.677 | V4: =E4-D4 -> 15.119 | W4: =F4-E4 -> 17.066 | X4: =G4-F4 -> 16.332 | Y4: =H4-G4 -> 19.393 | Z4: =I4-H4 -> 15.913 | AA4: =J4-I4 -> 13.581 | AB4: =K4-J4 -> 11.69 | ... AF4: =O4-N4 -> 14.112
B5: kalorimetr č. SN 34672816 | C5: 118.241 | D5: 127.175 | E5: 135.469 | F5: 142.954 | G5: 149.639 | H5: 155.099 | I5: 156.343 | J5: 157.238 | K5: 158.663 | L5: 160.152 | M5: 164.921 | N5: 6.069 | O5: 14.103 | Q5: =O5+M5-C5 -> 60.783 | T5: teplo | U5: =D5-C5 -> 8.934 | V5: =E5-D5 -> 8.294 | W5: =F5-E5 -> 7.485 | X5: =G5-F5 -> 6.685 | Y5: =H5-G5 -> 5.46 | Z5: =I5-H5 -> 1.244 | AA5: =J5-I5 -> 0.895 | AB5: =K5-J5 -> 1.425 | ... AD5: =M5-L5 -> 4.769 | AE5: =N5 -> 6.069 | AF5: =O5 -> 14.103
A6: 2 | B6: vodoměr č. 191519283 | C6: 233.734 | D6: 255.691 | E6: 274.665 | F6: 295.486 | G6: 317.129 | H6: 337.879 | I6: 353.981 | J6: 359.023 | K6: 378.094 | L6: 393.582 | M6: 411.545 | N6: 428.318 | O6: 442.615 | P6: =O6-C6 -> 208.881 | T6: 2 | U6: =D6-C6 -> 21.957 | V6: =E6-D6 -> 18.974 | W6: =F6-E6 -> 20.821 | X6: =G6-F6 -> 21.643 | Y6: =H6-G6 -> 20.75 | Z6: =I6-H6 -> 16.102 | AA6: =J6-I6 -> 5.042 | AB6: =K6-J6 -> 19.071 | ... AF6: =O6-N6 -> 14.297
B7: kalorimetr č. SN 34672822 | C7: 135.148 | D7: 142.378 | E7: 149.181 | F7: 155.122 | G7: 160.096 | H7: 163.241 | I7: 164.41 | J7: 164.862 | K7: 166.025 | L7: 167.144 | M7: 169.806 | N7: 4.048 | O7: 9.68 | Q7: =O7+M7-C7 -> 44.338 | U7: =D7-C7 -> 7.23 | V7: =E7-D7 -> 6.803 | W7: =F7-E7 -> 5.941 | X7: =G7-F7 -> 4.974 | Y7: =H7-G7 -> 3.145 | Z7: =I7-H7 -> 1.169 | AA7: =J7-I7 -> 0.452 | AB7: =K7-J7 -> 1.163 | ... AD7: =M7-L7 -> 2.662 | AE7: =N7 -> 4.048 | AF7: =O7 -> 9.68
A8: 3 | B8: vodoměr č. 190907001 | C8: 63.121 | D8: 66.65 | E8: 70.412 | F8: 74.866 | G8: 79.214 | H8: 83.787 | I8: 87.993 | J8: 91.719 | K8: 95.609 | L8: 99.912 | M8: 104.358 | N8: 108.636 | O8: 110.651 | P8: =O8-C8 -> 47.53 | T8: 3 | U8: =D8-C8 -> 3.529 | V8: =E8-D8 -> 3.762 | W8: =F8-E8 -> 4.454 | X8: =G8-F8 -> 4.348 | Y8: =H8-G8 -> 4.573 | Z8: =I8-H8 -> 4.206 | AA8: =J8-I8 -> 3.726 | AB8: =K8-J8 -> 3.89 | ... AF8: =O8-N8 -> 2.015
B9: kalorimetr č. SN 34672827 | C9: 92.497 | D9: 96.87 | E9: 100.974 | F9: 104.207 | G9: 106.62 | H9: 107.337 | I9: 107.647 | J9: 107.922 | K9: 108.235 | L9: 108.584 | M9: 109.74 | N9: 2.511 | O9: 4.502 | Q9: =O9+M9-C9 -> 21.745 | U9: =D9-C9 -> 4.373 | V9: =E9-D9 -> 4.104 | W9: =F9-E9 -> 3.233 | X9: =G9-F9 -> 2.413 | Y9: =H9-G9 -> 0.717 | Z9: =I9-H9 -> 0.31 | AA9: =J9-I9 -> 0.275 | AB9: =K9-J9 -> 0.313 | ... AD9: =M9-L9 -> 1.156 | AE9: =N9 -> 2.511 | AF9: =O9 -> 4.502
A10: 4 | B10: vodoměr č. 190907005 | C10: 14.175 | D10: 14.995 | E10: 15.884 | F10: 17.031 | G10: 17.83 | H10: 18.683 | I10: 19.715 | J10: 20.622 | K10: 21.607 | L10: 22.765 | M10: 24.027 | N10: 25.042 | O10: 25.942 | P10: =O10-C10 -> 11.767 | T10: 4 | U10: =D10-C10 -> 0.82 | V10: =E10-D10 -> 0.889 | W10: =F10-E10 -> 1.147 | X10: =G10-F10 -> 0.799 | Y10: =H10-G10 -> 0.853 | Z10: =I10-H10 -> 1.032 | AA10: =J10-I10 -> 0.907 | AB10: =K10-J10 -> 0.985 | ... AF10: =O10-N10 -> 0.9
B11: kalorimetr č. SN 34672837 | C11: 10.086 | D11: 10.711 | E11: 11.145 | F11: 11.174 | G11: 11.189 | H11: 11.199 | I11: 11.214 | J11: 11.225 | K11: 11.235 | L11: 11.246 | M11: 11.266 | N11: 0.131 | O11: 0.493 | Q11: =O11+M11-C11 -> 1.673 | U11: =D11-C11 -> 0.625 | V11: =E11-D11 -> 0.434 | W11: =F11-E11 -> 0.029 | X11: =G11-F11 -> 0.015 | Y11: =H11-G11 -> 0.01 | Z11: =I11-H11 -> 0.015 | AA11: =J11-I11 -> 0.011 | AB11: =K11-J11 -> 0.01 | ... AD11: =M11-L11 -> 0.02 | AE11: =N11 -> 0.131 | AF11: =O11 -> 0.493
A12: 5 | B12: vodoměr č. 190907004 | C12: 92.284 | D12: 98.43 | E12: 104.633 | F12: 110.824 | G12: 116.8 | H12: 124.1 | I12: 128.84 | J12: 135.053 | K12: 140.965 | L12: 146.851 | M12: 153.16 | N12: 158.917 | O12: 165.31 | P12: =O12-C12 -> 73.026 | T12: 5 | U12: =D12-C12 -> 6.146 | V12: =E12-D12 -> 6.203 | W12: =F12-E12 -> 6.191 | X12: =G12-F12 -> 5.976 | Y12: =H12-G12 -> 7.3 | Z12: =I12-H12 -> 4.74 | AA12: =J12-I12 -> 6.213 | AB12: =K12-J12 -> 5.912 | ... AF12: =O12-N12 -> 6.393
B13: kalorimetr č. SN 34672834 | C13: 40.315 | D13: 44.029 | E13: 47.28 | F13: 49.864 | G13: 51.586 | H13: 52.624 | I13: 52.892 | J13: 53.108 | K13: 53.323 | L13: 53.634 | M13: 54.956 | N13: 2.707 | O13: 6.474 | Q13: =O13+M13-C13 -> 21.115 | U13: =D13-C13 -> 3.714 | V13: =E13-D13 -> 3.251 | W13: =F13-E13 -> 2.584 | X13: =G13-F13 -> 1.722 | Y13: =H13-G13 -> 1.038 | Z13: =I13-H13 -> 0.268 | AA13: =J13-I13 -> 0.216 | AB13: =K13-J13 -> 0.215 | ... AD13: =M13-L13 -> 1.322 | AE13: =N13 -> 2.707 | AF13: =O13 -> 6.474
A14: 6 | B14: vodoměr č. 190045692 | C14: 44.788 | D14: 47.248 | E14: 49.706 | F14: 52.789 | G14: 55.917 | H14: 59.455 | I14: 61.188 | J14: 63.612 | K14: 65.535 | L14: 68.357 | M14: 71.581 | N14: 75.424 | O14: 79.34 | P14: =O14-C14 -> 34.552 | T14: 6 | U14: =D14-C14 -> 2.46 | V14: =E14-D14 -> 2.458 | W14: =F14-E14 -> 3.083 | X14: =G14-F14 -> 3.128 | Y14: =H14-G14 -> 3.538 | Z14: =I14-H14 -> 1.733 | AA14: =J14-I14 -> 2.424 | AB14: =K14-J14 -> 1.923 | ... AF14: =O14-N14 -> 3.916
B15: kalorimetr č. SN 34672819 | C15: 86.297 | D15: 92.167 | E15: 96.821 | F15: 101.136 | G15: 104.967 | H15: 107.733 | I15: 107.99 | J15: 108.275 | K15: 108.562 | L15: 109.484 | M15: 112.352 | N15: 4.321 | O15: 9.928 | Q15: =O15+M15-C15 -> 35.983 | U15: =D15-C15 -> 5.87 | V15: =E15-D15 -> 4.654 | W15: =F15-E15 -> 4.315 | X15: =G15-F15 -> 3.831 | Y15: =H15-G15 -> 2.766 | Z15: =I15-H15 -> 0.257 | AA15: =J15-I15 -> 0.285 | AB15: =K15-J15 -> 0.287 | ... AD15: =M15-L15 -> 2.868 | AE15: =N15 -> 4.321 | AF15: =O15 -> 9.928
A16: 7 | B16: vodoměr č. 190906998 | C16: 29.015 | D16: 30.963 | E16: 32.261 | F16: 34.178 | G16: 36.277 | H16: 38.808 | I16: 41.187 | J16: 43.207 | K16: 45.203 | L16: 46.761 | M16: 48.473 | N16: 50.324 | O16: 51.723 | P16: =O16-C16 -> 22.708 | T16: 7 | U16: =D16-C16 -> 1.948 | V16: =E16-D16 -> 1.298 | W16: =F16-E16 -> 1.917 | X16: =G16-F16 -> 2.099 | Y16: =H16-G16 -> 2.531 | Z16: =I16-H16 -> 2.379 | AA16: =J16-I16 -> 2.02 | AB16: =K16-J16 -> 1.996 | ... AF16: =O16-N16 -> 1.399
B17: kalorimetr č. SN 34672826 | C17: 6.149 | D17: 6.345 | E17: 6.538 | F17: 6.74 | G17: 6.905 | H17: 7.122 | I17: 7.251 | J17: 7.361 | K17: 7.489 | L17: 7.588 | M17: 7.694 | N17: 0.189 | O17: 0.333 | Q17: =O17+M17-C17 -> 1.878 | U17: =D17-C17 -> 0.196 | V17: =E17-D17 -> 0.193 | W17: =F17-E17 -> 0.202 | X17: =G17-F17 -> 0.165 | Y17: =H17-G17 -> 0.217 | Z17: =I17-H17 -> 0.129 | AA17: =J17-I17 -> 0.11 | AB17: =K17-J17 -> 0.128 | ... AD17: =M17-L17 -> 0.106 | AE17: =N17 -> 0.189 | AF17: =O17 -> 0.333
A18: 8 | B18: vodoměr č. 191519269 | C18: 30.968 | D18: 32.06 | E18: 33.381 | F18: 35.784 | G18: 37.788 | H18: 39.847 | I18: 41.907 | J18: 43.375 | K18: 45.41 | L18: 46.726 | M18: 48.296 | N18: 50.271 | O18: 52.148 | P18: =O18-C18 -> 21.18 | T18: 8 | U18: =D18-C18 -> 1.092 | V18: =E18-D18 -> 1.321 | W18: =F18-E18 -> 2.403 | X18: =G18-F18 -> 2.004 | Y18: =H18-G18 -> 2.059 | Z18: =I18-H18 -> 2.06 | AA18: =J18-I18 -> 1.468 | AB18: =K18-J18 -> 2.035 | ... AF18: =O18-N18 -> 1.877
B19: kalorimetr č. SN 34672818 | C19: 112.608 | D19: 115.731 | E19: 118.779 | F19: 120.946 | G19: 122.245 | H19: 122.882 | I19: 123.12 | J19: 123.406 | K19: 123.902 | L19: 124.106 | M19: 124.76 | N19: 2.601 | O19: 5.327 | Q19: =O19+M19-C19 -> 17.479 | U19: =D19-C19 -> 3.123 | V19: =E19-D19 -> 3.048 | W19: =F19-E19 -> 2.167 | X19: =G19-F19 -> 1.299 | Y19: =H19-G19 -> 0.637 | Z19: =I19-H19 -> 0.238 | AA19: =J19-I19 -> 0.286 | AB19: =K19-J19 -> 0.496 | ... AD19: =M19-L19 -> 0.654 | AE19: =N19 -> 2.601 | AF19: =O19 -> 5.327
A20: 9 | B20: vodoměr č. 191519268 | C20: 93.856 | D20: 101.185 | E20: 106.998 | F20: 114.517 | G20: 121.039 | H20: 127.611 | I20: 136.54 | J20: 146.849 | K20: 153.837 | L20: 160.793 | M20: 166.187 | N20: 172.088 | O20: 178.863 | P20: =O20-C20 -> 85.007 | T20: 9 | U20: =D20-C20 -> 7.329 | V20: =E20-D20 -> 5.813 | W20: =F20-E20 -> 7.519 | X20: =G20-F20 -> 6.522 | Y20: =H20-G20 -> 6.572 | Z20: =I20-H20 -> 8.929 | AA20: =J20-I20 -> 10.309 | AB20: =K20-J20 -> 6.988 | ... AF20: =O20-N20 -> 6.775
B21: kalorimetr č. SN 34672812 | C21: 83.919 | D21: 89.945 | E21: 94.646 | F21: 98.626 | G21: 101.028 | H21: 101.937 | I21: 102.383 | J21: 102.861 | K21: 103.234 | L21: 103.948 | M21: 105.846 | N21: 3.849 | O21: 8.832 | Q21: =O21+M21-C21 -> 30.759 | U21: =D21-C21 -> 6.026 | V21: =E21-D21 -> 4.701 | W21: =F21-E21 -> 3.98 | X21: =G21-F21 -> 2.402 | Y21: =H21-G21 -> 0.909 | Z21: =I21-H21 -> 0.446 | AA21: =J21-I21 -> 0.478 | AB21: =K21-J21 -> 0.373 | ... AD21: =M21-L21 -> 1.898 | AE21: =N21 -> 3.849 | AF21: =O21 -> 8.832
A22: 10 | B22: vodoměr č. 190906996 | C22: 309.668 | D22: 324.661 | E22: 342.877 | F22: 359.108 | G22: 377.85 | H22: 399.007 | I22: 416.949 | J22: 435.119 | K22: 453.047 | L22: 470.233 | M22: 489.943 | N22: 508.756 | O22: 528.65 | P22: =O22-C22 -> 218.982 | T22: 10 | U22: =D22-C22 -> 14.993 | V22: =E22-D22 -> 18.216 | W22: =F22-E22 -> 16.231 | X22: =G22-F22 -> 18.742 | Y22: =H22-G22 -> 21.157 | Z22: =I22-H22 -> 17.942 | AA22: =J22-I22 -> 18.17 | AB22: =K22-J22 -> 17.928 | ... AF22: =O22-N22 -> 19.894
B23: kalorimetr č. SN 34672823 | C23: 90.124 | D23: 94.74 | E23: 99.575 | F23: 103 | G23: 105.148 | H23: 106.779 | I23: 107.803 | J23: 108.731 | K23: 109.713 | L23: 110.759 | M23: 112.219 | N23: 3.015 | O23: 7.278 | Q23: =O23+M23-C23 -> 29.373 | U23: =D23-C23 -> 4.616 | V23: =E23-D23 -> 4.835 | W23: =F23-E23 -> 3.425 | X23: =G23-F23 -> 2.148 | Y23: =H23-G23 -> 1.631 | Z23: =I23-H23 -> 1.024 | AA23: =J23-I23 -> 0.928 | AB23: =K23-J23 -> 0.982 | ... AD23: =M23-L23 -> 1.46 | AE23: =N23 -> 3.015 | AF23: =O23 -> 7.278
P24: =SUM(P4:P23) -> 904.301 | Q24: =SUM(Q4:Q23) -> 265.126
A25: spol.spotř. | B25: elektroměr č. 72370870 | C25: 37691 | D25: 37998 | E25: 38385 | F25: 38594 | G25: 38811 | H25: 39055 | I25: 39287 | J25: 39521 | K25: 39758 | L25: 39959 | M25: 40191 | N25: 40434 | O25: 40777 | R25: =O25-C25 -> 3086
B26: patní vodoměr č. 190544822 | C26: 1323.8 | D26: 1411.6 | E26: 1497 | F26: 1590.1 | G26: 1683.8 | H26: 1786.9 | I26: 1871 | J26: 1944.5 | K26: 2026.1 | L26: 2105.7 | M26: 2190.1 | N26: 2273.2 | O26: 2353.9 | P26: =O26-C26 -> 1030.1
B27: patní kalorimetr č.70465264/GJ | C27: 121.23 | D27: 168.97 | E27: 212.25 | F27: 247.62 | G27: 274.73 | H27: 291.79 | I27: 296.13 | J27: 299.19 | K27: 304.4 | L27: 310.24 | M27: 327.52 | N27: 359.21 | O27: 399.63 | Q27: =O27-C27 -> 278.4 | R27: GJ
B28: patní kalorimetr č./kub.m | C28: 871 | D28: 1221 | E28: 1540 | F28: 1791 | G28: 1983 | H28: 2101 | I28: 2139 | J28: 2167 | K28: 2253 | L28: 2305 | M28: 2413 | N28: 2606 | O28: 2861 | Q28: =O28-C28 -> 1990 | R28: m3
A29: ='1854'!A29 -> Fakturační vodoměr: 42012114941 | C29: ='1854'!C29 -> 1085 | D29: ='1854'!D29 -> 1404.3 | E29: ='1854'!E29 -> 1696 | F29: ='1854'!F29 -> 2013.8 | G29: ='1854'!G29 -> 2336.4 | H29: ='1854'!H29 -> 2664.8 | I29: ='1854'!I29 -> 2958.3 | J29: ='1854'!J29 -> 3200.4 | ... O29: ='1854'!O29 -> 4605 | P29: =O29-N35+N33-C29 -> 3520
E32: Výměna kalorimetru pata | H32: MWh | I32: m3 | K32: Výměna faktur.vodoměru výr.č. | N32: m3
D33: demontáž | E33: 43984 | F33: starý | K33: 44095 | L33: starý
G34: výr.č. | H34: GJ | I34: m3 | M34: výr.č. | N34: m3
D35: montáž | E35: 43986 | F35: nový | K35: 44095 | L35: nový

Sheet 1856
A2: 1856 | C2: ='1850'!C2 -> 44197 | D2: ='1850'!D2 -> 44228 | E2: ='1850'!E2 -> 44256 | F2: ='1850'!F2 -> 44286 | G2: ='1850'!G2 -> 44316 | H2: ='1850'!H2 -> 44348 | I2: ='1850'!I2 -> 44379 | J2: ='1850'!J2 -> 44410 | ... O2: ='1850'!O2 -> 44562 | P2: Voda | Q2: Teplo | R2: Elektr | Y2: spotřeby po měsících
A3: byt č. | C3: prosinec | D3: leden | E3: únor | F3: březen | G3: duben | H3: květen | I3: červen | J3: červenec | K3: srpen | L3: září | M3: říjen | N3: listopad | O3: prosinec | P3: m3 | Q3: GJ | R3: KWh | T3: byt | U3: leden | V3: únor | W3: březen | X3: duben | Y3: květen | Z3: červen | AA3: červenec | AB3: srpen | AC3: září | AD3: říjen | AE3: listopad | AF3: prosinec
A4: 1 | B4: vodoměr č. 190907008 | C4: 208.158 | D4: 222.798 | E4: 236.113 | F4: 251.801 | G4: 267.982 | H4: 283.333 | I4: 296.366 | J4: 309.167 | K4: 322.627 | L4: 337.043 | M4: 355.53 | N4: 373.666 | O4: 391.792 | P4: =O4-C4 -> 183.634 | T4: 1 | U4: =D4-C4 -> 14.64 | V4: =E4-D4 -> 13.315 | W4: =F4-E4 -> 15.688 | X4: =G4-F4 -> 16.181 | Y4: =H4-G4 -> 15.351 | Z4: =I4-H4 -> 13.033 | AA4: =J4-I4 -> 12.801 | AB4: =K4-J4 -> 13.46 | ... AF4: =O4-N4 -> 18.126
B5: kalorimetr č. SN 34672813 | C5: 101.435 | D5: 107.923 | E5: 114.457 | F5: 119.782 | G5: 123.647 | H5: 125.697 | I5: 126.406 | J5: 126.995 | K5: 127.619 | L5: 128.671 | M5: 132.007 | N5: 136.669 | O5: 142.31 | Q5: =O5-C5 -> 40.875
A6: 2 | B6: vodoměr č. 191519260 | C6: 78.505 | D6: 84.785 | E6: 90.585 | F6: 96.355 | G6: 103.012 | H6: 109.406 | I6: 116.381 | J6: 122.242 | K6: 128.582 | L6: 133.617 | M6: 139.417 | N6: 145.726 | O6: 152.505 | P6: =O6-C6 -> 74 | T6: 2 | U6: =D6-C6 -> 6.28 | V6: =E6-D6 -> 5.8 | W6: =F6-E6 -> 5.77 | X6: =G6-F6 -> 6.657 | Y6: =H6-G6 -> 6.394 | Z6: =I6-H6 -> 6.975 | AA6: =J6-I6 -> 5.861 | AB6: =K6-J6 -> 6.34 | ... AF6: =O6-N6 -> 6.779
B7: kalorimetr č. SN 34672830 | C7: 35.551 | D7: 37.709 | E7: 39.621 | F7: 41.075 | G7: 42.206 | H7: 42.906 | I7: 43.373 | J7: 43.733 | K7: 44.085 | L7: 44.464 | M7: 45.139 | N7: 46.65 | O7: 48.461 | Q7: =O7-C7 -> 12.91
A8: 3 | B8: vodoměr č. 190907023 | C8: 70.387 | D8: 76.447 | E8: 82.158 | F8: 88.516 | G8: 94.576 | H8: 100.39 | I8: 104.285 | J8: 108.179 | K8: 112.394 | L8: 116.677 | M8: 120.64 | N8: 124.582 | O8: 129.307 | P8: =O8-C8 -> 58.92 | T8: 3 | U8: =D8-C8 -> 6.06 | V8: =E8-D8 -> 5.711 | W8: =F8-E8 -> 6.358 | X8: =G8-F8 -> 6.06 | Y8: =H8-G8 -> 5.814 | Z8: =I8-H8 -> 3.895 | AA8: =J8-I8 -> 3.894 | AB8: =K8-J8 -> 4.215 | ... AF8: =O8-N8 -> 4.725
B9: kalorimetr č. SN 34672808 | C9: 92.088 | D9: 97.534 | E9: 102.698 | F9: 106.365 | G9: 108.71 | H9: 109.641 | I9: 109.96 | J9: 110.2 | K9: 110.55 | L9: 111.048 | M9: 112.511 | N9: 115.439 | O9: 119.68 | Q9: =O9-C9 -> 27.592
A10: 4 | B10: vodoměr č. 190907015 | C10: 92.95 | D10: 101.765 | E10: 109.456 | F10: 118.201 | G10: 126.304 | H10: 134.51 | I10: 141.134 | J10: 146.663 | K10: 146.682 | L10: 148.558 | M10: 155.846 | N10: 160.676 | O10: 166.976 | P10: =O10-C10 -> 74.026 | T10: 4 | U10: =D10-C10 -> 8.815 | V10: =E10-D10 -> 7.691 | W10: =F10-E10 -> 8.745 | X10: =G10-F10 -> 8.103 | Y10: =H10-G10 -> 8.206 | Z10: =I10-H10 -> 6.624 | AA10: =J10-I10 -> 5.529 | AB10: =K10-J10 -> 0.019 | ... AF10: =O10-N10 -> 6.3
B11: kalorimetr č. SN 34672836 | C11: 55.183 | D11: 57.883 | E11: 59.834 | F11: 61.289 | G11: 62.405 | H11: 63.327 | I11: 63.913 | J11: 64.385 | K11: 64.488 | L11: 64.681 | M11: 65.342 | N11: 67.061 | O11: 69.017 | Q11: =O11-C11 -> 13.834
A12: 5 | B12: vodoměr č. 190907020 | C12: 11.764 | D12: 12.236 | E12: 12.783 | F12: 13.777 | G12: 14.68 | H12: 16.179 | I12: 16.767 | J12: 17.151 | K12: 17.524 | L12: 18.08 | M12: 21.391 | N12: 24.522 | O12: 27.464 | P12: =O12-C12 -> 15.7 | T12: 5 | U12: =D12-C12 -> 0.472 | V12: =E12-D12 -> 0.547 | W12: =F12-E12 -> 0.994 | X12: =G12-F12 -> 0.903 | Y12: =H12-G12 -> 1.499 | Z12: =I12-H12 -> 0.588 | AA12: =J12-I12 -> 0.384 | AB12: =K12-J12 -> 0.373 | ... AF12: =O12-N12 -> 2.942
B13: kalorimetr č. SN 34672800 | C13: 13.022 | D13: 14.001 | E13: 14.803 | F13: 15.351 | G13: 15.396 | H13: 15.458 | I13: 15.477 | J13: 15.488 | K13: 15.505 | L13: 15.53 | M13: 15.728 | N13: 16.42 | O13: 17.919 | Q13: =O13-C13 -> 4.897
A14: 6 | B14: vodoměr č. 190907016 | C14: 89.415 | D14: 95.62 | E14: 101.057 | F14: 107.29 | G14: 113.835 | H14: 120.444 | I14: 126.869 | J14: 132.516 | K14: 137.976 | L14: 142.912 | M14: 149.09 | N14: 155.048 | O14: 161.633 | P14: =O14-C14 -> 72.218 | T14: 6 | U14: =D14-C14 -> 6.205 | V14: =E14-D14 -> 5.437 | W14: =F14-E14 -> 6.233 | X14: =G14-F14 -> 6.545 | Y14: =H14-G14 -> 6.609 | Z14: =I14-H14 -> 6.425 | AA14: =J14-I14 -> 5.647 | AB14: =K14-J14 -> 5.46 | ... AF14: =O14-N14 -> 6.585
B15: kalorimetr č. SN 34672833 | C15: 35.045 | D15: 37.702 | E15: 40.571 | F15: 43.004 | G15: 44.823 | H15: 45.963 | I15: 46.354 | J15: 46.651 | K15: 46.96 | L15: 47.192 | M15: 47.97 | N15: 49.56 | O15: 51.612 | Q15: =O15-C15 -> 16.567
A16: 7 | B16: vodoměr č. 191519256 | C16: 61.8 | D16: 67.145 | E16: 71.419 | F16: 76.502 | G16: 81.603 | H16: 87.316 | I16: 92.412 | J16: 96.881 | K16: 102.223 | L16: 107.178 | M16: 112.493 | N16: 117.661 | O16: 123.133 | P16: =O16-C16 -> 61.333 | T16: 7 | U16: =D16-C16 -> 5.345 | V16: =E16-D16 -> 4.274 | W16: =F16-E16 -> 5.083 | X16: =G16-F16 -> 5.101 | Y16: =H16-G16 -> 5.713 | Z16: =I16-H16 -> 5.096 | AA16: =J16-I16 -> 4.469 | AB16: =K16-J16 -> 5.342 | ... AF16: =O16-N16 -> 5.472
B17: kalorimetr č. SN 34672817 | C17: 42.198 | D17: 45.817 | E17: 48.327 | F17: 50.132 | G17: 51.164 | H17: 51.727 | I17: 52.068 | J17: 52.361 | K17: 52.712 | L17: 53.051 | M17: 53.643 | N17: 56.263 | O17: 59.403 | Q17: =O17-C17 -> 17.205
A18: 8 | B18: vodoměr č. 190907024 | C18: 163.329 | D18: 172.994 | E18: 183.411 | F18: 192.48 | G18: 201.492 | H18: 212.809 | I18: 222.651 | J18: 229.614 | K18: 237.24 | L18: 245.521 | M18: 255.549 | N18: 266.981 | O18: 278.032 | P18: =O18-C18 -> 114.703 | T18: 8 | U18: =D18-C18 -> 9.665 | V18: =E18-D18 -> 10.417 | W18: =F18-E18 -> 9.069 | X18: =G18-F18 -> 9.012 | Y18: =H18-G18 -> 11.317 | Z18: =I18-H18 -> 9.842 | AA18: =J18-I18 -> 6.963 | AB18: =K18-J18 -> 7.626 | ... AF18: =O18-N18 -> 11.051
B19: kalorimetr č. SN 34672810 | C19: 123.504 | D19: 128.873 | E19: 133.44 | F19: 136.423 | G19: 138.077 | H19: 138.88 | I19: 139.244 | J19: 139.488 | K19: 139.844 | L19: 140.45 | M19: 143.968 | N19: 149.84 | O19: 156.842 | Q19: =O19-C19 -> 33.338
A20: 9 | B20: vodoměr č. 191519266 | C20: 83.396 | D20: 90.479 | E20: 99.735 | F20: 106.052 | G20: 115.432 | H20: 123.963 | I20: 129.179 | J20: 133.1 | K20: 137.956 | L20: 141.905 | M20: 148.403 | N20: 155.267 | O20: 164.492 | P20: =O20-C20 -> 81.096 | T20: 9 | U20: =D20-C20 -> 7.083 | V20: =E20-D20 -> 9.256 | W20: =F20-E20 -> 6.317 | X20: =G20-F20 -> 9.38 | Y20: =H20-G20 -> 8.531 | Z20: =I20-H20 -> 5.216 | AA20: =J20-I20 -> 3.921 | AB20: =K20-J20 -> 4.856 | ... AF20: =O20-N20 -> 9.225
B21: kalorimetr č. SN 34672824 | C21: 81.576 | D21: 86.649 | E21: 90.757 | F21: 94.119 | G21: 96.305 | H21: 97.65 | I21: 97.991 | J21: 98.274 | K21: 98.614 | L21: 98.91 | M21: 100.524 | N21: 104.173 | O21: 108.707 | Q21: =O21-C21 -> 27.131
A22: 10 | B22: vodoměr č. 190907019 | C22: 112.962 | D22: 119.333 | E22: 124.68 | F22: 130.452 | G22: 144.437 | H22: 151.087 | I22: 156.504 | J22: 160.792 | K22: 165.77 | L22: 172.74 | M22: 181.763 | N22: 190.072 | O22: 199.113 | P22: =O22-C22 -> 86.151 | T22: 10 | U22: =D22-C22 -> 6.371 | V22: =E22-D22 -> 5.347 | W22: =F22-E22 -> 5.772 | X22: =G22-F22 -> 13.985 | Y22: =H22-G22 -> 6.65 | Z22: =I22-H22 -> 5.417 | AA22: =J22-I22 -> 4.288 | AB22: =K22-J22 -> 4.978 | ... AF22: =O22-N22 -> 9.041
B23: kalorimetr č. SN 34672832 | C23: 65.642 | D23: 69.924 | E23: 73.475 | F23: 76.061 | G23: 77.687 | H23: 78.126 | I23: 78.374 | J23: 78.539 | K23: 78.768 | L23: 79.094 | M23: 79.713 | N23: 82.143 | O23: 85.393 | Q23: =O23-C23 -> 19.751
P24: =SUM(P4:P23) -> 821.781 | Q24: =SUM(Q4:Q23) -> 214.1
A25: spol.spotř. | B25: elektroměr č. 72371793 | C25: 39498 | D25: 39678 | E25: 40084 | F25: 40261 | G25: 40446 | H25: 40670 | I25: 40892 | J25: 41097 | K25: 41283 | L25: 41482 | M25: 41686 | N25: 41872 | O25: 42073 | R25: =O25-C25 -> 2575
B26: patní vodoměr č. 190976786 | C26: 1102.8 | D26: 1180.9 | E26: 1255.9 | F26: 1332.8 | G26: 1422.2 | H26: 1506.4 | I26: 1576.7 | J26: 1636 | K26: 1694.4 | L26: 1755.5 | M26: 1838.2 | N26: 1919.8 | O26: 2007 | P26: =O26-C26 -> 904.2
B27: patní kalorimetr č.70465265/GJ | C27: 90.25 | D27: 132.3 | E27: 169.3 | F27: 197.18 | G27: 215.37 | H27: 224.48 | I27: 227.62 | J27: 230.08 | K27: 234.18 | L27: 237.58 | M27: 251.63 | N27: 281.59 | O27: 319.73 | Q27: =O27-C27 -> 229.48 | R27: GJ
B28: patní kalorimetr č./kub.m | C28: 665 | D28: 956 | E28: 1218 | F28: 1407 | G28: 1537 | H28: 1610 | I28: 1647 | J28: 1675 | K28: 1795 | L28: 1847 | M28: 1939 | N28: 2123 | O28: 2371 | Q28: =O28-C28 -> 1706 | R28: m3
A29: ='1854'!A29 -> Fakturační vodoměr: 42012114941 | C29: ='1854'!C29 -> 1085 | D29: ='1854'!D29 -> 1404.3 | E29: ='1854'!E29 -> 1696 | F29: ='1854'!F29 -> 2013.8 | G29: ='1854'!G29 -> 2336.4 | H29: ='1854'!H29 -> 2664.8 | I29: ='1854'!I29 -> 2958.3 | J29: ='1854'!J29 -> 3200.4 | ... O29: ='1854'!O29 -> 4605 | P29: =O29-N35+N33-C29 -> 3520
E32: Výměna kalorimetru pata | H32: MWh | I32: m3 | K32: Výměna faktur.vodoměru výr.č. | N32: m3
D33: demontáž | E33: 43984 | F33: starý | K33: 44095 | L33: starý
G34: výr.č. | H34: GJ | I34: m3 | M34: výr.č. | N34: m3
D35: montáž | E35: 43986 | F35: nový | K35: 44095 | L35: nový

Sheet 1857
A2: 1857 | C2: ='1850'!C2 -> 44197 | D2: ='1850'!D2 -> 44228 | E2: ='1850'!E2 -> 44256 | F2: ='1850'!F2 -> 44286 | G2: ='1850'!G2 -> 44316 | H2: ='1850'!H2 -> 44348 | I2: ='1850'!I2 -> 44379 | J2: ='1850'!J2 -> 44410 | ... O2: ='1850'!O2 -> 44562 | P2: voda | Q2: teplo | R2: elektr | Y2: spotřeby po měsících
A3: byt č. | C3: prosinec | D3: leden | E3: únor | F3: březen | G3: duben | H3: květen | I3: červen | J3: červenec | K3: srpen | L3: září | M3: říjen | N3: listopad | O3: prosinec | P3: m3 | Q3: GJ | R3: KWh | T3: byt | U3: leden | V3: únor | W3: březen | X3: duben | Y3: květen | Z3: červen | AA3: červenec | AB3: srpen | AC3: září | AD3: říjen | AE3: listopad | AF3: prosinec
A4: 1 | B4: vodoměr č. 190907022 | C4: 69.818 | D4: 75.995 | E4: 79.316 | F4: 82.693 | G4: 88.386 | H4: 95.208 | I4: 99.604 | J4: 103.426 | K4: 108.842 | L4: 112.759 | M4: 117.11 | N4: 121.524 | O4: 126.745 | P4: =O4-C4 -> 56.927 | T4: 1 | U4: =D4-C4 -> 6.177 | V4: =E4-D4 -> 3.321 | W4: =F4-E4 -> 3.377 | X4: =G4-F4 -> 5.693 | Y4: =H4-G4 -> 6.822 | Z4: =I4-H4 -> 4.396 | AA4: =J4-I4 -> 3.822 | AB4: =K4-J4 -> 5.416 | ... AF4: =O4-N4 -> 5.221
B5: kalorimetr č. SN 34672828 | C5: 106.09 | D5: 111.203 | E5: 115.694 | F5: 120.139 | G5: 123.617 | H5: 125.285 | I5: 125.634 | J5: 125.94 | K5: 126.171 | L5: 126.8 | M5: 129.505 | N5: 3.701 | O5: 9.199 | Q5: =O5+M5-C5 -> 32.614
A6: 2 | B6: vodoměr č. 191519284 | C6: 46.115 | D6: 49.846 | E6: 53.073 | F6: 55.66 | G6: 60.95 | H6: 64.972 | I6: 69.334 | J6: 73.159 | K6: 77.393 | L6: 81.179 | M6: 85.577 | N6: 89.241 | O6: 93.554 | P6: =O6-C6 -> 47.439 | T6: 2 | U6: =D6-C6 -> 3.731 | V6: =E6-D6 -> 3.227 | W6: =F6-E6 -> 2.587 | X6: =G6-F6 -> 5.29 | Y6: =H6-G6 -> 4.022 | Z6: =I6-H6 -> 4.362 | AA6: =J6-I6 -> 3.825 | AB6: =K6-J6 -> 4.234 | ... AF6: =O6-N6 -> 4.313
B7: kalorimetr č. SN 34672811 | C7: 23.598 | D7: 25.227 | E7: 26.801 | F7: 28.086 | G7: 28.975 | H7: 29.468 | I7: 29.783 | J7: 30.049 | K7: 30.333 | L7: 30.655 | M7: 31.41 | N7: 1.246 | O7: 2.765 | Q7: =O7+M7-C7 -> 10.577
A8: 3 | B8: vodoměr č. 191519282 | C8: 215.359 | D8: 233.836 | E8: 247.006 | F8: 263.86 | G8: 282.035 | H8: 301.244 | I8: 319.956 | J8: 329.667 | K8: 338.803 | L8: 355.788 | M8: 373.003 | N8: 389.707 | O8: 405.963 | P8: =O8-C8 -> 190.604 | T8: 3 | U8: =D8-C8 -> 18.477 | V8: =E8-D8 -> 13.17 | W8: =F8-E8 -> 16.854 | X8: =G8-F8 -> 18.175 | Y8: =H8-G8 -> 19.209 | Z8: =I8-H8 -> 18.712 | AA8: =J8-I8 -> 9.711 | AB8: =K8-J8 -> 9.136 | ... AF8: =O8-N8 -> 16.256
B9: kalorimetr č. SN 34672803 | C9: 101.831 | D9: 106.922 | E9: 111.595 | F9: 115.93 | G9: 119.338 | H9: 121.682 | I9: 122.471 | J9: 122.851 | K9: 123.214 | L9: 124.052 | M9: 126.529 | N9: 3.791 | O9: 8.683 | Q9: =O9+M9-C9 -> 33.381
A10: 4 | B10: vodoměr č. 200015758 | C10: 30.198 | D10: 34.314 | E10: 37.68 | F10: 41.678 | G10: 46.21 | H10: 49.106 | I10: 53.551 | J10: 57.876 | K10: 60.149 | L10: 63.353 | M10: 66.011 | N10: 70.205 | O10: 74.096 | P10: =O10-C10 -> 43.898 | T10: 4 | U10: =D10-C10 -> 4.116 | V10: =E10-D10 -> 3.366 | W10: =F10-E10 -> 3.998 | X10: =G10-F10 -> 4.532 | Y10: =H10-G10 -> 2.896 | Z10: =I10-H10 -> 4.445 | AA10: =J10-I10 -> 4.325 | AB10: =K10-J10 -> 2.273 | ... AF10: =O10-N10 -> 3.891
B11: kalorimetr č. SN 34672807 | C11: 35.365 | D11: 37.257 | E11: 38.293 | F11: 38.907 | G11: 39.379 | H11: 39.639 | I11: 39.992 | J11: 40.256 | K11: 40.43 | L11: 40.68 | M11: 40.951 | N11: 1.323 | O11: 2.865 | Q11: =O11+M11-C11 -> 8.451
A12: 5 | B12: vodoměr č. 191519276 | C12: 95.144 | D12: 102.698 | E12: 110.936 | F12: 119.629 | G12: 128.056 | H12: 136.377 | I12: 145.977 | J12: 155.413 | K12: 164.238 | L12: 172.059 | M12: 180.792 | N12: 189.754 | O12: 198.733 | P12: =O12-C12 -> 103.589 | T12: 5 | U12: =D12-C12 -> 7.554 | V12: =E12-D12 -> 8.238 | W12: =F12-E12 -> 8.693 | X12: =G12-F12 -> 8.427 | Y12: =H12-G12 -> 8.321 | Z12: =I12-H12 -> 9.6 | AA12: =J12-I12 -> 9.436 | AB12: =K12-J12 -> 8.825 | ... AF12: =O12-N12 -> 8.979
B13: kalorimetr č. SN 34672838 | C13: 55.557 | D13: 58.611 | E13: 61.218 | F13: 62.748 | G13: 64.064 | H13: 65.089 | I13: 65.657 | J13: 66.151 | K13: 66.656 | L13: 67.174 | M13: 67.948 | N13: 1.542 | O13: 3.873 | Q13: =O13+M13-C13 -> 16.264
A14: 6 | B14: vodoměr č. 191519285 | C14: 80.877 | D14: 97.14 | E14: 111.911 | F14: 127.868 | G14: 143.161 | H14: 154.514 | I14: 163.532 | J14: 168.943 | K14: 177.841 | L14: 181.807 | M14: 184.453 | N14: 186.937 | O14: 189.93 | P14: =O14-C14 -> 109.053 | T14: 6 | U14: =D14-C14 -> 16.263 | V14: =E14-D14 -> 14.771 | W14: =F14-E14 -> 15.957 | X14: =G14-F14 -> 15.293 | Y14: =H14-G14 -> 11.353 | Z14: =I14-H14 -> 9.018 | AA14: =J14-I14 -> 5.411 | AB14: =K14-J14 -> 8.898 | ... AF14: =O14-N14 -> 2.993
B15: kalorimetr č. SN 34672805 | C15: 54.3 | D15: 59.438 | E15: 63.544 | F15: 66.823 | G15: 69.486 | H15: 70.856 | I15: 71.612 | J15: 72.142 | K15: 72.936 | L15: 73.359 | M15: 74.47 | N15: 3.336 | O15: 7.514 | Q15: =O15+M15-C15 -> 27.684
A16: 7 | B16: vodoměr č. 191519267 | C16: 163.306 | D16: 177.672 | E16: 189.246 | F16: 202.724 | G16: 217.652 | H16: 229.725 | I16: 242.128 | J16: 250.678 | K16: 259.683 | L16: 271.781 | M16: 282.666 | N16: 296.461 | O16: 310.042 | P16: =O16-C16 -> 146.736 | T16: 7 | U16: =D16-C16 -> 14.366 | V16: =E16-D16 -> 11.574 | W16: =F16-E16 -> 13.478 | X16: =G16-F16 -> 14.928 | Y16: =H16-G16 -> 12.073 | Z16: =I16-H16 -> 12.403 | AA16: =J16-I16 -> 8.55 | AB16: =K16-J16 -> 9.005 | ... AF16: =O16-N16 -> 13.581
B17: kalorimetr č. SN 34672821 | C17: 130.302 | D17: 137.214 | E17: 143.226 | F17: 148.733 | G17: 152.905 | H17: 154.409 | I17: 155.587 | J17: 156.105 | K17: 156.664 | L17: 157.636 | M17: 160.344 | N17: 5.558 | O17: 11.538 | Q17: =O17+M17-C17 -> 41.58
A18: 8 | B18: vodoměr č. 190907014 | C18: 113.977 | D18: 121.579 | E18: 129.471 | F18: 136.724 | G18: 144.459 | H18: 152.056 | I18: 158.796 | J18: 165.309 | K18: 170.406 | L18: 176.701 | M18: 182.763 | N18: 188.406 | O18: 195.288 | P18: =O18-C18 -> 81.311 | T18: 8 | U18: =D18-C18 -> 7.602 | V18: =E18-D18 -> 7.892 | W18: =F18-E18 -> 7.253 | X18: =G18-F18 -> 7.735 | Y18: =H18-G18 -> 7.597 | Z18: =I18-H18 -> 6.74 | AA18: =J18-I18 -> 6.513 | AB18: =K18-J18 -> 5.097 | ... AF18: =O18-N18 -> 6.882
B19: kalorimetr č. SN 34672820 | C19: 40.427 | D19: 43.179 | E19: 45.834 | F19: 47.669 | G19: 48.605 | H19: 49.101 | I19: 49.393 | J19: 49.66 | K19: 49.923 | L19: 50.265 | M19: 50.942 | N19: 2.226 | O19: 4.926 | Q19: =O19+M19-C19 -> 15.441
A20: 9 | B20: vodoměr č. 190907021 | C20: 33.466 | D20: 35.674 | E20: 37.97 | F20: 40.403 | G20: 42.678 | H20: 44.934 | I20: 47.202 | J20: 49.33 | K20: 51.211 | L20: 53.498 | M20: 55.227 | N20: 57.243 | O20: 59.795 | P20: =O20-C20 -> 26.329 | T20: 9 | U20: =D20-C20 -> 2.208 | V20: =E20-D20 -> 2.296 | W20: =F20-E20 -> 2.433 | X20: =G20-F20 -> 2.275 | Y20: =H20-G20 -> 2.256 | Z20: =I20-H20 -> 2.268 | AA20: =J20-I20 -> 2.128 | AB20: =K20-J20 -> 1.881 | ... AF20: =O20-N20 -> 2.552
B21: kalorimetr č. SN 34672831 | C21: 53.629 | D21: 57.623 | E21: 60.393 | F21: 62.847 | G21: 64.063 | H21: 64.403 | I21: 64.508 | J21: 64.601 | K21: 64.777 | L21: 64.939 | M21: 65.828 | N21: 2.507 | O21: 5.676 | Q21: =O21+M21-C21 -> 17.875
A22: 10 | B22: vodoměr č. 190907025 | C22: 135.443 | D22: 146.384 | E22: 155.494 | F22: 167.64 | G22: 178.957 | H22: 190.067 | I22: 201.477 | J22: 206.265 | K22: 213.205 | L22: 222.413 | M22: 232.078 | N22: 243.226 | O22: 254.366 | P22: =O22-C22 -> 118.923 | T22: 10 | U22: =D22-C22 -> 10.941 | V22: =E22-D22 -> 9.11 | W22: =F22-E22 -> 12.146 | X22: =G22-F22 -> 11.317 | Y22: =H22-G22 -> 11.11 | Z22: =I22-H22 -> 11.41 | AA22: =J22-I22 -> 4.788 | AB22: =K22-J22 -> 6.94 | ... AF22: =O22-N22 -> 11.14
B23: kalorimetr č. SN 34672825 | C23: 76.921 | D23: 81.234 | E23: 84.823 | F23: 87.393 | G23: 88.688 | H23: 89.287 | I23: 89.654 | J23: 89.819 | K23: 90.067 | L23: 90.437 | M23: 91.618 | N23: 2.976 | O23: 7.017 | Q23: =O23+M23-C23 -> 21.714
P24: =SUM(P4:P23) -> 924.809 | Q24: =SUM(Q4:Q23) -> 225.581
A25: spol.spotř. | B25: elektroměr č. 72370868 | C25: 44544 | D25: 44756 | E25: 45135 | F25: 45332 | G25: 45517 | H25: 45741 | I25: 45951 | J25: 46144 | K25: 46357 | L25: 46559 | M25: 46759 | N25: 46951 | O25: 47149 | R25: =O25-C25 -> 2605
B26: patní vodoměr č. 190976785 | C26: 1207 | D26: 1306.8 | E26: 1390.9 | F26: 1487.6 | G26: 1589.2 | H26: 1684.2 | I26: 1776 | J26: 1840.7 | K26: 1908.6 | L26: 1984.5 | M26: 2059.9 | N26: 2139.5 | O26: 2222.9 | P26: =O26-C26 -> 1015.9
B27: patní kalorimetr č. 70465266/ GJ | C27: 106.96 | D27: 151.71 | E27: 190.25 | F27: 221.53 | G27: 243.51 | H27: 254.94 | I27: 259.97 | J27: 263.85 | K27: 269.63 | L27: 274.29 | M27: 288.37 | N27: 319.08 | O27: 358.21 | Q27: =O27-C27 -> 251.25 | R27: GJ
B28: patní kalorimetr č./kub.m | C28: 870 | D28: 1202 | E28: 1500 | F28: 1740 | G28: 1911 | H28: 2011 | I28: 2081 | J28: 2147 | K28: 2361 | L28: 2435 | M28: 2536 | N28: 2752 | O28: 3022 | Q28: =O28-C28 -> 2152 | R28: m3
A29: ='1854'!A29 -> Fakturační vodoměr: 42012114941 | C29: ='1854'!C29 -> 1085 | D29: ='1854'!D29 -> 1404.3 | E29: ='1854'!E29 -> 1696 | F29: ='1854'!F29 -> 2013.8 | G29: ='1854'!G29 -> 2336.4 | H29: ='1854'!H29 -> 2664.8 | I29: ='1854'!I29 -> 2958.3 | J29: ='1854'!J29 -> 3200.4 | ... O29: ='1854'!O29 -> 4605 | P29: =O29--C29 -> 5690
D31: Reklamace - výměna
C32: 4 | D32: 43950 | E32: starý | K32: Výměna faktur.vodoměru výr.č. | N32: m3
E33: nový | K33: 44095 | L33: starý
M34: výr.č. | N34: m3
E35: Výměna kalorimetru pata | H35: MWh | I35: m3 | K35: 44095 | L35: nový
D36: demontáž | E36: 43984 | F36: starý
G37: výr.č. | H37: GJ | I37: m3
D38: montáž | E38: 43986 | F38: nový

Sheet S1
A1: Sumář - spotřeba leden | B1: 2021
A3: Voda - m3 | B3: 1850 | C3: 1851 | D3: 1852 | E3: 1853
A4: Náměry bytových vodoměrů | B4: ='1850'!D4-'1850'!C4+'1850'!D6-'1850'!C6+'1850'!D8-'1850'!C8+'1850'!D10-'1850'!C10+'1850'!D12-'1850'!C12+'1850'!D14-'1850'!C14+'1850'!D16-'1850'!C16+'1850'!D18-'1850'!C18+'1850'!D20-'1850'!C20+'1850'!D22-'1850'!C22 -> 59.615 | C4: ='1851'!E4-'1851'!D4+'1851'!E6-'1851'!D6+'1851'!E8-'1851'!D8+'1851'!E10-'1851'!D10+'1851'!E12-'1851'!D12+'1851'!E14-'1851'!D14+'1851'!E16-'1851'!D16+'1851'!E18-'1851'!D18+'1851'!E20-'1851'!D20+'1851'!E22-'1851'!D22+'1851'!E33-'1851'!D33+'1851'!E34-'1851'!D34+'1851'!E35-'1851'!D35+'1851'!E36-'1851'!D36+'1851'!E37-'1851'!D37+'1851'!E40-'1851'!D40+'1851'!E41-'1851'!D41+'1851'!E42-'1851'!D42+'1851'!E43-'1851'!D43+'1851'!E44-'1851'!D44+'1851'!E45-'1851'!D45+'1851'!E46-'1851'!D46+'1851'!E47-'1851'!D47+'1851'!E48-'1851'!D48+'1851'!E49-'1851'!D49 -> 110.627 | D4: ='1852'!D4-'1852'!C4+'1852'!D6-'1852'!C6+'1852'!D8-'1852'!C8+'1852'!D10-'1852'!C10+'1852'!D12-'1852'!C12+'1852'!D14-'1852'!C14+'1852'!D16-'1852'!C16+'1852'!D18-'1852'!C18+'1852'!D20-'1852'!C20+'1852'!D22-'1852'!C22 -> 83.106 | E4: ='1853'!D4-'1853'!C4+'1853'!D6-'1853'!C6+'1853'!D8-'1853'!C8+'1853'!D10-'1853'!C10+'1853'!D12-'1853'!C12+'1853'!D14-'1853'!C14+'1853'!D16-'1853'!C16+'1853'!D18-'1853'!C18+'1853'!D20-'1853'!C20+'1853'!D22-'1853'!C22+'1853'!D26-'1853'!C26 -> 81.027 | G4: =1-B4/B5 -> 0.12843567 | H4: =1-C4/C5 -> 0.060891341 | I4: =1-D4/D5 -> 0.16139253 | J4: =1-E4/E5 -> 0.08856018
A5: Patní vodoměry | B5: ='1850'!D26-'1850'!C26 -> 68.4 | C5: ='1851'!E26-'1851'!D26 -> 117.8 | D5: ='1852'!D26-'1852'!C26 -> 99.1 | E5: ='1853'!D27-'1853'!C27 -> 88.9
A6: Součet patních vodoměrů | B6: =B5+C5+D5+E5 -> 374.2 | G6: =1-B6/B7 -> 0.031824062
A7: fakturační vodoměr | B7: ='1850'!D29-'1850'!C29 -> 386.5
A8: Teplo - GJ
A9: Náměry bytových kalorimetrů | B9: ='1850'!D5-'1850'!C5+'1850'!D7-'1850'!C7+'1850'!D9-'1850'!C9+'1850'!D11-'1850'!C11+'1850'!D13-'1850'!C13+'1850'!D15-'1850'!C15+'1850'!D17-'1850'!C17+'1850'!D19-'1850'!C19+'1850'!D21-'1850'!C21+'1850'!D23-'1850'!C23 -> 34.28 | C9: ='1851'!E5-'1851'!D5+'1851'!E7-'1851'!D7+'1851'!E9-'1851'!D9+'1851'!E11-'1851'!D11+'1851'!E13-'1851'!D13+'1851'!E15-'1851'!D15+'1851'!E17-'1851'!D17+'1851'!E19-'1851'!D19+'1851'!E21-'1851'!D21+'1851'!E23-'1851'!D23 -> 46.576 | D9: ='1852'!D5-'1852'!C5+'1852'!D7-'1852'!C7+'1852'!D9-'1852'!C9+'1852'!D11-'1852'!C11+'1852'!D13-'1852'!C13+'1852'!D15-'1852'!C15+'1852'!D17-'1852'!C17+'1852'!D19-'1852'!C19+'1852'!D21-'1852'!C21+'1852'!D23-'1852'!C23 -> 43.387 | E9: ='1853'!D5-'1853'!C5+'1853'!D7-'1853'!C7+'1853'!D9-'1853'!C9+'1853'!D11-'1853'!C11+'1853'!D13-'1853'!C13+'1853'!D15-'1853'!C15+'1853'!D17-'1853'!C17+'1853'!D19-'1853'!C19+'1853'!D21-'1853'!C21+'1853'!D23-'1853'!C23 -> 37.447 | G9: =1-B9/B10 -> 0.12640163 | H9: =1-C9/C10 -> 0.099040545 | I9: =1-D9/D10 -> 0.048781023 | J9: =1-E9/E10 -> 0.11548091
A10: Fakturační kalorimetry | B10: =('1850'!D27-'1850'!C27)*3.6 -> 39.24 | C10: =('1851'!E27-'1851'!D27)*3.6 -> 51.696 | D10: =('1852'!D27-'1852'!C27)*3.6 -> 45.612 | E10: =('1853'!D28-'1853'!C28)*3.6 -> 42.336
A11: Elektřina - kWh
A12: Elektroměr dům | B12: ='1850'!D25-'1850'!C25 -> 216 | C12: ='1851'!E24-'1851'!D24 -> 263 | D12: ='1852'!D25-'1852'!C25 -> 204 | E12: ='1853'!D24-'1853'!C24 -> 184
A14: Elektroměr areál | B14: ='1853'!D25-'1853'!C25 -> 447
A15: Vodoměr areál | B15: ='1853'!D26-'1853'!C26 -> 0
A18: Voda - m3 | B18: 1854 | C18: 1855 | D18: 1856 | E18: 1857
A19: Náměry bytových vodoměrů | B19: ='1854'!D4-'1854'!C4+'1854'!D6-'1854'!C6+'1854'!D8-'1854'!C8+'1854'!D10-'1854'!C10+'1854'!D12-'1854'!C12+'1854'!D14-'1854'!C14+'1854'!D16-'1854'!C16+'1854'!D18-'1854'!C18+'1854'!D20-'1854'!C20+'1854'!D22-'1854'!C22 -> 61.951 | C19: ='1855'!D4-'1855'!C4+'1855'!D6-'1855'!C6+'1855'!D8-'1855'!C8+'1855'!D10-'1855'!C10+'1855'!D12-'1855'!C12+'1855'!D14-'1855'!C14+'1855'!D16-'1855'!C16+'1855'!D18-'1855'!C18+'1855'!D20-'1855'!C20+'1855'!D22-'1855'!C22 -> 75.951 | D19: ='1856'!D4-'1856'!C4+'1856'!D6-'1856'!C6+'1856'!D8-'1856'!C8+'1856'!D10-'1856'!C10+'1856'!D12-'1856'!C12+'1856'!D14-'1856'!C14+'1856'!D16-'1856'!C16+'1856'!D18-'1856'!C18+'1856'!D20-'1856'!C20+'1856'!D22-'1856'!C22 -> 70.936 | E19: ='1857'!D4-'1857'!C4+'1857'!D6-'1857'!C6+'1857'!D8-'1857'!C8+'1857'!D10-'1857'!C10+'1857'!D12-'1857'!C12+'1857'!D14-'1857'!C14+'1857'!D16-'1857'!C16+'1857'!D18-'1857'!C18+'1857'!D20-'1857'!C20+'1857'!D22-'1857'!C22 -> 91.435 | G19: =1-B19/B20 -> 0.073976084 | H19: =1-C19/C20 -> 0.13495444 | I19: =1-D19/D20 -> 0.091728553 | J19: =1-E19/E20 -> 0.083817635
A20: Patní vodoměry | B20: ='1854'!D26-'1854'!C26 -> 66.9 | C20: ='1855'!D26-'1855'!C26 -> 87.8 | D20: ='1856'!D26-'1856'!C26 -> 78.1 | E20: ='1857'!D26-'1857'!C26 -> 99.8
A21: Součet patních vodoměrů | B21: =B20+C20+D20+E20 -> 332.6 | G21: =1-B21/B22 -> -0.041653617
A22: fakturační vodoměr | B22: ='1854'!D29-'1854'!C29 -> 319.3
A23: Teplo - GJ
A24: Náměry bytových kalorimetrů | B24: ='1854'!D5-'1854'!C5+'1854'!D7-'1854'!C7+'1854'!D9-'1854'!C9+'1854'!D11-'1854'!C11+'1854'!D13-'1854'!C13+'1854'!D15-'1854'!C15+'1854'!D17-'1854'!C17+'1854'!D19-'1854'!C19+'1854'!D21-'1854'!C21+'1854'!D23-'1854'!C23 -> 38.239 | C24: ='1855'!D5-'1855'!C5+'1855'!D7-'1855'!C7+'1855'!D9-'1855'!C9+'1855'!D11-'1855'!C11+'1855'!D13-'1855'!C13+'1855'!D15-'1855'!C15+'1855'!D17-'1855'!C17+'1855'!D19-'1855'!C19+'1855'!D21-'1855'!C21+'1855'!D23-'1855'!C23 -> 44.707 | D24: ='1856'!D5-'1856'!C5+'1856'!D7-'1856'!C7+'1856'!D9-'1856'!C9+'1856'!D11-'1856'!C11+'1856'!D13-'1856'!C13+'1856'!D15-'1856'!C15+'1856'!D17-'1856'!C17+'1856'!D19-'1856'!C19+'1856'!D21-'1856'!C21+'1856'!D23-'1856'!C23 -> 38.771 | E24: ='1857'!D5-'1857'!C5+'1857'!D7-'1857'!C7+'1857'!D9-'1857'!C9+'1857'!D11-'1857'!C11+'1857'!D13-'1857'!C13+'1857'!D15-'1857'!C15+'1857'!D17-'1857'!C17+'1857'!D19-'1857'!C19+'1857'!D21-'1857'!C21+'1857'!D23-'1857'!C23 -> 39.888 | G24: =1-B24/B25 -> 0.053490099 | H24: =1-C24/C25 -> 0.06353163 | I24: =1-D24/D25 -> 0.077978597 | J24: =1-E24/E25 -> 0.10864804
A25: Fakturační kalorimetry | B25: =('1854'!D27-'1854'!C27) -> 40.4 | C25: =('1855'!D27-'1855'!C27) -> 47.74 | D25: =('1856'!D27-'1856'!C27) -> 42.05 | E25: =('1857'!D27-'1857'!C27) -> 44.75
A26: Elektřina - kWh
A27: Elektroměr dům | B27: ='1854'!D25-'1854'!C25 -> 246 | C27: ='1855'!D25-'1855'!C25 -> 307 | D27: ='1856'!D25-'1856'!C25 -> 180 | E27: ='1857'!D25-'1857'!C25 -> 212

Sheet S2
A1: Sumář - spotřeba únor | B1: ='S1'!B1 -> 2021
A3: Voda - m3 | B3: 1850 | C3: 1851 | D3: 1852 | E3: 1853
A4: Náměry bytových vodoměrů | B4: ='1850'!E4-'1850'!D4+'1850'!E6-'1850'!D6+'1850'!E8-'1850'!D8+'1850'!E10-'1850'!D10+'1850'!E12-'1850'!D12+'1850'!E14-'1850'!D14+'1850'!E16-'1850'!D16+'1850'!E18-'1850'!D18+'1850'!E20-'1850'!D20+'1850'!E22-'1850'!D22 -> 54.76 | C4: ='1851'!F4-'1851'!E4+'1851'!F6-'1851'!E6+'1851'!F8-'1851'!E8+'1851'!F10-'1851'!E10+'1851'!F12-'1851'!E12+'1851'!F14-'1851'!E14+'1851'!F16-'1851'!E16+'1851'!F18-'1851'!E18+'1851'!F20-'1851'!E20+'1851'!F22-'1851'!E22+'1851'!F33-'1851'!E33+'1851'!F34-'1851'!E34+'1851'!F35-'1851'!E35+'1851'!F36-'1851'!E36+'1851'!F37-'1851'!E37+'1851'!F40-'1851'!E40+'1851'!F41-'1851'!E41+'1851'!F42-'1851'!E42+'1851'!F43-'1851'!E43+'1851'!F44-'1851'!E44+'1851'!F45-'1851'!E45+'1851'!F46-'1851'!E46+'1851'!F47-'1851'!E47+'1851'!F48-'1851'!E48+'1851'!F49-'1851'!E49 -> 110.754 | D4: ='1852'!E4-'1852'!D4+'1852'!E6-'1852'!D6+'1852'!E8-'1852'!D8+'1852'!E10-'1852'!D10+'1852'!E12-'1852'!D12+'1852'!E14-'1852'!D14+'1852'!E16-'1852'!D16+'1852'!E18-'1852'!D18+'1852'!E20-'1852'!D20+'1852'!E22-'1852'!D22 -> 75.191 | E4: ='1853'!E4-'1853'!D4+'1853'!E6-'1853'!D6+'1853'!E8-'1853'!D8+'1853'!E10-'1853'!D10+'1853'!E12-'1853'!D12+'1853'!E14-'1853'!D14+'1853'!E16-'1853'!D16+'1853'!E18-'1853'!D18+'1853'!E20-'1853'!D20+'1853'!E22-'1853'!D22+'1853'!E26-'1853'!D26 -> 72.958 | G4: =1-B4/B5 -> 0.10668842 | H4: =1-C4/C5 -> 0.059014444 | I4: =1-D4/D5 -> 0.14942308 | J4: =1-E4/E5 -> 0.094813896
A5: Patní vodoměry | B5: ='1850'!E26-'1850'!D26 -> 61.3 | C5: ='1851'!F26-'1851'!E26 -> 117.7 | D5: ='1852'!E26-'1852'!D26 -> 88.4 | E5: ='1853'!E27-'1853'!D27 -> 80.6
A6: Součet patních vodoměrů | B6: =SUM(B5:E5) -> 348 | G6: =1-B6/B7 -> 0.029559398
A7: fakturační vodoměr | B7: ='1850'!E29-'1850'!D29 -> 358.6
A8: Teplo - GJ
A9: Náměry bytových kalorimetrů | B9: ='1850'!E5-'1850'!D5+'1850'!E7-'1850'!D7+'1850'!E9-'1850'!D9+'1850'!E11-'1850'!D11+'1850'!E13-'1850'!D13+'1850'!E15-'1850'!D15+'1850'!E17-'1850'!D17+'1850'!E19-'1850'!D19+'1850'!E21-'1850'!D21+'1850'!E23-'1850'!D23 -> 29.429 | C9: ='1851'!F5-'1851'!E5+'1851'!F7-'1851'!E7+'1851'!F9-'1851'!E9+'1851'!F11-'1851'!E11+'1851'!F13-'1851'!E13+'1851'!F15-'1851'!E15+'1851'!F17-'1851'!E17+'1851'!F19-'1851'!E19+'1851'!F21-'1851'!E21+'1851'!F23-'1851'!E23 -> 42.4 | D9: ='1852'!E5-'1852'!D5+'1852'!E7-'1852'!D7+'1852'!E9-'1852'!D9+'1852'!E11-'1852'!D11+'1852'!E13-'1852'!D13+'1852'!E15-'1852'!D15+'1852'!E17-'1852'!D17+'1852'!E19-'1852'!D19+'1852'!E21-'1852'!D21+'1852'!E23-'1852'!D23 -> 37.307 | E9: ='1853'!E5-'1853'!D5+'1853'!E7-'1853'!D7+'1853'!E9-'1853'!D9+'1853'!E11-'1853'!D11+'1853'!E13-'1853'!D13+'1853'!E15-'1853'!D15+'1853'!E17-'1853'!D17+'1853'!E19-'1853'!D19+'1853'!E21-'1853'!D21+'1853'!E23-'1853'!D23 -> 32.7 | G9: =1-B9/B10 -> 0.11815294 | H9: =1-C9/C10 -> 0.10571163 | I9: =1-D9/D10 -> 0.00066966677 | J9: =1-E9/E10 -> 0.11726595
A10: Fakturační kalorimetry | B10: =('1850'!E27-'1850'!D27)*3.6 -> 33.372 | C10: =('1851'!F27-'1851'!E27)*3.6 -> 47.412 | D10: =('1852'!E27-'1852'!D27)*3.6 -> 37.332 | E10: =('1853'!E28-'1853'!D28)*3.6 -> 37.044
A11: Elektřina -
A12: Elektroměr dům | B12: ='1850'!E25-'1850'!D25 -> 422 | C12: ='1851'!F24-'1851'!E24 -> 582 | D12: ='1852'!E25-'1852'!D25 -> 1222 | E12: ='1853'!E24-'1853'!D24 -> 166
A14: Elektroměr areál | B14: ='1853'!E25-'1853'!D25 -> 341
A15: Vodoměr areál | B15: ='1853'!E26-'1853'!D26 -> 0
A18: Voda - m3 | B18: 1854 | C18: 1855 | D18: 1856 | E18: 1857
A19: Náměry bytových vodoměrů | B19: ='1854'!E4-'1854'!D4+'1854'!E6-'1854'!D6+'1854'!E8-'1854'!D8+'1854'!E10-'1854'!D10+'1854'!E12-'1854'!D12+'1854'!E14-'1854'!D14+'1854'!E16-'1854'!D16+'1854'!E18-'1854'!D18+'1854'!E20-'1854'!D20+'1854'!E22-'1854'!D22 -> 54.761 | C19: ='1855'!E4-'1855'!D4+'1855'!E6-'1855'!D6+'1855'!E8-'1855'!D8+'1855'!E10-'1855'!D10+'1855'!E12-'1855'!D12+'1855'!E14-'1855'!D14+'1855'!E16-'1855'!D16+'1855'!E18-'1855'!D18+'1855'!E20-'1855'!D20+'1855'!E22-'1855'!D22 -> 74.053 | D19: ='1856'!E4-'1856'!D4+'1856'!E6-'1856'!D6+'1856'!E8-'1856'!D8+'1856'!E10-'1856'!D10+'1856'!E12-'1856'!D12+'1856'!E14-'1856'!D14+'1856'!E16-'1856'!D16+'1856'!E18-'1856'!D18+'1856'!E20-'1856'!D20+'1856'!E22-'1856'!D22 -> 67.795 | E19: ='1857'!E4-'1857'!D4+'1857'!E6-'1857'!D6+'1857'!E8-'1857'!D8+'1857'!E10-'1857'!D10+'1857'!E12-'1857'!D12+'1857'!E14-'1857'!D14+'1857'!E16-'1857'!D16+'1857'!E18-'1857'!D18+'1857'!E20-'1857'!D20+'1857'!E22-'1857'!D22 -> 76.965 | G19: =1-B19/B20 -> 0.084264214 | H19: =1-C19/C20 -> 0.13286885 | I19: =1-D19/D20 -> 0.096066667 | J19: =1-E19/E20 -> 0.084839477
A20: Patní vodoměry | B20: ='1854'!E26-'1854'!D26 -> 59.8 | C20: ='1855'!E26-'1855'!D26 -> 85.4 | D20: ='1856'!E26-'1856'!D26 -> 75 | E20: ='1857'!E26-'1857'!D26 -> 84.1
A21: Součet patních vodoměrů | B21: =SUM(B20:E20) -> 304.3 | G21: =1-B21/B22 -> -0.043195063
A22: fakturační vodoměr | B22: ='1854'!E29-'1854'!D29 -> 291.7
A23: Teplo - GJ
A24: Náměry bytových kalorimetrů | B24: ='1854'!E5-'1854'!D5+'1854'!E7-'1854'!D7+'1854'!E9-'1854'!D9+'1854'!E11-'1854'!D11+'1854'!E13-'1854'!D13+'1854'!E15-'1854'!D15+'1854'!E17-'1854'!D17+'1854'!E19-'1854'!D19+'1854'!E21-'1854'!D21+'1854'!E23-'1854'!D23 -> 32.927 | C24: ='1855'!E5-'1855'!D5+'1855'!E7-'1855'!D7+'1855'!E9-'1855'!D9+'1855'!E11-'1855'!D11+'1855'!E13-'1855'!D13+'1855'!E15-'1855'!D15+'1855'!E17-'1855'!D17+'1855'!E19-'1855'!D19+'1855'!E21-'1855'!D21+'1855'!E23-'1855'!D23 -> 40.317 | D24: ='1856'!E5-'1856'!D5+'1856'!E7-'1856'!D7+'1856'!E9-'1856'!D9+'1856'!E11-'1856'!D11+'1856'!E13-'1856'!D13+'1856'!E15-'1856'!D15+'1856'!E17-'1856'!D17+'1856'!E19-'1856'!D19+'1856'!E21-'1856'!D21+'1856'!E23-'1856'!D23 -> 33.968 | E24: ='1857'!E5-'1857'!D5+'1857'!E7-'1857'!D7+'1857'!E9-'1857'!D9+'1857'!E11-'1857'!D11+'1857'!E13-'1857'!D13+'1857'!E15-'1857'!D15+'1857'!E17-'1857'!D17+'1857'!E19-'1857'!D19+'1857'!E21-'1857'!D21+'1857'!E23-'1857'!D23 -> 33.513 | G24: =1-B24/B25 -> 0.061106359 | H24: =1-C24/C25 -> 0.068461183 | I24: =1-D24/D25 -> 0.081945946 | J24: =1-E24/E25 -> 0.13043591
A25: Fakturační kalorimetry | B25: =('1854'!E27-'1854'!D27) -> 35.07 | C25: =('1855'!E27-'1855'!D27) -> 43.28 | D25: =('1856'!E27-'1856'!D27) -> 37 | E25: =('1857'!E27-'1857'!D27) -> 38.54
A26: Elektřina -
A27: Elektroměr dům | B27: ='1854'!E25-'1854'!D25 -> 235 | C27: ='1855'!E25-'1855'!D25 -> 387 | D27: ='1856'!E25-'1856'!D25 -> 406 | E27: ='1857'!E25-'1857'!D25 -> 379

Sheet S3
A1: Sumář - spotřeba březen | B1: ='S1'!B1 -> 2021
A3: Voda - m3 | B3: 1850 | C3: 1851 | D3: 1852 | E3: 1853
A4: Náměry bytových vodoměrů | B4: ='1850'!F4-'1850'!E4+'1850'!F6-'1850'!E6+'1850'!F8-'1850'!E8+'1850'!F10-'1850'!E10+'1850'!F12-'1850'!E12+'1850'!F14-'1850'!E14+'1850'!F16-'1850'!E16+'1850'!F18-'1850'!E18+'1850'!F20-'1850'!E20+'1850'!F22-'1850'!E22 -> 55.134 | C4: ='1851'!G4-'1851'!F4+'1851'!G6-'1851'!F6+'1851'!G8-'1851'!F8+'1851'!G10-'1851'!F10+'1851'!G12-'1851'!F12+'1851'!G14-'1851'!F14+'1851'!G16-'1851'!F16+'1851'!G18-'1851'!F18+'1851'!G20-'1851'!F20+'1851'!G22-'1851'!F22+'1851'!G33-'1851'!F33+'1851'!G34-'1851'!F34+'1851'!G35-'1851'!F35+'1851'!G36-'1851'!F36+'1851'!G37-'1851'!F37+'1851'!G40-'1851'!F40+'1851'!G41-'1851'!F41+'1851'!G42-'1851'!F42+'1851'!G43-'1851'!F43+'1851'!G44-'1851'!F44+'1851'!G45-'1851'!F45+'1851'!G46-'1851'!F46+'1851'!G47-'1851'!F47+'1851'!G48-'1851'!F48+'1851'!G49-'1851'!F49 -> 124.395 | D4: ='1852'!F4-'1852'!E4+'1852'!F6-'1852'!E6+'1852'!F8-'1852'!E8+'1852'!F10-'1852'!E10+'1852'!F12-'1852'!E12+'1852'!F14-'1852'!E14+'1852'!F16-'1852'!E16+'1852'!F18-'1852'!E18+'1852'!F20-'1852'!E20+'1852'!F22-'1852'!E22 -> 81.582 | E4: ='1853'!F4-'1853'!E4+'1853'!F6-'1853'!E6+'1853'!F8-'1853'!E8+'1853'!F10-'1853'!E10+'1853'!F12-'1853'!E12+'1853'!F14-'1853'!E14+'1853'!F16-'1853'!E16+'1853'!F18-'1853'!E18+'1853'!F20-'1853'!E20+'1853'!F22-'1853'!E22+'1853'!F26-'1853'!E26 -> 78.442 | G4: =1-B4/B5 -> 0.11502408 | H4: =1-C4/C5 -> 0.059039334 | I4: =1-D4/D5 -> 0.16497441 | J4: =1-E4/E5 -> 0.092106481
A5: Patní vodoměry | B5: ='1850'!F26-'1850'!E26 -> 62.3 | C5: ='1851'!G26-'1851'!F26 -> 132.2 | D5: ='1852'!F26-'1852'!E26 -> 97.7 | E5: ='1853'!F27-'1853'!E27 -> 86.4
A6: Součet patních vodoměrů | B6: =SUM(B5:E5) -> 378.6 | G6: =1-B6/B7 -> 0.026985351
A7: fakturační vodoměr | B7: ='1850'!F29-'1850'!E29 -> 389.1
A8: Teplo - GJ
A9: Náměry bytových kalorimetrů | B9: ='1850'!F5-'1850'!E5+'1850'!F7-'1850'!E7+'1850'!F9-'1850'!E9+'1850'!F11-'1850'!E11+'1850'!F13-'1850'!E13+'1850'!F15-'1850'!E15+'1850'!F17-'1850'!E17+'1850'!F19-'1850'!E19+'1850'!F21-'1850'!E21+'1850'!F23-'1850'!E23 -> 23.475 | C9: ='1851'!G5-'1851'!F5+'1851'!G7-'1851'!F7+'1851'!G9-'1851'!F9+'1851'!G11-'1851'!F11+'1851'!G13-'1851'!F13+'1851'!G15-'1851'!F15+'1851'!G17-'1851'!F17+'1851'!G19-'1851'!F19+'1851'!G21-'1851'!F21+'1851'!G23-'1851'!F23 -> 34.714 | D9: ='1852'!F5-'1852'!E5+'1852'!F7-'1852'!E7+'1852'!F9-'1852'!E9+'1852'!F11-'1852'!E11+'1852'!F13-'1852'!E13+'1852'!F15-'1852'!E15+'1852'!F17-'1852'!E17+'1852'!F19-'1852'!E19+'1852'!F21-'1852'!E21+'1852'!F23-'1852'!E23 -> 30.153 | E9: ='1853'!F5-'1853'!E5+'1853'!F7-'1853'!E7+'1853'!F9-'1853'!E9+'1853'!F11-'1853'!E11+'1853'!F13-'1853'!E13+'1853'!F15-'1853'!E15+'1853'!F17-'1853'!E17+'1853'!F19-'1853'!E19+'1853'!F21-'1853'!E21+'1853'!F23-'1853'!E23 -> 25.824 | G9: =1-B9/B10 -> 0.13401948 | H9: =1-C9/C10 -> 0.13049795 | I9: =1-D9/D10 -> 0.0064254646 | J9: =1-E9/E10 -> 0.14194577
A10: Fakturační kalorimetry | B10: =('1850'!F27-'1850'!E27)*3.6 -> 27.108 | C10: =('1851'!G27-'1851'!F27)*3.6 -> 39.924 | D10: =('1852'!F27-'1852'!E27)*3.6 -> 30.348 | E10: =('1853'!F28-'1853'!E28)*3.6 -> 30.096
A11: Elektřina -
A12: Elektroměr dům | B12: ='1850'!F25-'1850'!E25 -> 197 | C12: ='1851'!G24-'1851'!F24 -> 242 | D12: ='1852'!F25-'1852'!E25 -> 214 | E12: ='1853'!F24-'1853'!E24 -> 209
A14: Elektroměr areál | B14: ='1853'!F25-'1853'!E25 -> 322
A15: Vodoměr areál | B15: ='1853'!F26-'1853'!E26 -> 0
A18: Voda - m3 | B18: 1854 | C18: 1855 | D18: 1856 | E18: 1857
A19: Náměry bytových vodoměrů | B19: ='1854'!F4-'1854'!E4+'1854'!F6-'1854'!E6+'1854'!F8-'1854'!E8+'1854'!F10-'1854'!E10+'1854'!F12-'1854'!E12+'1854'!F14-'1854'!E14+'1854'!F16-'1854'!E16+'1854'!F18-'1854'!E18+'1854'!F20-'1854'!E20+'1854'!F22-'1854'!E22 -> 58.931 | C19: ='1855'!F4-'1855'!E4+'1855'!F6-'1855'!E6+'1855'!F8-'1855'!E8+'1855'!F10-'1855'!E10+'1855'!F12-'1855'!E12+'1855'!F14-'1855'!E14+'1855'!F16-'1855'!E16+'1855'!F18-'1855'!E18+'1855'!F20-'1855'!E20+'1855'!F22-'1855'!E22 -> 80.832 | D19: ='1856'!F4-'1856'!E4+'1856'!F6-'1856'!E6+'1856'!F8-'1856'!E8+'1856'!F10-'1856'!E10+'1856'!F12-'1856'!E12+'1856'!F14-'1856'!E14+'1856'!F16-'1856'!E16+'1856'!F18-'1856'!E18+'1856'!F20-'1856'!E20+'1856'!F22-'1856'!E22 -> 70.029 | E19: ='1857'!F4-'1857'!E4+'1857'!F6-'1857'!E6+'1857'!F8-'1857'!E8+'1857'!F10-'1857'!E10+'1857'!F12-'1857'!E12+'1857'!F14-'1857'!E14+'1857'!F16-'1857'!E16+'1857'!F18-'1857'!E18+'1857'!F20-'1857'!E20+'1857'!F22-'1857'!E22 -> 86.776 | G19: =1-B19/B20 -> 0.079203125 | H19: =1-C19/C20 -> 0.13177229 | I19: =1-D19/D20 -> 0.089349805 | J19: =1-E19/E20 -> 0.10262668
A20: Patní vodoměry | B20: ='1854'!F26-'1854'!E26 -> 64 | C20: ='1855'!F26-'1855'!E26 -> 93.1 | D20: ='1856'!F26-'1856'!E26 -> 76.9 | E20: ='1857'!F26-'1857'!E26 -> 96.7
A21: Součet patních vodoměrů | B21: =SUM(B20:E20) -> 330.7 | G21: =1-B21/B22 -> -0.040591567
A22: fakturační vodoměr | B22: ='1854'!F29-'1854'!E29 -> 317.8
A23: Teplo - GJ
A24: Náměry bytových kalorimetrů | B24: ='1854'!F5-'1854'!E5+'1854'!F7-'1854'!E7+'1854'!F9-'1854'!E9+'1854'!F11-'1854'!E11+'1854'!F13-'1854'!E13+'1854'!F15-'1854'!E15+'1854'!F17-'1854'!E17+'1854'!F19-'1854'!E19+'1854'!F21-'1854'!E21+'1854'!F23-'1854'!E23 -> 26.552 | C24: ='1855'!F5-'1855'!E5+'1855'!F7-'1855'!E7+'1855'!F9-'1855'!E9+'1855'!F11-'1855'!E11+'1855'!F13-'1855'!E13+'1855'!F15-'1855'!E15+'1855'!F17-'1855'!E17+'1855'!F19-'1855'!E19+'1855'!F21-'1855'!E21+'1855'!F23-'1855'!E23 -> 33.361 | D24: ='1856'!F5-'1856'!E5+'1856'!F7-'1856'!E7+'1856'!F9-'1856'!E9+'1856'!F11-'1856'!E11+'1856'!F13-'1856'!E13+'1856'!F15-'1856'!E15+'1856'!F17-'1856'!E17+'1856'!F19-'1856'!E19+'1856'!F21-'1856'!E21+'1856'!F23-'1856'!E23 -> 25.618 | E24: ='1857'!F5-'1857'!E5+'1857'!F7-'1857'!E7+'1857'!F9-'1857'!E9+'1857'!F11-'1857'!E11+'1857'!F13-'1857'!E13+'1857'!F15-'1857'!E15+'1857'!F17-'1857'!E17+'1857'!F19-'1857'!E19+'1857'!F21-'1857'!E21+'1857'!F23-'1857'!E23 -> 27.854 | G24: =1-B24/B25 -> 0.054415954 | H24: =1-C24/C25 -> 0.056799548 | I24: =1-D24/D25 -> 0.081133429 | J24: =1-E24/E25 -> 0.10952685
A25: Fakturační kalorimetry | B25: =('1854'!F27-'1854'!E27) -> 28.08 | C25: =('1855'!F27-'1855'!E27) -> 35.37 | D25: =('1856'!F27-'1856'!E27) -> 27.88 | E25: =('1857'!F27-'1857'!E27) -> 31.28
A26: Elektřina -
A27: Elektroměr dům | B27: ='1854'!F25-'1854'!E25 -> 254 | C27: ='1855'!F25-'1855'!E25 -> 209 | D27: ='1856'!F25-'1856'!E25 -> 177 | E27: ='1857'!F25-'1857'!E25 -> 197

Sheet S4
A1: Sumář - spotřeba duben | B1: ='S1'!B1 -> 2021
A3: Voda - m3 | B3: 1850 | C3: 1851 | D3: 1852 | E3: 1853
A4: Náměry bytových vodoměrů | B4: ='1850'!G4-'1850'!F4+'1850'!G6-'1850'!F6+'1850'!G8-'1850'!F8+'1850'!G10-'1850'!F10+'1850'!G12-'1850'!F12+'1850'!G14-'1850'!F14+'1850'!G16-'1850'!F16+'1850'!G18-'1850'!F18+'1850'!G20-'1850'!F20+'1850'!G22-'1850'!F22 -> 57.064 | C4: ='1851'!H4-'1851'!G4+'1851'!H6-'1851'!G6+'1851'!H8-'1851'!G8+'1851'!H10-'1851'!G10+'1851'!H12-'1851'!G12+'1851'!H14-'1851'!G14+'1851'!H16-'1851'!G16+'1851'!H18-'1851'!G18+'1851'!H20-'1851'!G20+'1851'!H22-'1851'!G22+'1851'!H33-'1851'!G33+'1851'!H34-'1851'!G34+'1851'!H35-'1851'!G35+'1851'!H36-'1851'!G36+'1851'!H37-'1851'!G37+'1851'!H40-'1851'!G40+'1851'!H41-'1851'!G41+'1851'!H42-'1851'!G42+'1851'!H43-'1851'!G43+'1851'!H44-'1851'!G44+'1851'!H45-'1851'!G45+'1851'!H46-'1851'!G46+'1851'!H47-'1851'!G47+'1851'!H48-'1851'!G48+'1851'!H49-'1851'!G49 -> 107.67 | D4: ='1852'!G4-'1852'!F4+'1852'!G6-'1852'!F6+'1852'!G8-'1852'!F8+'1852'!G10-'1852'!F10+'1852'!G12-'1852'!F12+'1852'!G14-'1852'!F14+'1852'!G16-'1852'!F16+'1852'!G18-'1852'!F18+'1852'!G20-'1852'!F20+'1852'!G22-'1852'!F22 -> 79.833 | E4: ='1853'!G4-'1853'!F4+'1853'!G6-'1853'!F6+'1853'!G8-'1853'!F8+'1853'!G10-'1853'!F10+'1853'!G12-'1853'!F12+'1853'!G14-'1853'!F14+'1853'!G16-'1853'!F16+'1853'!G18-'1853'!F18+'1853'!G20-'1853'!F20+'1853'!G22-'1853'!F22+'1853'!G26-'1853'!F26 -> 67.92 | G4: =1-B4/B5 -> 0.10976599 | H4: =1-C4/C5 -> 0.066175195 | I4: =1-D4/D5 -> 0.1516153 | J4: =1-E4/E5 -> 0.089544236
A5: Patní vodoměry | B5: ='1850'!G26-'1850'!F26 -> 64.1 | C5: ='1851'!H26-'1851'!G26 -> 115.3 | D5: ='1852'!G26-'1852'!F26 -> 94.1 | E5: ='1853'!G27-'1853'!F27 -> 74.6
A6: Součet patních vodoměrů | B6: =SUM(B5:E5) -> 348.1 | G6: =1-B6/B7 -> 0.032249096
A7: fakturační vodoměr | B7: ='1850'!G29-'1850'!F29 -> 359.7
A8: Teplo - GJ
A9: Náměry bytových kalorimetrů | B9: ='1850'!G5-'1850'!F5+'1850'!G7-'1850'!F7+'1850'!G9-'1850'!F9+'1850'!G11-'1850'!F11+'1850'!G13-'1850'!F13+'1850'!G15-'1850'!F15+'1850'!G17-'1850'!F17+'1850'!G19-'1850'!F19+'1850'!G21-'1850'!F21+'1850'!G23-'1850'!F23 -> 15.599 | C9: ='1851'!H5-'1851'!G5+'1851'!H7-'1851'!G7+'1851'!H9-'1851'!G9+'1851'!H11-'1851'!G11+'1851'!H13-'1851'!G13+'1851'!H15-'1851'!G15+'1851'!H17-'1851'!G17+'1851'!H19-'1851'!G19+'1851'!H21-'1851'!G21+'1851'!H23-'1851'!G23 -> 25.424 | D9: ='1852'!G5-'1852'!F5+'1852'!G7-'1852'!F7+'1852'!G9-'1852'!F9+'1852'!G11-'1852'!F11+'1852'!G13-'1852'!F13+'1852'!G15-'1852'!F15+'1852'!G17-'1852'!F17+'1852'!G19-'1852'!F19+'1852'!G21-'1852'!F21+'1852'!G23-'1852'!F23 -> 21.1 | E9: ='1853'!G5-'1853'!F5+'1853'!G7-'1853'!F7+'1853'!G9-'1853'!F9+'1853'!G11-'1853'!F11+'1853'!G13-'1853'!F13+'1853'!G15-'1853'!F15+'1853'!G17-'1853'!F17+'1853'!G19-'1853'!F19+'1853'!G21-'1853'!F21+'1853'!G23-'1853'!F23 -> 15.147 | G9: =1-B9/B10 -> 0.12463524 | H9: =1-C9/C10 -> 0.16324381 | I9: =1-D9/D10 -> 0.013280958 | J9: =1-E9/E10 -> 0.21060038
A10: Fakturační kalorimetry | B10: =('1850'!G27-'1850'!F27)*3.6 -> 17.82 | C10: =('1851'!H27-'1851'!G27)*3.6 -> 30.384 | D10: =('1852'!G27-'1852'!F27)*3.6 -> 21.384 | E10: =('1853'!G28-'1853'!F28)*3.6 -> 19.188
A11: Elektřina -
A12: Elektroměr dům | B12: ='1850'!G25-'1850'!F25 -> 214 | C12: ='1851'!H24-'1851'!G24 -> 243 | D12: ='1852'!G25-'1852'!F25 -> 212 | E12: ='1853'!G24-'1853'!F24 -> 175
A14: Elektroměr areál | B14: ='1853'!G25-'1853'!F25 -> 283
A15: Vodoměr areál | B15: ='1853'!G26-'1853'!F26 -> 0.005
A18: Voda - m3 | B18: 1854 | C18: 1855 | D18: 1856 | E18: 1857
A19: Náměry bytových vodoměrů | B19: ='1854'!G4-'1854'!F4+'1854'!G6-'1854'!F6+'1854'!G8-'1854'!F8+'1854'!G10-'1854'!F10+'1854'!G12-'1854'!F12+'1854'!G14-'1854'!F14+'1854'!G16-'1854'!F16+'1854'!G18-'1854'!F18+'1854'!G20-'1854'!F20+'1854'!G22-'1854'!F22 -> 46.797 | C19: ='1855'!G4-'1855'!F4+'1855'!G6-'1855'!F6+'1855'!G8-'1855'!F8+'1855'!G10-'1855'!F10+'1855'!G12-'1855'!F12+'1855'!G14-'1855'!F14+'1855'!G16-'1855'!F16+'1855'!G18-'1855'!F18+'1855'!G20-'1855'!F20+'1855'!G22-'1855'!F22 -> 81.593 | D19: ='1856'!G4-'1856'!F4+'1856'!G6-'1856'!F6+'1856'!G8-'1856'!F8+'1856'!G10-'1856'!F10+'1856'!G12-'1856'!F12+'1856'!G14-'1856'!F14+'1856'!G16-'1856'!F16+'1856'!G18-'1856'!F18+'1856'!G20-'1856'!F20+'1856'!G22-'1856'!F22 -> 81.927 | E19: ='1857'!G4-'1857'!F4+'1857'!G6-'1857'!F6+'1857'!G8-'1857'!F8+'1857'!G10-'1857'!F10+'1857'!G12-'1857'!F12+'1857'!G14-'1857'!F14+'1857'!G16-'1857'!F16+'1857'!G18-'1857'!F18+'1857'!G20-'1857'!F20+'1857'!G22-'1857'!F22 -> 93.665 | G19: =1-B19/B20 -> 0.091320388 | H19: =1-C19/C20 -> 0.12921025 | I19: =1-D19/D20 -> 0.083590604 | J19: =1-E19/E20 -> 0.078100394
A20: Patní vodoměry | B20: ='1854'!G26-'1854'!F26 -> 51.5 | C20: ='1855'!G26-'1855'!F26 -> 93.7 | D20: ='1856'!G26-'1856'!F26 -> 89.4 | E20: ='1857'!G26-'1857'!F26 -> 101.6
A21: Součet patních vodoměrů | B21: =SUM(B20:E20) -> 336.2 | G21: =1-B21/B22 -> -0.042157471
A22: fakturační vodoměr | B22: ='1854'!G29-'1854'!F29 -> 322.6
A23: Teplo - GJ
A24: Náměry bytových kalorimetrů | B24: ='1854'!G5-'1854'!F5+'1854'!G7-'1854'!F7+'1854'!G9-'1854'!F9+'1854'!G11-'1854'!F11+'1854'!G13-'1854'!F13+'1854'!G15-'1854'!F15+'1854'!G17-'1854'!F17+'1854'!G19-'1854'!F19+'1854'!G21-'1854'!F21+'1854'!G23-'1854'!F23 -> 18.734 | C24: ='1855'!G5-'1855'!F5+'1855'!G7-'1855'!F7+'1855'!G9-'1855'!F9+'1855'!G11-'1855'!F11+'1855'!G13-'1855'!F13+'1855'!G15-'1855'!F15+'1855'!G17-'1855'!F17+'1855'!G19-'1855'!F19+'1855'!G21-'1855'!F21+'1855'!G23-'1855'!F23 -> 25.654 | D24: ='1856'!G5-'1856'!F5+'1856'!G7-'1856'!F7+'1856'!G9-'1856'!F9+'1856'!G11-'1856'!F11+'1856'!G13-'1856'!F13+'1856'!G15-'1856'!F15+'1856'!G17-'1856'!F17+'1856'!G19-'1856'!F19+'1856'!G21-'1856'!F21+'1856'!G23-'1856'!F23 -> 16.819 | E24: ='1857'!G5-'1857'!F5+'1857'!G7-'1857'!F7+'1857'!G9-'1857'!F9+'1857'!G11-'1857'!F11+'1857'!G13-'1857'!F13+'1857'!G15-'1857'!F15+'1857'!G17-'1857'!F17+'1857'!G19-'1857'!F19+'1857'!G21-'1857'!F21+'1857'!G23-'1857'!F23 -> 19.845 | G24: =1-B24/B25 -> 0.049518011 | H24: =1-C24/C25 -> 0.053707119 | I24: =1-D24/D25 -> 0.075371083 | J24: =1-E24/E25 -> 0.097133758
A25: Fakturační kalorimetry | B25: =('1854'!G27-'1854'!F27) -> 19.71 | C25: =('1855'!G27-'1855'!F27) -> 27.11 | D25: =('1856'!G27-'1856'!F27) -> 18.19 | E25: =('1857'!G27-'1857'!F27) -> 21.98
A26: Elektřina -
A27: Elektroměr dům | B27: ='1854'!G25-'1854'!F25 -> 189 | C27: ='1855'!G25-'1855'!F25 -> 217 | D27: ='1856'!G25-'1856'!F25 -> 185 | E27: ='1857'!G25-'1857'!F25 -> 185

Sheet S5
A1: Sumář - spotřeba květen | B1: ='S1'!B1 -> 2021
A3: Voda - m3 | B3: 1850 | C3: 1851 | D3: 1852 | E3: 1853
A4: Náměry bytových vodoměrů | B4: ='1850'!H4-'1850'!G4+'1850'!H6-'1850'!G6+'1850'!H8-'1850'!G8+'1850'!H10-'1850'!G10+'1850'!H12-'1850'!G12+'1850'!H14-'1850'!G14+'1850'!H16-'1850'!G16+'1850'!H18-'1850'!G18+'1850'!H20-'1850'!G20+'1850'!H22-'1850'!G22 -> 53.983 | C4: ='1851'!I4-'1851'!H4+'1851'!I6-'1851'!H6+'1851'!I8-'1851'!H8+'1851'!I10-'1851'!H10+'1851'!I12-'1851'!H12+'1851'!I14-'1851'!H14+'1851'!I16-'1851'!H16+'1851'!I18-'1851'!H18+'1851'!I20-'1851'!H20+'1851'!I22-'1851'!H22+'1851'!I33-'1851'!H33+'1851'!I34-'1851'!H34+'1851'!I35-'1851'!H35+'1851'!I36-'1851'!H36+'1851'!I37-'1851'!H37+'1851'!I40-'1851'!H40+'1851'!I41-'1851'!H41+'1851'!I42-'1851'!H42+'1851'!I43-'1851'!H43+'1851'!I44-'1851'!H44+'1851'!I45-'1851'!H45+'1851'!I46-'1851'!H46+'1851'!I47-'1851'!H47+'1851'!I48-'1851'!H48+'1851'!I49-'1851'!H49 -> 103.707 | D4: ='1852'!H4-'1852'!G4+'1852'!H6-'1852'!G6+'1852'!H8-'1852'!G8+'1852'!H10-'1852'!G10+'1852'!H12-'1852'!G12+'1852'!H14-'1852'!G14+'1852'!H16-'1852'!G16+'1852'!H18-'1852'!G18+'1852'!H20-'1852'!G20+'1852'!H22-'1852'!G22 -> 84.911 | E4: ='1853'!H4-'1853'!G4+'1853'!H6-'1853'!G6+'1853'!H8-'1853'!G8+'1853'!H10-'1853'!G10+'1853'!H12-'1853'!G12+'1853'!H14-'1853'!G14+'1853'!H16-'1853'!G16+'1853'!H18-'1853'!G18+'1853'!H20-'1853'!G20+'1853'!H22-'1853'!G22+'1853'!H26-'1853'!G26 -> 77.499 | G4: =1-B4/B5 -> 0.12222764 | H4: =1-C4/C5 -> 0.075695187 | I4: =1-D4/D5 -> 0.1716 | J4: =1-E4/E5 -> 0.077392857
A5: Patní vodoměry | B5: ='1850'!H26-'1850'!G26 -> 61.5 | C5: ='1851'!I26-'1851'!H26 -> 112.2 | D5: ='1852'!H26-'1852'!G26 -> 102.5 | E5: ='1853'!H27-'1853'!G27 -> 84
A6: Součet patních vodoměrů | B6: =SUM(B5:E5) -> 360.2 | G6: =1-B6/B7 -> 0.045574987
A7: fakturační vodoměr | B7: ='1850'!H29-'1850'!G29 -> 377.4
A8: Teplo - GJ
A9: Náměry bytových kalorimetrů | B9: ='1850'!H5-'1850'!G5+'1850'!H7-'1850'!G7+'1850'!H9-'1850'!G9+'1850'!H11-'1850'!G11+'1850'!H13-'1850'!G13+'1850'!H15-'1850'!G15+'1850'!H17-'1850'!G17+'1850'!H19-'1850'!G19+'1850'!H21-'1850'!G21+'1850'!H23-'1850'!G23 -> 6.579 | C9: ='1851'!I5-'1851'!H5+'1851'!I7-'1851'!H7+'1851'!I9-'1851'!H9+'1851'!I11-'1851'!H11+'1851'!I13-'1851'!H13+'1851'!I15-'1851'!H15+'1851'!I17-'1851'!H17+'1851'!I19-'1851'!H19+'1851'!I21-'1851'!H21+'1851'!I23-'1851'!H23 -> 14.02 | D9: ='1852'!H5-'1852'!G5+'1852'!H7-'1852'!G7+'1852'!H9-'1852'!G9+'1852'!H11-'1852'!G11+'1852'!H13-'1852'!G13+'1852'!H15-'1852'!G15+'1852'!H17-'1852'!G17+'1852'!H19-'1852'!G19+'1852'!H21-'1852'!G21+'1852'!H23-'1852'!G23 -> 12.362 | E9: ='1853'!H5-'1853'!G5+'1853'!H7-'1853'!G7+'1853'!H9-'1853'!G9+'1853'!H11-'1853'!G11+'1853'!H13-'1853'!G13+'1853'!H15-'1853'!G15+'1853'!H17-'1853'!G17+'1853'!H19-'1853'!G19+'1853'!H21-'1853'!G21+'1853'!H23-'1853'!G23 -> 7.461 | G9: =1-B9/B10 -> 0.1578341 | H9: =1-C9/C10 -> 0.25393785 | I9: =1-D9/D10 -> -0.031197865 | J9: =1-E9/E10 -> 0.36230769
A10: Fakturační kalorimetry | B10: =('1850'!H27-'1850'!G27)*3.6 -> 7.812 | C10: =('1851'!I27-'1851'!H27)*3.6 -> 18.792 | D10: =('1852'!H27-'1852'!G27)*3.6 -> 11.988 | E10: =('1853'!H28-'1853'!G28)*3.6 -> 11.7
A11: Elektřina -
A12: Elektroměr dům | B12: ='1850'!H25-'1850'!G25 -> 231 | C12: ='1851'!I24-'1851'!H24 -> 252 | D12: ='1852'!H25-'1852'!G25 -> 212 | E12: ='1853'!H24-'1853'!G24 -> 195
A14: Elektroměr areál | B14: ='1853'!H25-'1853'!G25 -> 265
A15: Vodoměr areál | B15: ='1853'!H26-'1853'!G26 -> 6.695
A18: Voda - m3 | B18: 1854 | C18: 1855 | D18: 1856 | E18: 1857
A19: Náměry bytových vodoměrů | B19: ='1854'!H4-'1854'!G4+'1854'!H6-'1854'!G6+'1854'!H8-'1854'!G8+'1854'!H10-'1854'!G10+'1854'!H12-'1854'!G12+'1854'!H14-'1854'!G14+'1854'!H16-'1854'!G16+'1854'!H18-'1854'!G18+'1854'!H20-'1854'!G20+'1854'!H22-'1854'!G22 -> 57.309 | C19: ='1855'!H4-'1855'!G4+'1855'!H6-'1855'!G6+'1855'!H8-'1855'!G8+'1855'!H10-'1855'!G10+'1855'!H12-'1855'!G12+'1855'!H14-'1855'!G14+'1855'!H16-'1855'!G16+'1855'!H18-'1855'!G18+'1855'!H20-'1855'!G20+'1855'!H22-'1855'!G22 -> 88.726 | D19: ='1856'!H4-'1856'!G4+'1856'!H6-'1856'!G6+'1856'!H8-'1856'!G8+'1856'!H10-'1856'!G10+'1856'!H12-'1856'!G12+'1856'!H14-'1856'!G14+'1856'!H16-'1856'!G16+'1856'!H18-'1856'!G18+'1856'!H20-'1856'!G20+'1856'!H22-'1856'!G22 -> 76.084 | E19: ='1857'!H4-'1857'!G4+'1857'!H6-'1857'!G6+'1857'!H8-'1857'!G8+'1857'!H10-'1857'!G10+'1857'!H12-'1857'!G12+'1857'!H14-'1857'!G14+'1857'!H16-'1857'!G16+'1857'!H18-'1857'!G18+'1857'!H20-'1857'!G20+'1857'!H22-'1857'!G22 -> 85.659 | G19: =1-B19/B20 -> 0.077149758 | H19: =1-C19/C20 -> 0.13941804 | I19: =1-D19/D20 -> 0.096389549 | J19: =1-E19/E20 -> 0.098326316
A20: Patní vodoměry | B20: ='1854'!H26-'1854'!G26 -> 62.1 | C20: ='1855'!H26-'1855'!G26 -> 103.1 | D20: ='1856'!H26-'1856'!G26 -> 84.2 | E20: ='1857'!H26-'1857'!G26 -> 95
A21: Součet patních vodoměrů | B21: =SUM(B20:E20) -> 344.4 | G21: =1-B21/B22 -> -0.048721072
A22: fakturační vodoměr | B22: ='1854'!H29-'1854'!G29 -> 328.4
A23: Teplo - GJ
A24: Náměry bytových kalorimetrů | B24: ='1854'!H5-'1854'!G5+'1854'!H7-'1854'!G7+'1854'!H9-'1854'!G9+'1854'!H11-'1854'!G11+'1854'!H13-'1854'!G13+'1854'!H15-'1854'!G15+'1854'!H17-'1854'!G17+'1854'!H19-'1854'!G19+'1854'!H21-'1854'!G21+'1854'!H23-'1854'!G23 -> 11.034 | C24: ='1855'!H5-'1855'!G5+'1855'!H7-'1855'!G7+'1855'!H9-'1855'!G9+'1855'!H11-'1855'!G11+'1855'!H13-'1855'!G13+'1855'!H15-'1855'!G15+'1855'!H17-'1855'!G17+'1855'!H19-'1855'!G19+'1855'!H21-'1855'!G21+'1855'!H23-'1855'!G23 -> 16.53 | D24: ='1856'!H5-'1856'!G5+'1856'!H7-'1856'!G7+'1856'!H9-'1856'!G9+'1856'!H11-'1856'!G11+'1856'!H13-'1856'!G13+'1856'!H15-'1856'!G15+'1856'!H17-'1856'!G17+'1856'!H19-'1856'!G19+'1856'!H21-'1856'!G21+'1856'!H23-'1856'!G23 -> 8.955 | E24: ='1857'!H5-'1857'!G5+'1857'!H7-'1857'!G7+'1857'!H9-'1857'!G9+'1857'!H11-'1857'!G11+'1857'!H13-'1857'!G13+'1857'!H15-'1857'!G15+'1857'!H17-'1857'!G17+'1857'!H19-'1857'!G19+'1857'!H21-'1857'!G21+'1857'!H23-'1857'!G23 -> 10.099 | G24: =1-B24/B25 -> 0.034645669 | H24: =1-C24/C25 -> 0.031066823 | I24: =1-D24/D25 -> 0.01701427 | J24: =1-E24/E25 -> 0.11644794
A25: Fakturační kalorimetry | B25: =('1854'!H27-'1854'!G27) -> 11.43 | C25: =('1855'!H27-'1855'!G27) -> 17.06 | D25: =('1856'!H27-'1856'!G27) -> 9.11 | E25: =('1857'!H27-'1857'!G27) -> 11.43
A26: Elektřina -
A27: Elektroměr dům | B27: ='1854'!H25-'1854'!G25 -> 214 | C27: ='1855'!H25-'1855'!G25 -> 244 | D27: ='1856'!H25-'1856'!G25 -> 224 | E27: ='1857'!H25-'1857'!G25 -> 224

Sheet S6
A1: Sumář - spotřeba červen | B1: ='S1'!B1 -> 2021
A3: Voda - m3 | B3: 1850 | C3: 1851 | D3: 1852 | E3: 1853
A4: Náměry bytových vodoměrů | B4: ='1850'!I4-'1850'!H4+'1850'!I6-'1850'!H6+'1850'!I8-'1850'!H8+'1850'!I10-'1850'!H10+'1850'!I12-'1850'!H12+'1850'!I14-'1850'!H14+'1850'!I16-'1850'!H16+'1850'!I18-'1850'!H18+'1850'!I20-'1850'!H20+'1850'!I22-'1850'!H22 -> 53.102 | C4: ='1851'!J4-'1851'!I4+'1851'!J6-'1851'!I6+'1851'!J8-'1851'!I8+'1851'!J10-'1851'!I10+'1851'!J12-'1851'!I12+'1851'!J14-'1851'!I14+'1851'!J16-'1851'!I16+'1851'!J18-'1851'!I18+'1851'!J20-'1851'!I20+'1851'!J22-'1851'!I22+'1851'!J33-'1851'!I33+'1851'!J34-'1851'!I34+'1851'!J35-'1851'!I35+'1851'!J36-'1851'!I36+'1851'!J37-'1851'!I37+'1851'!J40-'1851'!I40+'1851'!J41-'1851'!I41+'1851'!J42-'1851'!I42+'1851'!J43-'1851'!I43+'1851'!J44-'1851'!I44+'1851'!J45-'1851'!I45+'1851'!J46-'1851'!I46+'1851'!J47-'1851'!I47+'1851'!J48-'1851'!I48+'1851'!J49-'1851'!I49 -> 90.53 | D4: ='1852'!I4-'1852'!H4+'1852'!I6-'1852'!H6+'1852'!I8-'1852'!H8+'1852'!I10-'1852'!H10+'1852'!I12-'1852'!H12+'1852'!I14-'1852'!H14+'1852'!I16-'1852'!H16+'1852'!I18-'1852'!H18+'1852'!I20-'1852'!H20+'1852'!I22-'1852'!H22 -> 75.016 | E4: ='1853'!I4-'1853'!H4+'1853'!I6-'1853'!H6+'1853'!I8-'1853'!H8+'1853'!I10-'1853'!H10+'1853'!I12-'1853'!H12+'1853'!I14-'1853'!H14+'1853'!I16-'1853'!H16+'1853'!I18-'1853'!H18+'1853'!I20-'1853'!H20+'1853'!I22-'1853'!H22+'1853'!I26-'1853'!H26 -> 99.525 | G4: =1-B4/B5 -> 0.11051926 | H4: =1-C4/C5 -> 0.059916926 | I4: =1-D4/D5 -> 0.17835706 | J4: =1-E4/E5 -> 0.055740038
A5: Patní vodoměry | B5: ='1850'!I26-'1850'!H26 -> 59.7 | C5: ='1851'!J26-'1851'!I26 -> 96.3 | D5: ='1852'!I26-'1852'!H26 -> 91.3 | E5: ='1853'!I27-'1853'!H27 -> 105.4
A6: Součet patních vodoměrů | B6: =SUM(B5:E5) -> 352.7 | G6: =1-B6/B7 -> 0.06767116
A7: fakturační vodoměr | B7: ='1850'!I29-'1850'!H29 -> 378.3
A8: Teplo - GJ
A9: Náměry bytových kalorimetrů | B9: ='1850'!I5-'1850'!H5+'1850'!I7-'1850'!H7+'1850'!I9-'1850'!H9+'1850'!I11-'1850'!H11+'1850'!I13-'1850'!H13+'1850'!I15-'1850'!H15+'1850'!I17-'1850'!H17+'1850'!I19-'1850'!H19+'1850'!I21-'1850'!H21+'1850'!I23-'1850'!H23 -> 3.502 | C9: ='1851'!J5-'1851'!I5+'1851'!J7-'1851'!I7+'1851'!J9-'1851'!I9+'1851'!J11-'1851'!I11+'1851'!J13-'1851'!I13+'1851'!J15-'1851'!I15+'1851'!J17-'1851'!I17+'1851'!J19-'1851'!I19+'1851'!J21-'1851'!I21+'1851'!J23-'1851'!I23 -> 6.704 | D9: ='1852'!I5-'1852'!H5+'1852'!I7-'1852'!H7+'1852'!I9-'1852'!H9+'1852'!I11-'1852'!H11+'1852'!I13-'1852'!H13+'1852'!I15-'1852'!H15+'1852'!I17-'1852'!H17+'1852'!I19-'1852'!H19+'1852'!I21-'1852'!H21+'1852'!I23-'1852'!H23 -> 7.059 | E9: ='1853'!I5-'1853'!H5+'1853'!I7-'1853'!H7+'1853'!I9-'1853'!H9+'1853'!I11-'1853'!H11+'1853'!I13-'1853'!H13+'1853'!I15-'1853'!H15+'1853'!I17-'1853'!H17+'1853'!I19-'1853'!H19+'1853'!I21-'1853'!H21+'1853'!I23-'1853'!H23 -> 3.79 | G9: =1-B9/B10 -> 0.18253968 | H9: =1-C9/C10 -> 0.38337013 | I9: =1-D9/D10 -> -0.01597582 | J9: =1-E9/E10 -> 0.47622996
A10: Fakturační kalorimetry | B10: =('1850'!I27-'1850'!H27)*3.6 -> 4.284 | C10: =('1851'!J27-'1851'!I27)*3.6 -> 10.872 | D10: =('1852'!I27-'1852'!H27)*3.6 -> 6.948 | E10: =('1853'!I28-'1853'!H28)*3.6 -> 7.236
A11: Elektřina -
A12: Elektroměr dům | B12: ='1850'!I25-'1850'!H25 -> 233 | C12: ='1851'!J24-'1851'!I24 -> 274 | D12: ='1852'!I25-'1852'!H25 -> 200 | E12: ='1853'!I24-'1853'!H24 -> 200
A14: Elektroměr areál | B14: ='1853'!I25-'1853'!H25 -> 239
A15: Vodoměr areál | B15: ='1853'!I26-'1853'!H26 -> 31.899
A18: Voda - m3 | B18: 1854 | C18: 1855 | D18: 1856 | E18: 1857
A19: Náměry bytových vodoměrů | B19: ='1854'!I4-'1854'!H4+'1854'!I6-'1854'!H6+'1854'!I8-'1854'!H8+'1854'!I10-'1854'!H10+'1854'!I12-'1854'!H12+'1854'!I14-'1854'!H14+'1854'!I16-'1854'!H16+'1854'!I18-'1854'!H18+'1854'!I20-'1854'!H20+'1854'!I22-'1854'!H22 -> 54.72 | C19: ='1855'!I4-'1855'!H4+'1855'!I6-'1855'!H6+'1855'!I8-'1855'!H8+'1855'!I10-'1855'!H10+'1855'!I12-'1855'!H12+'1855'!I14-'1855'!H14+'1855'!I16-'1855'!H16+'1855'!I18-'1855'!H18+'1855'!I20-'1855'!H20+'1855'!I22-'1855'!H22 -> 75.036 | D19: ='1856'!I4-'1856'!H4+'1856'!I6-'1856'!H6+'1856'!I8-'1856'!H8+'1856'!I10-'1856'!H10+'1856'!I12-'1856'!H12+'1856'!I14-'1856'!H14+'1856'!I16-'1856'!H16+'1856'!I18-'1856'!H18+'1856'!I20-'1856'!H20+'1856'!I22-'1856'!H22 -> 63.111 | E19: ='1857'!I4-'1857'!H4+'1857'!I6-'1857'!H6+'1857'!I8-'1857'!H8+'1857'!I10-'1857'!H10+'1857'!I12-'1857'!H12+'1857'!I14-'1857'!H14+'1857'!I16-'1857'!H16+'1857'!I18-'1857'!H18+'1857'!I20-'1857'!H20+'1857'!I22-'1857'!H22 -> 83.354 | G19: =1-B19/B20 -> 0.09553719 | H19: =1-C19/C20 -> 0.10777646 | I19: =1-D19/D20 -> 0.10226174 | J19: =1-E19/E20 -> 0.092004357
A20: Patní vodoměry | B20: ='1854'!I26-'1854'!H26 -> 60.5 | C20: ='1855'!I26-'1855'!H26 -> 84.1 | D20: ='1856'!I26-'1856'!H26 -> 70.3 | E20: ='1857'!I26-'1857'!H26 -> 91.8
A21: Součet patních vodoměrů | B21: =SUM(B20:E20) -> 306.7 | G21: =1-B21/B22 -> -0.044974446
A22: fakturační vodoměr | B22: ='1854'!I29-'1854'!H29 -> 293.5
A23: Teplo - GJ
A24: Náměry bytových kalorimetrů | B24: ='1854'!I5-'1854'!H5+'1854'!I7-'1854'!H7+'1854'!I9-'1854'!H9+'1854'!I11-'1854'!H11+'1854'!I13-'1854'!H13+'1854'!I15-'1854'!H15+'1854'!I17-'1854'!H17+'1854'!I19-'1854'!H19+'1854'!I21-'1854'!H21+'1854'!I23-'1854'!H23 -> 3.469 | C24: ='1855'!I5-'1855'!H5+'1855'!I7-'1855'!H7+'1855'!I9-'1855'!H9+'1855'!I11-'1855'!H11+'1855'!I13-'1855'!H13+'1855'!I15-'1855'!H15+'1855'!I17-'1855'!H17+'1855'!I19-'1855'!H19+'1855'!I21-'1855'!H21+'1855'!I23-'1855'!H23 -> 5.1 | D24: ='1856'!I5-'1856'!H5+'1856'!I7-'1856'!H7+'1856'!I9-'1856'!H9+'1856'!I11-'1856'!H11+'1856'!I13-'1856'!H13+'1856'!I15-'1856'!H15+'1856'!I17-'1856'!H17+'1856'!I19-'1856'!H19+'1856'!I21-'1856'!H21+'1856'!I23-'1856'!H23 -> 3.785 | E24: ='1857'!I5-'1857'!H5+'1857'!I7-'1857'!H7+'1857'!I9-'1857'!H9+'1857'!I11-'1857'!H11+'1857'!I13-'1857'!H13+'1857'!I15-'1857'!H15+'1857'!I17-'1857'!H17+'1857'!I19-'1857'!H19+'1857'!I21-'1857'!H21+'1857'!I23-'1857'!H23 -> 5.072 | G24: =1-B24/B25 -> -0.0026011561 | H24: =1-C24/C25 -> -0.17511521 | I24: =1-D24/D25 -> -0.20541401 | J24: =1-E24/E25 -> -0.0083499006
A25: Fakturační kalorimetry | B25: ='1854'!I27-'1854'!H27 -> 3.46 | C25: ='1855'!I27-'1855'!H27 -> 4.34 | D25: ='1856'!I27-'1856'!H27 -> 3.14 | E25: ='1857'!I27-'1857'!H27 -> 5.03
A26: Elektřina -
A27: Elektroměr dům | B27: ='1854'!I25-'1854'!H25 -> 220 | C27: ='1855'!I25-'1855'!H25 -> 232 | D27: ='1856'!I25-'1856'!H25 -> 222 | E27: ='1857'!I25-'1857'!H25 -> 210

Sheet S7
A1: Sumář - spotřeba červenec | B1: ='S1'!B1 -> 2021
A3: Voda - m3 | B3: 1850 | C3: 1851 | D3: 1852 | E3: 1853
A4: Náměry bytových vodoměrů | B4: ='1850'!J4-'1850'!I4+'1850'!J6-'1850'!I6+'1850'!J8-'1850'!I8+'1850'!J10-'1850'!I10+'1850'!J12-'1850'!I12+'1850'!J14-'1850'!I14+'1850'!J16-'1850'!I16+'1850'!J18-'1850'!I18+'1850'!J20-'1850'!I20+'1850'!J22-'1850'!I22 -> 46.831 | C4: ='1851'!K4-'1851'!J4+'1851'!K6-'1851'!J6+'1851'!K8-'1851'!J8+'1851'!K10-'1851'!J10+'1851'!K12-'1851'!J12+'1851'!K14-'1851'!J14+'1851'!K16-'1851'!J16+'1851'!K18-'1851'!J18+'1851'!K20-'1851'!J20+'1851'!K22-'1851'!J22+'1851'!K33-'1851'!J33+'1851'!K34-'1851'!J34+'1851'!K35-'1851'!J35+'1851'!K36-'1851'!J36+'1851'!K37-'1851'!J37+'1851'!K40-'1851'!J40+'1851'!K41-'1851'!J41+'1851'!K42-'1851'!J42+'1851'!K43-'1851'!J43+'1851'!K44-'1851'!J44+'1851'!K45-'1851'!J45+'1851'!K46-'1851'!J46+'1851'!K47-'1851'!J47+'1851'!K48-'1851'!J48+'1851'!K49-'1851'!J49 -> 75.087 | D4: ='1852'!J4-'1852'!I4+'1852'!J6-'1852'!I6+'1852'!J8-'1852'!I8+'1852'!J10-'1852'!I10+'1852'!J12-'1852'!I12+'1852'!J14-'1852'!I14+'1852'!J16-'1852'!I16+'1852'!J18-'1852'!I18+'1852'!J20-'1852'!I20+'1852'!J22-'1852'!I22 -> 64.135 | E4: ='1853'!J4-'1853'!I4+'1853'!J6-'1853'!I6+'1853'!J8-'1853'!I8+'1853'!J10-'1853'!I10+'1853'!J12-'1853'!I12+'1853'!J14-'1853'!I14+'1853'!J16-'1853'!I16+'1853'!J18-'1853'!I18+'1853'!J20-'1853'!I20+'1853'!J22-'1853'!I22+'1853'!J26-'1853'!I26 -> 89.883 | G4: =1-B4/B5 -> 0.12136961 | H4: =1-C4/C5 -> 0.06608209 | I4: =1-D4/D5 -> 0.16815824 | J4: =1-E4/E5 -> 0.060783699
A5: Patní vodoměry | B5: ='1850'!J26-'1850'!I26 -> 53.3 | C5: ='1851'!K26-'1851'!J26 -> 80.4 | D5: ='1852'!J26-'1852'!I26 -> 77.1 | E5: ='1853'!J27-'1853'!I27 -> 95.7
A6: Součet patních vodoměrů | B6: =SUM(B5:E5) -> 306.5 | G6: =1-B6/B7 -> 0.08095952
A7: fakturační vodoměr | B7: ='1850'!J29-'1850'!I29 -> 333.5
A8: Teplo - GJ
A9: Náměry bytových kalorimetrů | B9: ='1850'!J5-'1850'!I5+'1850'!J7-'1850'!I7+'1850'!J9-'1850'!I9+'1850'!J11-'1850'!I11+'1850'!J13-'1850'!I13+'1850'!J15-'1850'!I15+'1850'!J17-'1850'!I17+'1850'!J19-'1850'!I19+'1850'!J21-'1850'!I21+'1850'!J23-'1850'!I23 -> 3.011 | C9: ='1851'!K5-'1851'!J5+'1851'!K7-'1851'!J7+'1851'!K9-'1851'!J9+'1851'!K11-'1851'!J11+'1851'!K13-'1851'!J13+'1851'!K15-'1851'!J15+'1851'!K17-'1851'!J17+'1851'!K19-'1851'!J19+'1851'!K21-'1851'!J21+'1851'!K23-'1851'!J23 -> 5.355 | D9: ='1852'!J5-'1852'!I5+'1852'!J7-'1852'!I7+'1852'!J9-'1852'!I9+'1852'!J11-'1852'!I11+'1852'!J13-'1852'!I13+'1852'!J15-'1852'!I15+'1852'!J17-'1852'!I17+'1852'!J19-'1852'!I19+'1852'!J21-'1852'!I21+'1852'!J23-'1852'!I23 -> 4.556 | E9: ='1853'!J5-'1853'!I5+'1853'!J7-'1853'!I7+'1853'!J9-'1853'!I9+'1853'!J11-'1853'!I11+'1853'!J13-'1853'!I13+'1853'!J15-'1853'!I15+'1853'!J17-'1853'!I17+'1853'!J19-'1853'!I19+'1853'!J21-'1853'!I21+'1853'!J23-'1853'!I23 -> 3.314 | G9: =1-B9/B10 -> 0.11959064 | H9: =1-C9/C10 -> 0.43441065 | I9: =1-D9/D10 -> -0.31828704 | J9: =1-E9/E10 -> 0.5077243
A10: Fakturační kalorimetry | B10: =('1850'!J27-'1850'!I27)*3.6 -> 3.42 | C10: =('1851'!K27-'1851'!J27)*3.6 -> 9.468 | D10: =('1852'!J27-'1852'!I27)*3.6 -> 3.456 | E10: =('1853'!J28-'1853'!I28)*3.6 -> 6.732
A11: Elektřina -
A12: Elektroměr dům | B12: ='1850'!J25-'1850'!I25 -> 218 | C12: ='1851'!K24-'1851'!J24 -> 260 | D12: ='1852'!J25-'1852'!I25 -> 182 | E12: ='1853'!J24-'1853'!I24 -> 173
A14: Elektroměr areál | B14: ='1853'!J25-'1853'!I25 -> 240
A15: Vodoměr areál | B15: ='1853'!J26-'1853'!I26 -> 24.052
A18: Voda - m3 | B18: 1854 | C18: 1855 | D18: 1856 | E18: 1857
A19: Náměry bytových vodoměrů | B19: ='1854'!J4-'1854'!I4+'1854'!J6-'1854'!I6+'1854'!J8-'1854'!I8+'1854'!J10-'1854'!I10+'1854'!J12-'1854'!I12+'1854'!J14-'1854'!I14+'1854'!J16-'1854'!I16+'1854'!J18-'1854'!I18+'1854'!J20-'1854'!I20+'1854'!J22-'1854'!I22 -> 50.98 | C19: ='1855'!J4-'1855'!I4+'1855'!J6-'1855'!I6+'1855'!J8-'1855'!I8+'1855'!J10-'1855'!I10+'1855'!J12-'1855'!I12+'1855'!J14-'1855'!I14+'1855'!J16-'1855'!I16+'1855'!J18-'1855'!I18+'1855'!J20-'1855'!I20+'1855'!J22-'1855'!I22 -> 63.86 | D19: ='1856'!J4-'1856'!I4+'1856'!J6-'1856'!I6+'1856'!J8-'1856'!I8+'1856'!J10-'1856'!I10+'1856'!J12-'1856'!I12+'1856'!J14-'1856'!I14+'1856'!J16-'1856'!I16+'1856'!J18-'1856'!I18+'1856'!J20-'1856'!I20+'1856'!J22-'1856'!I22 -> 53.757 | E19: ='1857'!J4-'1857'!I4+'1857'!J6-'1857'!I6+'1857'!J8-'1857'!I8+'1857'!J10-'1857'!I10+'1857'!J12-'1857'!I12+'1857'!J14-'1857'!I14+'1857'!J16-'1857'!I16+'1857'!J18-'1857'!I18+'1857'!J20-'1857'!I20+'1857'!J22-'1857'!I22 -> 58.509 | G19: =1-B19/B20 -> 0.083093525 | H19: =1-C19/C20 -> 0.13115646 | I19: =1-D19/D20 -> 0.093473862 | J19: =1-E19/E20 -> 0.09568779
A20: Patní vodoměry | B20: ='1854'!J26-'1854'!I26 -> 55.6 | C20: ='1855'!J26-'1855'!I26 -> 73.5 | D20: ='1856'!J26-'1856'!I26 -> 59.3 | E20: ='1857'!J26-'1857'!I26 -> 64.7
A21: Součet patních vodoměrů | B21: =SUM(B20:E20) -> 253.1 | G21: =1-B21/B22 -> -0.04543577
A22: fakturační vodoměr | B22: ='1854'!J29-'1854'!I29 -> 242.1
A23: Teplo - GJ
A24: Náměry bytových kalorimetrů | B24: ='1854'!J5-'1854'!I5+'1854'!J7-'1854'!I7+'1854'!J9-'1854'!I9+'1854'!J11-'1854'!I11+'1854'!J13-'1854'!I13+'1854'!J15-'1854'!I15+'1854'!J17-'1854'!I17+'1854'!J19-'1854'!I19+'1854'!J21-'1854'!I21+'1854'!J23-'1854'!I23 -> 3.19 | C24: ='1855'!J5-'1855'!I5+'1855'!J7-'1855'!I7+'1855'!J9-'1855'!I9+'1855'!J11-'1855'!I11+'1855'!J13-'1855'!I13+'1855'!J15-'1855'!I15+'1855'!J17-'1855'!I17+'1855'!J19-'1855'!I19+'1855'!J21-'1855'!I21+'1855'!J23-'1855'!I23 -> 3.936 | D24: ='1856'!J5-'1856'!I5+'1856'!J7-'1856'!I7+'1856'!J9-'1856'!I9+'1856'!J11-'1856'!I11+'1856'!J13-'1856'!I13+'1856'!J15-'1856'!I15+'1856'!J17-'1856'!I17+'1856'!J19-'1856'!I19+'1856'!J21-'1856'!I21+'1856'!J23-'1856'!I23 -> 2.954 | E24: ='1857'!J5-'1857'!I5+'1857'!J7-'1857'!I7+'1857'!J9-'1857'!I9+'1857'!J11-'1857'!I11+'1857'!J13-'1857'!I13+'1857'!J15-'1857'!I15+'1857'!J17-'1857'!I17+'1857'!J19-'1857'!I19+'1857'!J21-'1857'!I21+'1857'!J23-'1857'!I23 -> 3.283 | G24: =1-B24/B25 -> -0.045901639 | H24: =1-C24/C25 -> -0.28627451 | I24: =1-D24/D25 -> -0.20081301 | J24: =1-E24/E25 -> 0.15386598
A25: Fakturační kalorimetry | B25: ='1854'!J27-'1854'!I27 -> 3.05 | C25: ='1855'!J27-'1855'!I27 -> 3.06 | D25: ='1856'!J27-'1856'!I27 -> 2.46 | E25: ='1857'!J27-'1857'!I27 -> 3.88
A26: Elektřina -
A27: Elektroměr dům | B27: ='1854'!J25-'1854'!I25 -> 196 | C27: ='1855'!J25-'1855'!I25 -> 234 | D27: ='1856'!J25-'1856'!I25 -> 205 | E27: ='1857'!J25-'1857'!I25 -> 193

Sheet S8
A1: Sumář - spotřeba srpen | B1: ='S1'!B1 -> 2021
A3: Voda - m3 | B3: 1850 | C3: 1851 | D3: 1852 | E3: 1853
A4: Náměry bytových vodoměrů | B4: ='1850'!K4-'1850'!J4+'1850'!K6-'1850'!J6+'1850'!K8-'1850'!J8+'1850'!K10-'1850'!J10+'1850'!K12-'1850'!J12+'1850'!K14-'1850'!J14+'1850'!K16-'1850'!J16+'1850'!K18-'1850'!J18+'1850'!K20-'1850'!J20+'1850'!K22-'1850'!J22 -> 53.758 | C4: ='1851'!L4-'1851'!K4+'1851'!L6-'1851'!K6+'1851'!L8-'1851'!K8+'1851'!L10-'1851'!K10+'1851'!L12-'1851'!K12+'1851'!L14-'1851'!K14+'1851'!L16-'1851'!K16+'1851'!L18-'1851'!K18+'1851'!L20-'1851'!K20+'1851'!L22-'1851'!K22+'1851'!L33-'1851'!K33+'1851'!L34-'1851'!K34+'1851'!L35-'1851'!K35+'1851'!L36-'1851'!K36+'1851'!L37-'1851'!K37+'1851'!L40-'1851'!K40+'1851'!L41-'1851'!K41+'1851'!L42-'1851'!K42+'1851'!L43-'1851'!K43+'1851'!L44-'1851'!K44+'1851'!L45-'1851'!K45+'1851'!L46-'1851'!K46+'1851'!L47-'1851'!K47+'1851'!L48-'1851'!K48+'1851'!L49-'1851'!K49 -> 79.279 | D4: ='1852'!K4-'1852'!J4+'1852'!K6-'1852'!J6+'1852'!K8-'1852'!J8+'1852'!K10-'1852'!J10+'1852'!K12-'1852'!J12+'1852'!K14-'1852'!J14+'1852'!K16-'1852'!J16+'1852'!K18-'1852'!J18+'1852'!K20-'1852'!J20+'1852'!K22-'1852'!J22 -> 61.47 | E4: ='1853'!K4-'1853'!J4+'1853'!K6-'1853'!J6+'1853'!K8-'1853'!J8+'1853'!K10-'1853'!J10+'1853'!K12-'1853'!J12+'1853'!K14-'1853'!J14+'1853'!K16-'1853'!J16+'1853'!K18-'1853'!J18+'1853'!K20-'1853'!J20+'1853'!K22-'1853'!J22+'1853'!K26-'1853'!J26 -> 83.519 | G4: =1-B4/B5 -> 0.12303426 | H4: =1-C4/C5 -> 0.069495305 | I4: =1-D4/D5 -> 0.19224704 | J4: =1-E4/E5 -> 0.074068736
A5: Patní vodoměry | B5: ='1850'!K26-'1850'!J26 -> 61.3 | C5: ='1851'!L26-'1851'!K26 -> 85.2 | D5: ='1852'!K26-'1852'!J26 -> 76.1 | E5: ='1853'!K27-'1853'!J27 -> 90.2
A6: Součet patních vodoměrů | B6: =SUM(B5:E5) -> 312.8 | G6: =1-B6/B7 -> 0.064593301
A7: fakturační vodoměr | B7: ='1850'!K29-'1850'!J29 -> 334.4
A8: Teplo - GJ
A9: Náměry bytových kalorimetrů | B9: ='1850'!K5-'1850'!J5+'1850'!K7-'1850'!J7+'1850'!K9-'1850'!J9+'1850'!K11-'1850'!J11+'1850'!K13-'1850'!J13+'1850'!K15-'1850'!J15+'1850'!K17-'1850'!J17+'1850'!K19-'1850'!J19+'1850'!K21-'1850'!J21+'1850'!K23-'1850'!J23 -> 3.473 | C9: ='1851'!L5-'1851'!K5+'1851'!L7-'1851'!K7+'1851'!L9-'1851'!K9+'1851'!L11-'1851'!K11+'1851'!L13-'1851'!K13+'1851'!L15-'1851'!K15+'1851'!L17-'1851'!K17+'1851'!L19-'1851'!K19+'1851'!L21-'1851'!K21+'1851'!L23-'1851'!K23 -> 6.015 | D9: ='1852'!K5-'1852'!J5+'1852'!K7-'1852'!J7+'1852'!K9-'1852'!J9+'1852'!K11-'1852'!J11+'1852'!K13-'1852'!J13+'1852'!K15-'1852'!J15+'1852'!K17-'1852'!J17+'1852'!K19-'1852'!J19+'1852'!K21-'1852'!J21+'1852'!K23-'1852'!J23 -> 4.475 | E9: ='1853'!K5-'1853'!J5+'1853'!K7-'1853'!J7+'1853'!K9-'1853'!J9+'1853'!K11-'1853'!J11+'1853'!K13-'1853'!J13+'1853'!K15-'1853'!J15+'1853'!K17-'1853'!J17+'1853'!K19-'1853'!J19+'1853'!K21-'1853'!J21+'1853'!K23-'1853'!J23 -> 3.72 | G9: =1-B9/B10 -> 0.33005401 | H9: =1-C9/C10 -> 0.40959953 | I9: =1-D9/D10 -> 0.13073038 | J9: =1-E9/E10 -> 0.46735395
A10: Fakturační kalorimetry | B10: =('1850'!K27-'1850'!J27)*3.6 -> 5.184 | C10: =('1851'!L27-'1851'!K27)*3.6 -> 10.188 | D10: =('1852'!K27-'1852'!J27)*3.6 -> 5.148 | E10: =('1853'!K28-'1853'!J28)*3.6 -> 6.984
A11: Elektřina -
A12: Elektroměr dům | B12: ='1850'!K25-'1850'!J25 -> 217 | C12: ='1851'!L24-'1851'!K24 -> 247 | D12: ='1852'!K25-'1852'!J25 -> 216 | E12: ='1853'!K24-'1853'!J24 -> 185
A14: Elektroměr areál | B14: ='1853'!K25-'1853'!J25 -> 275
A15: Vodoměr areál | B15: ='1853'!K26-'1853'!J26 -> 14.408
A18: Voda - m3 | B18: 1854 | C18: 1855 | D18: 1856 | E18: 1857
A19: Náměry bytových vodoměrů | B19: ='1854'!K4-'1854'!J4+'1854'!K6-'1854'!J6+'1854'!K8-'1854'!J8+'1854'!K10-'1854'!J10+'1854'!K12-'1854'!J12+'1854'!K14-'1854'!J14+'1854'!K16-'1854'!J16+'1854'!K18-'1854'!J18+'1854'!K20-'1854'!J20+'1854'!K22-'1854'!J22 -> 47.804 | C19: ='1855'!K4-'1855'!J4+'1855'!K6-'1855'!J6+'1855'!K8-'1855'!J8+'1855'!K10-'1855'!J10+'1855'!K12-'1855'!J12+'1855'!K14-'1855'!J14+'1855'!K16-'1855'!J16+'1855'!K18-'1855'!J18+'1855'!K20-'1855'!J20+'1855'!K22-'1855'!J22 -> 72.418 | D19: ='1856'!K4-'1856'!J4+'1856'!K6-'1856'!J6+'1856'!K8-'1856'!J8+'1856'!K10-'1856'!J10+'1856'!K12-'1856'!J12+'1856'!K14-'1856'!J14+'1856'!K16-'1856'!J16+'1856'!K18-'1856'!J18+'1856'!K20-'1856'!J20+'1856'!K22-'1856'!J22 -> 52.669 | E19: ='1857'!K4-'1857'!J4+'1857'!K6-'1857'!J6+'1857'!K8-'1857'!J8+'1857'!K10-'1857'!J10+'1857'!K12-'1857'!J12+'1857'!K14-'1857'!J14+'1857'!K16-'1857'!J16+'1857'!K18-'1857'!J18+'1857'!K20-'1857'!J20+'1857'!K22-'1857'!J22 -> 61.705 | G19: =1-B19/B20 -> 0.084214559 | H19: =1-C19/C20 -> 0.11252451 | I19: =1-D19/D20 -> 0.098133562 | J19: =1-E19/E20 -> 0.091237113
A20: Patní vodoměry | B20: ='1854'!K26-'1854'!J26 -> 52.2 | C20: ='1855'!K26-'1855'!J26 -> 81.6 | D20: ='1856'!K26-'1856'!J26 -> 58.4 | E20: ='1857'!K26-'1857'!J26 -> 67.9
A21: Součet patních vodoměrů | B21: =SUM(B20:E20) -> 260.1 | G21: =1-B21/B22 -> -0.044158972
A22: fakturační vodoměr | B22: ='1854'!K29-'1854'!J29 -> 249.1
A23: Teplo - GJ
A24: Náměry bytových kalorimetrů | B24: ='1854'!K5-'1854'!J5+'1854'!K7-'1854'!J7+'1854'!K9-'1854'!J9+'1854'!K11-'1854'!J11+'1854'!K13-'1854'!J13+'1854'!K15-'1854'!J15+'1854'!K17-'1854'!J17+'1854'!K19-'1854'!J19+'1854'!K21-'1854'!J21+'1854'!K23-'1854'!J23 -> 3.547 | C24: ='1855'!K5-'1855'!J5+'1855'!K7-'1855'!J7+'1855'!K9-'1855'!J9+'1855'!K11-'1855'!J11+'1855'!K13-'1855'!J13+'1855'!K15-'1855'!J15+'1855'!K17-'1855'!J17+'1855'!K19-'1855'!J19+'1855'!K21-'1855'!J21+'1855'!K23-'1855'!J23 -> 5.392 | D24: ='1856'!K5-'1856'!J5+'1856'!K7-'1856'!J7+'1856'!K9-'1856'!J9+'1856'!K11-'1856'!J11+'1856'!K13-'1856'!J13+'1856'!K15-'1856'!J15+'1856'!K17-'1856'!J17+'1856'!K19-'1856'!J19+'1856'!K21-'1856'!J21+'1856'!K23-'1856'!J23 -> 3.031 | E24: ='1857'!K5-'1857'!J5+'1857'!K7-'1857'!J7+'1857'!K9-'1857'!J9+'1857'!K11-'1857'!J11+'1857'!K13-'1857'!J13+'1857'!K15-'1857'!J15+'1857'!K17-'1857'!J17+'1857'!K19-'1857'!J19+'1857'!K21-'1857'!J21+'1857'!K23-'1857'!J23 -> 3.597 | G24: =1-B24/B25 -> 0.2388412 | H24: =1-C24/C25 -> -0.034932821 | I24: =1-D24/D25 -> 0.26073171 | J24: =1-E24/E25 -> 0.37768166
A25: Fakturační kalorimetry | B25: =('1854'!K27-'1854'!J27) -> 4.66 | C25: =('1855'!K27-'1855'!J27) -> 5.21 | D25: =('1856'!K27-'1856'!J27) -> 4.1 | E25: =('1857'!K27-'1857'!J27) -> 5.78
A26: Elektřina -
A27: Elektroměr dům | B27: ='1854'!K25-'1854'!J25 -> 213 | C27: ='1855'!K25-'1855'!J25 -> 237 | D27: ='1856'!K25-'1856'!J25 -> 186 | E27: ='1857'!K25-'1857'!J25 -> 213

Sheet S9
A1: Sumář - spotřeba září | B1: ='S1'!B1 -> 2021
A3: Voda - m3 | B3: 1850 | C3: 1851 | D3: 1852 | E3: 1853
A4: Náměry bytových vodoměrů | B4: ='1850'!L4-'1850'!K4+'1850'!L6-'1850'!K6+'1850'!L8-'1850'!K8+'1850'!L10-'1850'!K10+'1850'!L12-'1850'!K12+'1850'!L14-'1850'!K14+'1850'!L16-'1850'!K16+'1850'!L18-'1850'!K18+'1850'!L20-'1850'!K20+'1850'!L22-'1850'!K22 -> 49.561 | C4: ='1851'!M4-'1851'!L4+'1851'!M6-'1851'!L6+'1851'!M8-'1851'!L8+'1851'!M10-'1851'!L10+'1851'!M12-'1851'!L12+'1851'!M14-'1851'!L14+'1851'!M16-'1851'!L16+'1851'!M18-'1851'!L18+'1851'!M20-'1851'!L20+'1851'!M22-'1851'!L22+'1851'!M33-'1851'!L33+'1851'!M34-'1851'!L34+'1851'!M35-'1851'!L35+'1851'!M36-'1851'!L36+'1851'!M37-'1851'!L37+'1851'!M40-'1851'!L40+'1851'!M41-'1851'!L41+'1851'!M42-'1851'!L42+'1851'!M43-'1851'!L43+'1851'!M44-'1851'!L44+'1851'!M45-'1851'!L45+'1851'!M46-'1851'!L46+'1851'!M47-'1851'!L47+'1851'!M48-'1851'!L48+'1851'!M49-'1851'!L49 -> 76.195 | D4: ='1852'!L4-'1852'!K4+'1852'!L6-'1852'!K6+'1852'!L8-'1852'!K8+'1852'!L10-'1852'!K10+'1852'!L12-'1852'!K12+'1852'!L14-'1852'!K14+'1852'!L16-'1852'!K16+'1852'!L18-'1852'!K18+'1852'!L20-'1852'!K20+'1852'!L22-'1852'!K22 -> 71.341 | E4: ='1853'!L4-'1853'!K4+'1853'!L6-'1853'!K6+'1853'!L8-'1853'!K8+'1853'!L10-'1853'!K10+'1853'!L12-'1853'!K12+'1853'!L14-'1853'!K14+'1853'!L16-'1853'!K16+'1853'!L18-'1853'!K18+'1853'!L20-'1853'!K20+'1853'!L22-'1853'!K22+'1853'!L26-'1853'!K26 -> 74.127 | G4: =1-B4/B5 -> 0.13050877 | H4: =1-C4/C5 -> 0.05815822 | I4: =1-D4/D5 -> 0.18467429 | J4: =1-E4/E5 -> 0.078022388
A5: Patní vodoměry | B5: ='1850'!L26-'1850'!K26 -> 57 | C5: ='1851'!M26-'1851'!L26 -> 80.9 | D5: ='1852'!L26-'1852'!K26 -> 87.5 | E5: ='1853'!L27-'1853'!K27 -> 80.4
A6: Součet patních vodoměrů | B6: =SUM(B5:E5) -> 305.8 | G6: =1-B6/B7 -> 0.058497537
A7: fakturační vodoměr | B7: ='1850'!L29-'1850'!K29 -> 324.8
A8: Teplo - GJ
A9: Náměry bytových kalorimetrů | B9: ='1850'!L5-'1850'!K5+'1850'!L7-'1850'!K7+'1850'!L9-'1850'!K9+'1850'!L11-'1850'!K11+'1850'!L13-'1850'!K13+'1850'!L15-'1850'!K15+'1850'!L17-'1850'!K17+'1850'!L19-'1850'!K19+'1850'!L21-'1850'!K21+'1850'!L23-'1850'!K23 -> 5.775 | C9: ='1851'!M5-'1851'!L5+'1851'!M7-'1851'!L7+'1851'!M9-'1851'!L9+'1851'!M11-'1851'!L11+'1851'!M13-'1851'!L13+'1851'!M15-'1851'!L15+'1851'!M17-'1851'!L17+'1851'!M19-'1851'!L19+'1851'!M21-'1851'!L21+'1851'!M23-'1851'!L23 -> 6.759 | D9: ='1852'!L5-'1852'!K5+'1852'!L7-'1852'!K7+'1852'!L9-'1852'!K9+'1852'!L11-'1852'!K11+'1852'!L13-'1852'!K13+'1852'!L15-'1852'!K15+'1852'!L17-'1852'!K17+'1852'!L19-'1852'!K19+'1852'!L21-'1852'!K21+'1852'!L23-'1852'!K23 -> 6.977 | E9: ='1853'!L5-'1853'!K5+'1853'!L7-'1853'!K7+'1853'!L9-'1853'!K9+'1853'!L11-'1853'!K11+'1853'!L13-'1853'!K13+'1853'!L15-'1853'!K15+'1853'!L17-'1853'!K17+'1853'!L19-'1853'!K19+'1853'!L21-'1853'!K21+'1853'!L23-'1853'!K23 -> 4.183 | G9: =1-B9/B10 -> 0.072736031 | H9: =1-C9/C10 -> 0.37831126 | I9: =1-D9/D10 -> -0.32743531 | J9: =1-E9/E10 -> 0.38845029
A10: Fakturační kalorimetry | B10: =('1850'!L27-'1850'!K27)*3.6 -> 6.228 | C10: =('1851'!M27-'1851'!L27)*3.6 -> 10.872 | D10: =('1852'!L27-'1852'!K27)*3.6 -> 5.256 | E10: =('1853'!L28-'1853'!K28)*3.6 -> 6.84
A11: Elektřina -
A12: Elektroměr dům | B12: ='1850'!L25-'1850'!K25 -> 197 | C12: ='1851'!M24-'1851'!L24 -> 237 | D12: ='1852'!L25-'1852'!K25 -> 188 | E12: ='1853'!L24-'1853'!K24 -> 166
A14: Elektroměr areál | B14: ='1853'!L25-'1853'!K25 -> 290
A15: Vodoměr areál | B15: ='1853'!L26-'1853'!K26 -> 9.128
A18: Voda - m3 | B18: 1854 | C18: 1855 | D18: 1856 | E18: 1857
A19: Náměry bytových vodoměrů | B19: ='1854'!L4-'1854'!K4+'1854'!L6-'1854'!K6+'1854'!L8-'1854'!K8+'1854'!L10-'1854'!K10+'1854'!L12-'1854'!K12+'1854'!L14-'1854'!K14+'1854'!L16-'1854'!K16+'1854'!L18-'1854'!K18+'1854'!L20-'1854'!K20+'1854'!L22-'1854'!K22 -> 53.849 | C19: ='1855'!L4-'1855'!K4+'1855'!L6-'1855'!K6+'1855'!L8-'1855'!K8+'1855'!L10-'1855'!K10+'1855'!L12-'1855'!K12+'1855'!L14-'1855'!K14+'1855'!L16-'1855'!K16+'1855'!L18-'1855'!K18+'1855'!L20-'1855'!K20+'1855'!L22-'1855'!K22 -> 70.543 | D19: ='1856'!L4-'1856'!K4+'1856'!L6-'1856'!K6+'1856'!L8-'1856'!K8+'1856'!L10-'1856'!K10+'1856'!L12-'1856'!K12+'1856'!L14-'1856'!K14+'1856'!L16-'1856'!K16+'1856'!L18-'1856'!K18+'1856'!L20-'1856'!K20+'1856'!L22-'1856'!K22 -> 55.257 | E19: ='1857'!L4-'1857'!K4+'1857'!L6-'1857'!K6+'1857'!L8-'1857'!K8+'1857'!L10-'1857'!K10+'1857'!L12-'1857'!K12+'1857'!L14-'1857'!K14+'1857'!L16-'1857'!K16+'1857'!L18-'1857'!K18+'1857'!L20-'1857'!K20+'1857'!L22-'1857'!K22 -> 69.567 | G19: =1-B19/B20 -> 0.087305085 | H19: =1-C19/C20 -> 0.11378141 | I19: =1-D19/D20 -> 0.095630115 | J19: =1-E19/E20 -> 0.083438735
A20: Patní vodoměry | B20: ='1854'!L26-'1854'!K26 -> 59 | C20: ='1855'!L26-'1855'!K26 -> 79.6 | D20: ='1856'!L26-'1856'!K26 -> 61.1 | E20: ='1857'!L26-'1857'!K26 -> 75.9
A21: Součet patních vodoměrů | B21: =SUM(B20:E20) -> 275.6 | G21: =1-B21/B22 -> -0.04552352
A22: fakturační vodoměr | B22: ='1854'!L29-'1854'!K29 -> 263.6
A23: Teplo - GJ
A24: Náměry bytových kalorimetrů | B24: ='1854'!L5-'1854'!K5+'1854'!L7-'1854'!K7+'1854'!L9-'1854'!K9+'1854'!L11-'1854'!K11+'1854'!L13-'1854'!K13+'1854'!L15-'1854'!K15+'1854'!L17-'1854'!K17+'1854'!L19-'1854'!K19+'1854'!L21-'1854'!K21+'1854'!L23-'1854'!K23 -> 4.256 | C24: ='1855'!L5-'1855'!K5+'1855'!L7-'1855'!K7+'1855'!L9-'1855'!K9+'1855'!L11-'1855'!K11+'1855'!L13-'1855'!K13+'1855'!L15-'1855'!K15+'1855'!L17-'1855'!K17+'1855'!L19-'1855'!K19+'1855'!L21-'1855'!K21+'1855'!L23-'1855'!K23 -> 6.264 | D24: ='1856'!L5-'1856'!K5+'1856'!L7-'1856'!K7+'1856'!L9-'1856'!K9+'1856'!L11-'1856'!K11+'1856'!L13-'1856'!K13+'1856'!L15-'1856'!K15+'1856'!L17-'1856'!K17+'1856'!L19-'1856'!K19+'1856'!L21-'1856'!K21+'1856'!L23-'1856'!K23 -> 3.946 | E24: ='1857'!L5-'1857'!K5+'1857'!L7-'1857'!K7+'1857'!L9-'1857'!K9+'1857'!L11-'1857'!K11+'1857'!L13-'1857'!K13+'1857'!L15-'1857'!K15+'1857'!L17-'1857'!K17+'1857'!L19-'1857'!K19+'1857'!L21-'1857'!K21+'1857'!L23-'1857'!K23 -> 4.826 | G24: =1-B24/B25 -> -0.14408602 | H24: =1-C24/C25 -> -0.07260274 | I24: =1-D24/D25 -> -0.16058824 | J24: =1-E24/E25 -> -0.035622318
A25: Fakturační kalorimetry | B25: =('1854'!L27-'1854'!K27) -> 3.72 | C25: =('1855'!L27-'1855'!K27) -> 5.84 | D25: =('1856'!L27-'1856'!K27) -> 3.4 | E25: =('1857'!L27-'1857'!K27) -> 4.66
A26: Elektřina -
A27: Elektroměr dům | B27: ='1854'!L25-'1854'!K25 -> 189 | C27: ='1855'!L25-'1855'!K25 -> 201 | D27: ='1856'!L25-'1856'!K25 -> 199 | E27: ='1857'!L25-'1857'!K25 -> 202

Sheet S10
A1: Sumář - spotřeba říjen | B1: ='S1'!B1 -> 2021
A3: Voda - m3 | B3: 1850 | C3: 1851 | D3: 1852 | E3: 1853
A4: Náměry bytových vodoměrů | B4: ='1850'!M4-'1850'!L4+'1850'!M6-'1850'!L6+'1850'!M8-'1850'!L8+'1850'!M10-'1850'!L10+'1850'!M12-'1850'!L12+'1850'!M14-'1850'!L14+'1850'!M16-'1850'!L16+'1850'!M18-'1850'!L18+'1850'!M20-'1850'!L20+'1850'!M22-'1850'!L22 -> 64.803 | C4: ='1851'!N4-'1851'!M4+'1851'!N6-'1851'!M6+'1851'!N8-'1851'!M8+'1851'!N10-'1851'!M10+'1851'!N12-'1851'!M12+'1851'!N14-'1851'!M14+'1851'!N16-'1851'!M16+'1851'!N18-'1851'!M18+'1851'!N20-'1851'!M20+'1851'!N22-'1851'!M22+'1851'!N33-'1851'!M33+'1851'!N34-'1851'!M34+'1851'!N35-'1851'!M35+'1851'!N36-'1851'!M36+'1851'!N37-'1851'!M37+'1851'!N40-'1851'!M40+'1851'!N41-'1851'!M41+'1851'!N42-'1851'!M42+'1851'!N43-'1851'!M43+'1851'!N44-'1851'!M44+'1851'!N45-'1851'!M45+'1851'!N46-'1851'!M46+'1851'!N47-'1851'!M47+'1851'!N48-'1851'!M48+'1851'!N49-'1851'!M49 -> 97.344 | D4: ='1852'!M4-'1852'!L4+'1852'!M6-'1852'!L6+'1852'!M8-'1852'!L8+'1852'!M10-'1852'!L10+'1852'!M12-'1852'!L12+'1852'!M14-'1852'!L14+'1852'!M16-'1852'!L16+'1852'!M18-'1852'!L18+'1852'!M20-'1852'!L20+'1852'!M22-'1852'!L22 -> 82.157 | E4: ='1853'!M4-'1853'!L4+'1853'!M6-'1853'!L6+'1853'!M8-'1853'!L8+'1853'!M10-'1853'!L10+'1853'!M12-'1853'!L12+'1853'!M14-'1853'!L14+'1853'!M16-'1853'!L16+'1853'!M18-'1853'!L18+'1853'!M20-'1853'!L20+'1853'!M22-'1853'!L22+'1853'!M26-'1853'!L26 -> 78.57 | G4: =1-B4/B5 -> 0.098706537 | H4: =1-C4/C5 -> 0.064899135 | I4: =1-D4/D5 -> 0.16676471 | J4: =1-E4/E5 -> 0.09793341
A5: Patní vodoměry | B5: ='1850'!M26-'1850'!L26 -> 71.9 | C5: ='1851'!N26-'1851'!M26 -> 104.1 | D5: ='1852'!M26-'1852'!L26 -> 98.6 | E5: ='1853'!M27-'1853'!L27 -> 87.1
A6: Součet patních vodoměrů | B6: =SUM(B5:E5) -> 361.7 | G6: =1-B6/B7 -> 0.043374769
A7: fakturační vodoměr | B7: ='1850'!M29-'1850'!L29 -> 378.1
A8: Teplo - GJ
A9: Náměry bytových kalorimetrů | B9: ='1850'!M5-'1850'!L5+'1850'!M7-'1850'!L7+'1850'!M9-'1850'!L9+'1850'!M11-'1850'!L11+'1850'!M13-'1850'!L13+'1850'!M15-'1850'!L15+'1850'!M17-'1850'!L17+'1850'!M19-'1850'!L19+'1850'!M21-'1850'!L21+'1850'!M23-'1850'!L23 -> 10.088 | C9: ='1851'!N5-'1851'!M5+'1851'!N7-'1851'!M7+'1851'!N9-'1851'!M9+'1851'!N11-'1851'!M11+'1851'!N13-'1851'!M13+'1851'!N15-'1851'!M15+'1851'!N17-'1851'!M17+'1851'!N19-'1851'!M19+'1851'!N21-'1851'!M21+'1851'!N23-'1851'!M23 -> 15.936 | D9: ='1852'!M5-'1852'!L5+'1852'!M7-'1852'!L7+'1852'!M9-'1852'!L9+'1852'!M11-'1852'!L11+'1852'!M13-'1852'!L13+'1852'!M15-'1852'!L15+'1852'!M17-'1852'!L17+'1852'!M19-'1852'!L19+'1852'!M21-'1852'!L21+'1852'!M23-'1852'!L23 -> 18.742 | E9: ='1853'!M5-'1853'!L5+'1853'!M7-'1853'!L7+'1853'!M9-'1853'!L9+'1853'!M11-'1853'!L11+'1853'!M13-'1853'!L13+'1853'!M15-'1853'!L15+'1853'!M17-'1853'!L17+'1853'!M19-'1853'!L19+'1853'!M21-'1853'!L21+'1853'!M23-'1853'!L23 -> 12.279 | G9: =1-B9/B10 -> 0.065925926 | H9: =1-C9/C10 -> 0.25098703 | I9: =1-D9/D10 -> -0.032958554 | J9: =1-E9/E10 -> 0.16605542
A10: Fakturační kalorimetry | B10: =('1850'!M27-'1850'!L27)*3.6 -> 10.8 | C10: =('1851'!N27-'1851'!M27)*3.6 -> 21.276 | D10: =('1852'!M27-'1852'!L27)*3.6 -> 18.144 | E10: =('1853'!M28-'1853'!L28)*3.6 -> 14.724
A11: Elektřina -
A12: Elektroměr dům | B12: ='1850'!M25-'1850'!L25 -> 236 | C12: ='1851'!N24-'1851'!M24 -> 251 | D12: ='1852'!M25-'1852'!L25 -> 189 | E12: ='1853'!M24-'1853'!L24 -> 181
A14: Elektroměr areál | B14: ='1853'!M25-'1853'!L25 -> 346
A15: Vodoměr areál | B15: ='1853'!M26-'1853'!L26 -> 5.489
A18: Voda - m3 | B18: 1854 | C18: 1855 | D18: 1856 | E18: 1857
A19: Náměry bytových vodoměrů | B19: ='1854'!M4-'1854'!L4+'1854'!M6-'1854'!L6+'1854'!M8-'1854'!L8+'1854'!M10-'1854'!L10+'1854'!M12-'1854'!L12+'1854'!M14-'1854'!L14+'1854'!M16-'1854'!L16+'1854'!M18-'1854'!L18+'1854'!M20-'1854'!L20+'1854'!M22-'1854'!L22 -> 55.672 | C19: ='1855'!M4-'1855'!L4+'1855'!M6-'1855'!L6+'1855'!M8-'1855'!L8+'1855'!M10-'1855'!L10+'1855'!M12-'1855'!L12+'1855'!M14-'1855'!L14+'1855'!M16-'1855'!L16+'1855'!M18-'1855'!L18+'1855'!M20-'1855'!L20+'1855'!M22-'1855'!L22 -> 75.787 | D19: ='1856'!M4-'1856'!L4+'1856'!M6-'1856'!L6+'1856'!M8-'1856'!L8+'1856'!M10-'1856'!L10+'1856'!M12-'1856'!L12+'1856'!M14-'1856'!L14+'1856'!M16-'1856'!L16+'1856'!M18-'1856'!L18+'1856'!M20-'1856'!L20+'1856'!M22-'1856'!L22 -> 75.891 | E19: ='1857'!M4-'1857'!L4+'1857'!M6-'1857'!L6+'1857'!M8-'1857'!L8+'1857'!M10-'1857'!L10+'1857'!M12-'1857'!L12+'1857'!M14-'1857'!L14+'1857'!M16-'1857'!L16+'1857'!M18-'1857'!L18+'1857'!M20-'1857'!L20+'1857'!M22-'1857'!L22 -> 68.342 | G19: =1-B19/B20 -> 0.075215947 | H19: =1-C19/C20 -> 0.10204976 | I19: =1-D19/D20 -> 0.082333736 | J19: =1-E19/E20 -> 0.093607427
A20: Patní vodoměry | B20: ='1854'!M26-'1854'!L26 -> 60.2 | C20: ='1855'!M26-'1855'!L26 -> 84.4 | D20: ='1856'!M26-'1856'!L26 -> 82.7 | E20: ='1857'!M26-'1857'!L26 -> 75.4
A21: Součet patních vodoměrů | B21: =SUM(B20:E20) -> 302.7 | G21: =1-B21/B22 -> -0.044874008
A22: fakturační vodoměr | B22: ='1854'!M29-'1854'!L29 -> 289.7
A23: Teplo - GJ
A24: Náměry bytových kalorimetrů | B24: ='1854'!M5-'1854'!L5+'1854'!M7-'1854'!L7+'1854'!M9-'1854'!L9+'1854'!M11-'1854'!L11+'1854'!M13-'1854'!L13+'1854'!M15-'1854'!L15+'1854'!M17-'1854'!L17+'1854'!M19-'1854'!L19+'1854'!M21-'1854'!L21+'1854'!M23-'1854'!L23 -> 12.497 | C24: ='1855'!M5-'1855'!L5+'1855'!M7-'1855'!L7+'1855'!M9-'1855'!L9+'1855'!M11-'1855'!L11+'1855'!M13-'1855'!L13+'1855'!M15-'1855'!L15+'1855'!M17-'1855'!L17+'1855'!M19-'1855'!L19+'1855'!M21-'1855'!L21+'1855'!M23-'1855'!L23 -> 16.915 | D24: ='1856'!M5-'1856'!L5+'1856'!M7-'1856'!L7+'1856'!M9-'1856'!L9+'1856'!M11-'1856'!L11+'1856'!M13-'1856'!L13+'1856'!M15-'1856'!L15+'1856'!M17-'1856'!L17+'1856'!M19-'1856'!L19+'1856'!M21-'1856'!L21+'1856'!M23-'1856'!L23 -> 13.454 | E24: ='1857'!M5-'1857'!L5+'1857'!M7-'1857'!L7+'1857'!M9-'1857'!L9+'1857'!M11-'1857'!L11+'1857'!M13-'1857'!L13+'1857'!M15-'1857'!L15+'1857'!M17-'1857'!L17+'1857'!M19-'1857'!L19+'1857'!M21-'1857'!L21+'1857'!M23-'1857'!L23 -> 13.548 | G24: =1-B24/B25 -> -0.013544201 | H24: =1-C24/C25 -> 0.021122685 | I24: =1-D24/D25 -> 0.042419929 | J24: =1-E24/E25 -> 0.037784091
A25: Fakturační kalorimetry | B25: =('1854'!M27-'1854'!L27) -> 12.33 | C25: =('1855'!M27-'1855'!L27) -> 17.28 | D25: =('1856'!M27-'1856'!L27) -> 14.05 | E25: =('1857'!M27-'1857'!L27) -> 14.08
A26: Elektřina -
A27: Elektroměr dům | B27: ='1854'!M25-'1854'!L25 -> 179 | C27: ='1855'!M25-'1855'!L25 -> 232 | D27: ='1856'!M25-'1856'!L25 -> 204 | E27: ='1857'!M25-'1857'!L25 -> 200

Sheet S11
A1: Sumář - spotřeba listopad | B1: ='S1'!B1 -> 2021
A3: Voda - m3 | B3: 1850 | C3: 1851 | D3: 1852 | E3: 1853
A4: Náměry bytových vodoměrů | B4: ='1850'!N4-'1850'!M4+'1850'!N6-'1850'!M6+'1850'!N8-'1850'!M8+'1850'!N10-'1850'!M10+'1850'!N12-'1850'!M12+'1850'!N14-'1850'!M14+'1850'!N16-'1850'!M16+'1850'!N18-'1850'!M18+'1850'!N20-'1850'!M20+'1850'!N22-'1850'!M22 -> 59.398 | C4: ='1851'!O4-'1851'!N4+'1851'!O6-'1851'!N6+'1851'!O8-'1851'!N8+'1851'!O10-'1851'!N10+'1851'!O12-'1851'!N12+'1851'!O14-'1851'!N14+'1851'!O16-'1851'!N16+'1851'!O18-'1851'!N18+'1851'!O20-'1851'!N20+'1851'!O22-'1851'!N22+'1851'!O33-'1851'!N33+'1851'!O34-'1851'!N34+'1851'!O35-'1851'!N35+'1851'!O36-'1851'!N36+'1851'!O37-'1851'!N37+'1851'!O40-'1851'!N40+'1851'!O41-'1851'!N41+'1851'!O42-'1851'!N42+'1851'!O43-'1851'!N43+'1851'!O44-'1851'!N44+'1851'!O45-'1851'!N45+'1851'!O46-'1851'!N46+'1851'!O47-'1851'!N47+'1851'!O48-'1851'!N48+'1851'!O49-'1851'!N49 -> 81.103 | D4: ='1852'!N4-'1852'!M4+'1852'!N6-'1852'!M6+'1852'!N8-'1852'!M8+'1852'!N10-'1852'!M10+'1852'!N12-'1852'!M12+'1852'!N14-'1852'!M14+'1852'!N16-'1852'!M16+'1852'!N18-'1852'!M18+'1852'!N20-'1852'!M20+'1852'!N22-'1852'!M22 -> 80.622 | E4: ='1853'!N4-'1853'!M4+'1853'!N6-'1853'!M6+'1853'!N8-'1853'!M8+'1853'!N10-'1853'!M10+'1853'!N12-'1853'!M12+'1853'!N14-'1853'!M14+'1853'!N16-'1853'!M16+'1853'!N18-'1853'!M18+'1853'!N20-'1853'!M20+'1853'!N22-'1853'!M22+'1853'!N26-'1853'!M26 -> 69.381 | G4: =1-B4/B5 -> 0.10139183 | H4: =1-C4/C5 -> 0.066708861 | I4: =1-D4/D5 -> 0.17140802 | J4: =1-E4/E5 -> 0.082261905
A5: Patní vodoměry | B5: ='1850'!N26-'1850'!M26 -> 66.1 | C5: ='1851'!O26-'1851'!N26 -> 86.9 | D5: ='1852'!N26-'1852'!M26 -> 97.3 | E5: ='1853'!N27-'1853'!M27 -> 75.6
A6: Součet patních vodoměrů | B6: =SUM(B5:E5) -> 325.9 | G6: =1-B6/B7 -> 0.048744892
A7: fakturační vodoměr | B7: ='1850'!N29-'1850'!M29 -> 342.6
A8: Teplo - GJ
A9: Náměry bytových kalorimetrů | B9: ='1850'!N5+'1850'!N7+'1850'!N9+'1850'!N11+'1850'!N13+'1850'!N15+'1850'!N17+'1850'!N19+'1850'!N21+'1850'!N23 -> 24.746 | C9: ='1851'!O5+'1851'!O7+'1851'!O9+'1851'!O11+'1851'!O13+'1851'!O15+'1851'!O17+'1851'!O19+'1851'!O21+'1851'!O23 -> 31.916 | D9: ='1852'!N5+'1852'!N7+'1852'!N9+'1852'!N11+'1852'!N13+'1852'!N15+'1852'!N17+'1852'!N19+'1852'!N21+'1852'!N23 -> 31.904 | E9: ='1853'!N5+'1853'!N7+'1853'!N9+'1853'!N11+'1853'!N13+'1853'!N15+'1853'!N17+'1853'!N19+'1853'!N21+'1853'!N23 -> 26.301 | G9: =1-B9/B10 -> 0.072349678 | H9: =1-C9/C10 -> 0.099028907 | I9: =1-D9/D10 -> 0.029329439 | J9: =1-E9/E10 -> 0.051190476
A10: Fakturační kalorimetry | B10: =('1850'!N27-'1850'!M27)*3.6 -> 26.676 | C10: =('1851'!O27-'1851'!N27)*3.6 -> 35.424 | D10: =('1852'!N27-'1852'!M27)*3.6 -> 32.868 | E10: =('1853'!N28-'1853'!M28)*3.6 -> 27.72
A11: Elektřina -
A12: Elektroměr dům | B12: ='1850'!N25-'1850'!M25 -> 225 | C12: ='1851'!O24-'1851'!N24 -> 254 | D12: ='1852'!N25-'1852'!M25 -> 192 | E12: ='1853'!N24-'1853'!M24 -> 176
A14: Elektroměr areál | B14: ='1853'!N25-'1853'!M25 -> 391
A15: Vodoměr areál | B15: ='1853'!N26-'1853'!M26 -> 0
A18: Voda - m3 | B18: 1854 | C18: 1855 | D18: 1856 | E18: 1857
A19: Náměry bytových vodoměrů | B19: ='1854'!N4-'1854'!M4+'1854'!N6-'1854'!M6+'1854'!N8-'1854'!M8+'1854'!N10-'1854'!M10+'1854'!N12-'1854'!M12+'1854'!N14-'1854'!M14+'1854'!N16-'1854'!M16+'1854'!N18-'1854'!M18+'1854'!N20-'1854'!M20+'1854'!N22-'1854'!M22 -> 60.092 | C19: ='1855'!N4-'1855'!M4+'1855'!N6-'1855'!M6+'1855'!N8-'1855'!M8+'1855'!N10-'1855'!M10+'1855'!N12-'1855'!M12+'1855'!N14-'1855'!M14+'1855'!N16-'1855'!M16+'1855'!N18-'1855'!M18+'1855'!N20-'1855'!M20+'1855'!N22-'1855'!M22 -> 73.924 | D19: ='1856'!N4-'1856'!M4+'1856'!N6-'1856'!M6+'1856'!N8-'1856'!M8+'1856'!N10-'1856'!M10+'1856'!N12-'1856'!M12+'1856'!N14-'1856'!M14+'1856'!N16-'1856'!M16+'1856'!N18-'1856'!M18+'1856'!N20-'1856'!M20+'1856'!N22-'1856'!M22 -> 74.079 | E19: ='1857'!N4-'1857'!M4+'1857'!N6-'1857'!M6+'1857'!N8-'1857'!M8+'1857'!N10-'1857'!M10+'1857'!N12-'1857'!M12+'1857'!N14-'1857'!M14+'1857'!N16-'1857'!M16+'1857'!N18-'1857'!M18+'1857'!N20-'1857'!M20+'1857'!N22-'1857'!M22 -> 73.024 | G19: =1-B19/B20 -> 0.082564885 | H19: =1-C19/C20 -> 0.11042118 | I19: =1-D19/D20 -> 0.092169118 | J19: =1-E19/E20 -> 0.082613065
A20: Patní vodoměry | B20: ='1854'!N26-'1854'!M26 -> 65.5 | C20: ='1855'!N26-'1855'!M26 -> 83.1 | D20: ='1856'!N26-'1856'!M26 -> 81.6 | E20: ='1857'!N26-'1857'!M26 -> 79.6
A21: Součet patních vodoměrů | B21: =SUM(B20:E20) -> 309.8 | G21: =1-B21/B22 -> -0.042395693
A22: fakturační vodoměr | B22: ='1854'!N29-'1854'!M29 -> 297.2
A23: Teplo - GJ
A24: Náměry bytových kalorimetrů | B24: ='1854'!N5+'1854'!N7+'1854'!N9+'1854'!N11+'1854'!N13+'1854'!N15+'1854'!N17+'1854'!N19+'1854'!N21+'1854'!N23 -> 25.324 | C24: ='1855'!N5+'1855'!N7+'1855'!N9+'1855'!N11+'1855'!N13+'1855'!N15+'1855'!N17+'1855'!N19+'1855'!N21+'1855'!N23 -> 29.441 | D24: ='1856'!N5-'1856'!M5+'1856'!N7-'1856'!M7+'1856'!N9-'1856'!M9+'1856'!N11-'1856'!M11+'1856'!N13-'1856'!M13+'1856'!N15-'1856'!M15+'1856'!N17-'1856'!M17+'1856'!N19-'1856'!M19+'1856'!N21-'1856'!M21+'1856'!N23-'1856'!M23 -> 27.673 | E24: ='1857'!N5+'1857'!N7+'1857'!N9+'1857'!N11+'1857'!N13+'1857'!N15+'1857'!N17+'1857'!N19+'1857'!N21+'1857'!N23 -> 28.206 | G24: =1-B24/B25 -> 0.052600075 | H24: =1-C24/C25 -> 0.07096876 | I24: =1-D24/D25 -> 0.076335113 | J24: =1-E24/E25 -> 0.081536959
A25: Fakturační kalorimetry | B25: =('1854'!N27-'1854'!M27) -> 26.73 | C25: =('1855'!N27-'1855'!M27) -> 31.69 | D25: =('1856'!N27-'1856'!M27) -> 29.96 | E25: =('1857'!N27-'1857'!M27) -> 30.71
A26: Elektřina -
A27: Elektroměr dům | B27: ='1854'!N25-'1854'!M25 -> 182 | C27: ='1855'!N25-'1855'!M25 -> 243 | D27: ='1856'!N25-'1856'!M25 -> 186 | E27: ='1857'!N25-'1857'!M25 -> 192

Sheet S12
A1: Sumář - spotřeba prosinec | B1: ='S1'!B1 -> 2021
A3: Voda - m3 | B3: 1850 | C3: 1851 | D3: 1852 | E3: 1853
A4: Náměry bytových vodoměrů | B4: ='1850'!O4-'1850'!N4+'1850'!O6-'1850'!N6+'1850'!O8-'1850'!N8+'1850'!O10-'1850'!N10+'1850'!O12-'1850'!N12+'1850'!O14-'1850'!N14+'1850'!O16-'1850'!N16+'1850'!O18-'1850'!N18+'1850'!O20-'1850'!N20+'1850'!O22-'1850'!N22 -> 59.797 | C4: ='1851'!P4-'1851'!O4+'1851'!P6-'1851'!O6+'1851'!P8-'1851'!O8+'1851'!P10-'1851'!O10+'1851'!P12-'1851'!O12+'1851'!P14-'1851'!O14+'1851'!P16-'1851'!O16+'1851'!P18-'1851'!O18+'1851'!P20-'1851'!O20+'1851'!P22-'1851'!O22+'1851'!P33-'1851'!O33+'1851'!P34-'1851'!O34+'1851'!P35-'1851'!O35+'1851'!P36-'1851'!O36+'1851'!P37-'1851'!O37+'1851'!P40-'1851'!O40+'1851'!P41-'1851'!O41+'1851'!P42-'1851'!O42+'1851'!P43-'1851'!O43+'1851'!P44-'1851'!O44+'1851'!P45-'1851'!O45+'1851'!P46-'1851'!O46+'1851'!P47-'1851'!O47+'1851'!P48-'1851'!O48+'1851'!P49-'1851'!O49 -> 87.202 | D4: ='1852'!O4-'1852'!N4+'1852'!O6-'1852'!N6+'1852'!O8-'1852'!N8+'1852'!O10-'1852'!N10+'1852'!O12-'1852'!N12+'1852'!O14-'1852'!N14+'1852'!O16-'1852'!N16+'1852'!O18-'1852'!N18+'1852'!O20-'1852'!N20+'1852'!O22-'1852'!N22 -> 77.738 | E4: ='1853'!O4-'1853'!N4+'1853'!O6-'1853'!N6+'1853'!O8-'1853'!N8+'1853'!O10-'1853'!N10+'1853'!O12-'1853'!N12+'1853'!O14-'1853'!N14+'1853'!O16-'1853'!N16+'1853'!O18-'1853'!N18+'1853'!O20-'1853'!N20+'1853'!O22-'1853'!N22+'1853'!O26-'1853'!N26 -> 74.038 | G4: =1-B4/B5 -> 0.10483533 | H4: =1-C4/C5 -> 0.070341151 | I4: =1-D4/D5 -> 0.1876907 | J4: =1-E4/E5 -> 0.089323493
A5: Patní vodoměry | B5: ='1850'!O26-'1850'!N26 -> 66.8 | C5: ='1851'!P26-'1851'!O26 -> 93.8 | D5: ='1852'!O26-'1852'!N26 -> 95.7 | E5: ='1853'!O27-'1853'!N27 -> 81.3
A6: Součet patních vodoměrů | B6: =SUM(B5:E5) -> 337.6 | G6: =1-B6/B7 -> 0.043626062
A7: fakturační vodoměr | B7: ='1850'!O29-'1850'!N29 -> 353
A8: Teplo - GJ
A9: Náměry bytových kalorimetrů | B9: ='1850'!O5-'1850'!N5+'1850'!O7-'1850'!N7+'1850'!O9-'1850'!N9+'1850'!O11-'1850'!N11+'1850'!O13-'1850'!N13+'1850'!O15-'1850'!N15+'1850'!O17-'1850'!N17+'1850'!O19-'1850'!N19+'1850'!O21-'1850'!N21+'1850'!O23-'1850'!N23 -> 29.817 | C9: ='1851'!P5-'1851'!O5+'1851'!P7-'1851'!O7+'1851'!P9-'1851'!O9+'1851'!P11-'1851'!O11+'1851'!P13-'1851'!O13+'1851'!P15-'1851'!O15+'1851'!P17-'1851'!O17+'1851'!P19-'1851'!O19+'1851'!P21-'1851'!O21+'1851'!P23-'1851'!O23 -> 41.669 | D9: ='1852'!O5-'1852'!N5+'1852'!O7-'1852'!N7+'1852'!O9-'1852'!N9+'1852'!O11-'1852'!N11+'1852'!O13-'1852'!N13+'1852'!O15-'1852'!N15+'1852'!O17-'1852'!N17+'1852'!O19-'1852'!N19+'1852'!O21-'1852'!N21+'1852'!O23-'1852'!N23 -> 36.771 | E9: ='1853'!O5-'1853'!N5+'1853'!O7-'1853'!N7+'1853'!O9-'1853'!N9+'1853'!O11-'1853'!N11+'1853'!O13-'1853'!N13+'1853'!O15-'1853'!N15+'1853'!O17-'1853'!N17+'1853'!O19-'1853'!N19+'1853'!O21-'1853'!N21+'1853'!O23-'1853'!N23 -> 34.023 | G9: =1-B9/B10 -> 0.064124294 | H9: =1-C9/C10 -> 0.083553268 | I9: =1-D9/D10 -> 0.042721025 | J9: =1-E9/E10 -> 0.060553347
A10: Fakturační kalorimetry | B10: =('1850'!O27-'1850'!N27)*3.6 -> 31.86 | C10: =('1851'!P27-'1851'!O27)*3.6 -> 45.468 | D10: =('1852'!O27-'1852'!N27)*3.6 -> 38.412 | E10: =('1853'!O28-'1853'!N28)*3.6 -> 36.216
A11: Elektřina -
A12: Elektroměr dům | B12: ='1850'!O25-'1850'!N25 -> 238 | C12: ='1851'!P24-'1851'!O24 -> 267 | D12: ='1852'!O25-'1852'!N25 -> 198 | E12: ='1853'!O24-'1853'!N24 -> 178
A14: Elektroměr areál | B14: ='1853'!O25-'1853'!N25 -> 487
A15: Vodoměr areál | B15: ='1853'!O26-'1853'!N26 -> 0
A18: Voda - m3 | B18: 1854 | C18: 1855 | D18: 1856 | E18: 1857
A19: Náměry bytových vodoměrů | B19: ='1854'!O4-'1854'!N4+'1854'!O6-'1854'!N6+'1854'!O8-'1854'!N8+'1854'!O10-'1854'!N10+'1854'!O12-'1854'!N12+'1854'!O14-'1854'!N14+'1854'!O16-'1854'!N16+'1854'!O18-'1854'!N18+'1854'!O20-'1854'!N20+'1854'!O22-'1854'!N22 -> 59.556 | C19: ='1855'!O4-'1855'!N4+'1855'!O6-'1855'!N6+'1855'!O8-'1855'!N8+'1855'!O10-'1855'!N10+'1855'!O12-'1855'!N12+'1855'!O14-'1855'!N14+'1855'!O16-'1855'!N16+'1855'!O18-'1855'!N18+'1855'!O20-'1855'!N20+'1855'!O22-'1855'!N22 -> 71.578 | D19: ='1856'!O4-'1856'!N4+'1856'!O6-'1856'!N6+'1856'!O8-'1856'!N8+'1856'!O10-'1856'!N10+'1856'!O12-'1856'!N12+'1856'!O14-'1856'!N14+'1856'!O16-'1856'!N16+'1856'!O18-'1856'!N18+'1856'!O20-'1856'!N20+'1856'!O22-'1856'!N22 -> 80.246 | E19: ='1857'!O4-'1857'!N4+'1857'!O6-'1857'!N6+'1857'!O8-'1857'!N8+'1857'!O10-'1857'!N10+'1857'!O12-'1857'!N12+'1857'!O14-'1857'!N14+'1857'!O16-'1857'!N16+'1857'!O18-'1857'!N18+'1857'!O20-'1857'!N20+'1857'!O22-'1857'!N22 -> 75.808 | G19: =1-B19/B20 -> 0.083753846 | H19: =1-C19/C20 -> 0.11303594 | I19: =1-D19/D20 -> 0.079747706 | J19: =1-E19/E20 -> 0.091031175
A20: Patní vodoměry | B20: ='1854'!O26-'1854'!N26 -> 65 | C20: ='1855'!O26-'1855'!N26 -> 80.7 | D20: ='1856'!O26-'1856'!N26 -> 87.2 | E20: ='1857'!O26-'1857'!N26 -> 83.4
A21: Součet patních vodoměrů | B21: =SUM(B20:E20) -> 316.3 | G21: =1-B21/B22 -> -0.03704918
A22: fakturační vodoměr | B22: ='1854'!O29-'1854'!N29 -> 305
A23: Teplo - GJ
A24: Náměry bytových kalorimetrů | B24: ='1854'!O5-'1854'!N5+'1854'!O7-'1854'!N7+'1854'!O9-'1854'!N9+'1854'!O11-'1854'!N11+'1854'!O13-'1854'!N13+'1854'!O15-'1854'!N15+'1854'!O17-'1854'!N17+'1854'!O19-'1854'!N19+'1854'!O21-'1854'!N21+'1854'!O23-'1854'!N23 -> 32.754 | C24: ='1855'!O5-'1855'!N5+'1855'!O7-'1855'!N7+'1855'!O9-'1855'!N9+'1855'!O11-'1855'!N11+'1855'!O13-'1855'!N13+'1855'!O15-'1855'!N15+'1855'!O17-'1855'!N17+'1855'!O19-'1855'!N19+'1855'!O21-'1855'!N21+'1855'!O23-'1855'!N23 -> 37.509 | D24: ='1856'!O5-'1856'!N5+'1856'!O7-'1856'!N7+'1856'!O9-'1856'!N9+'1856'!O11-'1856'!N11+'1856'!O13-'1856'!N13+'1856'!O15-'1856'!N15+'1856'!O17-'1856'!N17+'1856'!O19-'1856'!N19+'1856'!O21-'1856'!N21+'1856'!O23-'1856'!N23 -> 35.126 | E24: ='1857'!O5-'1857'!N5+'1857'!O7-'1857'!N7+'1857'!O9-'1857'!N9+'1857'!O11-'1857'!N11+'1857'!O13-'1857'!N13+'1857'!O15-'1857'!N15+'1857'!O17-'1857'!N17+'1857'!O19-'1857'!N19+'1857'!O21-'1857'!N21+'1857'!O23-'1857'!N23 -> 35.85 | G24: =1-B24/B25 -> 0.051433536 | H24: =1-C24/C25 -> 0.072018803 | I24: =1-D24/D25 -> 0.079024646 | J24: =1-E24/E25 -> 0.083823154
A25: Fakturační kalorimetry | B25: =('1854'!O27-'1854'!N27) -> 34.53 | C25: =('1855'!O27-'1855'!N27) -> 40.42 | D25: =('1856'!O27-'1856'!N27) -> 38.14 | E25: =('1857'!O27-'1857'!N27) -> 39.13
A26: Elektřina -
A27: Elektroměr dům | B27: ='1854'!O25-'1854'!N25 -> 191 | C27: ='1855'!O25-'1855'!N25 -> 343 | D27: ='1856'!O25-'1856'!N25 -> 201 | E27: ='1857'!O25-'1857'!N25 -> 198

Sheet Rozdíly
A1: Přehled rozdílů a ztrát za teplo v GJ | F1: ='S1'!B1 -> 2021
C3: 1850 | F3: 51 | I3: 52 | L3: 53 | O3: 54 | R3: 55 | U3: 56 | X3: 57
C4: 1850 | F4: 1851 | I4: 1852 | L4: 1853 | O4: 1854 | R4: 1855 | U4: 1856 | X4: 1857
C5: odečet | D5: rozdíl [GJ] | E5: rozdíl [%] | F5: odečet | G5: rozdíl [GJ] | H5: rozdíl [%] | I5: odečet | J5: rozdíl [GJ] | K5: rozdíl [%] | L5: odečet | M5: rozdíl [GJ] | N5: rozdíl [%] | O5: odečet | P5: rozdíl [GJ] | Q5: rozdíl [%] | R5: odečet | S5: rozdíl [GJ] | T5: rozdíl [%] | U5: odečet | V5: rozdíl [GJ] | W5: rozdíl [%] | X5: odečet | Y5: rozdíl [GJ] | Z5: rozdíl [%]
A6: leden | B6: součty kal. | C6: ='S1'!B9 -> 34.28 | D6: ='S1'!B10-'S1'!B9 -> 4.96 | E6: =D6/C7 -> 0.12640163 | F6: ='S1'!C9 -> 46.576 | G6: ='S1'!C10-'S1'!C9 -> 5.12 | H6: =G6/F7 -> 0.099040545 | I6: ='S1'!D9 -> 43.387 | J6: ='S1'!D10-'S1'!D9 -> 2.225 | K6: =J6/I7 -> 0.048781023 | L6: ='S1'!E9 -> 37.447 | M6: ='S1'!E10-'S1'!E9 -> 4.889 | N6: =M6/L7 -> 0.11548091 | O6: ='S1'!B24 -> 38.239 | P6: ='S1'!B25-'S1'!B24 -> 2.161 | Q6: =P6/O7 -> 0.053490099 | R6: ='S1'!C24 -> 44.707 | S6: ='S1'!C25-'S1'!C24 -> 3.033 | T6: =S6/R7 -> 0.06353163 | U6: ='S1'!D24 -> 38.771 | V6: ='S1'!D25-'S1'!D24 -> 3.279 | W6: =V6/U7 -> 0.077978597 | X6: ='S1'!E24 -> 39.888 | Y6: ='S1'!E25-'S1'!E24 -> 4.862 | Z6: =Y6/X7 -> 0.10864804
B7: faktur.kal. | C7: ='S1'!B10 -> 39.24 | F7: ='S1'!C10 -> 51.696 | I7: ='S1'!D10 -> 45.612 | L7: ='S1'!E10 -> 42.336 | O7: ='S1'!B25 -> 40.4 | R7: ='S1'!C25 -> 47.74 | U7: ='S1'!D25 -> 42.05 | X7: ='S1'!E25 -> 44.75
A8: únor | B8: součty kal. | C8: ='S2'!B9 -> 29.429 | D8: ='S2'!B10-'S2'!B9 -> 3.943 | E8: =D8/C9 -> 0.11815294 | F8: ='S2'!C9 -> 42.4 | G8: ='S2'!C10-'S2'!C9 -> 5.012 | H8: =G8/F9 -> 0.10571163 | I8: ='S2'!D9 -> 37.307 | J8: ='S2'!D10-'S2'!D9 -> 0.025 | K8: =J8/I9 -> 0.00066966677 | L8: ='S2'!E9 -> 32.7 | M8: ='S2'!E10-'S2'!E9 -> 4.344 | N8: =M8/L9 -> 0.11726595 | O8: ='S2'!B24 -> 32.927 | P8: ='S2'!B25-'S2'!B24 -> 2.143 | Q8: =P8/O9 -> 0.061106359 | R8: ='S2'!C24 -> 40.317 | S8: ='S2'!C25-'S2'!C24 -> 2.963 | T8: =S8/R9 -> 0.068461183 | U8: ='S2'!D24 -> 33.968 | V8: ='S2'!D25-'S2'!D24 -> 3.032 | W8: =V8/U9 -> 0.081945946 | X8: ='S2'!E24 -> 33.513 | Y8: ='S2'!E25-'S2'!E24 -> 5.027 | Z8: =Y8/X9 -> 0.13043591
B9: faktur.kal. | C9: ='S2'!B10 -> 33.372 | F9: ='S2'!C10 -> 47.412 | I9: ='S2'!D10 -> 37.332 | L9: ='S2'!E10 -> 37.044 | O9: ='S2'!B25 -> 35.07 | R9: ='S2'!C25 -> 43.28 | U9: ='S2'!D25 -> 37 | X9: ='S2'!E25 -> 38.54
A10: březen | B10: součty kal. | C10: ='S3'!B9 -> 23.475 | D10: ='S3'!B10-'S3'!B9 -> 3.633 | E10: =D10/C11 -> 0.13401948 | F10: ='S3'!C9 -> 34.714 | G10: ='S3'!C10-'S3'!C9 -> 5.21 | H10: =G10/F11 -> 0.13049795 | I10: ='S3'!D9 -> 30.153 | J10: ='S3'!D10-'S3'!D9 -> 0.195 | K10: =J10/I11 -> 0.0064254646 | L10: ='S3'!E9 -> 25.824 | M10: ='S3'!E10-'S3'!E9 -> 4.272 | N10: =M10/L11 -> 0.14194577 | O10: ='S3'!B24 -> 26.552 | P10: ='S3'!B25-'S3'!B24 -> 1.528 | Q10: =P10/O11 -> 0.054415954 | R10: ='S3'!C24 -> 33.361 | S10: ='S3'!C25-'S3'!C24 -> 2.009 | T10: =S10/R11 -> 0.056799548 | U10: ='S3'!D24 -> 25.618 | V10: ='S3'!D25-'S3'!D24 -> 2.262 | W10: =V10/U11 -> 0.081133429 | X10: ='S3'!E24 -> 27.854 | Y10: ='S3'!E25-'S3'!E24 -> 3.426 | Z10: =Y10/X11 -> 0.10952685
B11: faktur.kal. | C11: ='S3'!B10 -> 27.108 | F11: ='S3'!C10 -> 39.924 | I11: ='S3'!D10 -> 30.348 | L11: ='S3'!E10 -> 30.096 | O11: ='S3'!B25 -> 28.08 | R11: ='S3'!C25 -> 35.37 | U11: ='S3'!D25 -> 27.88 | X11: ='S3'!E25 -> 31.28
A12: duben | B12: součty kal. | C12: ='S4'!B9 -> 15.599 | D12: ='S4'!B10-'S4'!B9 -> 2.221 | E12: =D12/C13 -> 0.12463524 | F12: ='S4'!C9 -> 25.424 | G12: ='S4'!C10-'S4'!C9 -> 4.96 | H12: =G12/F13 -> 0.16324381 | I12: ='S4'!D9 -> 21.1 | J12: ='S4'!D10-'S4'!D9 -> 0.284 | K12: =J12/I13 -> 0.013280958 | L12: ='S4'!E9 -> 15.147 | M12: ='S4'!E10-'S4'!E9 -> 4.041 | N12: =M12/L13 -> 0.21060038 | O12: ='S4'!B24 -> 18.734 | P12: ='S4'!B25-'S4'!B24 -> 0.976 | Q12: =P12/O13 -> 0.049518011 | R12: ='S4'!C24 -> 25.654 | S12: ='S4'!C25-'S4'!C24 -> 1.456 | T12: =S12/R13 -> 0.053707119 | U12: ='S4'!D24 -> 16.819 | V12: ='S4'!D25-'S4'!D24 -> 1.371 | W12: =V12/U13 -> 0.075371083 | X12: ='S4'!E24 -> 19.845 | Y12: ='S4'!E25-'S4'!E24 -> 2.135 | Z12: =Y12/X13 -> 0.097133758
B13: faktur.kal. | C13: ='S4'!B10 -> 17.82 | F13: ='S4'!C10 -> 30.384 | I13: ='S4'!D10 -> 21.384 | L13: ='S4'!E10 -> 19.188 | O13: ='S4'!B25 -> 19.71 | R13: ='S4'!C25 -> 27.11 | U13: ='S4'!D25 -> 18.19 | X13: ='S4'!E25 -> 21.98
A14: květen | B14: součty kal. | C14: ='S5'!B9 -> 6.579 | D14: ='S5'!B10-'S5'!B9 -> 1.233 | E14: =D14/C15 -> 0.1578341 | F14: ='S5'!C9 -> 14.02 | G14: ='S5'!C10-'S5'!C9 -> 4.772 | H14: =G14/F15 -> 0.25393785 | I14: ='S5'!D9 -> 12.362 | J14: ='S5'!D10-'S5'!D9 -> -0.374 | K14: =J14/I15 -> -0.031197865 | L14: ='S5'!E9 -> 7.461 | M14: ='S5'!E10-'S5'!E9 -> 4.239 | N14: =M14/L15 -> 0.36230769 | O14: ='S5'!B24 -> 11.034 | P14: ='S5'!B25-'S5'!B24 -> 0.396 | Q14: =P14/O15 -> 0.034645669 | R14: ='S5'!C24 -> 16.53 | S14: ='S5'!C25-'S5'!C24 -> 0.53 | T14: =S14/R15 -> 0.031066823 | U14: ='S5'!D24 -> 8.955 | V14: ='S5'!D25-'S5'!D24 -> 0.155 | W14: =V14/U15 -> 0.01701427 | X14: ='S5'!E24 -> 10.099 | Y14: ='S5'!E25-'S5'!E24 -> 1.331 | Z14: =Y14/X15 -> 0.11644794
B15: faktur.kal. | C15: ='S5'!B10 -> 7.812 | F15: ='S5'!C10 -> 18.792 | I15: ='S5'!D10 -> 11.988 | L15: ='S5'!E10 -> 11.7 | O15: ='S5'!B25 -> 11.43 | R15: ='S5'!C25 -> 17.06 | U15: ='S5'!D25 -> 9.11 | X15: ='S5'!E25 -> 11.43
A16: červen | B16: součty kal. | C16: ='S6'!B9 -> 3.502 | D16: ='S6'!B10-'S6'!B9 -> 0.782 | E16: =D16/C17 -> 0.18253968 | F16: ='S6'!C9 -> 6.704 | G16: ='S6'!C10-'S6'!C9 -> 4.168 | H16: =G16/F17 -> 0.38337013 | I16: ='S6'!D9 -> 7.059 | J16: ='S6'!D10-'S6'!D9 -> -0.111 | K16: =J16/I17 -> -0.01597582 | L16: ='S6'!E9 -> 3.79 | M16: ='S6'!E10-'S6'!E9 -> 3.446 | N16: =M16/L17 -> 0.47622996 | O16: ='S6'!B24 -> 3.469 | P16: ='S6'!B25-'S6'!B24 -> -0.009 | Q16: =P16/O17 -> -0.0026011561 | R16: ='S6'!C24 -> 5.1 | S16: ='S6'!C25-'S6'!C24 -> -0.76 | T16: =S16/R17 -> -0.17511521 | U16: ='S6'!D24 -> 3.785 | V16: ='S6'!D25-'S6'!D24 -> -0.645 | W16: =V16/U17 -> -0.20541401 | X16: ='S6'!E24 -> 5.072 | Y16: ='S6'!E25-'S6'!E24 -> -0.042 | Z16: =Y16/X17 -> -0.0083499006
B17: faktur.kal. | C17: ='S6'!B10 -> 4.284 | F17: ='S6'!C10 -> 10.872 | I17: ='S6'!D10 -> 6.948 | L17: ='S6'!E10 -> 7.236 | O17: ='S6'!B25 -> 3.46 | R17: ='S6'!C25 -> 4.34 | U17: ='S6'!D25 -> 3.14 | X17: ='S6'!E25 -> 5.03
A18: červenec | B18: součty kal. | C18: ='S7'!B9 -> 3.011 | D18: ='S7'!B10-'S7'!B9 -> 0.409 | E18: =D18/C19 -> 0.11959064 | F18: ='S7'!C9 -> 5.355 | G18: ='S7'!C10-'S7'!C9 -> 4.113 | H18: =G18/F19 -> 0.43441065 | I18: ='S7'!D9 -> 4.556 | J18: ='S7'!D10-'S7'!D9 -> -1.1 | K18: =J18/I19 -> -0.31828704 | L18: ='S7'!E9 -> 3.314 | M18: ='S7'!E10-'S7'!E9 -> 3.418 | N18: =M18/L19 -> 0.5077243 | O18: ='S7'!B24 -> 3.19 | P18: ='S7'!B25-'S7'!B24 -> -0.14 | Q18: =P18/O19 -> -0.045901639 | R18: ='S7'!C24 -> 3.936 | S18: ='S7'!C25-'S7'!C24 -> -0.876 | T18: =S18/R19 -> -0.28627451 | U18: ='S7'!D24 -> 2.954 | V18: ='S7'!D25-'S7'!D24 -> -0.494 | W18: =V18/U19 -> -0.20081301 | X18: ='S7'!E24 -> 3.283 | Y18: ='S7'!E25-'S7'!E24 -> 0.597 | Z18: =Y18/X19 -> 0.15386598
B19: faktur.kal. | C19: ='S7'!B10 -> 3.42 | F19: ='S7'!C10 -> 9.468 | I19: ='S7'!D10 -> 3.456 | L19: ='S7'!E10 -> 6.732 | O19: ='S7'!B25 -> 3.05 | R19: ='S7'!C25 -> 3.06 | U19: ='S7'!D25 -> 2.46 | X19: ='S7'!E25 -> 3.88
A20: srpen | B20: součty kal. | C20: ='S8'!B9 -> 3.473 | D20: ='S8'!B10-'S8'!B9 -> 1.711 | E20: =D20/C21 -> 0.33005401 | F20: ='S8'!C9 -> 6.015 | G20: ='S8'!C10-'S8'!C9 -> 4.173 | H20: =G20/F21 -> 0.40959953 | I20: ='S8'!D9 -> 4.475 | J20: ='S8'!D10-'S8'!D9 -> 0.673 | K20: =J20/I21 -> 0.13073038 | L20: ='S8'!E9 -> 3.72 | M20: ='S8'!E10-'S8'!E9 -> 3.264 | N20: =M20/L21 -> 0.46735395 | O20: ='S8'!B24 -> 3.547 | P20: ='S8'!B25-'S8'!B24 -> 1.113 | Q20: =P20/O21 -> 0.2388412 | R20: ='S8'!C24 -> 5.392 | S20: ='S8'!C25-'S8'!C24 -> -0.182 | T20: =S20/R21 -> -0.034932821 | U20: ='S8'!D24 -> 3.031 | V20: ='S8'!D25-'S8'!D24 -> 1.069 | W20: =V20/U21 -> 0.26073171 | X20: ='S8'!E24 -> 3.597 | Y20: ='S8'!E25-'S8'!E24 -> 2.183 | Z20: =Y20/X21 -> 0.37768166
B21: faktur.kal. | C21: ='S8'!B10 -> 5.184 | F21: ='S8'!C10 -> 10.188 | I21: ='S8'!D10 -> 5.148 | L21: ='S8'!E10 -> 6.984 | O21: ='S8'!B25 -> 4.66 | R21: ='S8'!C25 -> 5.21 | U21: ='S8'!D25 -> 4.1 | X21: ='S8'!E25 -> 5.78
A22: září | B22: součty kal. | C22: ='S9'!B9 -> 5.775 | D22: ='S9'!B10-'S9'!B9 -> 0.453 | E22: =D22/C23 -> 0.072736031 | F22: ='S9'!C9 -> 6.759 | G22: ='S9'!C10-'S9'!C9 -> 4.113 | H22: =G22/F23 -> 0.37831126 | I22: ='S9'!D9 -> 6.977 | J22: ='S9'!D10-'S9'!D9 -> -1.721 | K22: =J22/I23 -> -0.32743531 | L22: ='S9'!E9 -> 4.183 | M22: ='S9'!E10-'S9'!E9 -> 2.657 | N22: =M22/L23 -> 0.38845029 | O22: ='S9'!B24 -> 4.256 | P22: ='S9'!B25-'S9'!B24 -> -0.536 | Q22: =P22/O23 -> -0.14408602 | R22: ='S9'!C24 -> 6.264 | S22: ='S9'!C25-'S9'!C24 -> -0.424 | T22: =S22/R23 -> -0.07260274 | U22: ='S9'!D24 -> 3.946 | V22: ='S9'!D25-'S9'!D24 -> -0.546 | W22: =V22/U23 -> -0.16058824 | X22: ='S9'!E24 -> 4.826 | Y22: ='S9'!E25-'S9'!E24 -> -0.166 | Z22: =Y22/X23 -> -0.035622318
B23: faktur.kal. | C23: ='S9'!B10 -> 6.228 | F23: ='S9'!C10 -> 10.872 | I23: ='S9'!D10 -> 5.256 | L23: ='S9'!E10 -> 6.84 | O23: ='S9'!B25 -> 3.72 | R23: ='S9'!C25 -> 5.84 | U23: ='S9'!D25 -> 3.4 | X23: ='S9'!E25 -> 4.66
A24: říjen | B24: součty kal. | C24: ='S10'!B9 -> 10.088 | D24: ='S10'!B10-'S10'!B9 -> 0.712 | E24: =D24/C25 -> 0.065925926 | F24: ='S10'!C9 -> 15.936 | G24: ='S10'!C10-'S10'!C9 -> 5.34 | H24: =G24/F25 -> 0.25098703 | I24: ='S10'!D9 -> 18.742 | J24: ='S10'!D10-'S10'!D9 -> -0.598 | K24: =J24/I25 -> -0.032958554 | L24: ='S10'!E9 -> 12.279 | M24: ='S10'!E10-'S10'!E9 -> 2.445 | N24: =M24/L25 -> 0.16605542 | O24: ='S10'!B24 -> 12.497 | P24: ='S10'!B25-'S10'!B24 -> -0.167 | Q24: =P24/O25 -> -0.013544201 | R24: ='S10'!C24 -> 16.915 | S24: ='S10'!C25-'S10'!C24 -> 0.365 | T24: =S24/R25 -> 0.021122685 | U24: ='S10'!D24 -> 13.454 | V24: ='S10'!D25-'S10'!D24 -> 0.596 | W24: =V24/U25 -> 0.042419929 | X24: ='S10'!E24 -> 13.548 | Y24: ='S10'!E25-'S10'!E24 -> 0.532 | Z24: =Y24/X25 -> 0.037784091
B25: faktur.kal. | C25: ='S10'!B10 -> 10.8 | F25: ='S10'!C10 -> 21.276 | I25: ='S10'!D10 -> 18.144 | L25: ='S10'!E10 -> 14.724 | O25: ='S10'!B25 -> 12.33 | R25: ='S10'!C25 -> 17.28 | U25: ='S10'!D25 -> 14.05 | X25: ='S10'!E25 -> 14.08
A26: listopad | B26: součty kal. | C26: ='S11'!B9 -> 24.746 | D26: ='S11'!B10-'S11'!B9 -> 1.93 | E26: =D26/C27 -> 0.072349678 | F26: ='S11'!C9 -> 31.916 | G26: ='S11'!C10-'S11'!C9 -> 3.508 | H26: =G26/F27 -> 0.099028907 | I26: ='S11'!D9 -> 31.904 | J26: ='S11'!D10-'S11'!D9 -> 0.964 | K26: =J26/I27 -> 0.029329439 | L26: ='S11'!E9 -> 26.301 | M26: ='S11'!E10-'S11'!E9 -> 1.419 | N26: =M26/L27 -> 0.051190476 | O26: ='S11'!B24 -> 25.324 | P26: ='S11'!B25-'S11'!B24 -> 1.406 | Q26: =P26/O27 -> 0.052600075 | R26: ='S11'!C24 -> 29.441 | S26: ='S11'!C25-'S11'!C24 -> 2.249 | T26: =S26/R27 -> 0.07096876 | U26: ='S11'!D24 -> 27.673 | V26: ='S11'!D25-'S11'!D24 -> 2.287 | W26: =V26/U27 -> 0.076335113 | X26: ='S11'!E24 -> 28.206 | Y26: ='S11'!E25-'S11'!E24 -> 2.504 | Z26: =Y26/X27 -> 0.081536959
B27: faktur.kal. | C27: ='S11'!B10 -> 26.676 | F27: ='S11'!C10 -> 35.424 | I27: ='S11'!D10 -> 32.868 | L27: ='S11'!E10 -> 27.72 | O27: ='S11'!B25 -> 26.73 | R27: ='S11'!C25 -> 31.69 | U27: ='S11'!D25 -> 29.96 | X27: ='S11'!E25 -> 30.71
A28: prosinec | B28: součty kal. | C28: ='S12'!B9 -> 29.817 | D28: ='S12'!B10-'S12'!B9 -> 2.043 | E28: =D28/C29 -> 0.064124294 | F28: ='S12'!C9 -> 41.669 | G28: ='S12'!C10-'S12'!C9 -> 3.799 | H28: =G28/F29 -> 0.083553268 | I28: ='S12'!D9 -> 36.771 | J28: ='S12'!D10-'S12'!D9 -> 1.641 | K28: =J28/I29 -> 0.042721025 | L28: ='S12'!E9 -> 34.023 | M28: ='S12'!E10-'S12'!E9 -> 2.193 | N28: =M28/L29 -> 0.060553347 | O28: ='S12'!B24 -> 32.754 | P28: ='S12'!B25-'S12'!B24 -> 1.776 | Q28: =P28/O29 -> 0.051433536 | R28: ='S12'!C24 -> 37.509 | S28: ='S12'!C25-'S12'!C24 -> 2.911 | T28: =S28/R29 -> 0.072018803 | U28: ='S12'!D24 -> 35.126 | V28: ='S12'!D25-'S12'!D24 -> 3.014 | W28: =V28/U29 -> 0.079024646 | X28: ='S12'!E24 -> 35.85 | Y28: ='S12'!E25-'S12'!E24 -> 3.28 | Z28: =Y28/X29 -> 0.083823154
B29: faktur.kal. | C29: ='S12'!B10 -> 31.86 | F29: ='S12'!C10 -> 45.468 | I29: ='S12'!D10 -> 38.412 | L29: ='S12'!E10 -> 36.216 | O29: ='S12'!B25 -> 34.53 | R29: ='S12'!C25 -> 40.42 | U29: ='S12'!D25 -> 38.14 | X29: ='S12'!E25 -> 39.13
B30: Poznámka:
A31: CELKEM ROZDÍL v GJ | D31: =SUM(D6:D29) -> 24.03 | G31: =SUM(G6:G29) -> 54.288 | J31: =SUM(J6:J29) -> 2.103 | M31: =SUM(M6:M29) -> 40.627 | P31: =SUM(P6:P29) -> 10.647 | S31: =SUM(S6:S29) -> 13.274 | V31: =SUM(V6:V29) -> 15.38 | Y31: =SUM(Y6:Y29) -> 25.669
A33: CELKEM ROZDÍL v % | D33: =(D6+D8+D10+D12+D14+D16+D18+D20+D22+D24+D26+D28)/(C7+C9+C11+C13+C15+C17+C19+C21+C23+C25+C27+C29) -> 0.11239266 | G33: =(G6+G8+G10+G12+G14+G16+G18+G20+G22+G24+G26+G28)/(F7+F9+F11+F13+F15+F17+F19+F21+F23+F25+F27+F29) -> 0.16362847 | J33: =(J6+J8+J10+J12+J14+J16+J18+J20+J22+J24+J26+J28)/(I7+I9+I11+I13+I15+I17+I19+I21+I23+I25+I27+I29) -> 0.0081861921 | M33: =(M6+M8+M10+M12+M14+M16+M18+M20+M22+M24+M26+M28)/(L7+L9+L11+L13+L15+L17+L19+L21+L23+L25+L27+L29) -> 0.1646044 | P33: =(P6+P8+P10+P12+P14+P16+P18+P20+P22+P24+P26+P28)/(O7+O9+O11+O13+O15+O17+O19+O21+O23+O25+O27+O29) -> 0.047708025 | S33: =(S6+S8+S10+S12+S14+S16+S18+S20+S22+S24+S26+S28)/(R7+R9+R11+R13+R15+R17+R19+R21+R23+R25+R27+R29) -> 0.047679598 | V33: =(V6+V8+V10+V12+V14+V16+V18+V20+V22+V24+V26+V28)/(U7+U9+U11+U13+U15+U17+U19+U21+U23+U25+U27+U29) -> 0.067021091 | Y33: =(Y6+Y8+Y10+Y12+Y14+Y16+Y18+Y20+Y22+Y24+Y26+Y28)/(X7+X9+X11+X13+X15+X17+X19+X21+X23+X25+X27+X29) -> 0.10216517
D34: 1850 | G34: 1851 | J34: 1852 | M34: 1853 | P34: 1854 | S34: 1855 | V34: 1856 | Y34: 1857

Sheet Rozdíly (2)
A1: Přehled rozdílů a ztrát za teplo v GJ
C3: 1850 | F3: 51 | I3: 52 | L3: 53 | O3: 54 | R3: 55 | U3: 56 | X3: 57
C4: 1850 | F4: 1851 | I4: 1852 | L4: 1853 | O4: 1854 | R4: 1855 | U4: 1856 | X4: 1857
C5: odečet | D5: rozdíl [GJ] | E5: rozdíl [%] | F5: odečet | G5: rozdíl [GJ] | H5: rozdíl [%] | I5: odečet | J5: rozdíl [GJ] | K5: rozdíl [%] | L5: odečet | M5: rozdíl [GJ] | N5: rozdíl [%] | O5: odečet | P5: rozdíl [GJ] | Q5: rozdíl [%] | R5: odečet | S5: rozdíl [GJ] | T5: rozdíl [%] | U5: odečet | V5: rozdíl [GJ] | W5: rozdíl [%] | X5: odečet | Y5: rozdíl [GJ] | Z5: rozdíl [%]
A6: leden | B6: součty kal. | C6: ='S1'!B9 -> 34.28 | D6: ='S1'!B10-'S1'!B9 -> 4.96 | E6: =D6/C7 -> 0.12640163 | F6: ='S1'!C9 -> 46.576 | G6: ='S1'!C10-'S1'!C9 -> 5.12 | H6: =G6/F7 -> 0.099040545 | I6: ='S1'!D9 -> 43.387 | J6: ='S1'!D10-'S1'!D9 -> 2.225 | K6: =J6/I7 -> 0.048781023 | L6: ='S1'!E9 -> 37.447 | M6: ='S1'!E10-'S1'!E9 -> 4.889 | N6: =M6/L7 -> 0.11548091 | O6: ='S1'!B24 -> 38.239 | P6: ='S1'!B25-'S1'!B24 -> 2.161 | Q6: =P6/O7 -> 0.053490099 | R6: ='S1'!C24 -> 44.707 | S6: ='S1'!C25-'S1'!C24 -> 3.033 | T6: =S6/R7 -> 0.06353163 | U6: ='S1'!D24 -> 38.771 | V6: ='S1'!D25-'S1'!D24 -> 3.279 | W6: =V6/U7 -> 0.077978597 | X6: ='S1'!E24 -> 39.888 | Y6: ='S1'!E25-'S1'!E24 -> 4.862 | Z6: =Y6/X7 -> 0.10864804
B7: faktur.kal. | C7: ='S1'!B10 -> 39.24 | F7: ='S1'!C10 -> 51.696 | I7: ='S1'!D10 -> 45.612 | L7: ='S1'!E10 -> 42.336 | O7: ='S1'!B25 -> 40.4 | R7: ='S1'!C25 -> 47.74 | U7: ='S1'!D25 -> 42.05 | X7: ='S1'!E25 -> 44.75
A8: únor | B8: součty kal. | C8: ='S2'!B9 -> 29.429 | D8: ='S2'!B10-'S2'!B9 -> 3.943 | E8: =D8/C9 -> 0.11815294 | F8: ='S2'!C9 -> 42.4 | G8: ='S2'!C10-'S2'!C9 -> 5.012 | H8: =G8/F9 -> 0.10571163 | I8: ='S2'!D9 -> 37.307 | J8: ='S2'!D10-'S2'!D9 -> 0.025 | K8: =J8/I9 -> 0.00066966677 | L8: ='S2'!E9 -> 32.7 | M8: ='S2'!E10-'S2'!E9 -> 4.344 | N8: =M8/L9 -> 0.11726595 | O8: ='S2'!B24 -> 32.927 | P8: ='S2'!B25-'S2'!B24 -> 2.143 | Q8: =P8/O9 -> 0.061106359 | R8: ='S2'!C24 -> 40.317 | S8: ='S2'!C25-'S2'!C24 -> 2.963 | T8: =S8/R9 -> 0.068461183 | U8: ='S2'!D24 -> 33.968 | V8: ='S2'!D25-'S2'!D24 -> 3.032 | W8: =V8/U9 -> 0.081945946 | X8: ='S2'!E24 -> 33.513 | Y8: ='S2'!E25-'S2'!E24 -> 5.027 | Z8: =Y8/X9 -> 0.13043591
B9: faktur.kal. | C9: ='S2'!B10 -> 33.372 | F9: ='S2'!C10 -> 47.412 | I9: ='S2'!D10 -> 37.332 | L9: ='S2'!E10 -> 37.044 | O9: ='S2'!B25 -> 35.07 | R9: ='S2'!C25 -> 43.28 | U9: ='S2'!D25 -> 37 | X9: ='S2'!E25 -> 38.54
A10: březen | B10: součty kal. | C10: ='S3'!B9 -> 23.475 | D10: ='S3'!B10-'S3'!B9 -> 3.633 | E10: =D10/C11 -> 0.13401948 | F10: ='S3'!C9 -> 34.714 | G10: ='S3'!C10-'S3'!C9 -> 5.21 | H10: =G10/F11 -> 0.13049795 | I10: ='S3'!D9 -> 30.153 | J10: ='S3'!D10-'S3'!D9 -> 0.195 | K10: =J10/I11 -> 0.0064254646 | L10: ='S3'!E9 -> 25.824 | M10: ='S3'!E10-'S3'!E9 -> 4.272 | N10: =M10/L11 -> 0.14194577 | O10: ='S3'!B24 -> 26.552 | P10: ='S3'!B25-'S3'!B24 -> 1.528 | Q10: =P10/O11 -> 0.054415954 | R10: ='S3'!C24 -> 33.361 | S10: ='S3'!C25-'S3'!C24 -> 2.009 | T10: =S10/R11 -> 0.056799548 | U10: ='S3'!D24 -> 25.618 | V10: ='S3'!D25-'S3'!D24 -> 2.262 | W10: =V10/U11 -> 0.081133429 | X10: ='S3'!E24 -> 27.854 | Y10: ='S3'!E25-'S3'!E24 -> 3.426 | Z10: =Y10/X11 -> 0.10952685
B11: faktur.kal. | C11: ='S3'!B10 -> 27.108 | F11: ='S3'!C10 -> 39.924 | I11: ='S3'!D10 -> 30.348 | L11: ='S3'!E10 -> 30.096 | O11: ='S3'!B25 -> 28.08 | R11: ='S3'!C25 -> 35.37 | U11: ='S3'!D25 -> 27.88 | X11: ='S3'!E25 -> 31.28
A12: duben | B12: součty kal. | C12: ='S4'!B9 -> 15.599 | D12: ='S4'!B10-'S4'!B9 -> 2.221 | E12: =D12/C13 -> 0.12463524 | F12: ='S4'!C9 -> 25.424 | G12: ='S4'!C10-'S4'!C9 -> 4.96 | H12: =G12/F13 -> 0.16324381 | I12: ='S4'!D9 -> 21.1 | J12: ='S4'!D10-'S4'!D9 -> 0.284 | K12: =J12/I13 -> 0.013280958 | L12: ='S4'!E9 -> 15.147 | M12: ='S4'!E10-'S4'!E9 -> 4.041 | N12: =M12/L13 -> 0.21060038 | O12: ='S4'!B24 -> 18.734 | P12: ='S4'!B25-'S4'!B24 -> 0.976 | Q12: =P12/O13 -> 0.049518011 | R12: ='S4'!C24 -> 25.654 | S12: ='S4'!C25-'S4'!C24 -> 1.456 | T12: =S12/R13 -> 0.053707119 | U12: ='S4'!D24 -> 16.819 | V12: ='S4'!D25-'S4'!D24 -> 1.371 | W12: =V12/U13 -> 0.075371083 | X12: ='S4'!E24 -> 19.845 | Y12: ='S4'!E25-'S4'!E24 -> 2.135 | Z12: =Y12/X13 -> 0.097133758
B13: faktur.kal. | C13: ='S4'!B10 -> 17.82 | F13: ='S4'!C10 -> 30.384 | I13: ='S4'!D10 -> 21.384 | L13: ='S4'!E10 -> 19.188 | O13: ='S4'!B25 -> 19.71 | R13: ='S4'!C25 -> 27.11 | U13: ='S4'!D25 -> 18.19 | X13: ='S4'!E25 -> 21.98
A14: květen | B14: součty kal. | C14: ='S5'!B9 -> 6.579 | D14: ='S5'!B10-'S5'!B9 -> 1.233 | E14: =D14/C15 -> 0.1578341 | F14: ='S5'!C9 -> 14.02 | G14: ='S5'!C10-'S5'!C9 -> 4.772 | H14: =G14/F15 -> 0.25393785 | I14: ='S5'!D9 -> 12.362 | J14: ='S5'!D10-'S5'!D9 -> -0.374 | K14: =J14/I15 -> -0.031197865 | L14: ='S5'!E9 -> 7.461 | M14: ='S5'!E10-'S5'!E9 -> 4.239 | N14: =M14/L15 -> 0.36230769 | O14: ='S5'!B24 -> 11.034 | P14: ='S5'!B25-'S5'!B24 -> 0.396 | Q14: =P14/O15 -> 0.034645669 | R14: ='S5'!C24 -> 16.53 | S14: ='S5'!C25-'S5'!C24 -> 0.53 | T14: =S14/R15 -> 0.031066823 | U14: ='S5'!D24 -> 8.955 | V14: ='S5'!D25-'S5'!D24 -> 0.155 | W14: =V14/U15 -> 0.01701427 | X14: ='S5'!E24 -> 10.099 | Y14: ='S5'!E25-'S5'!E24 -> 1.331 | Z14: =Y14/X15 -> 0.11644794
B15: faktur.kal. | C15: ='S5'!B10 -> 7.812 | F15: ='S5'!C10 -> 18.792 | I15: ='S5'!D10 -> 11.988 | L15: ='S5'!E10 -> 11.7 | O15: ='S5'!B25 -> 11.43 | R15: ='S5'!C25 -> 17.06 | U15: ='S5'!D25 -> 9.11 | X15: ='S5'!E25 -> 11.43
A16: červen | B16: součty kal. | C16: ='S6'!B9 -> 3.502 | D16: ='S6'!B10-'S6'!B9 -> 0.782 | E16: =D16/C17 -> 0.18253968 | F16: ='S6'!C9 -> 6.704 | G16: ='S6'!C10-'S6'!C9 -> 4.168 | H16: =G16/F17 -> 0.38337013 | I16: ='S6'!D9 -> 7.059 | J16: ='S6'!D10-'S6'!D9 -> -0.111 | K16: =J16/I17 -> -0.01597582 | L16: ='S6'!E9 -> 3.79 | M16: ='S6'!E10-'S6'!E9 -> 3.446 | N16: =M16/L17 -> 0.47622996 | O16: ='S6'!B24 -> 3.469 | P16: ='S6'!B25-'S6'!B24 -> -0.009 | Q16: =P16/O17 -> -0.0026011561 | R16: ='S6'!C24 -> 5.1 | S16: ='S6'!C25-'S6'!C24 -> -0.76 | T16: =S16/R17 -> -0.17511521 | U16: ='S6'!D24 -> 3.785 | V16: ='S6'!D25-'S6'!D24 -> -0.645 | W16: =V16/U17 -> -0.20541401 | X16: ='S6'!E24 -> 5.072 | Y16: ='S6'!E25-'S6'!E24 -> -0.042 | Z16: =Y16/X17 -> -0.0083499006
B17: faktur.kal. | C17: ='S6'!B10 -> 4.284 | F17: ='S6'!C10 -> 10.872 | I17: ='S6'!D10 -> 6.948 | L17: ='S6'!E10 -> 7.236 | O17: ='S6'!B25 -> 3.46 | R17: ='S6'!C25 -> 4.34 | U17: ='S6'!D25 -> 3.14 | X17: ='S6'!E25 -> 5.03
A18: červenec | B18: součty kal. | C18: ='S7'!B9 -> 3.011 | D18: ='S7'!B10-'S7'!B9 -> 0.409 | E18: =D18/C19 -> 0.11959064 | F18: ='S7'!C9 -> 5.355 | G18: ='S7'!C10-'S7'!C9 -> 4.113 | H18: =G18/F19 -> 0.43441065 | I18: ='S7'!D9 -> 4.556 | J18: ='S7'!D10-'S7'!D9 -> -1.1 | K18: =J18/I19 -> -0.31828704 | L18: ='S7'!E9 -> 3.314 | M18: ='S7'!E10-'S7'!E9 -> 3.418 | N18: =M18/L19 -> 0.5077243 | O18: ='S7'!B24 -> 3.19 | P18: ='S7'!B25-'S7'!B24 -> -0.14 | Q18: =P18/O19 -> -0.045901639 | R18: ='S7'!C24 -> 3.936 | S18: ='S7'!C25-'S7'!C24 -> -0.876 | T18: =S18/R19 -> -0.28627451 | U18: ='S7'!D24 -> 2.954 | V18: ='S7'!D25-'S7'!D24 -> -0.494 | W18: =V18/U19 -> -0.20081301 | X18: ='S7'!E24 -> 3.283 | Y18: ='S7'!E25-'S7'!E24 -> 0.597 | Z18: =Y18/X19 -> 0.15386598
B19: faktur.kal. | C19: ='S7'!B10 -> 3.42 | F19: ='S7'!C10 -> 9.468 | I19: ='S7'!D10 -> 3.456 | L19: ='S7'!E10 -> 6.732 | O19: ='S7'!B25 -> 3.05 | R19: ='S7'!C25 -> 3.06 | U19: ='S7'!D25 -> 2.46 | X19: ='S7'!E25 -> 3.88
A20: srpen | B20: součty kal. | C20: ='S8'!B9 -> 3.473 | D20: ='S8'!B10-'S8'!B9 -> 1.711 | E20: =D20/C21 -> 0.33005401 | F20: ='S8'!C9 -> 6.015 | G20: ='S8'!C10-'S8'!C9 -> 4.173 | H20: =G20/F21 -> 0.40959953 | I20: ='S8'!D9 -> 4.475 | J20: ='S8'!D10-'S8'!D9 -> 0.673 | K20: =J20/I21 -> 0.13073038 | L20: ='S8'!E9 -> 3.72 | M20: ='S8'!E10-'S8'!E9 -> 3.264 | N20: =M20/L21 -> 0.46735395 | O20: ='S8'!B24 -> 3.547 | P20: ='S8'!B25-'S8'!B24 -> 1.113 | Q20: =P20/O21 -> 0.2388412 | R20: ='S8'!C24 -> 5.392 | S20: ='S8'!C25-'S8'!C24 -> -0.182 | T20: =S20/R21 -> -0.034932821 | U20: ='S8'!D24 -> 3.031 | V20: ='S8'!D25-'S8'!D24 -> 1.069 | W20: =V20/U21 -> 0.26073171 | X20: ='S8'!E24 -> 3.597 | Y20: ='S8'!E25-'S8'!E24 -> 2.183 | Z20: =Y20/X21 -> 0.37768166
B21: faktur.kal. | C21: ='S8'!B10 -> 5.184 | F21: ='S8'!C10 -> 10.188 | I21: ='S8'!D10 -> 5.148 | L21: ='S8'!E10 -> 6.984 | O21: ='S8'!B25 -> 4.66 | R21: ='S8'!C25 -> 5.21 | U21: ='S8'!D25 -> 4.1 | X21: ='S8'!E25 -> 5.78
A22: září | B22: součty kal. | C22: ='S9'!B9 -> 5.775 | D22: ='S9'!B10-'S9'!B9 -> 0.453 | E22: =D22/C23 -> 0.072736031 | F22: ='S9'!C9 -> 6.759 | G22: ='S9'!C10-'S9'!C9 -> 4.113 | H22: =G22/F23 -> 0.37831126 | I22: ='S9'!D9 -> 6.977 | J22: ='S9'!D10-'S9'!D9 -> -1.721 | K22: =J22/I23 -> -0.32743531 | L22: ='S9'!E9 -> 4.183 | M22: ='S9'!E10-'S9'!E9 -> 2.657 | N22: =M22/L23 -> 0.38845029 | O22: ='S9'!B24 -> 4.256 | P22: ='S9'!B25-'S9'!B24 -> -0.536 | Q22: =P22/O23 -> -0.14408602 | R22: ='S9'!C24 -> 6.264 | S22: ='S9'!C25-'S9'!C24 -> -0.424 | T22: =S22/R23 -> -0.07260274 | U22: ='S9'!D24 -> 3.946 | V22: ='S9'!D25-'S9'!D24 -> -0.546 | W22: =V22/U23 -> -0.16058824 | X22: ='S9'!E24 -> 4.826 | Y22: ='S9'!E25-'S9'!E24 -> -0.166 | Z22: =Y22/X23 -> -0.035622318
B23: faktur.kal. | C23: ='S9'!B10 -> 6.228 | F23: ='S9'!C10 -> 10.872 | I23: ='S9'!D10 -> 5.256 | L23: ='S9'!E10 -> 6.84 | O23: ='S9'!B25 -> 3.72 | R23: ='S9'!C25 -> 5.84 | U23: ='S9'!D25 -> 3.4 | X23: ='S9'!E25 -> 4.66
A24: říjen | B24: součty kal. | C24: ='S10'!B9 -> 10.088 | D24: ='S10'!B10-'S10'!B9 -> 0.712 | E24: =D24/C25 -> 0.065925926 | F24: ='S10'!C9 -> 15.936 | G24: ='S10'!C10-'S10'!C9 -> 5.34 | H24: =G24/F25 -> 0.25098703 | I24: ='S10'!D9 -> 18.742 | J24: ='S10'!D10-'S10'!D9 -> -0.598 | K24: =J24/I25 -> -0.032958554 | L24: ='S10'!E9 -> 12.279 | M24: ='S10'!E10-'S10'!E9 -> 2.445 | N24: =M24/L25 -> 0.16605542 | O24: ='S10'!B24 -> 12.497 | P24: ='S10'!B25-'S10'!B24 -> -0.167 | Q24: =P24/O25 -> -0.013544201 | R24: ='S10'!C24 -> 16.915 | S24: ='S10'!C25-'S10'!C24 -> 0.365 | T24: =S24/R25 -> 0.021122685 | U24: ='S10'!D24 -> 13.454 | V24: ='S10'!D25-'S10'!D24 -> 0.596 | W24: =V24/U25 -> 0.042419929 | X24: ='S10'!E24 -> 13.548 | Y24: ='S10'!E25-'S10'!E24 -> 0.532 | Z24: =Y24/X25 -> 0.037784091
B25: faktur.kal. | C25: ='S10'!B10 -> 10.8 | F25: ='S10'!C10 -> 21.276 | I25: ='S10'!D10 -> 18.144 | L25: ='S10'!E10 -> 14.724 | O25: ='S10'!B25 -> 12.33 | R25: ='S10'!C25 -> 17.28 | U25: ='S10'!D25 -> 14.05 | X25: ='S10'!E25 -> 14.08
A26: listopad | B26: součty kal. | C26: ='S11'!B9 -> 24.746 | D26: ='S11'!B10-'S11'!B9 -> 1.93 | E26: =D26/C27 -> 0.072349678 | F26: ='S11'!C9 -> 31.916 | G26: ='S11'!C10-'S11'!C9 -> 3.508 | H26: =G26/F27 -> 0.099028907 | I26: ='S11'!D9 -> 31.904 | J26: ='S11'!D10-'S11'!D9 -> 0.964 | K26: =J26/I27 -> 0.029329439 | L26: ='S11'!E9 -> 26.301 | M26: ='S11'!E10-'S11'!E9 -> 1.419 | N26: =M26/L27 -> 0.051190476 | O26: ='S11'!B24 -> 25.324 | P26: ='S11'!B25-'S11'!B24 -> 1.406 | Q26: =P26/O27 -> 0.052600075 | R26: ='S11'!C24 -> 29.441 | S26: ='S11'!C25-'S11'!C24 -> 2.249 | T26: =S26/R27 -> 0.07096876 | U26: ='S11'!D24 -> 27.673 | V26: ='S11'!D25-'S11'!D24 -> 2.287 | W26: =V26/U27 -> 0.076335113 | X26: ='S11'!E24 -> 28.206 | Y26: ='S11'!E25-'S11'!E24 -> 2.504 | Z26: =Y26/X27 -> 0.081536959
B27: faktur.kal. | C27: ='S11'!B10 -> 26.676 | F27: ='S11'!C10 -> 35.424 | I27: ='S11'!D10 -> 32.868 | L27: ='S11'!E10 -> 27.72 | O27: ='S11'!B25 -> 26.73 | R27: ='S11'!C25 -> 31.69 | U27: ='S11'!D25 -> 29.96 | X27: ='S11'!E25 -> 30.71
A28: prosinec | B28: součty kal. | C28: ='S12'!B9 -> 29.817 | D28: ='S12'!B10-'S12'!B9 -> 2.043 | E28: =D28/C29 -> 0.064124294 | F28: ='S12'!C9 -> 41.669 | G28: ='S12'!C10-'S12'!C9 -> 3.799 | H28: =G28/F29 -> 0.083553268 | I28: ='S12'!D9 -> 36.771 | J28: ='S12'!D10-'S12'!D9 -> 1.641 | K28: =J28/I29 -> 0.042721025 | L28: ='S12'!E9 -> 34.023 | M28: ='S12'!E10-'S12'!E9 -> 2.193 | N28: =M28/L29 -> 0.060553347 | O28: ='S12'!B24 -> 32.754 | P28: ='S12'!B25-'S12'!B24 -> 1.776 | Q28: =P28/O29 -> 0.051433536 | R28: ='S12'!C24 -> 37.509 | S28: ='S12'!C25-'S12'!C24 -> 2.911 | T28: =S28/R29 -> 0.072018803 | U28: ='S12'!D24 -> 35.126 | V28: ='S12'!D25-'S12'!D24 -> 3.014 | W28: =V28/U29 -> 0.079024646 | X28: ='S12'!E24 -> 35.85 | Y28: ='S12'!E25-'S12'!E24 -> 3.28 | Z28: =Y28/X29 -> 0.083823154
B29: faktur.kal. | C29: ='S12'!B10 -> 31.86 | F29: ='S12'!C10 -> 45.468 | I29: ='S12'!D10 -> 38.412 | L29: ='S12'!E10 -> 36.216 | O29: ='S12'!B25 -> 34.53 | R29: ='S12'!C25 -> 40.42 | U29: ='S12'!D25 -> 38.14 | X29: ='S12'!E25 -> 39.13
A31: CELKEM ROZDÍL v GJ | D31: =SUM(D6:D29) -> 24.03 | G31: =SUM(G6:G29) -> 54.288 | J31: =SUM(J6:J29) -> 2.103 | M31: =SUM(M6:M29) -> 40.627 | P31: =SUM(P6:P29) -> 10.647 | S31: =SUM(S6:S29) -> 13.274 | V31: =SUM(V6:V29) -> 15.38 | Y31: =SUM(Y6:Y29) -> 25.669
A33: CELKEM ROZDÍL v % | D33: =(D6+D8+D10+D12+D14+D16+D18+D20+D22+D24+D26+D28)/(C7+C9+C11+C13+C15+C17+C19+C21+C23+C25+C27+C29) -> 0.11239266 | G33: =(G6+G8+G10+G12+G14+G16+G18+G20+G22+G24+G26+G28)/(F7+F9+F11+F13+F15+F17+F19+F21+F23+F25+F27+F29) -> 0.16362847 | J33: =(J6+J8+J10+J12+J14+J16+J18+J20+J22+J24+J26+J28)/(I7+I9+I11+I13+I15+I17+I19+I21+I23+I25+I27+I29) -> 0.0081861921 | M33: =(M6+M8+M10+M12+M14+M16+M18+M20+M22+M24+M26+M28)/(L7+L9+L11+L13+L15+L17+L19+L21+L23+L25+L27+L29) -> 0.1646044 | P33: =(P6+P8+P10+P12+P14+P16+P18+P20+P22+P24+P26+P28)/(O7+O9+O11+O13+O15+O17+O19+O21+O23+O25+O27+O29) -> 0.047708025 | S33: =(S6+S8+S10+S12+S14+S16+S18+S20+S22+S24+S26+S28)/(R7+R9+R11+R13+R15+R17+R19+R21+R23+R25+R27+R29) -> 0.047679598 | V33: =(V6+V8+V10+V12+V14+V16+V18+V20+V22+V24+V26+V28)/(U7+U9+U11+U13+U15+U17+U19+U21+U23+U25+U27+U29) -> 0.067021091 | Y33: =(Y6+Y8+Y10+Y12+Y14+Y16+Y18+Y20+Y22+Y24+Y26+Y28)/(X7+X9+X11+X13+X15+X17+X19+X21+X23+X25+X27+X29) -> 0.10216517
D34: 1850 | G34: 1851 | J34: 1852 | M34: 1853 | P34: 1854 | S34: 1855 | V34: 1856 | Y34: 1857

Sheet S 2021 %
A1: Sumář - spotřeba rok | B1: ='S1'!B1 -> 2021
A3: Voda - m3 | B3: 1850 | C3: 1851 | D3: 1852 | E3: 1853
A4: Náměry bytových vodoměrů | B4: ='S1'!B4+'S2'!B4+'S3'!B4+'S4'!B4+'S5'!B4+'S6'!B4+'S7'!B4+'S8'!B4+'S9'!B4+'S10'!B4+'S11'!B4+'S12'!B4 -> 667.806 | C4: ='S1'!C4+'S2'!C4+'S3'!C4+'S4'!C4+'S5'!C4+'S6'!C4+'S7'!C4+'S8'!C4+'S9'!C4+'S10'!C4+'S11'!C4+'S12'!C4 -> 1143.893 | D4: ='S1'!D4+'S2'!D4+'S3'!D4+'S4'!D4+'S5'!D4+'S6'!D4+'S7'!D4+'S8'!D4+'S9'!D4+'S10'!D4+'S11'!D4+'S12'!D4 -> 917.102 | E4: ='S1'!E4+'S2'!E4+'S3'!E4+'S4'!E4+'S5'!E4+'S6'!E4+'S7'!E4+'S8'!E4+'S9'!E4+'S10'!E4+'S11'!E4+'S12'!E4 -> 946.889 | G4: =1-B4/B5 -> 0.11396312 | H4: =1-C4/C5 -> 0.064529768 | I4: =1-D4/D5 -> 0.17034377 | J4: =1-E4/E5 -> 0.080868763
A5: Patní vodoměry | B5: ='1850'!O26-'1850'!C26 -> 753.7 | C5: ='1851'!P26-'1851'!D26 -> 1222.8 | D5: ='1852'!O26-'1852'!C26 -> 1105.4 | E5: ='1853'!O27-'1853'!C27 -> 1030.2
A6: Součet patních vodoměrů | B6: =SUM(B5:E5) -> 4112.1 | G6: =1-B6/B7 -> 0.047242817
A7: fakturační vodoměr | B7: ='1850'!O29-'1850'!C29 -> 4316
A8: Teplo - GJ
A9: Náměry bytových kalorimetrů | B9: ='S1'!B9+'S2'!B9+'S3'!B9+'S4'!B9+'S5'!B9+'S6'!B9+'S7'!B9+'S8'!B9+'S9'!B9+'S10'!B9+'S11'!B9+'S12'!B9 -> 189.774 | C9: ='S1'!C9+'S2'!C9+'S3'!C9+'S4'!C9+'S5'!C9+'S6'!C9+'S7'!C9+'S8'!C9+'S9'!C9+'S10'!C9+'S11'!C9+'S12'!C9 -> 277.488 | D9: ='S1'!D9+'S2'!D9+'S3'!D9+'S4'!D9+'S5'!D9+'S6'!D9+'S7'!D9+'S8'!D9+'S9'!D9+'S10'!D9+'S11'!D9+'S12'!D9 -> 254.793 | E9: ='S1'!E9+'S2'!E9+'S3'!E9+'S4'!E9+'S5'!E9+'S6'!E9+'S7'!E9+'S8'!E9+'S9'!E9+'S10'!E9+'S11'!E9+'S12'!E9 -> 206.189 | G9: =1-B9/B10 -> 0.11239266 | H9: =1-C9/C10 -> 0.16362847 | I9: =1-D9/D10 -> 0.0081861921 | J9: =1-E9/E10 -> 0.1646044
A10: Fakturační kalorimetry | B10: =('1850'!O27-'1850'!C27)*3.6 -> 213.804 | C10: =('1851'!P27-'1851'!D27)*3.6 -> 331.776 | D10: =('1852'!O27-'1852'!C27)*3.6 -> 256.896 | E10: =('1853'!O28-'1853'!C28)*3.6 -> 246.816
A11: Elektřina -
A12: Elektroměr dům | B12: ='1850'!O25-'1850'!C25 -> 2844 | C12: ='1851'!P24-'1851'!I70+'1851'!I69-'1851'!D24 -> 3372 | D12: ='1852'!O25-'1852'!H37+'1852'!H36-'1852'!C25 -> 3429 | E12: ='1853'!O24-'1853'!H37+'1853'!H36-'1853'!C24 -> 2188
A14: Elektroměr areál | B14: ='1853'!O25-'1853'!H40+'1853'!H39-'1853'!C25 -> 3926
A15: Vodoměr areál | B15: ='1853'!O26-'1853'!D26 -> 91.676 | C15: ='S 2021'!C15 -> 92
A18: Voda - m3 | B18: 1854 | C18: 1855 | D18: 1856 | E18: 1857
A19: Náměry bytových vodoměrů | B19: ='S1'!B19+'S2'!B19+'S3'!B19+'S4'!B19+'S5'!B19+'S6'!B19+'S7'!B19+'S8'!B19+'S9'!B19+'S10'!B19+'S11'!B19+'S12'!B19 -> 662.422 | C19: ='S1'!C19+'S2'!C19+'S3'!C19+'S4'!C19+'S5'!C19+'S6'!C19+'S7'!C19+'S8'!C19+'S9'!C19+'S10'!C19+'S11'!C19+'S12'!C19 -> 904.301 | D19: ='S1'!D19+'S2'!D19+'S3'!D19+'S4'!D19+'S5'!D19+'S6'!D19+'S7'!D19+'S8'!D19+'S9'!D19+'S10'!D19+'S11'!D19+'S12'!D19 -> 821.781 | E19: ='S1'!E19+'S2'!E19+'S3'!E19+'S4'!E19+'S5'!E19+'S6'!E19+'S7'!E19+'S8'!E19+'S9'!E19+'S10'!E19+'S11'!E19+'S12'!E19 -> 924.809 | G19: =1-B19/B20 -> 0.082899072 | H19: =1-C19/C20 -> 0.12212309 | I19: =1-D19/D20 -> 0.091151294 | J19: =1-E19/E20 -> 0.089665321
A20: Patní vodoměry | B20: ='1854'!O26-'1854'!C26 -> 722.3 | C20: ='1855'!O26-'1855'!C26 -> 1030.1 | D20: ='1856'!O26-'1856'!C26 -> 904.2 | E20: ='1857'!O26-'1857'!C26 -> 1015.9
A21: Součet patních vodoměrů | B21: =SUM(B20:E20) -> 3672.5 | G21: =1-B21/B22 -> -0.043323864
A22: fakturační vodoměr | B22: ='1854'!O29-'1854'!N35+'1854'!N33-'1854'!C29 -> 3520
A23: Teplo - GJ
A24: Náměry bytových kalorimetrů | B24: ='S1'!B24+'S2'!B24+'S3'!B24+'S4'!B24+'S5'!B24+'S6'!B24+'S7'!B24+'S8'!B24+'S9'!B24+'S10'!B24+'S11'!B24+'S12'!B24 -> 212.523 | C24: ='S1'!C24+'S2'!C24+'S3'!C24+'S4'!C24+'S5'!C24+'S6'!C24+'S7'!C24+'S8'!C24+'S9'!C24+'S10'!C24+'S11'!C24+'S12'!C24 -> 265.126 | D24: ='S1'!D24+'S2'!D24+'S3'!D24+'S4'!D24+'S5'!D24+'S6'!D24+'S7'!D24+'S8'!D24+'S9'!D24+'S10'!D24+'S11'!D24+'S12'!D24 -> 214.1 | E24: ='S1'!E24+'S2'!E24+'S3'!E24+'S4'!E24+'S5'!E24+'S6'!E24+'S7'!E24+'S8'!E24+'S9'!E24+'S10'!E24+'S11'!E24+'S12'!E24 -> 225.581 | G24: =1-B24/B25 -> 0.047708025 | H24: =1-C24/C25 -> 0.047679598 | I24: =1-D24/D25 -> 0.067021091 | J24: =1-E24/E25 -> 0.10216517
