Workbook

Sheet Byty odkazy
A1: byt č. | B1: 1850 | C1: SN | D1: datum | E1: Stav
A2: 1 | B2: vodoměr č. | C2: ='1850'!C4 -> 241345698 | D2: ='1850'!P2 -> 0 | E2: ='1850'!P4 -> 0
B3: kalorimetr č. | C3: ='1850'!C5 -> 71182278 | D3: =D2 -> 0 | E3: ='1850'!P5 -> 0
A4: 2 | B4: vodoměr č. | C4: ='1850'!C6 -> 241345701 | D4: =D3 -> 0 | E4: ='1850'!P6 -> 0
B5: kalorimetr č. | C5: ='1850'!C7 -> 71182225 | D5: =D4 -> 0 | E5: ='1850'!P7 -> 0
A6: 3 | B6: vodoměr č. | C6: ='1850'!C8 -> 241345691 | D6: =D5 -> 0 | E6: ='1850'!P8 -> 0
B7: kalorimetr č. | C7: ='1850'!C9 -> 71182284 | D7: =D6 -> 0 | E7: ='1850'!P9 -> 0
A8: 4 | B8: vodoměr č. | C8: ='1850'!C10 -> 241345696 | D8: =D7 -> 0 | E8: ='1850'!P10 -> 0
B9: kalorimetr č. | C9: ='1850'!C11 -> 71182235 | D9: =D8 -> 0 | E9: ='1850'!P11 -> 0
A10: 5 | B10: vodoměr č. | C10: ='1850'!C12 -> 241345690 | D10: =D9 -> 0 | E10: ='1850'!P12 -> 0
B11: kalorimetr č. | C11: ='1850'!C13 -> 71182238 | D11: =D10 -> 0 | E11: ='1850'!P13 -> 0
A12: 6 | B12: vodoměr č. | C12: ='1850'!C14 -> 241345700 | D12: =D11 -> 0 | E12: ='1850'!P14 -> 0
B13: kalorimetr č. | C13: ='1850'!C15 -> 71182269 | D13: =D12 -> 0 | E13: ='1850'!P15 -> 0
A14: 7 | B14: vodoměr č. | C14: ='1850'!C16 -> 241345702 | D14: =D13 -> 0 | E14: ='1850'!P16 -> 0
B15: kalorimetr č. | C15: ='1850'!C17 -> 71182265 | D15: =D14 -> 0 | E15: ='1850'!P17 -> 0
A16: 8 | B16: vodoměr č. | C16: ='1850'!C18 -> 241345699 | D16: =D15 -> 0 | E16: ='1850'!P18 -> 0
B17: kalorimetr č. | C17: ='1850'!C19 -> 71182245 | D17: =D16 -> 0 | E17: ='1850'!P19 -> 0
A18: 9 | B18: vodoměr č. | C18: ='1850'!C20 -> 241345692 | D18: =D17 -> 0 | E18: ='1850'!P20 -> 0
B19: kalorimetr č. | C19: ='1850'!C21 -> 71182280 | D19: =D18 -> 0 | E19: ='1850'!P21 -> 0
A20: 10 | B20: vodoměr č. | C20: ='1850'!C22 -> 241345695 | D20: =D19 -> 0 | E20: ='1850'!P22 -> 0
B21: kalorimetr č. | C21: ='1850'!C23 -> 71182243 | D21: =D20 -> 0 | E21: ='1850'!P23 -> 0
A23: byt č. | B23: 1851 | C23: SN | D23: datum | E23: Stav
A24: 1 | B24: vodoměr č. | C24: ='1851'!D4 -> 241010644 | D24: =D2 -> 0 | E24: ='1851'!Q4 -> 0
B25: kalorimetr č. | C25: ='1851'!D5 -> 71182262 | D25: =D24 -> 0 | E25: ='1851'!Q5 -> 0
A26: 2 | B26: vodoměr č. | C26: ='1851'!D6 -> 241010636 | D26: =D25 -> 0 | E26: ='1851'!Q6 -> 0
A27: 2 a 3 | B27: kalorimetr č. | C27: ='1851'!D7 -> 71182271 | D27: =D26 -> 0 | E27: ='1851'!Q7 -> 0
A28: 5 | B28: vodoměr č. | C28: ='1851'!D8 -> 241010648 | D28: =D27 -> 0 | E28: ='1851'!Q8 -> 0
A29: 5 a 6 | B29: kalorimetr č. | C29: ='1851'!D9 -> 71182241 | D29: =D28 -> 0 | E29: ='1851'!Q9 -> 0
A30: 4 | B30: vodoměr č. | C30: ='1851'!D10 -> 241010642 | D30: =D29 -> 0 | E30: ='1851'!Q10 -> 0
B31: kalorimetr č. | C31: ='1851'!D11 -> 71182237 | D31: =D30 -> 0 | E31: ='1851'!Q11 -> 0
A32: 9 | B32: vodoměr č. | C32: ='1851'!D12 -> 241010637 | D32: =D31 -> 0 | E32: ='1851'!Q12 -> 0
A33: 8 a 9 | B33: kalorimetr č. | C33: ='1851'!D13 -> 71182221 | D33: =D32 -> 0 | E33: ='1851'!Q13 -> 0
A34: 15 | B34: vodoměr č. | C34: ='1851'!D14 -> 241010633 | D34: =D33 -> 0 | E34: ='1851'!Q14 -> 0
A35: 11 a 15 | B35: kalorimetr č. | C35: ='1851'!D15 -> 71182276 | D35: =D34 -> 0 | E35: ='1851'!Q15 -> 0
A36: 7 | B36: vodoměr č. | C36: ='1851'!D16 -> 241010643 | D36: =D35 -> 0 | E36: ='1851'!Q16 -> 0
B37: kalorimetr č. | C37: ='1851'!D17 -> 71182256 | D37: =D36 -> 0 | E37: ='1851'!Q17 -> 0
A38: 13 | B38: vodoměr č. | C38: ='1851'!D18 -> 241010631 | D38: =D37 -> 0 | E38: ='1851'!Q18 -> 0
A39: 12 a 13 | B39: kalorimetr č. | C39: ='1851'!D19 -> 71182279 | D39: =D38 -> 0 | E39: ='1851'!Q19 -> 0
A40: 14 | B40: vodoměr č. | C40: ='1851'!D20 -> 241010632 | D40: =D39 -> 0 | E40: ='1851'!Q20 -> 0
B41: kalorimetr č. | C41: ='1851'!D21 -> 71182252 | D41: =D40 -> 0 | E41: ='1851'!Q21 -> 0
A42: 10 | B42: vodoměr č. | C42: ='1851'!D22 -> 241010635 | D42: =D41 -> 0 | E42: ='1851'!Q22 -> 0
B43: kalorimetr č. | C43: ='1851'!D23 -> 71182234 | D43: =D42 -> 0 | E43: ='1851'!Q23 -> 0
A45: 3 | B45: vodoměr SV č. | C45: ='1851'!D33 -> 241010630 | D45: =D43 -> 0 | E45: ='1851'!Q33 -> 0
A46: 6 | B46: vodoměr SV č. | C46: ='1851'!D34 -> 241010640 | D46: =D45 -> 0 | E46: ='1851'!Q34 -> 0
A47: 8 | B47: vodoměr SV č. | C47: ='1851'!D35 -> 241010650 | D47: =D46 -> 0 | E47: ='1851'!Q35 -> 0
A48: 11 | B48: vodoměr SV č. | C48: ='1851'!D36 -> 241010639 | D48: =D47 -> 0 | E48: ='1851'!Q36 -> 0
A49: 12 | B49: vodoměr SV č. | C49: ='1851'!D37 -> 241010641 | D49: =D48 -> 0 | E49: ='1851'!Q37 -> 0
A51: 2 | B51: vodoměr TUV č. | C51: ='1851'!D40 -> 240093441 | D51: =D49 -> 0 | E51: ='1851'!Q40 -> 0
A52: 3 | B52: vodoměr TUV č. | C52: ='1851'!D41 -> 240093452 | D52: =D51 -> 0 | E52: ='1851'!Q41 -> 0
A53: 5 | B53: vodoměr TUV č. | C53: ='1851'!D42 -> 240093448 | D53: =D52 -> 0 | E53: ='1851'!Q42 -> 0
A54: 6 | B54: vodoměr TUV č. | C54: ='1851'!D43 -> 240093431 | D54: =D53 -> 0 | E54: ='1851'!Q43 -> 0
A55: 9 | B55: vodoměr TUV č. | C55: ='1851'!D44 -> 240093433 | D55: =D54 -> 0 | E55: ='1851'!Q44 -> 0
A56: 8 | B56: vodoměr TUV č. | C56: ='1851'!D45 -> 240093446 | D56: =D55 -> 0 | E56: ='1851'!Q45 -> 0
A57: 15 | B57: vodoměr TUV č. | C57: ='1851'!D46 -> 240093449 | D57: =D56 -> 0 | E57: ='1851'!Q46 -> 0
A58: 11 | B58: vodoměr TUV č. | C58: ='1851'!D47 -> 240092369 | D58: =D57 -> 0 | E58: ='1851'!Q47 -> 0
A59: 13 | B59: vodoměr TUV č. | C59: ='1851'!D48 -> 240093432 | D59: =D58 -> 0 | E59: ='1851'!Q48 -> 0
A60: 12 | B60: vodoměr TUV č. | C60: ='1851'!D49 -> 240093416 | D60: =D59 -> 0 | E60: ='1851'!Q49 -> 0
A62: byt č. | B62: 1852 | C62: SN | D62: datum | E62: Stav
A63: 1 | B63: vodoměr č. | C63: ='1852'!C4 -> 241345697 | D63: =D2 -> 0 | E63: ='1852'!P4 -> 0
B64: kalorimetr č. | C64: ='1852'!C5 -> 71182233 | D64: =D63 -> 0 | E64: ='1852'!P5 -> 0
A65: 2 | B65: vodoměr č. | C65: ='1852'!C6 -> 241345687 | D65: =D64 -> 0 | E65: ='1852'!P6 -> 0
B66: kalorimetr č. | C66: ='1852'!C7 -> 71182270 | D66: =D65 -> 0 | E66: ='1852'!P7 -> 0
A67: 3 | B67: vodoměr č. | C67: ='1852'!C8 -> 241345688 | D67: =D66 -> 0 | E67: ='1852'!P8 -> 0
B68: kalorimetr č. | C68: ='1852'!C9 -> 71182274 | D68: =D67 -> 0 | E68: ='1852'!P9 -> 0
A69: 4 | B69: vodoměr č. | C69: ='1852'!G32 -> 241345693 | D69: 45741 | E69: ='1852'!H32 -> 29.796 | G69: do 25.3.2025
B70: vodoměr č. | C70: ='1852'!C10 -> 250434729 | D70: =D68 -> 0 | E70: ='1852'!P10 -> 0 | G70: od 25.3.2025
B71: kalorimetr č. | C71: ='1852'!C11 -> 71182244 | D71: =D70 -> 0 | E71: ='1852'!P11 -> 0
A72: 5 | B72: vodoměr č. | C72: ='1852'!C12 -> 241345689 | D72: =D70 -> 0 | E72: ='1852'!P12 -> 0
B73: kalorimetr č. | C73: ='1852'!C13 -> 71182251 | D73: =D71 -> 0 | E73: ='1852'!P13 -> 0
A74: 6 | B74: vodoměr č. | C74: ='1852'!C14 -> 241345694 | D74: =D72 -> 0 | E74: ='1852'!P14 -> 0
B75: kalorimetr č. | C75: ='1852'!C15 -> 71182283 | D75: =D73 -> 0 | E75: ='1852'!P15 -> 0
A76: 7 | B76: vodoměr č. | C76: ='1852'!C16 -> 241345686 | D76: =D74 -> 0 | E76: ='1852'!P16 -> 0
B77: kalorimetr č. | C77: ='1852'!C17 -> 71182277 | D77: =D75 -> 0 | E77: ='1852'!P17 -> 0
A78: 8 | B78: vodoměr č. | C78: ='1852'!C18 -> 241345685 | D78: =D76 -> 0 | E78: ='1852'!P18 -> 0
B79: kalorimetr č. | C79: ='1852'!C19 -> 71182246 | D79: =D77 -> 0 | E79: ='1852'!P19 -> 0
A80: 9 | B80: vodoměr č. | C80: ='1852'!C20 -> 241345704 | D80: =D78 -> 0 | E80: ='1852'!P20 -> 0
B81: kalorimetr č. | C81: ='1852'!C21 -> 71182282 | D81: =D79 -> 0 | E81: ='1852'!P21 -> 0
A82: 10 | B82: vodoměr č. | C82: ='1852'!C22 -> 241345703 | D82: =D80 -> 0 | E82: ='1852'!P22 -> 0
B83: kalorimetr č. | C83: ='1852'!C23 -> 71182240 | D83: =D81 -> 0 | E83: ='1852'!P23 -> 0
A85: byt č. | B85: 1853 | C85: SN | D85: datum | E85: Stav
A86: 1 | B86: vodoměr č. | C86: ='1853'!C4 -> 241010646 | D86: =D2 -> 0 | E86: ='1853'!P4 -> 0
B87: kalorimetr č. | C87: ='1853'!C5 -> 71182275 | D87: =D86 -> 0 | E87: ='1853'!P5 -> 0
A88: 2 | B88: vodoměr č. | C88: ='1853'!C6 -> 241010634 | D88: =D87 -> 0 | E88: ='1853'!P6 -> 0
B89: kalorimetr č. | C89: ='1853'!C7 -> 71182253 | D89: =D88 -> 0 | E89: ='1853'!P7 -> 0
A90: 3 | B90: vodoměr č. | C90: ='1853'!C8 -> 241010645 | D90: =D89 -> 0 | E90: ='1853'!P8 -> 0
B91: kalorimetr č. | C91: ='1853'!C9 -> 71182217 | D91: =D90 -> 0 | E91: ='1853'!P9 -> 0
A92: 4 | B92: vodoměr č. | C92: ='1853'!C10 -> 241010647 | D92: =D91 -> 0 | E92: ='1853'!P10 -> 0
B93: kalorimetr č. | C93: ='1853'!C11 -> 71182254 | D93: =D92 -> 0 | E93: ='1853'!P11 -> 0
A94: 5 | B94: vodoměr č. | C94: ='1853'!C12 -> 241010638 | D94: =D93 -> 0 | E94: ='1853'!P12 -> 0
B95: kalorimetr č. | C95: ='1853'!C13 -> 71182267 | D95: =D94 -> 0 | E95: ='1853'!P13 -> 0
A96: 6 | B96: vodoměr č. | C96: ='1853'!C14 -> 241010623 | D96: =D95 -> 0 | E96: ='1853'!P14 -> 0
B97: kalorimetr č. | C97: ='1853'!C15 -> 71182261 | D97: =D96 -> 0 | E97: ='1853'!P15 -> 0
A98: 7 | B98: vodoměr č. | C98: ='1853'!C16 -> 241010627 | D98: =D97 -> 0 | E98: ='1853'!P16 -> 0
B99: kalorimetr č. | C99: ='1853'!C17 -> 71182272 | D99: =D98 -> 0 | E99: ='1853'!P17 -> 0
A100: 8 | B100: vodoměr č. | C100: ='1853'!C18 -> 241010626 | D100: =D99 -> 0 | E100: ='1853'!P18 -> 0
B101: kalorimetr č. | C101: ='1853'!C19 -> 71182249 | D101: =D100 -> 0 | E101: ='1853'!P19 -> 0
A102: 9 | B102: vodoměr č. | C102: ='1853'!C20 -> 241010624 | D102: =D101 -> 0 | E102: ='1853'!P20 -> 0
B103: kalorimetr č. | C103: ='1853'!C21 -> 71182281 | D103: =D102 -> 0 | E103: ='1853'!P21 -> 0
A104: 10 | B104: vodoměr č. | C104: ='1853'!C22 -> 241010628 | D104: =D103 -> 0 | E104: ='1853'!P22 -> 0
B105: kalorimetr č. | C105: ='1853'!C23 -> 71182268 | D105: =D104 -> 0 | E105: ='1853'!P23 -> 0
...

Sheet Byty hodnoty
A1: byt č. | B1: 1850 | C1: SN | D1: datum | E1: Stav
A2: 1 | B2: vodoměr č. | C2: 241345698 | D2: 46022 | E2: 131.765
B3: kalorimetr č. | C3: 71182278 | D3: 46022 | E3: 88.237
A4: 2 | B4: vodoměr č. | C4: 241345701 | D4: 46022 | E4: 209.272
B5: kalorimetr č. | C5: 71182225 | D5: 46022 | E5: 116.53
A6: 3 | B6: vodoměr č. | C6: 241345691 | D6: 46022 | E6: 70.033
B7: kalorimetr č. | C7: 71182284 | D7: 46022 | E7: 79.838
A8: 4 | B8: vodoměr č. | C8: 241345696 | D8: 46022 | E8: 125.385
B9: kalorimetr č. | C9: 71182235 | D9: 46022 | E9: 54.863
A10: 5 | B10: vodoměr č. | C10: 241345690 | D10: 46022 | E10: 118.4
B11: kalorimetr č. | C11: 71182238 | D11: 46022 | E11: 78.234
A12: 6 | B12: vodoměr č. | C12: 241345700 | D12: 46022 | E12: 70.558
B13: kalorimetr č. | C13: 71182269 | D13: 46022 | E13: 116.546
A14: 7 | B14: vodoměr č. | C14: 241345702 | D14: 46022 | E14: 47.513
B15: kalorimetr č. | C15: 71182265 | D15: 46022 | E15: 26.122
A16: 8 | B16: vodoměr č. | C16: 241345699 | D16: 46022 | E16: 9.297
B17: kalorimetr č. | C17: 71182245 | D17: 46022 | E17: 77.412
A18: 9 | B18: vodoměr č. | C18: 241345692 | D18: 46022 | E18: 15.707
B19: kalorimetr č. | C19: 71182280 | D19: 46022 | E19: 18.462
A20: 10 | B20: vodoměr č. | C20: 241345695 | D20: 46022 | E20: 114.433
B21: kalorimetr č. | C21: 71182243 | D21: 46022 | E21: 95.253
A23: byt č. | B23: 1851 | C23: SN | D23: datum | E23: Stav
A24: 1 | B24: vodoměr č. | C24: 241010644 | D24: 46022 | E24: 199.73
B25: kalorimetr č. | C25: 71182262 | D25: 46022 | E25: 122.956
A26: 2 | B26: vodoměr č. | C26: 241010636 | D26: 46022 | E26: 90.242
A27: 2 a 3 | B27: kalorimetr č. | C27: 71182271 | D27: 46022 | E27: 148.721
A28: 5 | B28: vodoměr č. | C28: 241010648 | D28: 46022 | E28: 17.065
A29: 5 a 6 | B29: kalorimetr č. | C29: 71182241 | D29: 46022 | E29: 144.359
A30: 4 | B30: vodoměr č. | C30: 241010642 | D30: 46022 | E30: 104.28
B31: kalorimetr č. | C31: 71182237 | D31: 46022 | E31: 30.653
A32: 9 | B32: vodoměr č. | C32: 241010637 | D32: 46022 | E32: 1.588
A33: 8 a 9 | B33: kalorimetr č. | C33: 71182221 | D33: 46022 | E33: 118.131
A34: 15 | B34: vodoměr č. | C34: 241010633 | D34: 46022 | E34: 25.973
A35: 11 a 15 | B35: kalorimetr č. | C35: 71182276 | D35: 46022 | E35: 69.055
A36: 7 | B36: vodoměr č. | C36: 241010643 | D36: 46022 | E36: 108.226
B37: kalorimetr č. | C37: 71182256 | D37: 46022 | E37: 21.263
A38: 13 | B38: vodoměr č. | C38: 241010631 | D38: 46022 | E38: 29.93
A39: 12 a 13 | B39: kalorimetr č. | C39: 71182279 | D39: 46022 | E39: 107.747
A40: 14 | B40: vodoměr č. | C40: 241010632 | D40: 46022 | E40: 120.691
B41: kalorimetr č. | C41: 71182252 | D41: 46022 | E41: 113.934
A42: 10 | B42: vodoměr č. | C42: 241010635 | D42: 46022 | E42: 32.06
B43: kalorimetr č. | C43: 71182234 | D43: 46022 | E43: 71.66
A45: 3 | B45: vodoměr SV č. | C45: 241010630 | D45: 46022 | E45: 21.355
A46: 6 | B46: vodoměr SV č. | C46: 241010640 | D46: 46022 | E46: 20.181
A47: 8 | B47: vodoměr SV č. | C47: 241010650 | D47: 46022 | E47: 61.995
A48: 11 | B48: vodoměr SV č. | C48: 241010639 | D48: 46022 | E48: 24.088
A49: 12 | B49: vodoměr SV č. | C49: 241010641 | D49: 46022 | E49: 22.68
A51: 2 | B51: vodoměr TUV č. | C51: 240093441 | D51: 46022 | E51: 40.052
A52: 3 | B52: vodoměr TUV č. | C52: 240093452 | D52: 46022 | E52: 12.203
A53: 5 | B53: vodoměr TUV č. | C53: 240093448 | D53: 46022 | E53: 4.936
A54: 6 | B54: vodoměr TUV č. | C54: 240093431 | D54: 46022 | E54: 14.064
A55: 9 | B55: vodoměr TUV č. | C55: 240093433 | D55: 46022 | E55: 1.374
A56: 8 | B56: vodoměr TUV č. | C56: 240093446 | D56: 46022 | E56: 29.33
A57: 15 | B57: vodoměr TUV č. | C57: 240093449 | D57: 46022 | E57: 16.875
... A60: 12 | B60: vodoměr TUV č. | C60: 240093416 | D60: 46022 | E60: 13.562
A62: byt č. | B62: 1852 | C62: SN | D62: datum | E62: Stav
A63: 1 | B63: vodoměr č. | C63: 241345697 | D63: 46022 | E63: 132.855
B64: kalorimetr č. | C64: 71182233 | D64: 46022 | E64: 101.954
A65: 2 | B65: vodoměr č. | C65: 241345687 | D65: 46022 | E65: 70.296
B66: kalorimetr č. | C66: 71182270 | D66: 46022 | E66: 53.346
A67: 3 | B67: vodoměr č. | C67: 241345688 | D67: 46022 | E67: 150.035
B68: kalorimetr č. | C68: 71182274 | D68: 46022 | E68: 142.691
A69: 4 | B69: vodoměr č. | C69: 241345693 | D69: 45741 | E69: 29.796 | G69: do 25.3.2025
B70: vodoměr č. | C70: 250434729 | D70: 46022 | E70: 71.464 | G70: od 25.3.2025
B71: kalorimetr č. | C71: 71182244 | D71: 46022 | E71: 104.88
A72: 5 | B72: vodoměr č. | C72: 241345689 | D72: 46022 | E72: 89.153
B73: kalorimetr č. | C73: 71182251 | D73: 46022 | E73: 54.095
A74: 6 | B74: vodoměr č. | C74: 241345694 | D74: 46022 | E74: 75.263
B75: kalorimetr č. | C75: 71182283 | D75: 46022 | E75: 76.675
A76: 7 | B76: vodoměr č. | C76: 241345686 | D76: 46022 | E76: 13.325
B77: kalorimetr č. | C77: 71182277 | D77: 46022 | E77: 49.633
A78: 8 | B78: vodoměr č. | C78: 241345685 | D78: 46022 | E78: 154.038
B79: kalorimetr č. | C79: 71182246 | D79: 46022 | E79: 64.559
A80: 9 | B80: vodoměr č. | C80: 241345704 | D80: 46022 | E80: 108.135
B81: kalorimetr č. | C81: 71182282 | D81: 46022 | E81: 140.442
A82: 10 | B82: vodoměr č. | C82: 241345703 | D82: 46022 | E82: 87.056
B83: kalorimetr č. | C83: 71182240 | D83: 46022 | E83: 89.435
A85: byt č. | B85: 1853 | C85: SN | D85: datum | E85: Stav
A86: 1 | B86: vodoměr č. | C86: 241010646 | D86: 46022 | E86: 175.815
B87: kalorimetr č. | C87: 71182275 | D87: 46022 | E87: 129.64
A88: 2 | B88: vodoměr č. | C88: 241010634 | D88: 46022 | E88: 81.341
B89: kalorimetr č. | C89: 71182253 | D89: 46022 | E89: 38.242
A90: 3 | B90: vodoměr č. | C90: 241010645 | D90: 46022 | E90: 100.236
B91: kalorimetr č. | C91: 71182217 | D91: 46022 | E91: 83.978
A92: 4 | B92: vodoměr č. | C92: 241010647 | D92: 46022 | E92: 54.349
B93: kalorimetr č. | C93: 71182254 | D93: 46022 | E93: 43.999
A94: 5 | B94: vodoměr č. | C94: 241010638 | D94: 46022 | E94: 88.007
B95: kalorimetr č. | C95: 71182267 | D95: 46022 | E95: 36.796
A96: 6 | B96: vodoměr č. | C96: 241010623 | D96: 46022 | E96: 84.296
B97: kalorimetr č. | C97: 71182261 | D97: 46022 | E97: 60.341
A98: 7 | B98: vodoměr č. | C98: 241010627 | D98: 46022 | E98: 148.233
B99: kalorimetr č. | C99: 71182272 | D99: 46022 | E99: 97.447
A100: 8 | B100: vodoměr č. | C100: 241010626 | D100: 46022 | E100: 129.38
B101: kalorimetr č. | C101: 71182249 | D101: 46022 | E101: 77.098
A102: 9 | B102: vodoměr č. | C102: 241010624 | D102: 46022 | E102: 44.594
B103: kalorimetr č. | C103: 71182281 | D103: 46022 | E103: 89.992
A104: 10 | B104: vodoměr č. | C104: 241010628 | D104: 46022 | E104: 34.131
B105: kalorimetr č. | C105: 71182268 | D105: 46022 | E105: 82.508
A107: byt č. | B107: 1854 | C107: SN | D107: datum | E107: Stav
A108: 1 | B108: vodoměr č. | C108: 241010657 | D108: 46022 | E108: 36.432
...

Sheet 1850
A2: 1850 | D2: 46022 | E2: 46055 | F2: 46083 | Q2: voda | R2: teplo | S2: Elektr | Z2: spotřeby po měsících
A3: byt č. | D3: prosinec | E3: leden | F3: únor | G3: březen | H3: duben | I3: květen | J3: červen | K3: červenec | L3: srpen | M3: září | N3: říjen | O3: listopad | P3: prosinec | Q3: m3 | R3: GJ | S3: KWh | U3: byt | V3: leden | W3: únor | X3: březen | Y3: duben | Z3: květen | AA3: červen | AB3: červenec | AC3: srpen | AD3: září | AE3: říjen | AF3: listopad | AG3: prosinec
A4: 1 | B4: vodoměr č. | C4: 241345698 | D4: 131.765 | E4: 147.085 | F4: 160.048 | Q4: =P4-D4 -> -131.765 | U4: 1 | V4: =E4-D4 -> 15.32 | W4: =F4-E4 -> 12.963 | X4: =G4-F4 -> -160.048 | Y4: =H4-G4 -> 0 | Z4: =I4-H4 -> 0 | AA4: =J4-I4 -> 0 | AB4: =K4-J4 -> 0 | AC4: =L4-K4 -> 0 | ... AG4: =P4-O4 -> 0
B5: kalorimetr č. | C5: 71182278 | D5: 88.237 | E5: 93.522 | F5: 97.192 | R5: =P5-D5 -> -88.237 | AA5: =J5-I5 -> 0 | AB5: =K5-J5 -> 0 | AC5: =L5-K5 -> 0 | AD5: =M5-L5 -> 0 | AE5: =N5-M5 -> 0 | AF5: =O5-N5 -> 0 | AG5: =P5-O5 -> 0
A6: 2 | B6: vodoměr č. | C6: 241345701 | D6: 209.272 | E6: 225.269 | F6: 240.162 | Q6: =P6-D6 -> -209.272 | U6: 2 | V6: =E6-D6 -> 15.997 | W6: =F6-E6 -> 14.893 | X6: =G6-F6 -> -240.162 | Y6: =H6-G6 -> 0 | Z6: =I6-H6 -> 0 | AA6: =J6-I6 -> 0 | AB6: =K6-J6 -> 0 | AC6: =L6-K6 -> 0 | ... AG6: =P6-O6 -> 0
B7: kalorimetr č. | C7: 71182225 | D7: 116.53 | E7: 123.989 | F7: 128.851 | R7: =P7-D7 -> -116.53 | AA7: =J7-I7 -> 0 | AB7: =K7-J7 -> 0 | AC7: =L7-K7 -> 0 | AD7: =M7-L7 -> 0 | AE7: =N7-M7 -> 0 | AF7: =O7-N7 -> 0 | AG7: =P7-O7 -> 0
A8: 3 | B8: vodoměr č. | C8: 241345691 | D8: 70.033 | E8: 75.775 | F8: 81.079 | Q8: =P8-D8 -> -70.033 | U8: 3 | V8: =E8-D8 -> 5.742 | W8: =F8-E8 -> 5.304 | X8: =G8-F8 -> -81.079 | Y8: =H8-G8 -> 0 | Z8: =I8-H8 -> 0 | AA8: =J8-I8 -> 0 | AB8: =K8-J8 -> 0 | AC8: =L8-K8 -> 0 | ... AG8: =P8-O8 -> 0
B9: kalorimetr č. | C9: 71182284 | D9: 79.838 | E9: 84.09 | F9: 86.838 | R9: =P9-D9 -> -79.838 | AA9: =J9-I9 -> 0 | AB9: =K9-J9 -> 0 | AC9: =L9-K9 -> 0 | AD9: =M9-L9 -> 0 | AE9: =N9-M9 -> 0 | AF9: =O9-N9 -> 0 | AG9: =P9-O9 -> 0
A10: 4 | B10: vodoměr č. | C10: 241345696 | D10: 125.385 | E10: 137.722 | F10: 147.585 | Q10: =P10-D10 -> -125.385 | U10: 4 | V10: =E10-D10 -> 12.337 | W10: =F10-E10 -> 9.863 | X10: =G10-F10 -> -147.585 | Y10: =H10-G10 -> 0 | Z10: =I10-H10 -> 0 | AA10: =J10-I10 -> 0 | AB10: =K10-J10 -> 0 | AC10: =L10-K10 -> 0 | ... AG10: =P10-O10 -> 0
B11: kalorimetr č. | C11: 71182235 | D11: 54.863 | E11: 58.489 | F11: 60.487 | R11: =P11-D11 -> -54.863 | AA11: =J11-I11 -> 0 | AB11: =K11-J11 -> 0 | AC11: =L11-K11 -> 0 | AD11: =M11-L11 -> 0 | AE11: =N11-M11 -> 0 | AF11: =O11-N11 -> 0 | AG11: =P11-O11 -> 0
A12: 5 | B12: vodoměr č. | C12: 241345690 | D12: 118.4 | E12: 128.766 | F12: 136.495 | Q12: =P12-D12 -> -118.4 | U12: 5 | V12: =E12-D12 -> 10.366 | W12: =F12-E12 -> 7.729 | X12: =G12-F12 -> -136.495 | Y12: =H12-G12 -> 0 | Z12: =I12-H12 -> 0 | AA12: =J12-I12 -> 0 | AB12: =K12-J12 -> 0 | AC12: =L12-K12 -> 0 | ... AG12: =P12-O12 -> 0
B13: kalorimetr č. | C13: 71182238 | D13: 78.234 | E13: 82.586 | F13: 85.151 | R13: =P13-D13 -> -78.234 | AA13: =J13-I13 -> 0 | AB13: =K13-J13 -> 0 | AC13: =L13-K13 -> 0 | AD13: =M13-L13 -> 0 | AE13: =N13-M13 -> 0 | AF13: =O13-N13 -> 0 | AG13: =P13-O13 -> 0
A14: 6 | B14: vodoměr č. | C14: 241345700 | D14: 70.558 | E14: 77.078 | F14: 83.545 | Q14: =P14-D14 -> -70.558 | U14: 6 | V14: =E14-D14 -> 6.52 | W14: =F14-E14 -> 6.467 | X14: =G14-F14 -> -83.545 | Y14: =H14-G14 -> 0 | Z14: =I14-H14 -> 0 | AA14: =J14-I14 -> 0 | AB14: =K14-J14 -> 0 | AC14: =L14-K14 -> 0 | ... AG14: =P14-O14 -> 0
B15: kalorimetr č. | C15: 71182269 | D15: 116.546 | E15: 122.401 | F15: 125.371 | R15: =P15-D15 -> -116.546 | AA15: =J15-I15 -> 0 | AB15: =K15-J15 -> 0 | AC15: =L15-K15 -> 0 | AD15: =M15-L15 -> 0 | AE15: =N15-M15 -> 0 | AF15: =O15-N15 -> 0 | AG15: =P15-O15 -> 0
A16: 7 | B16: vodoměr č. | C16: 241345702 | D16: 47.513 | E16: 52.174 | F16: 55.088 | Q16: =P16-D16 -> -47.513 | U16: 7 | V16: =E16-D16 -> 4.661 | W16: =F16-E16 -> 2.914 | X16: =G16-F16 -> -55.088 | Y16: =H16-G16 -> 0 | Z16: =I16-H16 -> 0 | AA16: =J16-I16 -> 0 | AB16: =K16-J16 -> 0 | AC16: =L16-K16 -> 0 | ... AG16: =P16-O16 -> 0
B17: kalorimetr č. | C17: 71182265 | D17: 26.122 | E17: 27.782 | F17: 28.768 | R17: =P17-D17 -> -26.122 | AA17: =J17-I17 -> 0 | AB17: =K17-J17 -> 0 | AC17: =L17-K17 -> 0 | AD17: =M17-L17 -> 0 | AE17: =N17-M17 -> 0 | AF17: =O17-N17 -> 0 | AG17: =P17-O17 -> 0
A18: 8 | B18: vodoměr č. | C18: 241345699 | D18: 9.297 | E18: 9.725 | F18: 10.496 | Q18: =P18-D18 -> -9.297 | U18: 8 | V18: =E18-D18 -> 0.428 | W18: =F18-E18 -> 0.771 | X18: =G18-F18 -> -10.496 | Y18: =H18-G18 -> 0 | Z18: =I18-H18 -> 0 | AA18: =J18-I18 -> 0 | AB18: =K18-J18 -> 0 | AC18: =L18-K18 -> 0 | ... AG18: =P18-O18 -> 0
B19: kalorimetr č. | C19: 71182245 | D19: 77.412 | E19: 82.314 | F19: 85.484 | R19: =P19-D19 -> -77.412 | AA19: =J19-I19 -> 0 | AB19: =K19-J19 -> 0 | AC19: =L19-K19 -> 0 | AD19: =M19-L19 -> 0 | AE19: =N19-M19 -> 0 | AF19: =O19-N19 -> 0 | AG19: =P19-O19 -> 0
A20: 9 | B20: vodoměr č. | C20: 241345692 | D20: 15.707 | E20: 24.442 | F20: 32.024 | Q20: =P20-D20 -> -15.707 | U20: 9 | V20: =E20-D20 -> 8.735 | W20: =F20-E20 -> 7.582 | X20: =G20-F20 -> -32.024 | Y20: =H20-G20 -> 0 | Z20: =I20-H20 -> 0 | AA20: =J20-I20 -> 0 | AB20: =K20-J20 -> 0 | AC20: =L20-K20 -> 0 | ... AG20: =P20-O20 -> 0
B21: kalorimetr č. | C21: 71182280 | D21: 18.462 | E21: 22.475 | F21: 25.336 | R21: =P21-D21 -> -18.462 | AA21: =J21-I21 -> 0 | AB21: =K21-J21 -> 0 | AC21: =L21-K21 -> 0 | AD21: =M21-L21 -> 0 | AE21: =N21-M21 -> 0 | AF21: =O21-N21 -> 0 | AG21: =P21-O21 -> 0
A22: 10 | B22: vodoměr č. | C22: 241345695 | D22: 114.433 | E22: 121.932 | F22: 129.955 | Q22: =P22-D22 -> -114.433 | U22: 10 | V22: =E22-D22 -> 7.499 | W22: =F22-E22 -> 8.023 | X22: =G22-F22 -> -129.955 | Y22: =H22-G22 -> 0 | Z22: =I22-H22 -> 0 | AA22: =J22-I22 -> 0 | AB22: =K22-J22 -> 0 | AC22: =L22-K22 -> 0 | ... AG22: =P22-O22 -> 0
B23: kalorimetr č. | C23: 71182243 | D23: 95.253 | E23: 99.901 | F23: 103.72 | R23: =P23-D23 -> -95.253 | AA23: =J23-I23 -> 0 | AB23: =K23-J23 -> 0 | AC23: =L23-K23 -> 0 | AD23: =M23-L23 -> 0 | AE23: =N23-M23 -> 0 | AF23: =O23-N23 -> 0 | AG23: =P23-O23 -> 0
Q24: =SUM(Q4:Q23) -> -912.363 | R24: =SUM(R4:R23) -> -751.497
A25: spol.spotř. | B25: elektroměr č. | C25: 1025291034 | D25: 9472 | E25: 9735 | F25: 9949 | S25: =P25-D25 -> -9472
B26: patní vodoměr č. | C26: 241175202 | D26: 996.6 | E26: 1091.8 | F26: 1175.3 | Q26: =P26-D26 -> -996.6
B27: patní kalorimetr č./ GJ | D27: 399.83 | E27: 447.44 | F27: 477.51 | R27: =(P27-D27) -> -399.83 | S27: GJ
B28: patní kalorimetr č./kub.m | D28: 3333 | E28: 3662 | F28: 3866 | R28: =P28-D28 -> -3333 | S28: m3
A29: fakturační vodoměr č. | C29: 63796 | D29: 65454 | E29: 65848.9 | F29: 66193.7 | Q29: =P29-D29 -> -65454
D31: číslo | F31: stav | G31: spotřeba 2025
B32: Výměna fakturač. vodoměru | D32: 63796 | E32: starý | F32: 31933 | G32: =F32-D29 -> -33521 | I32: Dne 31.7.2023 odpojen kalor. (cejchování), | M32: stav: | N32: 210.8 | O32: MWh
B33: dne 1.12.2025 | D33: 203623 | E33: nový | F33: 65108 | G33: =P29-F33 -> -65108 | I33: Dne 3.8.2023 zapojen znovuzapojení, | M33: stav: | N33: 0 | O33: GJ
B34: Výměna elekroměru | D34: 18972503 | E34: starý
B35: dne 13.2.2022 | D35: 1025291034 | E35: nový
O37: Odečet vodárny 31.12.2024 | P37: =D29 -> 65454
O39: Odečet vodárny 31.12.2025 | P39: =P29 -> 0
O41: spotřeba | P41: =P39-P37-P38 -> -65454

Sheet 1851
AF1: Vytipování vadných vodoměrů
A2: Nové | B2: 1851 | E2: ='1850'!D2 -> 46022 | F2: ='1850'!E2 -> 46055 | G2: ='1850'!F2 -> 46083 | R2: voda | S2: teplo | T2: Elektr | AA2: spotřeby po měsících | AL2: Podíl teplé vody na celkové spotřebě vody u dělených bytů (%) | AW2: CELKOVÝ | AX2: =(AX6+AX12+AX14+AX18+AX54+AX56+AX58+AX60+AX62)/9 -> #DIV/0!
A3: číslování | B3: byt č. | E3: prosinec | F3: leden | G3: únor | H3: březen | I3: duben | J3: květen | K3: červen | L3: červenec | M3: srpen | N3: září | O3: říjen | P3: listopad | Q3: prosinec | R3: m3 | S3: GJ | T3: KWh | V3: byt | W3: leden | X3: únor | Y3: březen | Z3: duben | AA3: květen | AB3: červen | AC3: červenec | AD3: srpen | AE3: září | AF3: říjen | AG3: listopad | AH3: prosinec | AL3: 1. | AM3: 2. | AN3: 3. | AO3: 4. | AP3: 5. | AQ3: 6. | AR3: 7. | AS3: 8. | AT3: 9. | AU3: 10. | AV3: 11. | AW3: 12. | AX3: Průměr
A4: 1 | B4: 1 | C4: vodoměr č. | D4: 241010644 | E4: 199.73 | F4: 214.106 | G4: 228.285 | R4: =Q4-E4 -> -199.73 | V4: 1 | W4: =F4-E4 -> 14.376 | X4: =G4-F4 -> 14.179 | Y4: =H4-G4 -> -228.285 | Z4: =I4-H4 -> 0 | AA4: =J4-I4 -> 0 | AB4: =K4-J4 -> 0 | AC4: =L4-K4 -> 0 | AD4: =M4-L4 -> 0 | ... AH4: =Q4-P4 -> 0
C5: kalorimetr č. | D5: 71182262 | E5: 122.956 | F5: 129.373 | G5: 133.409 | S5: =Q5-E5 -> -122.956 | V5: xx
A6: 2 | B6: 2 | C6: vodoměr SV č. | D6: 241010636 | E6: 90.242 | F6: 97.117 | G6: 103.517 | R6: =Q6-E6 -> -90.242 | V6: 2 | W6: =F6-E6 -> 6.875 | X6: =G6-F6 -> 6.4 | Y6: =H6-G6 -> -103.517 | Z6: =I6-H6 -> 0 | AA6: =J6-I6 -> 0 | AB6: =K6-J6 -> 0 | AC6: =L6-K6 -> 0 | AD6: =M6-L6 -> 0 | ... AH6: =Q6-P6 -> 0 | AK6: byt 2 | AL6: =W7/(W6+W7) -> 0.339831 | AM6: =X7/(X6+X7) -> 0.35794543 | AN6: =Y7/(Y6+Y7) -> 0.31298282 | AO6: =Z7/(Z6+Z7) -> #DIV/0! | AP6: =AA7/(AA6+AA7) -> #DIV/0! | AQ6: =AB7/(AB6+AB7) -> #DIV/0! | AR6: =AC7/(AC6+AC7) -> #DIV/0! | AS6: =AD7/(AD6+AD7) -> #DIV/0! | ... AW6: =AH7/(AH6+AH7) -> #DIV/0! | AX6: =SUM(AL6:AW6)/12 -> #DIV/0!
A7: 2 a 3 | C7: kalorimetr č. | D7: 71182271 | E7: 148.721 | F7: 153.823 | G7: 157.312 | S7: =Q7-E7 -> -148.721 | V7: TV | W7: =W40 -> 3.539 | X7: =X40 -> 3.568 | Y7: =Y40 -> -47.159 | Z7: =Z40 -> 0 | AA7: =AA40 -> 0 | AB7: =AB40 -> 0 | AC7: =AC40 -> 0 | AD7: =AD40 -> 0 | ... AH7: =AH40 -> 0
A8: 5 | B8: 3 | C8: vodoměr SV č. | D8: 241010648 | E8: 17.065 | F8: 18.403 | G8: 19.772 | R8: =Q8-E8 -> -17.065 | V8: 5 | W8: =F8-E8 -> 1.338 | X8: =G8-F8 -> 1.369 | Y8: =H8-G8 -> -19.772 | Z8: =I8-H8 -> 0 | AA8: =J8-I8 -> 0 | AB8: =K8-J8 -> 0 | AC8: =L8-K8 -> 0 | AD8: =M8-L8 -> 0 | ... AH8: =Q8-P8 -> 0 | AK8: byt 5 | AL8: =W9/(W8+W9) -> 0.23977273 | AM8: =X9/(X8+X9) -> 0.22655367 | AN8: =Y9/(Y8+Y9) -> 0.22556892 | AO8: =Z9/(Z8+Z9) -> #DIV/0! | AP8: =AA9/(AA8+AA9) -> #DIV/0! | AQ8: =AB9/(AB8+AB9) -> #DIV/0! | AR8: =AC9/(AC8+AC9) -> #DIV/0! | AS8: =AD9/(AD8+AD9) -> #DIV/0! | ... AW8: =AH9/(AH8+AH9) -> #DIV/0! | AX8: =SUM(AL8:AW8)/12 -> #DIV/0!
A9: 5 a 6 | C9: kalorimetr č. | D9: 71182241 | E9: 144.359 | F9: 149.682 | G9: 153.407 | S9: =Q9-E9 -> -144.359 | V9: TV | W9: =W42 -> 0.422 | X9: =X42 -> 0.401 | Y9: =Y42 -> -5.759 | Z9: =Z42 -> 0 | AA9: =AA42 -> 0 | AB9: =AB42 -> 0 | AC9: =AC42 -> 0 | AD9: =AD42 -> 0 | ... AH9: =AH42 -> 0
A10: 4 | B10: 4 | C10: vodoměr č. | D10: 241010642 | E10: 104.28 | F10: 113.38 | G10: 121.348 | R10: =Q10-E10 -> -104.28 | V10: 4 | W10: =F10-E10 -> 9.1 | X10: =G10-F10 -> 7.968 | Y10: =H10-G10 -> -121.348 | Z10: =I10-H10 -> 0 | AA10: =J10-I10 -> 0 | AB10: =K10-J10 -> 0 | AC10: =L10-K10 -> 0 | AD10: =M10-L10 -> 0 | ... AH10: =Q10-P10 -> 0
C11: kalorimetr č. | D11: 71182237 | E11: 30.653 | F11: 33.401 | G11: 35.165 | S11: =Q11-E11 -> -30.653 | V11: xx | BA11: originál
A12: 9 | B12: 5 | C12: vodoměr SV č. | D12: 241010637 | E12: 1.588 | F12: 1.627 | G12: 1.636 | R12: =Q12-E12 -> -1.588 | V12: 9 | W12: =F12-E12 -> 0.039 | X12: =G12-F12 -> 0.009 | Y12: =H12-G12 -> -1.636 | Z12: =I12-H12 -> 0 | AA12: =J12-I12 -> 0 | AB12: =K12-J12 -> 0 | AC12: =L12-K12 -> 0 | AD12: =M12-L12 -> 0 | ... AH12: =Q12-P12 -> 0 | AK12: byt 9 | AX12: =SUM(AL12:AW12)/12 -> 0 | BA12: byt 9 | BB12: =AM13/(AM12+AM13) -> #DIV/0! | BC12: =AN13/(AN12+AN13) -> #DIV/0! | BD12: =AO13/(AO12+AO13) -> #DIV/0! | BE12: =AP13/(AP12+AP13) -> #DIV/0! | BF12: =AQ13/(AQ12+AQ13) -> #DIV/0! | BG12: =AR13/(AR12+AR13) -> #DIV/0! | BH12: =AS13/(AS12+AS13) -> #DIV/0! | BI12: =AT13/(AT12+AT13) -> #DIV/0! | ... BM12: =AX13/(AX12+AX13) -> #DIV/0! | BN12: =SUM(BB12:BM12)/12 -> #DIV/0!
A13: 8 a 9 | C13: kalorimetr č. | D13: 71182221 | E13: 118.131 | F13: 123.936 | G13: 127.609 | S13: =Q13-E13 -> -118.131 | V13: TV | W13: =W44 -> 0.026 | X13: =X44 -> 0.004 | Y13: =Y44 -> -1.404 | Z13: =Z44 -> 0 | AA13: =AA44 -> 0 | AB13: =AB44 -> 0 | AC13: =AC44 -> 0 | AD13: =AD44 -> 0 | ... AH13: =AH44 -> 0
A14: 15 | B14: 6 | C14: vodoměr SV č. | D14: 241010633 | E14: 25.973 | F14: 28.35 | G14: 30.14 | R14: =Q14-E14 -> -25.973 | V14: 15 | W14: =F14-E14 -> 2.377 | X14: =G14-F14 -> 1.79 | Y14: =H14-G14 -> -30.14 | Z14: =I14-H14 -> 0 | AA14: =J14-I14 -> 0 | AB14: =K14-J14 -> 0 | AC14: =L14-K14 -> 0 | AD14: =M14-L14 -> 0 | ... AH14: =Q14-P14 -> 0 | AK14: byt 15 | AL14: =W15/(W14+W15) -> 0.38800206 | AM14: =X15/(X14+X15) -> 0.3665959 | AN14: =Y15/(Y14+Y15) -> 0.39182372 | AO14: =Z15/(Z14+Z15) -> #DIV/0! | AP14: =AA15/(AA14+AA15) -> #DIV/0! | AQ14: =AB15/(AB14+AB15) -> #DIV/0! | AR14: =AC15/(AC14+AC15) -> #DIV/0! | AS14: =AD15/(AD14+AD15) -> #DIV/0! | ... AW14: =AH15/(AH14+AH15) -> #DIV/0! | AX14: =SUM(AL14:AW14)/12 -> #DIV/0!
A15: 11 a 15 | C15: kalorimetr č. | D15: 71182276 | E15: 69.055 | F15: 73.91 | G15: 76.639 | S15: =Q15-E15 -> -69.055 | V15: TV | W15: =W46 -> 1.507 | X15: =X46 -> 1.036 | Y15: =Y46 -> -19.418 | Z15: =Z46 -> 0 | AA15: =AA46 -> 0 | AB15: =AB46 -> 0 | AC15: =AC46 -> 0 | AD15: =AD46 -> 0 | ... AH15: =AH46 -> 0
A16: 7 | B16: 7 | C16: vodoměr č. | D16: 241010643 | E16: 108.226 | F16: 121.363 | G16: 128.556 | R16: =Q16-E16 -> -108.226 | V16: 7 | W16: =F16-E16 -> 13.137 | X16: =G16-F16 -> 7.193 | Y16: =H16-G16 -> -128.556 | Z16: =I16-H16 -> 0 | AA16: =J16-I16 -> 0 | AB16: =K16-J16 -> 0 | AC16: =L16-K16 -> 0 | AD16: =M16-L16 -> 0 | ... AH16: =Q16-P16 -> 0
C17: kalorimetr č. | D17: 71182256 | E17: 21.263 | F17: 22.439 | G17: 23.018 | S17: =Q17-E17 -> -21.263 | V17: xx
A18: 13 | B18: 8 | C18: vodoměr SV č. | D18: 241010631 | E18: 29.93 | F18: 32.268 | G18: 34.28 | R18: =Q18-E18 -> -29.93 | V18: 13 | W18: =F18-E18 -> 2.338 | X18: =G18-F18 -> 2.012 | Y18: =H18-G18 -> -34.28 | Z18: =I18-H18 -> 0 | AA18: =J18-I18 -> 0 | AB18: =K18-J18 -> 0 | AC18: =L18-K18 -> 0 | AD18: =M18-L18 -> 0 | ... AH18: =Q18-P18 -> 0 | AK18: byt 13 | AL18: =W19/(W18+W19) -> 0.4777753 | AM18: =X19/(X18+X19) -> 0.45326087 | AN18: =Y19/(Y18+Y19) -> 0.4164113 | AO18: =Z19/(Z18+Z19) -> #DIV/0! | AP18: =AA19/(AA18+AA19) -> #DIV/0! | AQ18: =AB19/(AB18+AB19) -> #DIV/0! | AR18: =AC19/(AC18+AC19) -> #DIV/0! | AS18: =AD19/(AD18+AD19) -> #DIV/0! | ... AW18: =AH19/(AH18+AH19) -> #DIV/0! | AX18: =SUM(AL18:AW18)/12 -> #DIV/0!
A19: 12 a 13 | C19: kalorimetr č. | D19: 71182279 | E19: 107.747 | F19: 112.938 | G19: 116.593 | S19: =Q19-E19 -> -107.747 | V19: TV | W19: =W48 -> 2.139 | X19: =X48 -> 1.668 | Y19: =Y48 -> -24.46 | Z19: =Z48 -> 0 | AA19: =AA48 -> 0 | AB19: =AB48 -> 0 | AC19: =AC48 -> 0 | AD19: =AD48 -> 0 | ... AH19: =AH48 -> 0
A20: 14 | B20: 9 | C20: vodoměr č. | D20: 241010632 | E20: 120.691 | F20: 130.337 | G20: 139.005 | R20: =Q20-E20 -> -120.691 | V20: 14 | W20: =F20-E20 -> 9.646 | X20: =G20-F20 -> 8.668 | Y20: =H20-G20 -> -139.005 | Z20: =I20-H20 -> 0 | AA20: =J20-I20 -> 0 | AB20: =K20-J20 -> 0 | AC20: =L20-K20 -> 0 | AD20: =M20-L20 -> 0 | ... AH20: =Q20-P20 -> 0
C21: kalorimetr č. | D21: 71182252 | E21: 113.934 | F21: 120.249 | G21: 124.188 | S21: =Q21-E21 -> -113.934 | V21: xx
A22: 10 | B22: 10 | C22: vodoměr č. | D22: 241010635 | E22: 32.06 | F22: 33.982 | G22: 36.04 | R22: =Q22-E22 -> -32.06 | V22: 10 | W22: =F22-E22 -> 1.922 | X22: =G22-F22 -> 2.058 | Y22: =H22-G22 -> -36.04 | Z22: =I22-H22 -> 0 | AA22: =J22-I22 -> 0 | AB22: =K22-J22 -> 0 | AC22: =L22-K22 -> 0 | AD22: =M22-L22 -> 0 | ... AH22: =Q22-P22 -> 0
C23: kalorimetr č. | D23: 71182234 | E23: 71.66 | F23: 77.504 | G23: 81.535 | S23: =Q23-E23 -> -71.66 | V23: xx
B24: spol.spotř. | C24: elektroměr č. | D24: 2080200096 | E24: 16972 | F24: 17186 | G24: 17374 | R24: =SUM(R4:R23)+SUM(R33:R49) -> -1044.746 | S24: =SUM(S4:S23) -> -948.479 | T24: =Q24-E24 -> -16972 | V24: kWh | AL24: Podíl teplé vody na celkové spotřebě vody u dělených bytů po měsících (%)
AK25: CELKEM | AL25: 1. | AM25: 2. | AN25: 3. | AO25: 4. | AP25: 5. | AQ25: 6. | AR25: 7. | AS25: 8. | AT25: 9. | AU25: 10. | AV25: 11. | AW25: 12. | AX25: Průměr | BG25: originál | BH25: 1. | BI25: 2. | BJ25: 3. | BK25: 4. | BL25: 5. | BM25: 6. | BN25: 7. | BO25: 8. | BP25: 9. | BQ25: 10. | BR25: 11. | BS25: 12. | BT25: Průměr
C26: patní vodoměr č. | D26: 241175208 | E26: 1140.1 | F26: 1235.1 | G26: 1314.7 | R26: =Q26-E26 -> -1140.1 | AK26: Průměr po měsících | AL26: =(AL6+AL8+AL12+AL14+AL18+AL54+AL56+AL58+AL60+AL62)/9 -> 0.32294622 | AM26: =(AM6+AM8+AM12+AM14+AM18+AM54+AM56+AM58+AM60+AM62)/9 -> 0.32407051 | AN26: =(AN6+AN8+AN12+AN14+AN18+AN54+AN56+AN58+AN60+AN62)/9 -> 0.31092872 | AO26: =(AO6+AO8+AO12+AO14+AO18+AO54+AO56+AO58+AO60+AO62)/9 -> #DIV/0! | AP26: =(AP6+AP8+AP12+AP14+AP18+AP54+AP56+AP58+AP60+AP62)/9 -> #DIV/0! | AQ26: =(AQ6+AQ8+AQ12+AQ14+AQ18+AQ54+AQ56+AQ58+AQ60+AQ62)/9 -> #DIV/0! | AR26: =(AR6+AR8+AR12+AR14+AR18+AR54+AR56+AR58+AR60+AR62)/9 -> #DIV/0! | AS26: =(AS6+AS8+AS12+AS14+AS18+AS54+AS56+AS58+AS60+AS62)/9 -> #DIV/0! | AT26: =(AT6+AT8+AT12+AT14+AT18+AT56+AT58+AT60+AT62)/8 -> #DIV/0! | AU26: =(AU6+AU8+AU12+AU14+AU18+AU56+AU58+AU60+AU62)/8 -> #DIV/0! | AV26: =(AV6+AV8+AV12+AV14+AV18+AV56+AV58+AV60+AV62)/8 -> #DIV/0! | AW26: =(AW6+AW8+AW12+AW14+AW18+AW56+AW58+AW60+AW62)/8 -> #DIV/0! | AX26: =(AX6+AX8+AX12+AX14+AX18+AX54+AX56+AX58+AX60+AX62)/9 -> #DIV/0! | BA26: Podíl TV po bytech | BG26: Průměr po měsících | BH26: =(BH6+BH8+BH12+BH14+BH18+BH54+BH56+BH58+BH60+BH62)/10 -> #DIV/0! | BI26: =(BI6+BI8+BI12+BI14+BI18+BI54+BI56+BI58+BI60+BI62)/10 -> #DIV/0! | BJ26: =(BJ6+BJ8+BJ12+BJ14+BJ18+BJ54+BJ56+BJ58+BJ60+BJ62)/10 -> #DIV/0! | BK26: =(BK6+BK8+BK12+BK14+BK18+BK54+BK56+BK58+BK60+BK62)/10 -> #DIV/0! | BL26: =(BL6+BL8+BL12+BL14+BL18+BL54+BL56+BL58+BL60+BL62)/10 -> #DIV/0! | BM26: =(BM6+BM8+BM12+BM14+BM18+BM54+BM56+BM58+BM60+BM62)/10 -> #DIV/0! | BN26: =(BN6+BN8+BN12+BN14+BN18+BN54+BN56+BN58+BN60+BN62)/10 -> #DIV/0! | BO26: =(BO6+BO8+BO12+BO14+BO18+BO54+BO56+BO58+BO60+BO62)/10 -> #DIV/0! | ... BT26: =(BT6+BT8+BT12+BT14+BT18+BT54+BT56+BT58+BT60+BT62)/10 -> 0
C27: patní kalorimetr č. / GJ | E27: 570.14 | F27: 622.34 | G27: 655.85 | S27: =(Q27-E27) -> -570.14 | T27: GJ
C28: patní kalorimetr č./kub.m | E28: 7626 | F28: 8105 | G28: 8416 | S28: =Q28-E28 -> -7626 | T28: m3
B29: ='1850'!A29 -> fakturační vodoměr č. | D29: ='1850'!C29 -> 63796 | E29: ='1850'!D29 -> 65454 | F29: ='1850'!E29 -> 65848.9 | G29: ='1850'!F29 -> 66193.7 | H29: ='1850'!G29 -> 0 | I29: ='1850'!H29 -> 0 | J29: ='1850'!I29 -> 0 | K29: ='1850'!J29 -> 0 | ... Q29: ='1850'!P29 -> 0 | R29: =Q29-E29 -> -65454 | W29: studená voda
V31: byt | W31: leden | X31: únor | Y31: březen | Z31: duben | AA31: květen | AB31: červen | AC31: červenec | AD31: srpen | AE31: září | AF31: říjen | AG31: listopad | AH31: prosinec
A33: 3 | B33: 2B | C33: vodoměr SV č. | D33: 241010630 | E33: 21.355 | F33: 21.355 | G33: 21.357 | R33: =Q33-E33 -> -21.355 | V33: 3 | W33: =F33-E33 -> 0 | X33: =G33-F33 -> 0.002 | Y33: =H33-G33 -> -21.357 | Z33: =I33-H33 -> 0 | AA33: =J33-I33 -> 0 | AB33: =K33-J33 -> 0 | AC33: =L33-K33 -> 0 | AD33: =M33-L33 -> 0 | ... AH33: =Q33-P33 -> 0
A34: 6 | B34: 3B | C34: vodoměr SV č. | D34: 241010640 | E34: 20.181 | F34: 21.36 | G34: 22.634 | R34: =Q34-E34 -> -20.181 | V34: 6 | W34: =F34-E34 -> 1.179 | X34: =G34-F34 -> 1.274 | Y34: =H34-G34 -> -22.634 | Z34: =I34-H34 -> 0 | AA34: =J34-I34 -> 0 | AB34: =K34-J34 -> 0 | AC34: =L34-K34 -> 0 | AD34: =M34-L34 -> 0 | ... AH34: =Q34-P34 -> 0
A35: 8 | B35: 5B | C35: vodoměr SV č. | D35: 241010650 | E35: 61.995 | F35: 67.914 | G35: 72.66 | R35: =Q35-E35 -> -61.995 | V35: 8 | W35: =F35-E35 -> 5.919 | X35: =G35-F35 -> 4.746 | Y35: =H35-G35 -> -72.66 | Z35: =I35-H35 -> 0 | AA35: =J35-I35 -> 0 | AB35: =K35-J35 -> 0 | AC35: =L35-K35 -> 0 | AD35: =M35-L35 -> 0 | ... AH35: =Q35-P35 -> 0
A36: 11 | B36: 6B | C36: vodoměr SV č. | D36: 241010639 | E36: 24.088 | F36: 27.97 | G36: 29.992 | R36: =Q36-E36 -> -24.088 | V36: 11 | W36: =F36-E36 -> 3.882 | X36: =G36-F36 -> 2.022 | Y36: =H36-G36 -> -29.992 | Z36: =I36-H36 -> 0 | AA36: =J36-I36 -> 0 | AB36: =K36-J36 -> 0 | AC36: =L36-K36 -> 0 | AD36: =M36-L36 -> 0 | ... AH36: =Q36-P36 -> 0
A37: 12 | B37: 8B | C37: vodoměr SV č. | D37: 241010641 | E37: 22.68 | F37: 23.051 | G37: 23.505 | R37: =Q37-E37 -> -22.68 | V37: 12 | W37: =F37-E37 -> 0.371 | X37: =G37-F37 -> 0.454 | Y37: =H37-G37 -> -23.505 | Z37: =I37-H37 -> 0 | AA37: =J37-I37 -> 0 | AB37: =K37-J37 -> 0 | AC37: =L37-K37 -> 0 | AD37: =M37-L37 -> 0 | ... AH37: =Q37-P37 -> 0
C39: VODOMĚRY TEPLÁ VODA | W39: teplá voda
A40: 2 | B40: 2 | C40: vodoměr TUV č. | D40: 240093441 | E40: 40.052 | F40: 43.591 | G40: 47.159 | R40: =Q40-E40 -> -40.052 | V40: 2 | W40: =F40-E40 -> 3.539 | X40: =G40-F40 -> 3.568 | Y40: =H40-G40 -> -47.159 | Z40: =I40-H40 -> 0 | AA40: =J40-I40 -> 0 | AB40: =K40-J40 -> 0 | AC40: =L40-K40 -> 0 | AD40: =M40-L40 -> 0 | ... AH40: =Q40-P40 -> 0
A41: 3 | B41: 2B | C41: vodoměr TUV č. | D41: 240093452 | E41: 12.203 | F41: 12.204 | G41: 12.205 | R41: =Q41-E41 -> -12.203 | V41: 3 | W41: =F41-E41 -> 0.001 | X41: =G41-F41 -> 0.001 | Y41: =H41-G41 -> -12.205 | Z41: =I41-H41 -> 0 | AA41: =J41-I41 -> 0 | AB41: =K41-J41 -> 0 | AC41: =L41-K41 -> 0 | AD41: =M41-L41 -> 0 | ... AH41: =Q41-P41 -> 0
A42: 5 | B42: 3 | C42: vodoměr TUV č. | D42: 240093448 | E42: 4.936 | F42: 5.358 | G42: 5.759 | R42: =Q42-E42 -> -4.936 | V42: 5 | W42: =F42-E42 -> 0.422 | X42: =G42-F42 -> 0.401 | Y42: =H42-G42 -> -5.759 | Z42: =I42-H42 -> 0 | AA42: =J42-I42 -> 0 | AB42: =K42-J42 -> 0 | AC42: =L42-K42 -> 0 | AD42: =M42-L42 -> 0 | ... AH42: =Q42-P42 -> 0
A43: 6 | B43: 3B | C43: vodoměr TUV č. | D43: 240093431 | E43: 14.064 | F43: 15.25 | G43: 16.664 | R43: =Q43-E43 -> -14.064 | V43: 6 | W43: =F43-E43 -> 1.186 | X43: =G43-F43 -> 1.414 | Y43: =H43-G43 -> -16.664 | Z43: =I43-H43 -> 0 | AA43: =J43-I43 -> 0 | AB43: =K43-J43 -> 0 | AC43: =L43-K43 -> 0 | AD43: =M43-L43 -> 0 | ... AH43: =Q43-P43 -> 0
A44: 9 | B44: 5 | C44: vodoměr TUV č. | D44: 240093433 | E44: 1.374 | F44: 1.4 | G44: 1.404 | R44: =Q44-E44 -> -1.374 | V44: 9 | W44: =F44-E44 -> 0.026 | X44: =G44-F44 -> 0.004 | Y44: =H44-G44 -> -1.404 | Z44: =I44-H44 -> 0 | AA44: =J44-I44 -> 0 | AB44: =K44-J44 -> 0 | AC44: =L44-K44 -> 0 | AD44: =M44-L44 -> 0 | ... AH44: =Q44-P44 -> 0
A45: 8 | B45: 5B | C45: vodoměr TUV č. | D45: 240093446 | E45: 29.33 | F45: 32.412 | G45: 35.023 | R45: =Q45-E45 -> -29.33 | V45: 8 | W45: =F45-E45 -> 3.082 | X45: =G45-F45 -> 2.611 | Y45: =H45-G45 -> -35.023 | Z45: =I45-H45 -> 0 | AA45: =J45-I45 -> 0 | AB45: =K45-J45 -> 0 | AC45: =L45-K45 -> 0 | AD45: =M45-L45 -> 0 | ... AH45: =Q45-P45 -> 0 | AL45: Celková spotřeba SV a TV dělených bytů po měsících v m3
A46: 15 | B46: 6 | C46: vodoměr TUV č. | D46: 240093449 | E46: 16.875 | F46: 18.382 | G46: 19.418 | R46: =Q46-E46 -> -16.875 | V46: 15 | W46: =F46-E46 -> 1.507 | X46: =G46-F46 -> 1.036 | Y46: =H46-G46 -> -19.418 | Z46: =I46-H46 -> 0 | AA46: =J46-I46 -> 0 | AB46: =K46-J46 -> 0 | AC46: =L46-K46 -> 0 | AD46: =M46-L46 -> 0 | ... AH46: =Q46-P46 -> 0 | AK46: CELKEM | AL46: 1. | AM46: 2. | AN46: 3. | AO46: 4. | AP46: 5. | AQ46: 6. | AR46: 7. | AS46: 8. | AT46: 9. | AU46: 10. | AV46: 11. | AW46: 12. | AX46: Průměr
A47: 11 | B47: 6B | C47: vodoměr TUV č. | D47: 240092369 | E47: 11.613 | F47: 13.655 | G47: 14.865 | R47: =Q47-E47 -> -11.613 | V47: 11 | W47: =F47-E47 -> 2.042 | X47: =G47-F47 -> 1.21 | Y47: =H47-G47 -> -14.865 | Z47: =I47-H47 -> 0 | AA47: =J47-I47 -> 0 | AB47: =K47-J47 -> 0 | AC47: =L47-K47 -> 0 | AD47: =M47-L47 -> 0 | ... AH47: =Q47-P47 -> 0 | AK47: TV | AL47: =SUM(W40:W49) -> 14.083 | AM47: =SUM(X40:X49) -> 12.07 | AX47: =(AL47+AM47+AN47+AO47+AP47+AQ47+AR47+AS47+AT47+AU47+AV47+AW47)/12 -> 2.1794167
A48: 13 | B48: 8 | C48: vodoměr TUV č. | D48: 240093432 | E48: 20.653 | F48: 22.792 | G48: 24.46 | R48: =Q48-E48 -> -20.653 | V48: 13 | W48: =F48-E48 -> 2.139 | X48: =G48-F48 -> 1.668 | Y48: =H48-G48 -> -24.46 | Z48: =I48-H48 -> 0 | AA48: =J48-I48 -> 0 | AB48: =K48-J48 -> 0 | AC48: =L48-K48 -> 0 | AD48: =M48-L48 -> 0 | ... AH48: =Q48-P48 -> 0 | AK48: SV | AL48: =W6+W8+W12+W14+W18+W54+W56+W58+W60+W62 -> 24.318 | AM48: =X6+X8+X12+X14+X18+X54+X56+X58+X60+X62 -> 20.078 | AX48: =(AL48+AM48+AN48+AO48+AP48+AQ48+AR48+AS48+AT48+AU48+AV48+AW48)/12 -> 3.6996667
A49: 12 | B49: 8B | C49: vodoměr TUV č. | D49: 240093416 | E49: 13.562 | F49: 13.701 | G49: 13.858 | R49: =Q49-E49 -> -13.562 | V49: 12 | W49: =F49-E49 -> 0.139 | X49: =G49-F49 -> 0.157 | Y49: =H49-G49 -> -13.858 | Z49: =I49-H49 -> 0 | AA49: =J49-I49 -> 0 | AB49: =K49-J49 -> 0 | AC49: =L49-K49 -> 0 | AD49: =M49-L49 -> 0 | ... AH49: =Q49-P49 -> 0
F52: Reklamace - výměna vodoměru | I52: číslo | J52: stav | L52: Dne 31.7.2023 odpojen kalor. (cejchování), | P52: stav: | Q52: 339.11 | R52: MWh | W52: SROVNÁVACÍ TABULKA ZBYTKU DĚLENÝCH BYTŮ - spotřeby SV a TV | AL52: Podíl teplé vody na celkové spotřebě vody u dělených bytů (%)
D53: 5 | E53: 3A - SV | F53: 44895 | G53: starý | H53: 190834093 | J53: 23.23 | L53: Dne 3.8.2023 zapojen znovuzapojení, | P53: stav: | Q53: 0 | R53: GJ | U53: byt | V53: Vodom. | W53: leden | X53: únor | Y53: březen | Z53: duben | AA53: květen | AB53: červen | AC53: červenec | AD53: srpen | AE53: září | AF53: říjen | AG53: listopad | AH53: prosinec | AL53: 1. | AM53: 2. | AN53: 3. | AO53: 4. | AP53: 5. | AQ53: 6. | AR53: 7. | AS53: 8. | AT53: 9. | AU53: 10. | AV53: 11. | AW53: 12. | AX53: Průměr | BG53: originál | BH53: 1. | BI53: 2. | BJ53: 3. | BK53: 4. | BL53: 5. | BM53: 6. | BN53: 7. | BO53: 8. | BP53: 9. | BQ53: 10. | BR53: 11. | BS53: 12.
G54: nový | H54: 221525378 | J54: 0.02 | U54: 3 | V54: SV | W54: =W33 -> 0 | X54: =X33 -> 0.002 | Y54: =Y33 -> -21.357 | Z54: =Z33 -> 0 | AA54: =AA33 -> 0 | AB54: =AB33 -> 0 | AC54: =AC33 -> 0 | AD54: =AD33 -> 0 | ... AH54: =AH33 -> 0 | AK54: byt 3 | AX54: =SUM(AL54:AW54)/12 -> 0 | BG54: byt 3 | BH54: =AS55/(AS54+AS55) -> #DIV/0! | BI54: =AT55/(AT54+AT55) -> #DIV/0! | BJ54: =AU55/(AU54+AU55) -> #DIV/0! | BK54: =AV55/(AV54+AV55) -> #DIV/0! | BL54: =AW55/(AW54+AW55) -> #DIV/0! | BM54: =AX55/(AX54+AX55) -> #DIV/0! | BN54: =AY55/(AY54+AY55) -> #DIV/0! | BO54: =AZ55/(AZ54+AZ55) -> #DIV/0! | ... BS54: =BD55/(BD54+BD55) -> #DIV/0!
V55: TV | W55: =W41 -> 0.001 | X55: =X41 -> 0.001 | Y55: =Y41 -> -12.205 | Z55: =Z41 -> 0 | AA55: =AA41 -> 0 | AB55: =AB41 -> 0 | AC55: =AC41 -> 0 | AD55: =AD41 -> 0 | ... AH55: =AH41 -> 0
F56: Výměna elektroměru | U56: 6 | V56: SV | W56: =W34 -> 1.179 | X56: =X34 -> 1.274 | Y56: =Y34 -> -22.634 | Z56: =Z34 -> 0 | AA56: =AA34 -> 0 | AB56: =AB34 -> 0 | AC56: =AC34 -> 0 | AD56: =AD34 -> 0 | ... AH56: =AH34 -> 0 | AK56: byt 6 | AL56: =W57/(W56+W57) -> 0.50147992 | AM56: =X57/(X56+X57) -> 0.52604167 | AN56: =Y57/(Y56+Y57) -> 0.42404194 | AO56: =Z57/(Z56+Z57) -> #DIV/0! | AP56: =AA57/(AA56+AA57) -> #DIV/0! | AQ56: =AB57/(AB56+AB57) -> #DIV/0! | AR56: =AC57/(AC56+AC57) -> #DIV/0! | AS56: =AD57/(AD56+AD57) -> #DIV/0! | ... AW56: =AH57/(AH56+AH57) -> #DIV/0! | AX56: =SUM(AL56:AW56)/12 -> #DIV/0!
F57: 43956 | G57: starý | V57: TV | W57: =W43 -> 1.186 | X57: =X43 -> 1.414 | Y57: =Y43 -> -16.664 | Z57: =Z43 -> 0 | AA57: =AA43 -> 0 | AB57: =AB43 -> 0 | AC57: =AC43 -> 0 | AD57: =AD43 -> 0 | ... AH57: =AH43 -> 0
G58: nový | U58: 8 | V58: SV | W58: =W35 -> 5.919 | X58: =X35 -> 4.746 | Y58: =Y35 -> -72.66 | Z58: =Z35 -> 0 | AA58: =AA35 -> 0 | AB58: =AB35 -> 0 | AC58: =AC35 -> 0 | AD58: =AD35 -> 0 | ... AH58: =AH35 -> 0 | AK58: byt 8 | AL58: =W59/(W58+W59) -> 0.3424064 | AM58: =X59/(X58+X59) -> 0.3549001 | AN58: =Y59/(Y58+Y59) -> 0.32524168 | AO58: =Z59/(Z58+Z59) -> #DIV/0! | AP58: =AA59/(AA58+AA59) -> #DIV/0! | AQ58: =AB59/(AB58+AB59) -> #DIV/0! | AR58: =AC59/(AC58+AC59) -> #DIV/0! | AS58: =AD59/(AD58+AD59) -> #DIV/0! | ... AW58: =AH59/(AH58+AH59) -> #DIV/0! | AX58: =SUM(AL58:AW58)/12 -> #DIV/0!
V59: TV | W59: =W45 -> 3.082 | X59: =X45 -> 2.611 | Y59: =Y45 -> -35.023 | Z59: =Z45 -> 0 | AA59: =AA45 -> 0 | AB59: =AB45 -> 0 | AC59: =AC45 -> 0 | AD59: =AD45 -> 0 | ... AH59: =AH45 -> 0
U60: 11 | V60: SV | W60: =W36 -> 3.882 | X60: =X36 -> 2.022 | Y60: =Y36 -> -29.992 | Z60: =Z36 -> 0 | AA60: =AA36 -> 0 | AB60: =AB36 -> 0 | AC60: =AC36 -> 0 | AD60: =AD36 -> 0 | ... AH60: =AH36 -> 0 | AK60: byt 11 | AL60: =W61/(W60+W61) -> 0.34469953 | AM60: =X61/(X60+X61) -> 0.37438119 | AN60: =Y61/(Y60+Y61) -> 0.33138641 | AO60: =Z61/(Z60+Z61) -> #DIV/0! | AP60: =AA61/(AA60+AA61) -> #DIV/0! | AQ60: =AB61/(AB60+AB61) -> #DIV/0! | AR60: =AC61/(AC60+AC61) -> #DIV/0! | AS60: =AD61/(AD60+AD61) -> #DIV/0! | ... AW60: =AH61/(AH60+AH61) -> #DIV/0! | AX60: =SUM(AL60:AW60)/12 -> #DIV/0!
V61: TV | W61: =W47 -> 2.042 | X61: =X47 -> 1.21 | Y61: =Y47 -> -14.865 | Z61: =Z47 -> 0 | AA61: =AA47 -> 0 | AB61: =AB47 -> 0 | AC61: =AC47 -> 0 | AD61: =AD47 -> 0 | ... AH61: =AH47 -> 0
U62: 12 | V62: SV | W62: =W37 -> 0.371 | X62: =X37 -> 0.454 | Y62: =Y37 -> -23.505 | Z62: =Z37 -> 0 | AA62: =AA37 -> 0 | AB62: =AB37 -> 0 | AC62: =AC37 -> 0 | AD62: =AD37 -> 0 | ... AH62: =AH37 -> 0 | AK62: byt 12 | AL62: =W63/(W62+W63) -> 0.27254902 | AM62: =X63/(X62+X63) -> 0.25695581 | AN62: =Y63/(Y62+Y63) -> 0.37090169 | AO62: =Z63/(Z62+Z63) -> #DIV/0! | AP62: =AA63/(AA62+AA63) -> #DIV/0! | AQ62: =AB63/(AB62+AB63) -> #DIV/0! | AR62: =AC63/(AC62+AC63) -> #DIV/0! | AS62: =AD63/(AD62+AD63) -> #DIV/0! | ... AW62: =AH63/(AH62+AH63) -> #DIV/0! | AX62: =SUM(AL62:AW62)/12 -> #DIV/0!
V63: TV | W63: =W49 -> 0.139 | X63: =X49 -> 0.157 | Y63: =Y49 -> -13.858 | Z63: =Z49 -> 0 | AA63: =AA49 -> 0 | AB63: =AB49 -> 0 | AC63: =AC49 -> 0 | AD63: =AD49 -> 0 | ... AH63: =AH49 -> 0

Sheet 1852
A2: 1852 | D2: ='1850'!D2 -> 46022 | E2: ='1850'!E2 -> 46055 | F2: ='1850'!F2 -> 46083 | Q2: voda | R2: teplo | S2: Elektr | Z2: spotřeby po měsících
A3: byt č. | D3: prosinec | E3: leden | F3: únor | G3: březen | H3: duben | I3: květen | J3: červen | K3: červenec | L3: srpen | M3: září | N3: říjen | O3: listopad | P3: prosinec | Q3: m3 | R3: GJ | S3: KWh | U3: byt | V3: leden | W3: únor | X3: březen | Y3: duben | Z3: květen | AA3: červen | AB3: červenec | AC3: srpen | AD3: září | AE3: říjen | AF3: listopad | AG3: prosinec
A4: 1 | B4: vodoměr č. | C4: 241345697 | D4: 132.855 | E4: 143.994 | F4: 156.152 | Q4: =P4-D4 -> -132.855 | U4: 1 | V4: =E4-D4 -> 11.139 | W4: =F4-E4 -> 12.158 | X4: =G4-F4 -> -156.152 | Y4: =H4-G4 -> 0 | Z4: =I4-H4 -> 0 | AA4: =J4-I4 -> 0 | AB4: =K4-J4 -> 0 | AC4: =L4-K4 -> 0 | ... AG4: =P4-O4 -> 0
B5: kalorimetr č. | C5: 71182233 | D5: 101.954 | E5: 108.237 | F5: 112.61 | R5: =P5-D5 -> -101.954
A6: 2 | B6: vodoměr č. | C6: 241345687 | D6: 70.296 | E6: 72.348 | F6: 76.59 | Q6: =P6-D6 -> -70.296 | U6: 2 | V6: =E6-D6 -> 2.052 | W6: =F6-E6 -> 4.242 | X6: =G6-F6 -> -76.59 | Y6: =H6-G6 -> 0 | Z6: =I6-H6 -> 0 | AA6: =J6-I6 -> 0 | AB6: =K6-J6 -> 0 | AC6: =L6-K6 -> 0 | ... AG6: =P6-O6 -> 0
B7: kalorimetr č. | C7: 71182270 | D7: 53.346 | E7: 55.978 | F7: 58.187 | R7: =P7-D7 -> -53.346
A8: 3 | B8: vodoměr č. | C8: 241345688 | D8: 150.035 | E8: 162.726 | F8: 174.351 | Q8: =P8-D8 -> -150.035 | U8: 3 | V8: =E8-D8 -> 12.691 | W8: =F8-E8 -> 11.625 | X8: =G8-F8 -> -174.351 | Y8: =H8-G8 -> 0 | Z8: =I8-H8 -> 0 | AA8: =J8-I8 -> 0 | AB8: =K8-J8 -> 0 | AC8: =L8-K8 -> 0 | ... AG8: =P8-O8 -> 0
B9: kalorimetr č. | C9: 71182274 | D9: 142.691 | E9: 149.913 | F9: 154.878 | R9: =P9-D9 -> -142.691
A10: 4 | B10: vodoměr č. | C10: 250434729 | D10: 71.464 | E10: 80.61 | F10: 87.618 | Q10: =P10-D10 -> -71.464 | U10: 4 | V10: =E10-D10 -> 9.146 | W10: =F10-E10 -> 7.008 | X10: =G10-F10 -> -87.618 | Y10: =H10-G10 -> 0 | Z10: =I10-H10 -> 0 | AA10: =J10-I10 -> 0 | AB10: =K10-J10 -> 0 | AC10: =L10-K10 -> 0 | ... AG10: =P10-O10 -> 0
B11: kalorimetr č. | C11: 71182244 | D11: 104.88 | E11: 109.368 | F11: 111.765 | R11: =P11-D11 -> -104.88
A12: 5 | B12: vodoměr č. | C12: 241345689 | D12: 89.153 | E12: 95.497 | F12: 101.514 | Q12: =P12-D12 -> -89.153 | U12: 5 | V12: =E12-D12 -> 6.344 | W12: =F12-E12 -> 6.017 | X12: =G12-F12 -> -101.514 | Y12: =H12-G12 -> 0 | Z12: =I12-H12 -> 0 | AA12: =J12-I12 -> 0 | AB12: =K12-J12 -> 0 | AC12: =L12-K12 -> 0 | ... AG12: =P12-O12 -> 0
B13: kalorimetr č. | C13: 71182251 | D13: 54.095 | E13: 56.959 | F13: 58.343 | R13: =P13-D13 -> -54.095
A14: 6 | B14: vodoměr č. | C14: 241345694 | D14: 75.263 | E14: 82.742 | F14: 88.188 | Q14: =P14-D14 -> -75.263 | U14: 6 | V14: =E14-D14 -> 7.479 | W14: =F14-E14 -> 5.446 | X14: =G14-F14 -> -88.188 | Y14: =H14-G14 -> 0 | Z14: =I14-H14 -> 0 | AA14: =J14-I14 -> 0 | AB14: =K14-J14 -> 0 | AC14: =L14-K14 -> 0 | ... AG14: =P14-O14 -> 0
B15: kalorimetr č. | C15: 71182283 | D15: 76.675 | E15: 80.934 | F15: 83.313 | R15: =P15-D15 -> -76.675
A16: 7 | B16: vodoměr č. | C16: 241345686 | D16: 13.325 | E16: 14.402 | F16: 15.221 | Q16: =P16-D16 -> -13.325 | U16: 7 | V16: =E16-D16 -> 1.077 | W16: =F16-E16 -> 0.819 | X16: =G16-F16 -> -15.221 | Y16: =H16-G16 -> 0 | Z16: =I16-H16 -> 0 | AA16: =J16-I16 -> 0 | AB16: =K16-J16 -> 0 | AC16: =L16-K16 -> 0 | ... AG16: =P16-O16 -> 0
B17: kalorimetr č. | C17: 71182277 | D17: 49.633 | E17: 55.584 | F17: 58.916 | R17: =P17-D17 -> -49.633
A18: 8 | B18: vodoměr č. | C18: 241345685 | D18: 154.038 | E18: 165.656 | F18: 178.618 | Q18: =P18-D18 -> -154.038 | U18: 8 | V18: =E18-D18 -> 11.618 | W18: =F18-E18 -> 12.962 | X18: =G18-F18 -> -178.618 | Y18: =H18-G18 -> 0 | Z18: =I18-H18 -> 0 | AA18: =J18-I18 -> 0 | AB18: =K18-J18 -> 0 | AC18: =L18-K18 -> 0 | ... AG18: =P18-O18 -> 0
B19: kalorimetr č. | C19: 71182246 | D19: 64.559 | E19: 68.385 | F19: 71.07 | R19: =P19-D19 -> -64.559
A20: 9 | B20: vodoměr č. | C20: 241345704 | D20: 108.135 | E20: 108.525 | F20: 109.944 | Q20: =P20-D20 -> -108.135 | U20: 9 | V20: =E20-D20 -> 0.39 | W20: =F20-E20 -> 1.419 | X20: =G20-F20 -> -109.944 | Y20: =H20-G20 -> 0 | Z20: =I20-H20 -> 0 | AA20: =J20-I20 -> 0 | AB20: =K20-J20 -> 0 | AC20: =L20-K20 -> 0 | ... AG20: =P20-O20 -> 0
B21: kalorimetr č. | C21: 71182282 | D21: 140.442 | E21: 144.696 | F21: 146.219 | R21: =P21-D21 -> -140.442
A22: 10 | B22: vodoměr č. | C22: 241345703 | D22: 87.056 | E22: 95.12 | F22: 101.682 | Q22: =P22-D22 -> -87.056 | U22: 10 | V22: =E22-D22 -> 8.064 | W22: =F22-E22 -> 6.562 | X22: =G22-F22 -> -101.682 | Y22: =H22-G22 -> 0 | Z22: =I22-H22 -> 0 | AA22: =J22-I22 -> 0 | AB22: =K22-J22 -> 0 | AC22: =L22-K22 -> 0 | ... AG22: =P22-O22 -> 0
B23: kalorimetr č. | C23: 71182240 | D23: 89.435 | E23: 95.396 | F23: 99.017 | R23: =P23-D23 -> -89.435
Q24: =SUM(Q4:Q23) -> -951.62 | R24: =SUM(R4:R23) -> -877.71
A25: spol.spotř. | B25: elektroměr č. | C25: 2080200097 | D25: 14615 | E25: 14798 | F25: 14977 | S25: =P25-D25 -> -14615
B26: patní vodoměr č. | C26: 240826415 | D26: 1079.3 | E26: 1156.7 | F26: 1232.2 | Q26: =P26-D26 -> -1079.3
B27: patní kalorimetr č./ GJ | D27: 453.82 | E27: 503.66 | F27: 533.07 | R27: =(P27-D27) -> -453.82 | S27: GJ
B28: patní kalorimetr č./kub.m | D28: 3092 | E28: 3385 | F28: 3545 | R28: =P28-D28 -> -3092 | S28: m3
A29: ='1850'!A29 -> fakturační vodoměr č. | C29: ='1850'!C29 -> 63796 | D29: ='1850'!D29 -> 65454 | E29: ='1850'!E29 -> 65848.9 | F29: ='1850'!F29 -> 66193.7 | G29: ='1850'!G29 -> 0 | H29: ='1850'!H29 -> 0 | I29: ='1850'!I29 -> 0 | J29: ='1850'!J29 -> 0 | ... P29: ='1850'!P29 -> 0 | Q29: =P29-D29 -> -65454
B31: Vodoměr | D31: byt | E31: Reklamace - výměna | G31: číslo | H31: stav | J31: Dne 31.7.2023 odpojen kalor. (cejchování), | N31: stav: | O31: 257.22 | P31: MWh
D32: 4 | E32: 45741 | F32: starý | G32: 241345693 | H32: =9.996+6+7.8+6 -> 29.796 | J32: Dne 3.8.2023 zapojen znovuzapojení, | N32: stav: | O32: 0 | P32: GJ
F33: nový | G33: 250434729 | H33: 0
E35: Výměna elektroměru
E36: 43956 | F36: starý
F37: nový

Sheet 1853
A2: 1853 | D2: ='1850'!D2 -> 46022 | E2: ='1850'!E2 -> 46055 | F2: ='1850'!F2 -> 46083 | Q2: Voda | R2: Teplo | S2: Elektr | Z2: spotřeby po měsících | AJ2: 2025
A3: byt č. | D3: prosinec | E3: leden | F3: únor | G3: březen | H3: duben | I3: květen | J3: červen | K3: červenec | L3: srpen | M3: září | N3: říjen | O3: listopad | P3: prosinec | Q3: m3 | R3: GJ | S3: KWh | U3: byt | V3: leden | W3: únor | X3: březen | Y3: duben | Z3: květen | AA3: červen | AB3: červenec | AC3: srpen | AD3: září | AE3: říjen | AF3: listopad | AG3: prosinec | AI3: říjen | AJ3: listopad | AK3: prosinec
A4: 1 | B4: vodoměr č. | C4: 241010646 | D4: 175.815 | E4: 192.061 | F4: 204.754 | Q4: =P4-D4 -> -175.815 | U4: 1 | V4: =E4-D4 -> 16.246 | W4: =F4-E4 -> 12.693 | X4: =G4-F4 -> -204.754 | Y4: =H4-G4 -> 0 | Z4: =I4-H4 -> 0 | AA4: =J4-I4 -> 0 | AB4: =K4-J4 -> 0 | AC4: =L4-K4 -> 0 | ... AG4: =P4-O4 -> 0 | AI4: 16.003 | AJ4: 13.437 | AK4: 12.961
B5: kalorimetr č. | C5: 71182275 | D5: 129.64 | E5: 137.754 | F5: 142.701 | R5: =P5-D5 -> -129.64
A6: 2 | B6: vodoměr č. | C6: 241010634 | D6: 81.341 | E6: 89.161 | F6: 94.862 | Q6: =P6-D6 -> -81.341 | U6: 2 | V6: =E6-D6 -> 7.82 | W6: =F6-E6 -> 5.701 | X6: =G6-F6 -> -94.862 | Y6: =H6-G6 -> 0 | Z6: =I6-H6 -> 0 | AA6: =J6-I6 -> 0 | AB6: =K6-J6 -> 0 | AC6: =L6-K6 -> 0 | ... AG6: =P6-O6 -> 0 | AI6: 5.459 | AJ6: 6.878 | AK6: 7.254
B7: kalorimetr č. | C7: 71182253 | D7: 38.242 | E7: 40.833 | F7: 42.619 | R7: =P7-D7 -> -38.242
A8: 3 | B8: vodoměr č. | C8: 241010645 | D8: 100.236 | E8: 110.881 | F8: 119.483 | Q8: =P8-D8 -> -100.236 | U8: 3 | V8: =E8-D8 -> 10.645 | W8: =F8-E8 -> 8.602 | X8: =G8-F8 -> -119.483 | Y8: =H8-G8 -> 0 | Z8: =I8-H8 -> 0 | AA8: =J8-I8 -> 0 | AB8: =K8-J8 -> 0 | AC8: =L8-K8 -> 0 | ... AG8: =P8-O8 -> 0 | AI8: 6.519 | AJ8: 5.939 | AK8: 7.818
B9: kalorimetr č. | C9: 71182217 | D9: 83.978 | E9: 89.158 | F9: 93.166 | R9: =P9-D9 -> -83.978
A10: 4 | B10: vodoměr č. | C10: 241010647 | D10: 54.349 | E10: 58.58 | F10: 61.624 | Q10: =P10-D10 -> -54.349 | U10: 4 | V10: =E10-D10 -> 4.231 | W10: =F10-E10 -> 3.044 | X10: =G10-F10 -> -61.624 | Y10: =H10-G10 -> 0 | Z10: =I10-H10 -> 0 | AA10: =J10-I10 -> 0 | AB10: =K10-J10 -> 0 | AC10: =L10-K10 -> 0 | ... AG10: =P10-O10 -> 0 | AI10: 4.132 | AJ10: 3.747 | AK10: 4.871
B11: kalorimetr č. | C11: 71182254 | D11: 43.999 | E11: 47 | F11: 48.398 | R11: =P11-D11 -> -43.999
A12: 5 | B12: vodoměr č. | C12: 241010638 | D12: 88.007 | E12: 95.257 | F12: 101.833 | Q12: =P12-D12 -> -88.007 | U12: 5 | V12: =E12-D12 -> 7.25 | W12: =F12-E12 -> 6.576 | X12: =G12-F12 -> -101.833 | Y12: =H12-G12 -> 0 | Z12: =I12-H12 -> 0 | AA12: =J12-I12 -> 0 | AB12: =K12-J12 -> 0 | AC12: =L12-K12 -> 0 | ... AG12: =P12-O12 -> 0 | AI12: 6.694 | AJ12: 6.903 | AK12: 7.452
B13: kalorimetr č. | C13: 71182267 | D13: 36.796 | E13: 38.966 | F13: 40.395 | R13: =P13-D13 -> -36.796
A14: 6 | B14: vodoměr č. | C14: 241010623 | D14: 84.296 | E14: 91.305 | F14: 97.516 | Q14: =P14-D14 -> -84.296 | U14: 6 | V14: =E14-D14 -> 7.009 | W14: =F14-E14 -> 6.211 | X14: =G14-F14 -> -97.516 | Y14: =H14-G14 -> 0 | Z14: =I14-H14 -> 0 | AA14: =J14-I14 -> 0 | AB14: =K14-J14 -> 0 | AC14: =L14-K14 -> 0 | ... AG14: =P14-O14 -> 0 | AI14: 7.074 | AJ14: 7.671 | AK14: 5.853
B15: kalorimetr č. | C15: 71182261 | D15: 60.341 | E15: 64.824 | F15: 67.762 | R15: =P15-D15 -> -60.341
A16: 7 | B16: vodoměr č. | C16: 241010627 | D16: 148.233 | E16: 162.12 | F16: 171.407 | Q16: =P16-D16 -> -148.233 | U16: 7 | V16: =E16-D16 -> 13.887 | W16: =F16-E16 -> 9.287 | X16: =G16-F16 -> -171.407 | Y16: =H16-G16 -> 0 | Z16: =I16-H16 -> 0 | AA16: =J16-I16 -> 0 | AB16: =K16-J16 -> 0 | AC16: =L16-K16 -> 0 | ... AG16: =P16-O16 -> 0 | AI16: 10.693 | AJ16: 13.132 | AK16: 12.302
B17: kalorimetr č. | C17: 71182272 | D17: 97.447 | E17: 101.902 | F17: 104.289 | R17: =P17-D17 -> -97.447
A18: 8 | B18: vodoměr č. | C18: 241010626 | D18: 129.38 | E18: 141.307 | F18: 151.481 | Q18: =P18-D18 -> -129.38 | U18: 8 | V18: =E18-D18 -> 11.927 | W18: =F18-E18 -> 10.174 | X18: =G18-F18 -> -151.481 | Y18: =H18-G18 -> 0 | Z18: =I18-H18 -> 0 | AA18: =J18-I18 -> 0 | AB18: =K18-J18 -> 0 | AC18: =L18-K18 -> 0 | ... AG18: =P18-O18 -> 0 | AI18: 10.254 | AJ18: 10.502 | AK18: 10.232
B19: kalorimetr č. | C19: 71182249 | D19: 77.098 | E19: 82.438 | F19: 85.699 | R19: =P19-D19 -> -77.098
A20: 9 | B20: vodoměr č. | C20: 241010624 | D20: 44.594 | E20: 48.472 | F20: 52.141 | Q20: =P20-D20 -> -44.594 | U20: 9 | V20: =E20-D20 -> 3.878 | W20: =F20-E20 -> 3.669 | X20: =G20-F20 -> -52.141 | Y20: =H20-G20 -> 0 | Z20: =I20-H20 -> 0 | AA20: =J20-I20 -> 0 | AB20: =K20-J20 -> 0 | AC20: =L20-K20 -> 0 | ... AG20: =P20-O20 -> 0 | AI20: 3.403 | AJ20: 3.708 | AK20: 3.761
B21: kalorimetr č. | C21: 71182281 | D21: 89.992 | E21: 95.679 | F21: 99.18 | R21: =P21-D21 -> -89.992
A22: 10 | B22: vodoměr č. | C22: 241010628 | D22: 34.131 | E22: 36.905 | F22: 39.308 | Q22: =P22-D22 -> -34.131 | U22: 10 | V22: =E22-D22 -> 2.774 | W22: =F22-E22 -> 2.403 | X22: =G22-F22 -> -39.308 | Y22: =H22-G22 -> 0 | Z22: =I22-H22 -> 0 | AA22: =J22-I22 -> 0 | AB22: =K22-J22 -> 0 | AC22: =L22-K22 -> 0 | ... AG22: =P22-O22 -> 0 | AI22: 2.412 | AJ22: 2.338 | AK22: 2.79
B23: kalorimetr č. | C23: 71182268 | D23: 82.508 | E23: 87.315 | F23: 90.543 | R23: =P23-D23 -> -82.508
B24: elektroměr č. dům | C24: 2080200105 | D24: 12933 | E24: 13098 | F24: 13234 | Q24: =SUM(Q4:Q23) -> -940.382 | R24: =SUM(R4:R23) -> -740.041 | S24: =P24-D24 -> -12933
A25: spol.spotř. | B25: elektroměr č. VO | C25: 2080200100 | D25: 21566 | E25: 21938 | F25: 22221 | S25: =P25-D25 -> -21566 | U25: Zahrada | V25: =E26-D26 -> 0 | W25: =F26-E26 -> 0 | X25: =G26-F26 -> -746.371 | Y25: =H26-G26 -> 0 | Z25: =I26-H26 -> 0 | AA25: =J26-I26 -> 0 | AB25: =K26-J26 -> 0 | AC25: =L26-K26 -> 0 | ... AG25: =P26-O26 -> 0
B26: vodoměr areál č. | C26: 200076532 | D26: 746.371 | E26: 746.371 | F26: 746.371 | Q26: =P26-D26 -> -746.371 | R26: =ROUND(Q26,0)-1 -> -747 | S26: zahrada
B27: patní vodoměr č. | C27: 241175207 | D27: 1173.1 | E27: 1285.7 | F27: 1380.1 | Q27: =P27-D27 -> -1173.1 | R27: =Q27-R26 -> -426.1 | S27: byty | V27: =(E27-D27)-(E26-D26) -> 112.6 | W27: =(F27-E27)-(F26-E26) -> 94.4 | X27: =(G27-F27)-(G26-F26) -> -633.729 | Y27: =(H27-G27)-(H26-G26) -> 0 | Z27: =(I27-H27)-(I26-H26) -> 0 | AA27: =(J27-I27)-(J26-I26) -> 0 | AB27: =(K27-J27)-(K26-J26) -> 0 | AC27: =(L27-K27)-(L26-K26) -> 0 | ... AG27: =(P27-O27)-(P26-O26) -> 0 | AI27: 82.003 | AJ27: 84.727 | AK27: 86.8
B28: patní kalorimetr č./ GJ | D28: 416.82 | E28: 465.29 | F28: 494.86 | R28: =(P28-D28) -> -416.82 | S28: GJ | V28: =(E28-D28) -> 48.47 | W28: =(F28-E28) -> 29.57 | X28: =(G28-F28) -> -494.86 | Y28: =(H28-G28) -> 0 | Z28: =(I28-H28) -> 0 | AA28: =(J28-I28) -> 0 | AB28: =(K28-J28) -> 0 | AC28: =(L28-K28) -> 0 | ... AG28: =(P28-O28) -> 0 | AI28: 12.17 | AJ28: 27.33 | AK28: 31.64
B29: patní kalorimetr č. /kub.m | D29: 2894 | E29: 3202 | F29: 3380 | R29: =P29-D29 -> -2894 | S29: m3
A30: ='1850'!A29 -> fakturační vodoměr č. | C30: ='1850'!C29 -> 63796 | D30: ='1850'!D29 -> 65454 | E30: ='1850'!E29 -> 65848.9 | F30: ='1850'!F29 -> 66193.7 | G30: ='1850'!G29 -> 0 | H30: ='1850'!H29 -> 0 | I30: ='1850'!I29 -> 0 | J30: ='1850'!J29 -> 0 | ... P30: ='1850'!P29 -> 0 | Q30: =P30-D30 -> -65454
A32: 11 | B32: vodoměr SV č. | C32: 11717149 | D32: 26.83 | E32: 27.072 | F32: 27.251 | Q32: =P32-D32 -> -26.83 | T32: SV | U32: 11 | V32: =E32-D32 -> 0.242 | W32: =F32-E32 -> 0.179 | X32: =G32-F32 -> -27.251 | Y32: =H32-G32 -> 0 | Z32: =I32-H32 -> 0 | AA32: =J32-I32 -> 0 | AB32: =K32-J32 -> 0 | AC32: =L32-K32 -> 0 | ... AG32: =P32-O32 -> 0
B33: vodoměr TV č. | C33: 11683196 | D33: 1.074 | E33: 1.074 | F33: 1.074 | Q33: =P33-D33 -> -1.074 | T33: TV | V33: =E33-D33 -> 0 | W33: =F33-E33 -> 0 | X33: =G33-F33 -> -1.074 | Y33: =H33-G33 -> 0 | Z33: =I33-H33 -> 0 | AA33: =J33-I33 -> 0 | AB33: =K33-J33 -> 0 | AC33: =L33-K33 -> 0 | ... AG33: =P33-O33 -> 0
E35: Výměna elektroměru DŮM
E36: 43956 | F36: starý | P36: spotřeba SV byt č.3 pro vyúčt. | Q36: =Q8-Q32-Q33 -> -72.332
F37: nový | P37: spotřeba SV sklad č.11 pro vyúčt. | Q37: =Q32+Q33 -> -27.904
E38: Výměna elektroměru AREÁL | P38: CELKEM : | Q38: =SUM(Q36:Q37) -> -100.236
E39: 43956 | F39: starý
F40: nový | K40: Dne 31.7.2023 odpojen kalor. (cejchování), | O40: stav: | P40: 234.86 | Q40: MWh
K41: Dne 3.8.2023 zapojen znovuzapojení, | O41: stav: | P41: 0 | Q41: GJ
E42: Výměna vodoměru ZAHRADA | H42: Příští výměna 2026
E43: 43874 | F43: starý | G43: 10282180 | I43: 655.348
F44: nový | G44: 200076532 | I44: 0
E46: Odečty ČEZ AO
E47: 45607 | F47: 2080200100 | H47: 17365 | I47: kWh
E48: 45973 | F48: 2080200100 | H48: 20943 | I48: kWh
G49: spotřeba | H49: =H48-H47 -> 3578 | I49: kWh

Sheet 1854
A2: 1854 | D2: ='1850'!D2 -> 46022 | E2: ='1850'!E2 -> 46055 | F2: ='1850'!F2 -> 46083 | Q2: voda | R2: teplo | S2: Elektr | Z2: spotřeby po měsících
A3: byt č. | D3: prosinec | E3: leden | F3: únor | G3: březen | H3: duben | I3: květen | J3: červen | K3: červenec | L3: srpen | M3: září | N3: říjen | O3: listopad | P3: prosinec | Q3: m3 | R3: GJ | S3: KWh | U3: byt | V3: leden | W3: únor | X3: březen | Y3: duben | Z3: květen | AA3: červen | AB3: červenec | AC3: srpen | AD3: září | AE3: říjen | AF3: listopad | AG3: prosinec
A4: 1 | B4: vodoměr č. | C4: 241010657 | D4: 36.432 | E4: 39.872 | F4: 42.698 | Q4: =P4-D4 -> -36.432 | U4: 1 | V4: =E4-D4 -> 3.44 | W4: =F4-E4 -> 2.826 | X4: =G4-F4 -> -42.698 | Y4: =H4-G4 -> 0 | Z4: =I4-H4 -> 0 | AA4: =J4-I4 -> 0 | AB4: =K4-J4 -> 0 | AC4: =L4-K4 -> 0 | ... AG4: =P4-O4 -> 0
B5: kalorimetr č. | C5: 71182259 | D5: 87.096 | E5: 92.253 | F5: 95.407 | R5: =P5-D5 -> -87.096
A6: 2 | B6: vodoměr č. | C6: 241010655 | D6: 74.11 | E6: 78.894 | F6: 84.682 | Q6: =P6-D6 -> -74.11 | U6: 2 | V6: =E6-D6 -> 4.784 | W6: =F6-E6 -> 5.788 | X6: =G6-F6 -> -84.682 | Y6: =H6-G6 -> 0 | Z6: =I6-H6 -> 0 | AA6: =J6-I6 -> 0 | AB6: =K6-J6 -> 0 | AC6: =L6-K6 -> 0 | ... AG6: =P6-O6 -> 0
B7: kalorimetr č. | C7: 71182248 | D7: 141.336 | E7: 147.312 | F7: 151.599 | R7: =P7-D7 -> -141.336
A8: 3 | B8: vodoměr č. | C8: 241345683 | D8: 71.285 | E8: 72.624 | F8: 79.92 | Q8: =P8-D8 -> -71.285 | U8: 3 | V8: =E8-D8 -> 1.339 | W8: =F8-E8 -> 7.296 | X8: =G8-F8 -> -79.92 | Y8: =H8-G8 -> 0 | Z8: =I8-H8 -> 0 | AA8: =J8-I8 -> 0 | AB8: =K8-J8 -> 0 | AC8: =L8-K8 -> 0 | ... AG8: =P8-O8 -> 0
B9: kalorimetr č. | C9: 71182258 | D9: 158.203 | E9: 166.334 | F9: 171.959 | R9: =P9-D9 -> -158.203
A10: 4 | B10: vodoměr č. | C10: 241010651 | D10: 88.761 | E10: 96.527 | F10: 103.231 | Q10: =P10-D10 -> -88.761 | U10: 4 | V10: =E10-D10 -> 7.766 | W10: =F10-E10 -> 6.704 | X10: =G10-F10 -> -103.231 | Y10: =H10-G10 -> 0 | Z10: =I10-H10 -> 0 | AA10: =J10-I10 -> 0 | AB10: =K10-J10 -> 0 | AC10: =L10-K10 -> 0 | ... AG10: =P10-O10 -> 0
B11: kalorimetr č. | C11: 71182242 | D11: 38.633 | E11: 39.955 | F11: 40.59 | R11: =P11-D11 -> -38.633
A12: 5 | B12: vodoměr č. | C12: 241345677 | D12: 18.231 | E12: 22.036 | F12: 26.087 | Q12: =P12-D12 -> -18.231 | U12: 5 | V12: =E12-D12 -> 3.805 | W12: =F12-E12 -> 4.051 | X12: =G12-F12 -> -26.087 | Y12: =H12-G12 -> 0 | Z12: =I12-H12 -> 0 | AA12: =J12-I12 -> 0 | AB12: =K12-J12 -> 0 | AC12: =L12-K12 -> 0 | ... AG12: =P12-O12 -> 0
B13: kalorimetr č. | C13: 71182255 | D13: 20.766 | E13: 27.041 | F13: 31.276 | R13: =P13-D13 -> -20.766
A14: 6 | B14: vodoměr č. | C14: 241010629 | D14: 150.001 | E14: 162.913 | F14: 173.339 | Q14: =P14-D14 -> -150.001 | U14: 6 | V14: =E14-D14 -> 12.912 | W14: =F14-E14 -> 10.426 | X14: =G14-F14 -> -173.339 | Y14: =H14-G14 -> 0 | Z14: =I14-H14 -> 0 | AA14: =J14-I14 -> 0 | AB14: =K14-J14 -> 0 | AC14: =L14-K14 -> 0 | ... AG14: =P14-O14 -> 0
B15: kalorimetr č. | C15: 71182230 | D15: 48.317 | E15: 51.444 | F15: 52.996 | R15: =P15-D15 -> -48.317
A16: 7 | B16: vodoměr č. | C16: 241010659 | D16: 52.297 | E16: 55.701 | F16: 58.976 | Q16: =P16-D16 -> -52.297 | U16: 7 | V16: =E16-D16 -> 3.404 | W16: =F16-E16 -> 3.275 | X16: =G16-F16 -> -58.976 | Y16: =H16-G16 -> 0 | Z16: =I16-H16 -> 0 | AA16: =J16-I16 -> 0 | AB16: =K16-J16 -> 0 | AC16: =L16-K16 -> 0 | ... AG16: =P16-O16 -> 0
B17: kalorimetr č. | C17: 71182247 | D17: 37.54 | E17: 39.755 | F17: 41.103 | R17: =P17-D17 -> -37.54
A18: 8 | B18: vodoměr č. | C18: 241010622 | D18: 75.76 | E18: 81.828 | F18: 86.603 | Q18: =P18-D18 -> -75.76 | U18: 8 | V18: =E18-D18 -> 6.068 | W18: =F18-E18 -> 4.775 | X18: =G18-F18 -> -86.603 | Y18: =H18-G18 -> 0 | Z18: =I18-H18 -> 0 | AA18: =J18-I18 -> 0 | AB18: =K18-J18 -> 0 | AC18: =L18-K18 -> 0 | ... AG18: =P18-O18 -> 0
B19: kalorimetr č. | C19: 71182232 | D19: 105.695 | E19: 111.471 | F19: 115.032 | R19: =P19-D19 -> -105.695
A20: 9 | B20: vodoměr č. | C20: 241010625 | D20: 153.01 | E20: 165.528 | F20: 176.379 | Q20: =P20-D20 -> -153.01 | U20: 9 | V20: =E20-D20 -> 12.518 | W20: =F20-E20 -> 10.851 | X20: =G20-F20 -> -176.379 | Y20: =H20-G20 -> 0 | Z20: =I20-H20 -> 0 | AA20: =J20-I20 -> 0 | AB20: =K20-J20 -> 0 | AC20: =L20-K20 -> 0 | ... AG20: =P20-O20 -> 0
B21: kalorimetr č. | C21: 71182228 | D21: 127.65 | E21: 135.023 | F21: 139.753 | R21: =P21-D21 -> -127.65
A22: 10 | B22: vodoměr č. | C22: 241010621 | D22: 0.371 | E22: 0.385 | F22: 0.427 | Q22: =P22-D22 -> -0.371 | U22: 10 | V22: =E22-D22 -> 0.014 | W22: =F22-E22 -> 0.042 | X22: =G22-F22 -> -0.427 | Y22: =H22-G22 -> 0 | Z22: =I22-H22 -> 0 | AA22: =J22-I22 -> 0 | AB22: =K22-J22 -> 0 | AC22: =L22-K22 -> 0 | ... AG22: =P22-O22 -> 0
B23: kalorimetr č. | C23: 71182263 | D23: 0.161 | E23: 0.162 | F23: 0.162 | R23: =P23-D23 -> -0.161
Q24: =SUM(Q4:Q23) -> -720.258 | R24: =SUM(R4:R23) -> -765.397
A25: spol.spotř. | B25: elektroměr č. | C25: 2480481736 | D25: 3977 | E25: 4737 | F25: 5050 | S25: =P25-D25 -> -3977
B26: patní vodoměr č. | C26: 240826414 | D26: 783.7 | E26: 847.9 | F26: 906.1 | Q26: =P26-D26 -> -783.7
B27: patní kalorimetr č. / GJ | C27: 70465263 | D27: 1074.78 | E27: 1123.81 | F27: 1155.51 | R27: =P27-D27 -> -1074.78 | S27: GJ
B28: patní kalorimetr č. / kub.m | D28: 8456 | E28: 8758 | F28: 8948 | R28: =P28-D28 -> -8456 | S28: m3
A29: Fakturační vodoměr: | C29: 42012114941 | D29: 211 | E29: 537.6 | F29: 814.4 | Q29: =P29-D29 -> -211
E32: Výměna kalorimetru pata | H32: MWh | I32: m3 | K32: Výměna faktur.vodoměru výr.č. | N32: m3
D33: demontáž | E33: 43984 | F33: starý | K33: 46003 | L33: starý | M33: 42012114941 | N33: 17286 | P33: =N33-D29+200 -> 17275 | Q33: faktur. Spotřeba 2025
G34: výr.č. | H34: GJ | I34: m3 | M34: výr.č. | N34: m3 | P34: =P29 -> 0 | Q34: spotř. Dopočet 2025
D35: montáž | E35: 43986 | F35: nový | K35: 46003 | L35: nový | M35: 42012252632 | N35: 0 | P35: =P33+P34 -> 17275 | Q35: Celkem 2025
C38: byt | D38: Reklamace - výměna | F38: číslo | G38: stav | N38: Odečet vodárny 31.12.2024 | O38: =D29 -> 211
C39: 5 | D39: 43950 | E39: starý | F39: 190907002 | G39: 0.602 | N39: Odečet vodárny 12.12.2025 | O39: =N33+200 -> 17486 | P39: vč. Dopočtu
E40: nový | F40: 221525395 | G40: 0.02 | N40: Odečet vodárny 31.12.2025 | O40: =P29 -> 0
C42: Výměna elektroměru DŮM | N42: spotřeba | O42: =P29+O39-O38 -> 17275
C43: 45415 | D43: starý | E43: 72370871
D44: nový | E44: 2480481736

Sheet 1855
AI1: statistika | AJ1: leden - listopad
A2: 1855 | D2: ='1850'!D2 -> 46022 | E2: ='1850'!E2 -> 46055 | F2: ='1850'!F2 -> 46083 | Q2: voda | R2: teplo | S2: elektr | Z2: spotřeby po měsících | AI2: byt | AJ2: 2025 | AK2: 2024 | AL2: 2023 | AM2: 2022 | AN2: 2021
A3: byt č. | D3: prosinec | E3: leden | F3: únor | G3: březen | H3: duben | I3: květen | J3: červen | K3: červenec | L3: srpen | M3: září | N3: říjen | O3: listopad | P3: prosinec | Q3: m3 | R3: GJ | S3: KWh | U3: byt | V3: leden | W3: únor | X3: březen | Y3: duben | Z3: květen | AA3: červen | AB3: červenec | AC3: srpen | AD3: září | AE3: říjen | AF3: listopad | AG3: prosinec
A4: 1 | B4: vodoměr č. | C4: 241513388 | D4: 143.133 | E4: 157.625 | F4: 171.439 | Q4: =P4-D4 -> -143.133 | U4: 1 | V4: =E4-D4 -> 14.492 | W4: =F4-E4 -> 13.814 | X4: =G4-F4 -> -171.439 | Y4: =H4-G4 -> 0 | Z4: =I4-H4 -> 0 | AA4: =J4-I4 -> 0 | AB4: =K4-J4 -> 0 | AC4: =L4-K4 -> 0 | ... AG4: =P4-O4 -> 0 | AI4: 1 | AJ4: =SUM(V4:AF4) -> -143.133 | AK4: 113.332 | AL4: 124.65 | AM4: 143.755 | AN4: 166.556
B5: kalorimetr č. | C5: 71182223 | D5: 159.824 | E5: 168.366 | F5: 173.024 | R5: =P5-D5 -> -159.824 | U5: teplo | V5: =E5-D5 -> 8.542 | W5: =F5-E5 -> 4.658 | X5: =G5-F5 -> -173.024 | Y5: =H5-G5 -> 0 | Z5: =I5-H5 -> 0 | AA5: =J5-I5 -> 0 | AB5: =K5-J5 -> 0 | AC5: =L5-K5 -> 0 | ... AG5: =P5-O5 -> 0
A6: 2 | B6: vodoměr č. | C6: 241513401 | D6: 207.697 | E6: 225.232 | F6: 242.796 | Q6: =P6-D6 -> -207.697 | U6: 2 | V6: =E6-D6 -> 17.535 | W6: =F6-E6 -> 17.564 | X6: =G6-F6 -> -242.796 | Y6: =H6-G6 -> 0 | Z6: =I6-H6 -> 0 | AA6: =J6-I6 -> 0 | AB6: =K6-J6 -> 0 | AC6: =L6-K6 -> 0 | ... AG6: =P6-O6 -> 0 | AI6: 2 | AJ6: =SUM(V6:AF6) -> -207.697 | AK6: 163.534 | AL6: 153.83 | AM6: 160.272 | AN6: 194.584
B7: kalorimetr č. | C7: 71182224 | D7: 134.892 | E7: 141.927 | F7: 147.2 | R7: =P7-D7 -> -134.892 | V7: =E7-D7 -> 7.035 | W7: =F7-E7 -> 5.273 | X7: =G7-F7 -> -147.2 | Y7: =H7-G7 -> 0 | Z7: =I7-H7 -> 0 | AA7: =J7-I7 -> 0 | AB7: =K7-J7 -> 0 | AC7: =L7-K7 -> 0 | ... AG7: =P7-O7 -> 0
A8: 3 | B8: vodoměr č. | C8: 241513408 | D8: 48.602 | E8: 52.615 | F8: 56.61 | Q8: =P8-D8 -> -48.602 | U8: 3 | V8: =E8-D8 -> 4.013 | W8: =F8-E8 -> 3.995 | X8: =G8-F8 -> -56.61 | Y8: =H8-G8 -> 0 | Z8: =I8-H8 -> 0 | AA8: =J8-I8 -> 0 | AB8: =K8-J8 -> 0 | AC8: =L8-K8 -> 0 | ... AG8: =P8-O8 -> 0 | AI8: 3 | AJ8: =SUM(V8:AF8) -> -48.602 | AK8: 39.264 | AL8: 38.845 | AM8: 40.903 | AN8: 45.515
B9: kalorimetr č. | C9: 71182236 | D9: 82.227 | E9: 87.342 | F9: 90.895 | R9: =P9-D9 -> -82.227 | V9: =E9-D9 -> 5.115 | W9: =F9-E9 -> 3.553 | X9: =G9-F9 -> -90.895 | Y9: =H9-G9 -> 0 | Z9: =I9-H9 -> 0 | AA9: =J9-I9 -> 0 | AB9: =K9-J9 -> 0 | AC9: =L9-K9 -> 0 | ... AG9: =P9-O9 -> 0
A10: 4 | B10: vodoměr č. | C10: 241513380 | D10: 57.064 | E10: 61.956 | F10: 65.957 | Q10: =P10-D10 -> -57.064 | U10: 4 | V10: =E10-D10 -> 4.892 | W10: =F10-E10 -> 4.001 | X10: =G10-F10 -> -65.957 | Y10: =H10-G10 -> 0 | Z10: =I10-H10 -> 0 | AA10: =J10-I10 -> 0 | AB10: =K10-J10 -> 0 | AC10: =L10-K10 -> 0 | ... AG10: =P10-O10 -> 0 | AI10: 4 | AJ10: =SUM(V10:AF10) -> -57.064 | AK10: 22.183 | AL10: 16.192 | AM10: 13.025 | AN10: 10.867
B11: kalorimetr č. | C11: 71182218 | D11: 11.997 | E11: 12.713 | F11: 13.103 | R11: =P11-D11 -> -11.997 | V11: =E11-D11 -> 0.716 | W11: =F11-E11 -> 0.39 | X11: =G11-F11 -> -13.103 | Y11: =H11-G11 -> 0 | Z11: =I11-H11 -> 0 | AA11: =J11-I11 -> 0 | AB11: =K11-J11 -> 0 | AC11: =L11-K11 -> 0 | ... AG11: =P11-O11 -> 0
A12: 5 | B12: vodoměr č. | C12: 241513406 | D12: 69.183 | E12: 75.947 | F12: 80.707 | Q12: =P12-D12 -> -69.183 | U12: 5 | V12: =E12-D12 -> 6.764 | W12: =F12-E12 -> 4.76 | X12: =G12-F12 -> -80.707 | Y12: =H12-G12 -> 0 | Z12: =I12-H12 -> 0 | AA12: =J12-I12 -> 0 | AB12: =K12-J12 -> 0 | AC12: =L12-K12 -> 0 | ... AG12: =P12-O12 -> 0 | AI12: 5 | AJ12: =SUM(V12:AF12) -> -69.183 | AK12: 55.89 | AL12: 51.191 | AM12: 59.694 | AN12: 66.633
B13: kalorimetr č. | C13: 71182273 | D13: 71.989 | E13: 76.492 | F13: 79.258 | R13: =P13-D13 -> -71.989 | V13: =E13-D13 -> 4.503 | W13: =F13-E13 -> 2.766 | X13: =G13-F13 -> -79.258 | Y13: =H13-G13 -> 0 | Z13: =I13-H13 -> 0 | AA13: =J13-I13 -> 0 | AB13: =K13-J13 -> 0 | AC13: =L13-K13 -> 0 | ... AG13: =P13-O13 -> 0
A14: 6 | B14: vodoměr č. | C14: 241513382 | D14: 71.203 | E14: 76.83 | F14: 81.825 | Q14: =P14-D14 -> -71.203 | U14: 6 | V14: =E14-D14 -> 5.627 | W14: =F14-E14 -> 4.995 | X14: =G14-F14 -> -81.825 | Y14: =H14-G14 -> 0 | Z14: =I14-H14 -> 0 | AA14: =J14-I14 -> 0 | AB14: =K14-J14 -> 0 | AC14: =L14-K14 -> 0 | ... AG14: =P14-O14 -> 0 | AI14: 6 | AJ14: =SUM(V14:AF14) -> -71.203 | AK14: 52.51 | AL14: 43.543 | AM14: 37.147 | AN14: 30.636
B15: kalorimetr č. | C15: 71182215 | D15: 123.199 | E15: 129.636 | F15: 134.165 | R15: =P15-D15 -> -123.199 | V15: =E15-D15 -> 6.437 | W15: =F15-E15 -> 4.529 | X15: =G15-F15 -> -134.165 | Y15: =H15-G15 -> 0 | Z15: =I15-H15 -> 0 | AA15: =J15-I15 -> 0 | AB15: =K15-J15 -> 0 | AC15: =L15-K15 -> 0 | ... AG15: =P15-O15 -> 0
A16: 7 | B16: vodoměr č. | C16: 241513386 | D16: 88.68 | E16: 97.156 | F16: 102.6 | Q16: =P16-D16 -> -88.68 | U16: 7 | V16: =E16-D16 -> 8.476 | W16: =F16-E16 -> 5.444 | X16: =G16-F16 -> -102.6 | Y16: =H16-G16 -> 0 | Z16: =I16-H16 -> 0 | AA16: =J16-I16 -> 0 | AB16: =K16-J16 -> 0 | AC16: =L16-K16 -> 0 | ... AG16: =P16-O16 -> 0 | AI16: 7 | AJ16: =SUM(V16:AF16) -> -88.68 | AK16: 41.961 | AL16: 51.851 | AM16: 14.01 | AN16: 21.309
B17: kalorimetr č. | C17: 71182220 | D17: 26.045 | E17: 28.556 | F17: 30.314 | R17: =P17-D17 -> -26.045 | V17: =E17-D17 -> 2.511 | W17: =F17-E17 -> 1.758 | X17: =G17-F17 -> -30.314 | Y17: =H17-G17 -> 0 | Z17: =I17-H17 -> 0 | AA17: =J17-I17 -> 0 | AB17: =K17-J17 -> 0 | AC17: =L17-K17 -> 0 | ... AG17: =P17-O17 -> 0
A18: 8 | B18: vodoměr č. | C18: 241513387 | D18: 45.596 | E18: 49.416 | F18: 52.74 | Q18: =P18-D18 -> -45.596 | U18: 8 | V18: =E18-D18 -> 3.82 | W18: =F18-E18 -> 3.324 | X18: =G18-F18 -> -52.74 | Y18: =H18-G18 -> 0 | Z18: =I18-H18 -> 0 | AA18: =J18-I18 -> 0 | AB18: =K18-J18 -> 0 | AC18: =L18-K18 -> 0 | ... AG18: =P18-O18 -> 0 | AI18: 8 | AJ18: =SUM(V18:AF18) -> -45.596 | AK18: 34.7 | AL18: 29.064 | AM18: 24.359 | AN18: 19.303
B19: kalorimetr č. | C19: 71182264 | D19: 52.285 | E19: 55.868 | F19: 57.365 | R19: =P19-D19 -> -52.285 | V19: =E19-D19 -> 3.583 | W19: =F19-E19 -> 1.497 | X19: =G19-F19 -> -57.365 | Y19: =H19-G19 -> 0 | Z19: =I19-H19 -> 0 | AA19: =J19-I19 -> 0 | AB19: =K19-J19 -> 0 | AC19: =L19-K19 -> 0 | ... AG19: =P19-O19 -> 0
A20: 9 | B20: vodoměr č. | C20: 241513383 | D20: 84.087 | E20: 90.456 | F20: 93.02 | Q20: =P20-D20 -> -84.087 | U20: 9 | V20: =E20-D20 -> 6.369 | W20: =F20-E20 -> 2.564 | X20: =G20-F20 -> -93.02 | Y20: =H20-G20 -> 0 | Z20: =I20-H20 -> 0 | AA20: =J20-I20 -> 0 | AB20: =K20-J20 -> 0 | AC20: =L20-K20 -> 0 | ... AG20: =P20-O20 -> 0 | AI20: 9 | AJ20: =SUM(V20:AF20) -> -84.087 | AK20: 71.377 | AL20: 71.522 | AM20: 69.057 | AN20: 78.232
B21: kalorimetr č. | C21: 71182231 | D21: 84.504 | E21: 88.888 | F21: 90.831 | R21: =P21-D21 -> -84.504 | V21: =E21-D21 -> 4.384 | W21: =F21-E21 -> 1.943 | X21: =G21-F21 -> -90.831 | Y21: =H21-G21 -> 0 | Z21: =I21-H21 -> 0 | AA21: =J21-I21 -> 0 | AB21: =K21-J21 -> 0 | AC21: =L21-K21 -> 0 | ... AG21: =P21-O21 -> 0
A22: 10 | B22: vodoměr č. | C22: 241513399 | D22: 102.353 | E22: 111.756 | F22: 118.731 | Q22: =P22-D22 -> -102.353 | U22: 10 | V22: =E22-D22 -> 9.403 | W22: =F22-E22 -> 6.975 | X22: =G22-F22 -> -118.731 | Y22: =H22-G22 -> 0 | Z22: =I22-H22 -> 0 | AA22: =J22-I22 -> 0 | AB22: =K22-J22 -> 0 | AC22: =L22-K22 -> 0 | ... AG22: =P22-O22 -> 0 | AI22: 10 | AJ22: =SUM(V22:AF22) -> -102.353 | AK22: 79.075 | AL22: 94.421 | AM22: 141.682 | AN22: 199.088
B23: kalorimetr č. | C23: 71182227 | D23: 67.726 | E23: 71.923 | F23: 74.411 | R23: =P23-D23 -> -67.726 | V23: =E23-D23 -> 4.197 | W23: =F23-E23 -> 2.488 | X23: =G23-F23 -> -74.411 | Y23: =H23-G23 -> 0 | Z23: =I23-H23 -> 0 | AA23: =J23-I23 -> 0 | AB23: =K23-J23 -> 0 | AC23: =L23-K23 -> 0 | ... AG23: =P23-O23 -> 0
Q24: =SUM(Q4:Q23) -> -917.598 | R24: =SUM(R4:R23) -> -814.688 | AI24: byty | AJ24: =SUM(AJ4:AJ22) -> -917.598 | AK24: =SUM(AK4:AK22)+2.6 -> 676.426 | AL24: =SUM(AL4:AL22) -> 675.109 | AM24: =SUM(AM4:AM22) -> 703.904 | AN24: =SUM(AN4:AN22) -> 832.723
A25: spol.spotř. | B25: elektroměr č. | C25: 72846558 | D25: 6197 | E25: 6586 | F25: 6847 | S25: =P25-D25 -> -6197
B26: patní vodoměr č. | C26: 241175209 | D26: 973.3 | E26: 1059.9 | F26: 1132.1 | Q26: =P26-D26 -> -973.3 | AI26: pata | AJ26: =O26-D26 -> -973.3 | AK26: 785.2 | AL26: 771.6 | AM26: 795 | AN26: 949.4
B27: patní kalorimetr č./GJ | C27: 70465264 | D27: 1197.4 | E27: 1249.07 | F27: 1280.75 | R27: =P27-D27 -> -1197.4 | S27: GJ
B28: patní kalorimetr č./kub.m | D28: 8361 | E28: 8784 | F28: 9002 | R28: =P28-D28 -> -8361 | S28: m3
A29: ='1854'!A29 -> Fakturační vodoměr: | C29: ='1854'!C29 -> 42012114941 | D29: ='1854'!D29 -> 211 | E29: ='1854'!E29 -> 537.6 | F29: ='1854'!F29 -> 814.4 | G29: ='1854'!G29 -> 0 | H29: ='1854'!H29 -> 0 | I29: ='1854'!I29 -> 0 | J29: ='1854'!J29 -> 0 | ... Q29: ='1854'!Q29 -> -211 | X29: zápočet rozdílu nových vodoměrů | Y29: 2.6 | Z29: m3 | AJ29: =1-AJ24/AJ26 -> 0.057230042 | AK29: =1-AK24/AK26 -> 0.13853031 | AL29: =1-AL24/AL26 -> 0.12505314 | AM29: =1-AM24/AM26 -> 0.11458616 | AN29: =1-AN24/AN26 -> 0.12289551
E32: Výměna kalorimetru pata | H32: MWh | I32: m3 | K32: Výměna faktur.vodoměru výr.č. | N32: m3
D33: demontáž | E33: 43984 | F33: starý | K33: 44095 | L33: starý
G34: výr.č. | H34: GJ | I34: m3 | M34: výr.č. | N34: m3
D35: montáž | E35: 43986 | F35: nový | K35: 44095 | L35: nový
C37: Výměna elektroměru DŮM
C38: 45415 | D38: starý | E38: 72370870
D39: nový | E39: 72846558
B41: 17.5.2024 reset rohoží | C41: 79:00 hod

Sheet 1856
A2: 1856 | D2: ='1850'!D2 -> 46022 | E2: ='1850'!E2 -> 46055 | F2: ='1850'!F2 -> 46083 | Q2: Voda | R2: Teplo | S2: Elektr | Z2: spotřeby po měsících
A3: byt č. | D3: prosinec | E3: leden | F3: únor | G3: březen | H3: duben | I3: květen | J3: červen | K3: červenec | L3: srpen | M3: září | N3: říjen | O3: listopad | P3: prosinec | Q3: m3 | R3: GJ | S3: KWh | U3: byt | V3: leden | W3: únor | X3: březen | Y3: duben | Z3: květen | AA3: červen | AB3: červenec | AC3: srpen | AD3: září | AE3: říjen | AF3: listopad | AG3: prosinec
A4: 1 | B4: vodoměr č. | C4: 241345680 | D4: 146.869 | E4: 158.773 | F4: 167.288 | Q4: =P4-D4 -> -146.869 | U4: 1 | V4: =E4-D4 -> 11.904 | W4: =F4-E4 -> 8.515 | X4: =G4-F4 -> -167.288 | Y4: =H4-G4 -> 0 | Z4: =I4-H4 -> 0 | AA4: =J4-I4 -> 0 | AB4: =K4-J4 -> 0 | AC4: =L4-K4 -> 0 | ... AG4: =P4-O4 -> 0
B5: kalorimetr č. | C5: 71869912 | D5: 72.937 | E5: 80.614 | F5: 85.211 | R5: =P5-D5 -> -72.937
A6: 2 | B6: vodoměr č. | C6: 241345675 | D6: 64.721 | E6: 69.342 | F6: 73.131 | Q6: =P6-D6 -> -64.721 | U6: 2 | V6: =E6-D6 -> 4.621 | W6: =F6-E6 -> 3.789 | X6: =G6-F6 -> -73.131 | Y6: =H6-G6 -> 0 | Z6: =I6-H6 -> 0 | AA6: =J6-I6 -> 0 | AB6: =K6-J6 -> 0 | AC6: =L6-K6 -> 0 | ... AG6: =P6-O6 -> 0
B7: kalorimetr č. | C7: 71869914 | D7: 19.777 | E7: 21.939 | F7: 23.175 | R7: =P7-D7 -> -19.777
A8: 3 | B8: vodoměr č. | C8: 241345682 | D8: 43.377 | E8: 47.409 | F8: 50.086 | Q8: =P8-D8 -> -43.377 | U8: 3 | V8: =E8-D8 -> 4.032 | W8: =F8-E8 -> 2.677 | X8: =G8-F8 -> -50.086 | Y8: =H8-G8 -> 0 | Z8: =I8-H8 -> 0 | AA8: =J8-I8 -> 0 | AB8: =K8-J8 -> 0 | AC8: =L8-K8 -> 0 | ... AG8: =P8-O8 -> 0
B9: kalorimetr č. | C9: 71869911 | D9: 47.967 | E9: 55.646 | F9: 59.516 | R9: =P9-D9 -> -47.967
A10: 4 | B10: vodoměr č. | C10: 241345678 | D10: 107.32 | E10: 116.312 | F10: 122.837 | Q10: =P10-D10 -> -107.32 | U10: 4 | V10: =E10-D10 -> 8.992 | W10: =F10-E10 -> 6.525 | X10: =G10-F10 -> -122.837 | Y10: =H10-G10 -> 0 | Z10: =I10-H10 -> 0 | AA10: =J10-I10 -> 0 | AB10: =K10-J10 -> 0 | AC10: =L10-K10 -> 0 | ... AG10: =P10-O10 -> 0
B11: kalorimetr č. | C11: 71869913 | D11: 49.029 | E11: 52.406 | F11: 54.165 | R11: =P11-D11 -> -49.029
A12: 5 | B12: vodoměr č. | C12: 241345684 | D12: 30.992 | E12: 31.447 | F12: 32.449 | Q12: =P12-D12 -> -30.992 | U12: 5 | V12: =E12-D12 -> 0.455 | W12: =F12-E12 -> 1.002 | X12: =G12-F12 -> -32.449 | Y12: =H12-G12 -> 0 | Z12: =I12-H12 -> 0 | AA12: =J12-I12 -> 0 | AB12: =K12-J12 -> 0 | AC12: =L12-K12 -> 0 | ... AG12: =P12-O12 -> 0
B13: kalorimetr č. | C13: 71869909 | D13: 16.123 | E13: 16.762 | F13: 17.033 | R13: =P13-D13 -> -16.123
A14: 6 | B14: vodoměr č. | C14: 241345681 | D14: 63.375 | E14: 68.764 | F14: 73.521 | Q14: =P14-D14 -> -63.375 | U14: 6 | V14: =E14-D14 -> 5.389 | W14: =F14-E14 -> 4.757 | X14: =G14-F14 -> -73.521 | Y14: =H14-G14 -> 0 | Z14: =I14-H14 -> 0 | AA14: =J14-I14 -> 0 | AB14: =K14-J14 -> 0 | AC14: =L14-K14 -> 0 | ... AG14: =P14-O14 -> 0
B15: kalorimetr č. | C15: 71869918 | D15: 36.257 | E15: 39.701 | F15: 41.727 | R15: =P15-D15 -> -36.257
A16: 7 | B16: vodoměr č. | C16: 241345676 | D16: 72.198 | E16: 78.442 | F16: 80.151 | Q16: =P16-D16 -> -72.198 | U16: 7 | V16: =E16-D16 -> 6.244 | W16: =F16-E16 -> 1.709 | X16: =G16-F16 -> -80.151 | Y16: =H16-G16 -> 0 | Z16: =I16-H16 -> 0 | AA16: =J16-I16 -> 0 | AB16: =K16-J16 -> 0 | AC16: =L16-K16 -> 0 | ... AG16: =P16-O16 -> 0
B17: kalorimetr č. | C17: 71869916 | D17: 38.493 | E17: 43.724 | F17: 46.749 | R17: =P17-D17 -> -38.493
A18: 8 | B18: vodoměr č. | C18: 241345679 | D18: 138.294 | E18: 150.003 | F18: 161.759 | Q18: =P18-D18 -> -138.294 | U18: 8 | V18: =E18-D18 -> 11.709 | W18: =F18-E18 -> 11.756 | X18: =G18-F18 -> -161.759 | Y18: =H18-G18 -> 0 | Z18: =I18-H18 -> 0 | AA18: =J18-I18 -> 0 | AB18: =K18-J18 -> 0 | AC18: =L18-K18 -> 0 | ... AG18: =P18-O18 -> 0
B19: kalorimetr č. | C19: 71869910 | D19: 40.786 | E19: 46.908 | F19: 50.741 | R19: =P19-D19 -> -40.786
A20: 9 | B20: vodoměr č. | C20: 241345705 | D20: 75.885 | E20: 83.332 | F20: 89.396 | Q20: =P20-D20 -> -75.885 | U20: 9 | V20: =E20-D20 -> 7.447 | W20: =F20-E20 -> 6.064 | X20: =G20-F20 -> -89.396 | Y20: =H20-G20 -> 0 | Z20: =I20-H20 -> 0 | AA20: =J20-I20 -> 0 | AB20: =K20-J20 -> 0 | AC20: =L20-K20 -> 0 | ... AG20: =P20-O20 -> 0
B21: kalorimetr č. | C21: 71869917 | D21: 36.893 | E21: 41.59 | F21: 44.078 | R21: =P21-D21 -> -36.893
A22: 10 | B22: vodoměr č. | C22: 241345652 | D22: 83.115 | E22: 88.534 | F22: 92.908 | Q22: =P22-D22 -> -83.115 | U22: 10 | V22: =E22-D22 -> 5.419 | W22: =F22-E22 -> 4.374 | X22: =G22-F22 -> -92.908 | Y22: =H22-G22 -> 0 | Z22: =I22-H22 -> 0 | AA22: =J22-I22 -> 0 | AB22: =K22-J22 -> 0 | AC22: =L22-K22 -> 0 | ... AG22: =P22-O22 -> 0
B23: kalorimetr č. | C23: 71869915 | D23: 41.863 | E23: 47.064 | F23: 50.265 | R23: =P23-D23 -> -41.863
Q24: =SUM(Q4:Q23) -> -826.146 | R24: =SUM(R4:R23) -> -400.125
A25: spol.spotř. | B25: elektroměr č. | C25: 2480481656 | D25: 3806 | E25: 4086 | F25: 4262 | S25: =P25-D25 -> -3806
B26: patní vodoměr č. | C26: 240826420 | D26: 911.4 | E26: 986.7 | F26: 1049.6 | Q26: =P26-D26 -> -911.4
B27: patní kalorimetr č./GJ | C27: 70465265 | D27: 1026.43 | E27: 1075.61 | F27: 1103.08 | R27: =P27-D27 -> -1026.43 | S27: GJ
B28: patní kalorimetr č./kub.m | D28: 6961 | E28: 7274 | F28: 7446 | R28: =P28-D28 -> -6961 | S28: m3
A29: ='1854'!A29 -> Fakturační vodoměr: | C29: ='1854'!C29 -> 42012114941 | D29: ='1854'!D29 -> 211 | E29: ='1854'!E29 -> 537.6 | F29: ='1854'!F29 -> 814.4 | G29: ='1854'!G29 -> 0 | H29: ='1854'!H29 -> 0 | I29: ='1854'!I29 -> 0 | J29: ='1854'!J29 -> 0 | ... Q29: ='1854'!Q29 -> -211
E32: Výměna kalorimetru pata | H32: MWh | I32: m3 | K32: Výměna faktur.vodoměru výr.č. | N32: m3
D33: demontáž | E33: 43984 | F33: starý | K33: 44095 | L33: starý
G34: výr.č. | H34: GJ | I34: m3 | M34: výr.č. | N34: m3
D35: montáž | E35: 43986 | F35: nový | K35: 44095 | L35: nový
E37: Výměna kalorimetrů byty - demontáž/montáž 2.10.2023 - stav nových 0,000
C39: Výměna elektroměru DŮM
C40: 45415 | D40: starý | E40: 72371793
D41: nový | E41: 2480481656

Sheet 1857
A2: 1857 | D2: ='1850'!D2 -> 46022 | E2: ='1850'!E2 -> 46055 | F2: ='1850'!F2 -> 46083 | Q2: voda | R2: teplo | S2: elektr | Z2: spotřeby po měsících
A3: byt č. | D3: prosinec | E3: leden | F3: únor | G3: březen | H3: duben | I3: květen | J3: červen | K3: červenec | L3: srpen | M3: září | N3: říjen | O3: listopad | P3: prosinec | Q3: m3 | R3: GJ | S3: KWh | U3: byt | V3: leden | W3: únor | X3: březen | Y3: duben | Z3: květen | AA3: červen | AB3: červenec | AC3: srpen | AD3: září | AE3: říjen | AF3: listopad | AG3: prosinec
A4: 1 | B4: vodoměr č. | C4: 241345711 | D4: 52.499 | E4: 61.358 | F4: 69.177 | Q4: =P4-D4 -> -52.499 | U4: 1 | V4: =E4-D4 -> 8.859 | W4: =F4-E4 -> 7.819 | X4: =G4-F4 -> -69.177 | Y4: =H4-G4 -> 0 | Z4: =I4-H4 -> 0 | AA4: =J4-I4 -> 0 | AB4: =K4-J4 -> 0 | AC4: =L4-K4 -> 0 | ... AG4: =P4-O4 -> 0
B5: kalorimetr č. | C5: 71182250 | D5: 126.751 | E5: 132.33 | F5: 135.94 | R5: =P5-D5 -> -126.751
A6: 2 | B6: vodoměr č. | C6: 241010620 | D6: 47.059 | E6: 51.054 | F6: 54.365 | Q6: =P6-D6 -> -47.059 | U6: 2 | V6: =E6-D6 -> 3.995 | W6: =F6-E6 -> 3.311 | X6: =G6-F6 -> -54.365 | Y6: =H6-G6 -> 0 | Z6: =I6-H6 -> 0 | AA6: =J6-I6 -> 0 | AB6: =K6-J6 -> 0 | AC6: =L6-K6 -> 0 | ... AG6: =P6-O6 -> 0
B7: kalorimetr č. | C7: 71182222 | D7: 41.578 | E7: 44.207 | F7: 45.905 | R7: =P7-D7 -> -41.578
A8: 3 | B8: vodoměr č. | C8: 241010656 | D8: 217.808 | E8: 239.645 | F8: 257.004 | Q8: =P8-D8 -> -217.808 | U8: 3 | V8: =E8-D8 -> 21.837 | W8: =F8-E8 -> 17.359 | X8: =G8-F8 -> -257.004 | Y8: =H8-G8 -> 0 | Z8: =I8-H8 -> 0 | AA8: =J8-I8 -> 0 | AB8: =K8-J8 -> 0 | AC8: =L8-K8 -> 0 | ... AG8: =P8-O8 -> 0
B9: kalorimetr č. | C9: 71182219 | D9: 126.97 | E9: 133.45 | F9: 138.017 | R9: =P9-D9 -> -126.97
A10: 4 | B10: vodoměr č. | C10: 241010658 | D10: 82.515 | E10: 91.443 | F10: 98.88 | Q10: =P10-D10 -> -82.515 | U10: 4 | V10: =E10-D10 -> 8.928 | W10: =F10-E10 -> 7.437 | X10: =G10-F10 -> -98.88 | Y10: =H10-G10 -> 0 | Z10: =I10-H10 -> 0 | AA10: =J10-I10 -> 0 | AB10: =K10-J10 -> 0 | AC10: =L10-K10 -> 0 | ... AG10: =P10-O10 -> 0
B11: kalorimetr č. | C11: 71182257 | D11: 35.016 | E11: 38.411 | F11: 40.115 | R11: =P11-D11 -> -35.016
A12: 5 | B12: vodoměr č. | C12: 241345710 | D12: 117.4 | E12: 127.031 | F12: 134.496 | Q12: =P12-D12 -> -117.4 | U12: 5 | V12: =E12-D12 -> 9.631 | W12: =F12-E12 -> 7.465 | X12: =G12-F12 -> -134.496 | Y12: =H12-G12 -> 0 | Z12: =I12-H12 -> 0 | AA12: =J12-I12 -> 0 | AB12: =K12-J12 -> 0 | AC12: =L12-K12 -> 0 | ... AG12: =P12-O12 -> 0
B13: kalorimetr č. | C13: 71182260 | D13: 56.393 | E13: 59.75 | F13: 61.788 | R13: =P13-D13 -> -56.393
A14: 6 | B14: vodoměr č. | C14: 241345707 | D14: 37.943 | E14: 42.086 | F14: 45.581 | Q14: =P14-D14 -> -37.943 | U14: 6 | V14: =E14-D14 -> 4.143 | W14: =F14-E14 -> 3.495 | X14: =G14-F14 -> -45.581 | Y14: =H14-G14 -> 0 | Z14: =I14-H14 -> 0 | AA14: =J14-I14 -> 0 | AB14: =K14-J14 -> 0 | AC14: =L14-K14 -> 0 | ... AG14: =P14-O14 -> 0
B15: kalorimetr č. | C15: 71182266 | D15: 63.279 | E15: 67.391 | F15: 70.021 | R15: =P15-D15 -> -63.279
A16: 7 | B16: vodoměr č. | C16: 241345708 | D16: 146.776 | E16: 161.683 | F16: 175.451 | Q16: =P16-D16 -> -146.776 | U16: 7 | V16: =E16-D16 -> 14.907 | W16: =F16-E16 -> 13.768 | X16: =G16-F16 -> -175.451 | Y16: =H16-G16 -> 0 | Z16: =I16-H16 -> 0 | AA16: =J16-I16 -> 0 | AB16: =K16-J16 -> 0 | AC16: =L16-K16 -> 0 | ... AG16: =P16-O16 -> 0
B17: kalorimetr č. | C17: 71182229 | D17: 131.687 | E17: 138.791 | F17: 144.251 | R17: =P17-D17 -> -131.687
A18: 8 | B18: vodoměr č. | C18: 241010654 | D18: 62.396 | E18: 66.456 | F18: 70.01 | Q18: =P18-D18 -> -62.396 | U18: 8 | V18: =E18-D18 -> 4.06 | W18: =F18-E18 -> 3.554 | X18: =G18-F18 -> -70.01 | Y18: =H18-G18 -> 0 | Z18: =I18-H18 -> 0 | AA18: =J18-I18 -> 0 | AB18: =K18-J18 -> 0 | AC18: =L18-K18 -> 0 | ... AG18: =P18-O18 -> 0
B19: kalorimetr č. | C19: 71182239 | D19: 66.11 | E19: 71.094 | F19: 73.654 | R19: =P19-D19 -> -66.11
A20: 9 | B20: vodoměr č. | C20: 241010649 | D20: 37.702 | E20: 40.871 | F20: 43.517 | Q20: =P20-D20 -> -37.702 | U20: 9 | V20: =E20-D20 -> 3.169 | W20: =F20-E20 -> 2.646 | X20: =G20-F20 -> -43.517 | Y20: =H20-G20 -> 0 | Z20: =I20-H20 -> 0 | AA20: =J20-I20 -> 0 | AB20: =K20-J20 -> 0 | AC20: =L20-K20 -> 0 | ... AG20: =P20-O20 -> 0
B21: kalorimetr č. | C21: 71182226 | D21: 42.999 | E21: 46.985 | F21: 48.71 | R21: =P21-D21 -> -42.999
A22: 10 | B22: vodoměr č. | C22: 241010653 | D22: 143.632 | E22: 158.197 | F22: 167.451 | Q22: =P22-D22 -> -143.632 | U22: 10 | V22: =E22-D22 -> 14.565 | W22: =F22-E22 -> 9.254 | X22: =G22-F22 -> -167.451 | Y22: =H22-G22 -> 0 | Z22: =I22-H22 -> 0 | AA22: =J22-I22 -> 0 | AB22: =K22-J22 -> 0 | AC22: =L22-K22 -> 0 | ... AG22: =P22-O22 -> 0
B23: kalorimetr č. | C23: 71182216 | D23: 98.89 | E23: 105.074 | F23: 108.98 | R23: =P23-D23 -> -98.89
Q24: =SUM(Q4:Q23) -> -945.73 | R24: =SUM(R4:R23) -> -789.673
A25: spol.spotř. | B25: elektroměr č. | C25: 72954852 | D25: 40115 | E25: 40404 | F25: 40599 | S25: =P25-D25 -> -40115
B26: patní vodoměr č. | C26: 240826421 | D26: 1047.2 | E26: 1149.2 | F26: 1231.5 | Q26: =P26-D26 -> -1047.2
B27: patní kalorimetr č. / GJ | C27: 70465266 | D27: 1109.35 | E27: 1161.42 | F27: 1194.17 | R27: =P27-D27 -> -1109.35 | S27: GJ
B28: patní kalorimetr č./kub.m | D28: 8405 | E28: 8813 | F28: 9051 | R28: =P28-D28 -> -8405 | S28: m3
A29: ='1854'!A29 -> Fakturační vodoměr: | C29: ='1854'!C29 -> 42012114941 | D29: ='1854'!D29 -> 211 | E29: ='1854'!E29 -> 537.6 | F29: ='1854'!F29 -> 814.4 | G29: ='1854'!G29 -> 0 | H29: ='1854'!H29 -> 0 | I29: ='1854'!I29 -> 0 | J29: ='1854'!J29 -> 0 | ... Q29: ='1854'!Q29 -> -211
D31: Reklamace - výměna
C32: 4 | D32: 43950 | E32: starý | K32: Výměna faktur.vodoměru výr.č. | N32: m3
E33: nový | K33: 44095 | L33: starý
M34: výr.č. | N34: m3
E35: Výměna kalorimetru pata | H35: MWh | I35: m3 | K35: 44095 | L35: nový
D36: demontáž | E36: 43984 | F36: starý
G37: výr.č. | H37: GJ | I37: m3
D38: montáž | E38: 43986 | F38: nový
C40: Výměna elektroměru DŮM
C41: 45415 | D41: starý | E41: 72370868
D42: nový | E42: 72954852
B44: 17.5.2024 reset rohoží | C44: 06:00 hod

Sheet S1
A1: Sumář - spotřeba leden | B1: 2026
L2: Porovnání leden 2024 | Q2: Porovnání leden 2023 | V2: Porovnání leden 2022
A3: Voda - m3 | B3: 1850 | C3: 1851 | D3: 1852 | E3: 1853
A4: Náměry bytových vodoměrů | B4: ='1850'!E4-'1850'!D4+'1850'!E6-'1850'!D6+'1850'!E8-'1850'!D8+'1850'!E10-'1850'!D10+'1850'!E12-'1850'!D12+'1850'!E14-'1850'!D14+'1850'!E16-'1850'!D16+'1850'!E18-'1850'!D18+'1850'!E20-'1850'!D20+'1850'!E22-'1850'!D22 -> 87.605 | C4: ='1851'!F4-'1851'!E4+'1851'!F6-'1851'!E6+'1851'!F8-'1851'!E8+'1851'!F10-'1851'!E10+'1851'!F12-'1851'!E12+'1851'!F14-'1851'!E14+'1851'!F16-'1851'!E16+'1851'!F18-'1851'!E18+'1851'!F20-'1851'!E20+'1851'!F22-'1851'!E22+'1851'!F33-'1851'!E33+'1851'!F34-'1851'!E34+'1851'!F35-'1851'!E35+'1851'!F36-'1851'!E36+'1851'!F37-'1851'!E37+'1851'!F40-'1851'!E40+'1851'!F41-'1851'!E41+'1851'!F42-'1851'!E42+'1851'!F43-'1851'!E43+'1851'!F44-'1851'!E44+'1851'!F45-'1851'!E45+'1851'!F46-'1851'!E46+'1851'!F47-'1851'!E47+'1851'!F48-'1851'!E48+'1851'!F49-'1851'!E49 -> 86.582 | D4: ='1852'!E4-'1852'!D4+'1852'!E6-'1852'!D6+'1852'!E8-'1852'!D8+'1852'!E10-'1852'!D10+'1852'!E12-'1852'!D12+'1852'!E14-'1852'!D14+'1852'!E16-'1852'!D16+'1852'!E18-'1852'!D18+'1852'!E20-'1852'!D20+'1852'!E22-'1852'!D22 -> 70 | E4: ='1853'!E4-'1853'!D4+'1853'!E6-'1853'!D6+'1853'!E8-'1853'!D8+'1853'!E10-'1853'!D10+'1853'!E12-'1853'!D12+'1853'!E14-'1853'!D14+'1853'!E16-'1853'!D16+'1853'!E18-'1853'!D18+'1853'!E20-'1853'!D20+'1853'!E22-'1853'!D22+'1853'!E26-'1853'!D26 -> 85.667 | G4: =1-B4/B5 -> 0.079779412 | H4: =1-C4/C5 -> 0.088610526 | I4: =1-D4/D5 -> 0.095607235 | J4: =1-E4/E5 -> 0.23919183 | L4: 0.12094059 | M4: 0.082933333 | N4: 0.092265306 | O4: 0.091522013 | Q4: 0.12214642 | R4: 0.060734341 | S4: 0.099550209 | T4: 0.089085714 | V4: 0.10776056 | W4: 0.063344017 | X4: 0.10150055 | Y4: 0.081363057
A5: Patní vodoměry | B5: ='1850'!E26-'1850'!D26 -> 95.2 | C5: ='1851'!F26-'1851'!E26 -> 95 | D5: ='1852'!E26-'1852'!D26 -> 77.4 | E5: ='1853'!E27-'1853'!D27 -> 112.6
A6: Součet patních vodoměrů | B6: =B5+C5+D5+E5 -> 380.2 | G6: =1-B6/B7 -> 0.037224614 | L6: 0.036982683 | Q6: 0.0450045 | V6: 0.042930738
A7: fakturační vodoměr | B7: ='1850'!E29-'1850'!D29 -> 394.9
A8: Teplo - GJ
A9: Náměry bytových kalorimetrů | B9: ='1850'!E5-'1850'!D5+'1850'!E7-'1850'!D7+'1850'!E9-'1850'!D9+'1850'!E11-'1850'!D11+'1850'!E13-'1850'!D13+'1850'!E15-'1850'!D15+'1850'!E17-'1850'!D17+'1850'!E19-'1850'!D19+'1850'!E21-'1850'!D21+'1850'!E23-'1850'!D23 -> 46.052 | C9: ='1851'!F5-'1851'!E5+'1851'!F7-'1851'!E7+'1851'!F9-'1851'!E9+'1851'!F11-'1851'!E11+'1851'!F13-'1851'!E13+'1851'!F15-'1851'!E15+'1851'!F17-'1851'!E17+'1851'!F19-'1851'!E19+'1851'!F21-'1851'!E21+'1851'!F23-'1851'!E23 -> 48.776 | D9: ='1852'!E5-'1852'!D5+'1852'!E7-'1852'!D7+'1852'!E9-'1852'!D9+'1852'!E11-'1852'!D11+'1852'!E13-'1852'!D13+'1852'!E15-'1852'!D15+'1852'!E17-'1852'!D17+'1852'!E19-'1852'!D19+'1852'!E21-'1852'!D21+'1852'!E23-'1852'!D23 -> 47.74 | E9: ='1853'!E5-'1853'!D5+'1853'!E7-'1853'!D7+'1853'!E9-'1853'!D9+'1853'!E11-'1853'!D11+'1853'!E13-'1853'!D13+'1853'!E15-'1853'!D15+'1853'!E17-'1853'!D17+'1853'!E19-'1853'!D19+'1853'!E21-'1853'!D21+'1853'!E23-'1853'!D23 -> 45.828 | G9: =1-B9/B10 -> 0.032724218 | H9: =1-C9/C10 -> 0.06559387 | I9: =1-D9/D10 -> 0.042134831 | J9: =1-E9/E10 -> 0.054507943 | L9: 0.089801628 | M9: 0.074682971 | N9: 0.048453608 | O9: 0.048181577 | Q9: 0.08422641 | R9: 0.10960399 | S9: 0.062670765 | T9: 0.050868252 | V9: 0.072743402 | W9: 0.097352025 | X9: 0.054242244 | Y9: 0.077654694
A10: Fakturační kalorimetry | B10: =('1850'!E27-'1850'!D27) -> 47.61 | C10: =('1851'!F27-'1851'!E27) -> 52.2 | D10: =('1852'!E27-'1852'!D27) -> 49.84 | E10: =('1853'!E28-'1853'!D28) -> 48.47
A11: Elektřina - kWh
A12: Elektroměr dům | B12: ='1850'!E25-'1850'!D25 -> 263 | C12: ='1851'!F24-'1851'!E24 -> 214 | D12: ='1852'!E25-'1852'!D25 -> 183 | E12: ='1853'!E24-'1853'!D24 -> 165
A14: Elektroměr areál | B14: ='1853'!E25-'1853'!D25 -> 372
A15: Vodoměr areál | B15: ='1853'!E26-'1853'!D26 -> 0
A18: Voda - m3 | B18: 1854 | C18: 1855 | D18: 1856 | E18: 1857
A19: Náměry bytových vodoměrů | B19: ='1854'!E4-'1854'!D4+'1854'!E6-'1854'!D6+'1854'!E8-'1854'!D8+'1854'!E10-'1854'!D10+'1854'!E12-'1854'!D12+'1854'!E14-'1854'!D14+'1854'!E16-'1854'!D16+'1854'!E18-'1854'!D18+'1854'!E20-'1854'!D20+'1854'!E22-'1854'!D22 -> 56.05 | C19: ='1855'!E4-'1855'!D4+'1855'!E6-'1855'!D6+'1855'!E8-'1855'!D8+'1855'!E10-'1855'!D10+'1855'!E12-'1855'!D12+'1855'!E14-'1855'!D14+'1855'!E16-'1855'!D16+'1855'!E18-'1855'!D18+'1855'!E20-'1855'!D20+'1855'!E22-'1855'!D22 -> 81.391 | D19: ='1856'!E4-'1856'!D4+'1856'!E6-'1856'!D6+'1856'!E8-'1856'!D8+'1856'!E10-'1856'!D10+'1856'!E12-'1856'!D12+'1856'!E14-'1856'!D14+'1856'!E16-'1856'!D16+'1856'!E18-'1856'!D18+'1856'!E20-'1856'!D20+'1856'!E22-'1856'!D22 -> 66.212 | E19: ='1857'!E4-'1857'!D4+'1857'!E6-'1857'!D6+'1857'!E8-'1857'!D8+'1857'!E10-'1857'!D10+'1857'!E12-'1857'!D12+'1857'!E14-'1857'!D14+'1857'!E16-'1857'!D16+'1857'!E18-'1857'!D18+'1857'!E20-'1857'!D20+'1857'!E22-'1857'!D22 -> 94.094 | G19: =1-B19/B20 -> 0.12694704 | H19: =1-C19/C20 -> 0.060150115 | I19: =1-D19/D20 -> 0.12069057 | J19: =1-E19/E20 -> 0.077509804 | L19: 0.10742754 | M19: 0.13766497 | N19: 0.071048951 | O19: 0.098954895 | Q19: 0.090062305 | R19: 0.10805405 | S19: 0.091619156 | T19: 0.11914865 | V19: 0.091895803 | W19: 0.10143195 | X19: 0.092536137 | Y19: 0.09185006
A20: Patní vodoměry | B20: ='1854'!E26-'1854'!D26 -> 64.2 | C20: ='1855'!E26-'1855'!D26 -> 86.6 | D20: ='1856'!E26-'1856'!D26 -> 75.3 | E20: ='1857'!E26-'1857'!D26 -> 102
A21: Součet patních vodoměrů | B21: =B20+C20+D20+E20 -> 328.1 | G21: =1-B21/B22 -> -0.004592774 | L21: -0.050371873 | Q21: -0.041319444 | V21: -0.039254824
A22: fakturační vodoměr | B22: ='1854'!E29-'1854'!D29 -> 326.6
A23: Teplo - GJ
A24: Náměry bytových kalorimetrů | B24: ='1854'!E5-'1854'!D5+'1854'!E7-'1854'!D7+'1854'!E9-'1854'!D9+'1854'!E11-'1854'!D11+'1854'!E13-'1854'!D13+'1854'!E15-'1854'!D15+'1854'!E17-'1854'!D17+'1854'!E19-'1854'!D19+'1854'!E21-'1854'!D21+'1854'!E23-'1854'!D23 -> 45.353 | C24: ='1855'!E5-'1855'!D5+'1855'!E7-'1855'!D7+'1855'!E9-'1855'!D9+'1855'!E11-'1855'!D11+'1855'!E13-'1855'!D13+'1855'!E15-'1855'!D15+'1855'!E17-'1855'!D17+'1855'!E19-'1855'!D19+'1855'!E21-'1855'!D21+'1855'!E23-'1855'!D23 -> 47.023 | D24: ='1856'!E5-'1856'!D5+'1856'!E7-'1856'!D7+'1856'!E9-'1856'!D9+'1856'!E11-'1856'!D11+'1856'!E13-'1856'!D13+'1856'!E15-'1856'!D15+'1856'!E17-'1856'!D17+'1856'!E19-'1856'!D19+'1856'!E21-'1856'!D21+'1856'!E23-'1856'!D23 -> 46.229 | E24: ='1857'!E5-'1857'!D5+'1857'!E7-'1857'!D7+'1857'!E9-'1857'!D9+'1857'!E11-'1857'!D11+'1857'!E13-'1857'!D13+'1857'!E15-'1857'!D15+'1857'!E17-'1857'!D17+'1857'!E19-'1857'!D19+'1857'!E21-'1857'!D21+'1857'!E23-'1857'!D23 -> 47.81 | G24: =1-B24/B25 -> 0.074994901 | H24: =1-C24/C25 -> 0.089936133 | I24: =1-D24/D25 -> 0.060004067 | J24: =1-E24/E25 -> 0.081812944 | L24: 0.067762431 | M24: 0.070835345 | N24: 0.069851214 | O24: 0.096922313 | Q24: 0.072464219 | R24: 0.074006476 | S24: 0.086205818 | T24: 0.076633479 | V24: 0.058015267 | W24: 0.072727273 | X24: 0.078701987 | Y24: 0.087025071
A25: Fakturační kalorimetry | B25: =('1854'!E27-'1854'!D27) -> 49.03 | C25: =('1855'!E27-'1855'!D27) -> 51.67 | D25: =('1856'!E27-'1856'!D27) -> 49.18 | E25: =('1857'!E27-'1857'!D27) -> 52.07
A26: Elektřina - kWh
A27: Elektroměr dům | B27: ='1854'!E25-'1854'!D25 -> 760 | C27: ='1855'!E25-'1855'!D25 -> 389 | D27: ='1856'!E25-'1856'!D25 -> 280 | E27: ='1857'!E25-'1857'!D25 -> 289

Sheet S2
A1: Sumář - spotřeba únor | B1: ='S1'!B1 -> 2026
A3: Voda - m3 | B3: 1850 | C3: 1851 | D3: 1852 | E3: 1853
A4: Náměry bytových vodoměrů | B4: ='1850'!F4-'1850'!E4+'1850'!F6-'1850'!E6+'1850'!F8-'1850'!E8+'1850'!F10-'1850'!E10+'1850'!F12-'1850'!E12+'1850'!F14-'1850'!E14+'1850'!F16-'1850'!E16+'1850'!F18-'1850'!E18+'1850'!F20-'1850'!E20+'1850'!F22-'1850'!E22 -> 76.509 | C4: ='1851'!G4-'1851'!F4+'1851'!G6-'1851'!F6+'1851'!G8-'1851'!F8+'1851'!G10-'1851'!F10+'1851'!G12-'1851'!F12+'1851'!G14-'1851'!F14+'1851'!G16-'1851'!F16+'1851'!G18-'1851'!F18+'1851'!G20-'1851'!F20+'1851'!G22-'1851'!F22+'1851'!G33-'1851'!F33+'1851'!G34-'1851'!F34+'1851'!G35-'1851'!F35+'1851'!G36-'1851'!F36+'1851'!G37-'1851'!F37+'1851'!G40-'1851'!F40+'1851'!G41-'1851'!F41+'1851'!G42-'1851'!F42+'1851'!G43-'1851'!F43+'1851'!G44-'1851'!F44+'1851'!G45-'1851'!F45+'1851'!G46-'1851'!F46+'1851'!G47-'1851'!F47+'1851'!G48-'1851'!F48+'1851'!G49-'1851'!F49 -> 72.214 | D4: ='1852'!F4-'1852'!E4+'1852'!F6-'1852'!E6+'1852'!F8-'1852'!E8+'1852'!F10-'1852'!E10+'1852'!F12-'1852'!E12+'1852'!F14-'1852'!E14+'1852'!F16-'1852'!E16+'1852'!F18-'1852'!E18+'1852'!F20-'1852'!E20+'1852'!F22-'1852'!E22 -> 68.258 | E4: ='1853'!F4-'1853'!E4+'1853'!F6-'1853'!E6+'1853'!F8-'1853'!E8+'1853'!F10-'1853'!E10+'1853'!F12-'1853'!E12+'1853'!F14-'1853'!E14+'1853'!F16-'1853'!E16+'1853'!F18-'1853'!E18+'1853'!F20-'1853'!E20+'1853'!F22-'1853'!E22+'1853'!F26-'1853'!E26 -> 68.36 | G4: =1-B4/B5 -> 0.083724551 | H4: =1-C4/C5 -> 0.092788945 | I4: =1-D4/D5 -> 0.09592053 | J4: =1-E4/E5 -> 0.27584746
A5: Patní vodoměry | B5: ='1850'!F26-'1850'!E26 -> 83.5 | C5: ='1851'!G26-'1851'!F26 -> 79.6 | D5: ='1852'!F26-'1852'!E26 -> 75.5 | E5: ='1853'!F27-'1853'!E27 -> 94.4
A6: Součet patních vodoměrů | B6: =SUM(B5:E5) -> 333 | G6: =1-B6/B7 -> 0.034222738
A7: fakturační vodoměr | B7: ='1850'!F29-'1850'!E29 -> 344.8
A8: Teplo - GJ
A9: Náměry bytových kalorimetrů | B9: ='1850'!F5-'1850'!E5+'1850'!F7-'1850'!E7+'1850'!F9-'1850'!E9+'1850'!F11-'1850'!E11+'1850'!F13-'1850'!E13+'1850'!F15-'1850'!E15+'1850'!F17-'1850'!E17+'1850'!F19-'1850'!E19+'1850'!F21-'1850'!E21+'1850'!F23-'1850'!E23 -> 29.649 | C9: ='1851'!G5-'1851'!F5+'1851'!G7-'1851'!F7+'1851'!G9-'1851'!F9+'1851'!G11-'1851'!F11+'1851'!G13-'1851'!F13+'1851'!G15-'1851'!F15+'1851'!G17-'1851'!F17+'1851'!G19-'1851'!F19+'1851'!G21-'1851'!F21+'1851'!G23-'1851'!F23 -> 31.62 | D9: ='1852'!F5-'1852'!E5+'1852'!F7-'1852'!E7+'1852'!F9-'1852'!E9+'1852'!F11-'1852'!E11+'1852'!F13-'1852'!E13+'1852'!F15-'1852'!E15+'1852'!F17-'1852'!E17+'1852'!F19-'1852'!E19+'1852'!F21-'1852'!E21+'1852'!F23-'1852'!E23 -> 28.868 | E9: ='1853'!F5-'1853'!E5+'1853'!F7-'1853'!E7+'1853'!F9-'1853'!E9+'1853'!F11-'1853'!E11+'1853'!F13-'1853'!E13+'1853'!F15-'1853'!E15+'1853'!F17-'1853'!E17+'1853'!F19-'1853'!E19+'1853'!F21-'1853'!E21+'1853'!F23-'1853'!E23 -> 28.883 | G9: =1-B9/B10 -> 0.014000665 | H9: =1-C9/C10 -> 0.056401074 | I9: =1-D9/D10 -> 0.018429106 | J9: =1-E9/E10 -> 0.023233006
A10: Fakturační kalorimetry | B10: =('1850'!F27-'1850'!E27) -> 30.07 | C10: =('1851'!G27-'1851'!F27) -> 33.51 | D10: =('1852'!F27-'1852'!E27) -> 29.41 | E10: =('1853'!F28-'1853'!E28) -> 29.57
A11: Elektřina -
A12: Elektroměr dům | B12: ='1850'!F25-'1850'!E25 -> 214 | C12: ='1851'!G24-'1851'!F24 -> 188 | D12: ='1852'!F25-'1852'!E25 -> 179 | E12: ='1853'!F24-'1853'!E24 -> 136
A14: Elektroměr areál | B14: ='1853'!F25-'1853'!E25 -> 283
A15: Vodoměr areál | B15: ='1853'!F26-'1853'!E26 -> 0
A18: Voda - m3 | B18: 1854 | C18: 1855 | D18: 1856 | E18: 1857
A19: Náměry bytových vodoměrů | B19: ='1854'!F4-'1854'!E4+'1854'!F6-'1854'!E6+'1854'!F8-'1854'!E8+'1854'!F10-'1854'!E10+'1854'!F12-'1854'!E12+'1854'!F14-'1854'!E14+'1854'!F16-'1854'!E16+'1854'!F18-'1854'!E18+'1854'!F20-'1854'!E20+'1854'!F22-'1854'!E22 -> 56.034 | C19: ='1855'!F4-'1855'!E4+'1855'!F6-'1855'!E6+'1855'!F8-'1855'!E8+'1855'!F10-'1855'!E10+'1855'!F12-'1855'!E12+'1855'!F14-'1855'!E14+'1855'!F16-'1855'!E16+'1855'!F18-'1855'!E18+'1855'!F20-'1855'!E20+'1855'!F22-'1855'!E22 -> 67.436 | D19: ='1856'!F4-'1856'!E4+'1856'!F6-'1856'!E6+'1856'!F8-'1856'!E8+'1856'!F10-'1856'!E10+'1856'!F12-'1856'!E12+'1856'!F14-'1856'!E14+'1856'!F16-'1856'!E16+'1856'!F18-'1856'!E18+'1856'!F20-'1856'!E20+'1856'!F22-'1856'!E22 -> 51.168 | E19: ='1857'!F4-'1857'!E4+'1857'!F6-'1857'!E6+'1857'!F8-'1857'!E8+'1857'!F10-'1857'!E10+'1857'!F12-'1857'!E12+'1857'!F14-'1857'!E14+'1857'!F16-'1857'!E16+'1857'!F18-'1857'!E18+'1857'!F20-'1857'!E20+'1857'!F22-'1857'!E22 -> 76.108 | G19: =1-B19/B20 -> 0.037216495 | H19: =1-C19/C20 -> 0.06598338 | I19: =1-D19/D20 -> 0.18651828 | J19: =1-E19/E20 -> 0.075236938
A20: Patní vodoměry | B20: ='1854'!F26-'1854'!E26 -> 58.2 | C20: ='1855'!F26-'1855'!E26 -> 72.2 | D20: ='1856'!F26-'1856'!E26 -> 62.9 | E20: ='1857'!F26-'1857'!E26 -> 82.3
A21: Součet patních vodoměrů | B21: =SUM(B20:E20) -> 275.6 | G21: =1-B21/B22 -> 0.0043352601
A22: fakturační vodoměr | B22: ='1854'!F29-'1854'!E29 -> 276.8
A23: Teplo - GJ
A24: Náměry bytových kalorimetrů | B24: ='1854'!F5-'1854'!E5+'1854'!F7-'1854'!E7+'1854'!F9-'1854'!E9+'1854'!F11-'1854'!E11+'1854'!F13-'1854'!E13+'1854'!F15-'1854'!E15+'1854'!F17-'1854'!E17+'1854'!F19-'1854'!E19+'1854'!F21-'1854'!E21+'1854'!F23-'1854'!E23 -> 29.127 | C24: ='1855'!F5-'1855'!E5+'1855'!F7-'1855'!E7+'1855'!F9-'1855'!E9+'1855'!F11-'1855'!E11+'1855'!F13-'1855'!E13+'1855'!F15-'1855'!E15+'1855'!F17-'1855'!E17+'1855'!F19-'1855'!E19+'1855'!F21-'1855'!E21+'1855'!F23-'1855'!E23 -> 28.855 | D24: ='1856'!F5-'1856'!E5+'1856'!F7-'1856'!E7+'1856'!F9-'1856'!E9+'1856'!F11-'1856'!E11+'1856'!F13-'1856'!E13+'1856'!F15-'1856'!E15+'1856'!F17-'1856'!E17+'1856'!F19-'1856'!E19+'1856'!F21-'1856'!E21+'1856'!F23-'1856'!E23 -> 26.306 | E24: ='1857'!F5-'1857'!E5+'1857'!F7-'1857'!E7+'1857'!F9-'1857'!E9+'1857'!F11-'1857'!E11+'1857'!F13-'1857'!E13+'1857'!F15-'1857'!E15+'1857'!F17-'1857'!E17+'1857'!F19-'1857'!E19+'1857'!F21-'1857'!E21+'1857'!F23-'1857'!E23 -> 29.898 | G24: =1-B24/B25 -> 0.081167192 | H24: =1-C24/C25 -> 0.08917298 | I24: =1-D24/D25 -> 0.042373498 | J24: =1-E24/E25 -> 0.087083969
A25: Fakturační kalorimetry | B25: =('1854'!F27-'1854'!E27) -> 31.7 | C25: =('1855'!F27-'1855'!E27) -> 31.68 | D25: =('1856'!F27-'1856'!E27) -> 27.47 | E25: =('1857'!F27-'1857'!E27) -> 32.75
A26: Elektřina -
A27: Elektroměr dům | B27: ='1854'!F25-'1854'!E25 -> 313 | C27: ='1855'!F25-'1855'!E25 -> 261 | D27: ='1856'!F25-'1856'!E25 -> 176 | E27: ='1857'!F25-'1857'!E25 -> 195

Sheet S3
A1: Sumář - spotřeba březen | B1: ='S1'!B1 -> 2026
A3: Voda - m3 | B3: 1850 | C3: 1851 | D3: 1852 | E3: 1853
A4: Náměry bytových vodoměrů | B4: ='1850'!G4-'1850'!F4+'1850'!G6-'1850'!F6+'1850'!G8-'1850'!F8+'1850'!G10-'1850'!F10+'1850'!G12-'1850'!F12+'1850'!G14-'1850'!F14+'1850'!G16-'1850'!F16+'1850'!G18-'1850'!F18+'1850'!G20-'1850'!F20+'1850'!G22-'1850'!F22 -> -1076.477 | C4: ='1851'!H4-'1851'!G4+'1851'!H6-'1851'!G6+'1851'!H8-'1851'!G8+'1851'!H10-'1851'!G10+'1851'!H12-'1851'!G12+'1851'!H14-'1851'!G14+'1851'!H16-'1851'!G16+'1851'!H18-'1851'!G18+'1851'!H20-'1851'!G20+'1851'!H22-'1851'!G22+'1851'!H33-'1851'!G33+'1851'!H34-'1851'!G34+'1851'!H35-'1851'!G35+'1851'!H36-'1851'!G36+'1851'!H37-'1851'!G37+'1851'!H40-'1851'!G40+'1851'!H41-'1851'!G41+'1851'!H42-'1851'!G42+'1851'!H43-'1851'!G43+'1851'!H44-'1851'!G44+'1851'!H45-'1851'!G45+'1851'!H46-'1851'!G46+'1851'!H47-'1851'!G47+'1851'!H48-'1851'!G48+'1851'!H49-'1851'!G49 -> -1203.542 | D4: ='1852'!G4-'1852'!F4+'1852'!G6-'1852'!F6+'1852'!G8-'1852'!F8+'1852'!G10-'1852'!F10+'1852'!G12-'1852'!F12+'1852'!G14-'1852'!F14+'1852'!G16-'1852'!F16+'1852'!G18-'1852'!F18+'1852'!G20-'1852'!F20+'1852'!G22-'1852'!F22 -> -1089.878 | E4: ='1853'!G4-'1853'!F4+'1853'!G6-'1853'!F6+'1853'!G8-'1853'!F8+'1853'!G10-'1853'!F10+'1853'!G12-'1853'!F12+'1853'!G14-'1853'!F14+'1853'!G16-'1853'!F16+'1853'!G18-'1853'!F18+'1853'!G20-'1853'!F20+'1853'!G22-'1853'!F22+'1853'!G26-'1853'!F26 -> -1840.78 | G4: =1-B4/B5 -> 0.084083213 | H4: =1-C4/C5 -> 0.084550087 | I4: =1-D4/D5 -> 0.11550235 | J4: =1-E4/E5 -> -0.3338019
A5: Patní vodoměry | B5: ='1850'!G26-'1850'!F26 -> -1175.3 | C5: ='1851'!H26-'1851'!G26 -> -1314.7 | D5: ='1852'!G26-'1852'!F26 -> -1232.2 | E5: ='1853'!G27-'1853'!F27 -> -1380.1
A6: Součet patních vodoměrů | B6: =SUM(B5:E5) -> -5102.3 | G6: =1-B6/B7 -> 0.92291865
A7: fakturační vodoměr | B7: ='1850'!G29-'1850'!F29 -> -66193.7
A8: Teplo - GJ
A9: Náměry bytových kalorimetrů | B9: ='1850'!G5-'1850'!F5+'1850'!G7-'1850'!F7+'1850'!G9-'1850'!F9+'1850'!G11-'1850'!F11+'1850'!G13-'1850'!F13+'1850'!G15-'1850'!F15+'1850'!G17-'1850'!F17+'1850'!G19-'1850'!F19+'1850'!G21-'1850'!F21+'1850'!G23-'1850'!F23 -> -827.198 | C9: ='1851'!H5-'1851'!G5+'1851'!H7-'1851'!G7+'1851'!H9-'1851'!G9+'1851'!H11-'1851'!G11+'1851'!H13-'1851'!G13+'1851'!H15-'1851'!G15+'1851'!H17-'1851'!G17+'1851'!H19-'1851'!G19+'1851'!H21-'1851'!G21+'1851'!H23-'1851'!G23 -> -1028.875 | D9: ='1852'!G5-'1852'!F5+'1852'!G7-'1852'!F7+'1852'!G9-'1852'!F9+'1852'!G11-'1852'!F11+'1852'!G13-'1852'!F13+'1852'!G15-'1852'!F15+'1852'!G17-'1852'!F17+'1852'!G19-'1852'!F19+'1852'!G21-'1852'!F21+'1852'!G23-'1852'!F23 -> -954.318 | E9: ='1853'!G5-'1853'!F5+'1853'!G7-'1853'!F7+'1853'!G9-'1853'!F9+'1853'!G11-'1853'!F11+'1853'!G13-'1853'!F13+'1853'!G15-'1853'!F15+'1853'!G17-'1853'!F17+'1853'!G19-'1853'!F19+'1853'!G21-'1853'!F21+'1853'!G23-'1853'!F23 -> -814.752 | G9: =1-B9/B10 -> -0.73231555 | H9: =1-C9/C10 -> -0.56876572 | I9: =1-D9/D10 -> -0.79023018 | J9: =1-E9/E10 -> -0.64642929
A10: Fakturační kalorimetry | B10: =('1850'!G27-'1850'!F27) -> -477.51 | C10: =('1851'!H27-'1851'!G27) -> -655.85 | D10: =('1852'!G27-'1852'!F27) -> -533.07 | E10: =('1853'!G28-'1853'!F28) -> -494.86
A11: Elektřina -
A12: Elektroměr dům | B12: ='1850'!G25-'1850'!F25 -> -9949 | C12: ='1851'!H24-'1851'!G24 -> -17374 | D12: ='1852'!G25-'1852'!F25 -> -14977 | E12: ='1853'!G24-'1853'!F24 -> -13234
A14: Elektroměr areál | B14: ='1853'!G25-'1853'!F25 -> -22221
A15: Vodoměr areál | B15: ='1853'!G26-'1853'!F26 -> -746.371
A18: Voda - m3 | B18: 1854 | C18: 1855 | D18: 1856 | E18: 1857
A19: Náměry bytových vodoměrů | B19: ='1854'!G4-'1854'!F4+'1854'!G6-'1854'!F6+'1854'!G8-'1854'!F8+'1854'!G10-'1854'!F10+'1854'!G12-'1854'!F12+'1854'!G14-'1854'!F14+'1854'!G16-'1854'!F16+'1854'!G18-'1854'!F18+'1854'!G20-'1854'!F20+'1854'!G22-'1854'!F22 -> -832.342 | C19: ='1855'!G4-'1855'!F4+'1855'!G6-'1855'!F6+'1855'!G8-'1855'!F8+'1855'!G10-'1855'!F10+'1855'!G12-'1855'!F12+'1855'!G14-'1855'!F14+'1855'!G16-'1855'!F16+'1855'!G18-'1855'!F18+'1855'!G20-'1855'!F20+'1855'!G22-'1855'!F22 -> -1066.425 | D19: ='1856'!G4-'1856'!F4+'1856'!G6-'1856'!F6+'1856'!G8-'1856'!F8+'1856'!G10-'1856'!F10+'1856'!G12-'1856'!F12+'1856'!G14-'1856'!F14+'1856'!G16-'1856'!F16+'1856'!G18-'1856'!F18+'1856'!G20-'1856'!F20+'1856'!G22-'1856'!F22 -> -943.526 | E19: ='1857'!G4-'1857'!F4+'1857'!G6-'1857'!F6+'1857'!G8-'1857'!F8+'1857'!G10-'1857'!F10+'1857'!G12-'1857'!F12+'1857'!G14-'1857'!F14+'1857'!G16-'1857'!F16+'1857'!G18-'1857'!F18+'1857'!G20-'1857'!F20+'1857'!G22-'1857'!F22 -> -1115.932 | G19: =1-B19/B20 -> 0.081401611 | H19: =1-C19/C20 -> 0.05801166 | I19: =1-D19/D20 -> 0.10106136 | J19: =1-E19/E20 -> 0.093843281
A20: Patní vodoměry | B20: ='1854'!G26-'1854'!F26 -> -906.1 | C20: ='1855'!G26-'1855'!F26 -> -1132.1 | D20: ='1856'!G26-'1856'!F26 -> -1049.6 | E20: ='1857'!G26-'1857'!F26 -> -1231.5
A21: Součet patních vodoměrů | B21: =SUM(B20:E20) -> -4319.3 | G21: =1-B21/B22 -> -4.3036591
A22: fakturační vodoměr | B22: ='1854'!G29-'1854'!F29 -> -814.4
A23: Teplo - GJ
A24: Náměry bytových kalorimetrů | B24: ='1854'!G5-'1854'!F5+'1854'!G7-'1854'!F7+'1854'!G9-'1854'!F9+'1854'!G11-'1854'!F11+'1854'!G13-'1854'!F13+'1854'!G15-'1854'!F15+'1854'!G17-'1854'!F17+'1854'!G19-'1854'!F19+'1854'!G21-'1854'!F21+'1854'!G23-'1854'!F23 -> -839.877 | C24: ='1855'!G5-'1855'!F5+'1855'!G7-'1855'!F7+'1855'!G9-'1855'!F9+'1855'!G11-'1855'!F11+'1855'!G13-'1855'!F13+'1855'!G15-'1855'!F15+'1855'!G17-'1855'!F17+'1855'!G19-'1855'!F19+'1855'!G21-'1855'!F21+'1855'!G23-'1855'!F23 -> -890.566 | D24: ='1856'!G5-'1856'!F5+'1856'!G7-'1856'!F7+'1856'!G9-'1856'!F9+'1856'!G11-'1856'!F11+'1856'!G13-'1856'!F13+'1856'!G15-'1856'!F15+'1856'!G17-'1856'!F17+'1856'!G19-'1856'!F19+'1856'!G21-'1856'!F21+'1856'!G23-'1856'!F23 -> -472.66 | E24: ='1857'!G5-'1857'!F5+'1857'!G7-'1857'!F7+'1857'!G9-'1857'!F9+'1857'!G11-'1857'!F11+'1857'!G13-'1857'!F13+'1857'!G15-'1857'!F15+'1857'!G17-'1857'!F17+'1857'!G19-'1857'!F19+'1857'!G21-'1857'!F21+'1857'!G23-'1857'!F23 -> -867.381 | G24: =1-B24/B25 -> 0.27315471 | H24: =1-C24/C25 -> 0.30465274 | I24: =1-D24/D25 -> 0.57150887 | J24: =1-E24/E25 -> 0.27365367
A25: Fakturační kalorimetry | B25: =('1854'!G27-'1854'!F27) -> -1155.51 | C25: =('1855'!G27-'1855'!F27) -> -1280.75 | D25: =('1856'!G27-'1856'!F27) -> -1103.08 | E25: =('1857'!G27-'1857'!F27) -> -1194.17
A26: Elektřina -
A27: Elektroměr dům | B27: ='1854'!G25-'1854'!F25 -> -5050 | C27: ='1855'!G25-'1855'!F25 -> -6847 | D27: ='1856'!G25-'1856'!F25 -> -4262 | E27: ='1857'!G25-'1857'!F25 -> -40599
H28: =60*24 -> 1440
H29: =11*58 -> 638

Sheet S4
A1: Sumář - spotřeba duben | B1: ='S1'!B1 -> 2026
L2: Porovnání duben 2023
A3: Voda - m3 | B3: 1850 | C3: 1851 | D3: 1852 | E3: 1853
A4: Náměry bytových vodoměrů | B4: ='1850'!H4-'1850'!G4+'1850'!H6-'1850'!G6+'1850'!H8-'1850'!G8+'1850'!H10-'1850'!G10+'1850'!H12-'1850'!G12+'1850'!H14-'1850'!G14+'1850'!H16-'1850'!G16+'1850'!H18-'1850'!G18+'1850'!H20-'1850'!G20+'1850'!H22-'1850'!G22 -> 0 | C4: ='1851'!I4-'1851'!H4+'1851'!I6-'1851'!H6+'1851'!I8-'1851'!H8+'1851'!I10-'1851'!H10+'1851'!I12-'1851'!H12+'1851'!I14-'1851'!H14+'1851'!I16-'1851'!H16+'1851'!I18-'1851'!H18+'1851'!I20-'1851'!H20+'1851'!I22-'1851'!H22+'1851'!I33-'1851'!H33+'1851'!I34-'1851'!H34+'1851'!I35-'1851'!H35+'1851'!I36-'1851'!H36+'1851'!I37-'1851'!H37+'1851'!I40-'1851'!H40+'1851'!I41-'1851'!H41+'1851'!I42-'1851'!H42+'1851'!I43-'1851'!H43+'1851'!I44-'1851'!H44+'1851'!I45-'1851'!H45+'1851'!I46-'1851'!H46+'1851'!I47-'1851'!H47+'1851'!I48-'1851'!H48+'1851'!I49-'1851'!H49 -> 0 | D4: ='1852'!H4-'1852'!G4+'1852'!H6-'1852'!G6+'1852'!H8-'1852'!G8+'1852'!H10-'1852'!G10+'1852'!H12-'1852'!G12+'1852'!H14-'1852'!G14+'1852'!H16-'1852'!G16+'1852'!H18-'1852'!G18+'1852'!H20-'1852'!G20+'1852'!H22-'1852'!G22 -> 0 | E4: ='1853'!H4-'1853'!G4+'1853'!H6-'1853'!G6+'1853'!H8-'1853'!G8+'1853'!H10-'1853'!G10+'1853'!H12-'1853'!G12+'1853'!H14-'1853'!G14+'1853'!H16-'1853'!G16+'1853'!H18-'1853'!G18+'1853'!H20-'1853'!G20+'1853'!H22-'1853'!G22+'1853'!H26-'1853'!G26 -> 0 | G4: =1-B4/B5 -> #DIV/0! | H4: =1-C4/C5 -> #DIV/0! | I4: =1-D4/D5 -> #DIV/0! | J4: =1-E4/E5 -> #DIV/0! | L4: 0.12156089 | M4: 0.063176856 | N4: 0.087252874 | O4: 0.096567568
A5: Patní vodoměry | B5: ='1850'!H26-'1850'!G26 -> 0 | C5: ='1851'!I26-'1851'!H26 -> 0 | D5: ='1852'!H26-'1852'!G26 -> 0 | E5: ='1853'!H27-'1853'!G27 -> 0
A6: Součet patních vodoměrů | B6: =SUM(B5:E5) -> 0 | G6: =1-B6/B7 -> #DIV/0! | L6: 0.042795567
A7: fakturační vodoměr | B7: ='1850'!H29-'1850'!G29 -> 0
A8: Teplo - GJ
A9: Náměry bytových kalorimetrů | B9: ='1850'!H5-'1850'!G5+'1850'!H7-'1850'!G7+'1850'!H9-'1850'!G9+'1850'!H11-'1850'!G11+'1850'!H13-'1850'!G13+'1850'!H15-'1850'!G15+'1850'!H17-'1850'!G17+'1850'!H19-'1850'!G19+'1850'!H21-'1850'!G21+'1850'!H23-'1850'!G23 -> 0 | C9: ='1851'!I5-'1851'!H5+'1851'!I7-'1851'!H7+'1851'!I9-'1851'!H9+'1851'!I11-'1851'!H11+'1851'!I13-'1851'!H13+'1851'!I15-'1851'!H15+'1851'!I17-'1851'!H17+'1851'!I19-'1851'!H19+'1851'!I21-'1851'!H21+'1851'!I23-'1851'!H23 -> 0 | D9: ='1852'!H5-'1852'!G5+'1852'!H7-'1852'!G7+'1852'!H9-'1852'!G9+'1852'!H11-'1852'!G11+'1852'!H13-'1852'!G13+'1852'!H15-'1852'!G15+'1852'!H17-'1852'!G17+'1852'!H19-'1852'!G19+'1852'!H21-'1852'!G21+'1852'!H23-'1852'!G23 -> 0 | E9: ='1853'!H5-'1853'!G5+'1853'!H7-'1853'!G7+'1853'!H9-'1853'!G9+'1853'!H11-'1853'!G11+'1853'!H13-'1853'!G13+'1853'!H15-'1853'!G15+'1853'!H17-'1853'!G17+'1853'!H19-'1853'!G19+'1853'!H21-'1853'!G21+'1853'!H23-'1853'!G23 -> 0 | G9: =1-B9/B10 -> #DIV/0! | H9: =1-C9/C10 -> #DIV/0! | I9: =1-D9/D10 -> #DIV/0! | J9: =1-E9/E10 -> #DIV/0! | L9: 0.052057095 | M9: 0.12181409 | N9: 0.019920319 | O9: 0.037235627
A10: Fakturační kalorimetry | B10: =('1850'!H27-'1850'!G27) -> 0 | C10: =('1851'!I27-'1851'!H27) -> 0 | D10: =('1852'!H27-'1852'!G27) -> 0 | E10: =('1853'!H28-'1853'!G28) -> 0
A11: Elektřina -
A12: Elektroměr dům | B12: ='1850'!H25-'1850'!G25 -> 0 | C12: ='1851'!I24-'1851'!H24 -> 0 | D12: ='1852'!H25-'1852'!G25 -> 0 | E12: ='1853'!H24-'1853'!G24 -> 0
A14: Elektroměr areál | B14: ='1853'!H25-'1853'!G25 -> 0
A15: Vodoměr areál | B15: ='1853'!H26-'1853'!G26 -> 0
A18: Voda - m3 | B18: 1854 | C18: 1855 | D18: 1856 | E18: 1857
A19: Náměry bytových vodoměrů | B19: ='1854'!H4-'1854'!G4+'1854'!H6-'1854'!G6+'1854'!H8-'1854'!G8+'1854'!H10-'1854'!G10+'1854'!H12-'1854'!G12+'1854'!H14-'1854'!G14+'1854'!H16-'1854'!G16+'1854'!H18-'1854'!G18+'1854'!H20-'1854'!G20+'1854'!H22-'1854'!G22 -> 0 | C19: ='1855'!H4-'1855'!G4+'1855'!H6-'1855'!G6+'1855'!H8-'1855'!G8+'1855'!H10-'1855'!G10+'1855'!H12-'1855'!G12+'1855'!H14-'1855'!G14+'1855'!H16-'1855'!G16+'1855'!H18-'1855'!G18+'1855'!H20-'1855'!G20+'1855'!H22-'1855'!G22 -> 0 | D19: ='1856'!H4-'1856'!G4+'1856'!H6-'1856'!G6+'1856'!H8-'1856'!G8+'1856'!H10-'1856'!G10+'1856'!H12-'1856'!G12+'1856'!H14-'1856'!G14+'1856'!H16-'1856'!G16+'1856'!H18-'1856'!G18+'1856'!H20-'1856'!G20+'1856'!H22-'1856'!G22 -> 0 | E19: ='1857'!H4-'1857'!G4+'1857'!H6-'1857'!G6+'1857'!H8-'1857'!G8+'1857'!H10-'1857'!G10+'1857'!H12-'1857'!G12+'1857'!H14-'1857'!G14+'1857'!H16-'1857'!G16+'1857'!H18-'1857'!G18+'1857'!H20-'1857'!G20+'1857'!H22-'1857'!G22 -> 0 | G19: =1-B19/B20 -> #DIV/0! | H19: =1-C19/C20 -> #DIV/0! | I19: =1-D19/D20 -> #DIV/0! | J19: =1-E19/E20 -> #DIV/0! | L19: 0.094204152 | M19: 0.12833559 | N19: 0.097749684 | O19: 0.10306849
A20: Patní vodoměry | B20: ='1854'!H26-'1854'!G26 -> 0 | C20: ='1855'!H26-'1855'!G26 -> 0 | D20: ='1856'!H26-'1856'!G26 -> 0 | E20: ='1857'!H26-'1857'!G26 -> 0
A21: Součet patních vodoměrů | B21: =SUM(B20:E20) -> 0 | G21: =1-B21/B22 -> #DIV/0! | L21: -0.047619048
A22: fakturační vodoměr | B22: ='1854'!H29-'1854'!G29 -> 0
A23: Teplo - GJ
A24: Náměry bytových kalorimetrů | B24: ='1854'!H5-'1854'!G5+'1854'!H7-'1854'!G7+'1854'!H9-'1854'!G9+'1854'!H11-'1854'!G11+'1854'!H13-'1854'!G13+'1854'!H15-'1854'!G15+'1854'!H17-'1854'!G17+'1854'!H19-'1854'!G19+'1854'!H21-'1854'!G21+'1854'!H23-'1854'!G23 -> 0 | C24: ='1855'!H5-'1855'!G5+'1855'!H7-'1855'!G7+'1855'!H9-'1855'!G9+'1855'!H11-'1855'!G11+'1855'!H13-'1855'!G13+'1855'!H15-'1855'!G15+'1855'!H17-'1855'!G17+'1855'!H19-'1855'!G19+'1855'!H21-'1855'!G21+'1855'!H23-'1855'!G23 -> 0 | D24: ='1856'!H5-'1856'!G5+'1856'!H7-'1856'!G7+'1856'!H9-'1856'!G9+'1856'!H11-'1856'!G11+'1856'!H13-'1856'!G13+'1856'!H15-'1856'!G15+'1856'!H17-'1856'!G17+'1856'!H19-'1856'!G19+'1856'!H21-'1856'!G21+'1856'!H23-'1856'!G23 -> 0 | E24: ='1857'!H5-'1857'!G5+'1857'!H7-'1857'!G7+'1857'!H9-'1857'!G9+'1857'!H11-'1857'!G11+'1857'!H13-'1857'!G13+'1857'!H15-'1857'!G15+'1857'!H17-'1857'!G17+'1857'!H19-'1857'!G19+'1857'!H21-'1857'!G21+'1857'!H23-'1857'!G23 -> 0 | G24: =1-B24/B25 -> #DIV/0! | H24: =1-C24/C25 -> #DIV/0! | I24: =1-D24/D25 -> #DIV/0! | J24: =1-E24/E25 -> #DIV/0! | L24: 0.04391253 | M24: 0.097775242 | N24: 0.027994429 | O24: 0.074728589
A25: Fakturační kalorimetry | B25: =('1854'!H27-'1854'!G27) -> 0 | C25: =('1855'!H27-'1855'!G27) -> 0 | D25: =('1856'!H27-'1856'!G27) -> 0 | E25: =('1857'!H27-'1857'!G27) -> 0
A26: Elektřina -
A27: Elektroměr dům | B27: ='1854'!H25-'1854'!G25 -> 0 | C27: ='1855'!H25-'1855'!G25 -> 0 | D27: ='1856'!H25-'1856'!G25 -> 0 | E27: ='1857'!H25-'1857'!G25 -> 0

Sheet S5
A1: Sumář - spotřeba květen | B1: ='S1'!B1 -> 2026
A3: Voda - m3 | B3: 1850 | C3: 1851 | D3: 1852 | E3: 1853
A4: Náměry bytových vodoměrů | B4: ='1850'!I4-'1850'!H4+'1850'!I6-'1850'!H6+'1850'!I8-'1850'!H8+'1850'!I10-'1850'!H10+'1850'!I12-'1850'!H12+'1850'!I14-'1850'!H14+'1850'!I16-'1850'!H16+'1850'!I18-'1850'!H18+'1850'!I20-'1850'!H20+'1850'!I22-'1850'!H22 -> 0 | C4: ='1851'!J4-'1851'!I4+'1851'!J6-'1851'!I6+'1851'!J8-'1851'!I8+'1851'!J10-'1851'!I10+'1851'!J12-'1851'!I12+'1851'!J14-'1851'!I14+'1851'!J16-'1851'!I16+'1851'!J18-'1851'!I18+'1851'!J20-'1851'!I20+'1851'!J22-'1851'!I22+'1851'!J33-'1851'!I33+'1851'!J34-'1851'!I34+'1851'!J35-'1851'!I35+'1851'!J36-'1851'!I36+'1851'!J37-'1851'!I37+'1851'!J40-'1851'!I40+'1851'!J41-'1851'!I41+'1851'!J42-'1851'!I42+'1851'!J43-'1851'!I43+'1851'!J44-'1851'!I44+'1851'!J45-'1851'!I45+'1851'!J46-'1851'!I46+'1851'!J47-'1851'!I47+'1851'!J48-'1851'!I48+'1851'!J49-'1851'!I49 -> 0 | D4: ='1852'!I4-'1852'!H4+'1852'!I6-'1852'!H6+'1852'!I8-'1852'!H8+'1852'!I10-'1852'!H10+'1852'!I12-'1852'!H12+'1852'!I14-'1852'!H14+'1852'!I16-'1852'!H16+'1852'!I18-'1852'!H18+'1852'!I20-'1852'!H20+'1852'!I22-'1852'!H22 -> 0 | E4: ='1853'!I4-'1853'!H4+'1853'!I6-'1853'!H6+'1853'!I8-'1853'!H8+'1853'!I10-'1853'!H10+'1853'!I12-'1853'!H12+'1853'!I14-'1853'!H14+'1853'!I16-'1853'!H16+'1853'!I18-'1853'!H18+'1853'!I20-'1853'!H20+'1853'!I22-'1853'!H22+'1853'!I26-'1853'!H26 -> 0 | G4: =1-B4/B5 -> #DIV/0! | H4: =1-C4/C5 -> #DIV/0! | I4: =1-D4/D5 -> #DIV/0! | J4: =1-E4/E5 -> #DIV/0!
A5: Patní vodoměry | B5: ='1850'!I26-'1850'!H26 -> 0 | C5: ='1851'!J26-'1851'!I26 -> 0 | D5: ='1852'!I26-'1852'!H26 -> 0 | E5: ='1853'!I27-'1853'!H27 -> 0
A6: Součet patních vodoměrů | B6: =SUM(B5:E5) -> 0 | G6: =1-B6/B7 -> #DIV/0!
A7: fakturační vodoměr | B7: ='1850'!I29-'1850'!H29 -> 0
A8: Teplo - GJ
A9: Náměry bytových kalorimetrů | B9: ='1850'!I5-'1850'!H5+'1850'!I7-'1850'!H7+'1850'!I9-'1850'!H9+'1850'!I11-'1850'!H11+'1850'!I13-'1850'!H13+'1850'!I15-'1850'!H15+'1850'!I17-'1850'!H17+'1850'!I19-'1850'!H19+'1850'!I21-'1850'!H21+'1850'!I23-'1850'!H23 -> 0 | C9: ='1851'!J5-'1851'!I5+'1851'!J7-'1851'!I7+'1851'!J9-'1851'!I9+'1851'!J11-'1851'!I11+'1851'!J13-'1851'!I13+'1851'!J15-'1851'!I15+'1851'!J17-'1851'!I17+'1851'!J19-'1851'!I19+'1851'!J21-'1851'!I21+'1851'!J23-'1851'!I23 -> 0 | D9: ='1852'!I5-'1852'!H5+'1852'!I7-'1852'!H7+'1852'!I9-'1852'!H9+'1852'!I11-'1852'!H11+'1852'!I13-'1852'!H13+'1852'!I15-'1852'!H15+'1852'!I17-'1852'!H17+'1852'!I19-'1852'!H19+'1852'!I21-'1852'!H21+'1852'!I23-'1852'!H23 -> 0 | E9: ='1853'!I5-'1853'!H5+'1853'!I7-'1853'!H7+'1853'!I9-'1853'!H9+'1853'!I11-'1853'!H11+'1853'!I13-'1853'!H13+'1853'!I15-'1853'!H15+'1853'!I17-'1853'!H17+'1853'!I19-'1853'!H19+'1853'!I21-'1853'!H21+'1853'!I23-'1853'!H23 -> 0 | G9: =1-B9/B10 -> #DIV/0! | H9: =1-C9/C10 -> #DIV/0! | I9: =1-D9/D10 -> #DIV/0! | J9: =1-E9/E10 -> #DIV/0!
A10: Fakturační kalorimetry | B10: =('1850'!I27-'1850'!H27) -> 0 | C10: =('1851'!J27-'1851'!I27) -> 0 | D10: =('1852'!I27-'1852'!H27) -> 0 | E10: =('1853'!I28-'1853'!H28) -> 0
A11: Elektřina -
A12: Elektroměr dům | B12: ='1850'!I25-'1850'!H25 -> 0 | C12: ='1851'!J24-'1851'!I24 -> 0 | D12: ='1852'!I25-'1852'!H25 -> 0 | E12: ='1853'!I24-'1853'!H24 -> 0
A14: Elektroměr areál | B14: ='1853'!I25-'1853'!H25 -> 0
A15: Vodoměr areál | B15: ='1853'!I26-'1853'!H26 -> 0
A18: Voda - m3 | B18: 1854 | C18: 1855 | D18: 1856 | E18: 1857
A19: Náměry bytových vodoměrů | B19: ='1854'!I4-'1854'!H4+'1854'!I6-'1854'!H6+'1854'!I8-'1854'!H8+'1854'!I10-'1854'!H10+'1854'!I12-'1854'!H12+'1854'!I14-'1854'!H14+'1854'!I16-'1854'!H16+'1854'!I18-'1854'!H18+'1854'!I20-'1854'!H20+'1854'!I22-'1854'!H22 -> 0 | C19: ='1855'!I4-'1855'!H4+'1855'!I6-'1855'!H6+'1855'!I8-'1855'!H8+'1855'!I10-'1855'!H10+'1855'!I12-'1855'!H12+'1855'!I14-'1855'!H14+'1855'!I16-'1855'!H16+'1855'!I18-'1855'!H18+'1855'!I20-'1855'!H20+'1855'!I22-'1855'!H22 -> 0 | D19: ='1856'!I4-'1856'!H4+'1856'!I6-'1856'!H6+'1856'!I8-'1856'!H8+'1856'!I10-'1856'!H10+'1856'!I12-'1856'!H12+'1856'!I14-'1856'!H14+'1856'!I16-'1856'!H16+'1856'!I18-'1856'!H18+'1856'!I20-'1856'!H20+'1856'!I22-'1856'!H22 -> 0 | E19: ='1857'!I4-'1857'!H4+'1857'!I6-'1857'!H6+'1857'!I8-'1857'!H8+'1857'!I10-'1857'!H10+'1857'!I12-'1857'!H12+'1857'!I14-'1857'!H14+'1857'!I16-'1857'!H16+'1857'!I18-'1857'!H18+'1857'!I20-'1857'!H20+'1857'!I22-'1857'!H22 -> 0 | G19: =1-B19/B20 -> #DIV/0! | H19: =1-C19/C20 -> #DIV/0! | I19: =1-D19/D20 -> #DIV/0! | J19: =1-E19/E20 -> #DIV/0!
A20: Patní vodoměry | B20: ='1854'!I26-'1854'!H26 -> 0 | C20: ='1855'!I26-'1855'!H26 -> 0 | D20: ='1856'!I26-'1856'!H26 -> 0 | E20: ='1857'!I26-'1857'!H26 -> 0
A21: Součet patních vodoměrů | B21: =SUM(B20:E20) -> 0 | G21: =1-B21/B22 -> #DIV/0!
A22: fakturační vodoměr | B22: ='1854'!I29-'1854'!H29 -> 0
A23: Teplo - GJ
A24: Náměry bytových kalorimetrů | B24: ='1854'!I5-'1854'!H5+'1854'!I7-'1854'!H7+'1854'!I9-'1854'!H9+'1854'!I11-'1854'!H11+'1854'!I13-'1854'!H13+'1854'!I15-'1854'!H15+'1854'!I17-'1854'!H17+'1854'!I19-'1854'!H19+'1854'!I21-'1854'!H21+'1854'!I23-'1854'!H23 -> 0 | C24: ='1855'!I5-'1855'!H5+'1855'!I7-'1855'!H7+'1855'!I9-'1855'!H9+'1855'!I11-'1855'!H11+'1855'!I13-'1855'!H13+'1855'!I15-'1855'!H15+'1855'!I17-'1855'!H17+'1855'!I19-'1855'!H19+'1855'!I21-'1855'!H21+'1855'!I23-'1855'!H23 -> 0 | D24: ='1856'!I5-'1856'!H5+'1856'!I7-'1856'!H7+'1856'!I9-'1856'!H9+'1856'!I11-'1856'!H11+'1856'!I13-'1856'!H13+'1856'!I15-'1856'!H15+'1856'!I17-'1856'!H17+'1856'!I19-'1856'!H19+'1856'!I21-'1856'!H21+'1856'!I23-'1856'!H23 -> 0 | E24: ='1857'!I5-'1857'!H5+'1857'!I7-'1857'!H7+'1857'!I9-'1857'!H9+'1857'!I11-'1857'!H11+'1857'!I13-'1857'!H13+'1857'!I15-'1857'!H15+'1857'!I17-'1857'!H17+'1857'!I19-'1857'!H19+'1857'!I21-'1857'!H21+'1857'!I23-'1857'!H23 -> 0 | G24: =1-B24/B25 -> #DIV/0! | H24: =1-C24/C25 -> #DIV/0! | I24: =1-D24/D25 -> #DIV/0! | J24: =1-E24/E25 -> #DIV/0!
A25: Fakturační kalorimetry | B25: =('1854'!I27-'1854'!H27) -> 0 | C25: =('1855'!I27-'1855'!H27) -> 0 | D25: =('1856'!I27-'1856'!H27) -> 0 | E25: =('1857'!I27-'1857'!H27) -> 0
A26: Elektřina - | N26: Původní vzorce
A27: Elektroměr dům | B27: ='1854'!I25-'1854'!H25 -> 0 | C27: ='1855'!I25-'1855'!H25 -> 0 | D27: ='1856'!I25-'1856'!H25 -> 0 | E27: ='1857'!I25-'1857'!H25 -> 0

Sheet S6
A1: Sumář - spotřeba červen | B1: ='S1'!B1 -> 2026
A3: Voda - m3 | B3: 1850 | C3: 1851 | D3: 1852 | E3: 1853
A4: Náměry bytových vodoměrů | B4: ='1850'!J4-'1850'!I4+'1850'!J6-'1850'!I6+'1850'!J8-'1850'!I8+'1850'!J10-'1850'!I10+'1850'!J12-'1850'!I12+'1850'!J14-'1850'!I14+'1850'!J16-'1850'!I16+'1850'!J18-'1850'!I18+'1850'!J20-'1850'!I20+'1850'!J22-'1850'!I22 -> 0 | C4: ='1851'!K4-'1851'!J4+'1851'!K6-'1851'!J6+'1851'!K8-'1851'!J8+'1851'!K10-'1851'!J10+'1851'!K12-'1851'!J12+'1851'!K14-'1851'!J14+'1851'!K16-'1851'!J16+'1851'!K18-'1851'!J18+'1851'!K20-'1851'!J20+'1851'!K22-'1851'!J22+'1851'!K33-'1851'!J33+'1851'!K34-'1851'!J34+'1851'!K35-'1851'!J35+'1851'!K36-'1851'!J36+'1851'!K37-'1851'!J37+'1851'!K40-'1851'!J40+'1851'!K41-'1851'!J41+'1851'!K42-'1851'!J42+'1851'!K43-'1851'!J43+'1851'!K44-'1851'!J44+'1851'!K45-'1851'!J45+'1851'!K46-'1851'!J46+'1851'!K47-'1851'!J47+'1851'!K48-'1851'!J48+'1851'!K49-'1851'!J49 -> 0 | D4: ='1852'!J4-'1852'!I4+'1852'!J6-'1852'!I6+'1852'!J8-'1852'!I8+'1852'!J10-'1852'!I10+'1852'!J12-'1852'!I12+'1852'!J14-'1852'!I14+'1852'!J16-'1852'!I16+'1852'!J18-'1852'!I18+'1852'!J20-'1852'!I20+'1852'!J22-'1852'!I22 -> 0 | E4: ='1853'!J4-'1853'!I4+'1853'!J6-'1853'!I6+'1853'!J8-'1853'!I8+'1853'!J10-'1853'!I10+'1853'!J12-'1853'!I12+'1853'!J14-'1853'!I14+'1853'!J16-'1853'!I16+'1853'!J18-'1853'!I18+'1853'!J20-'1853'!I20+'1853'!J22-'1853'!I22+'1853'!J26-'1853'!I26 -> 0 | G4: =1-B4/B5 -> #DIV/0! | H4: =1-C4/C5 -> #DIV/0! | I4: =1-D4/D5 -> #DIV/0! | J4: =1-E4/E5 -> #DIV/0!
A5: Patní vodoměry | B5: ='1850'!J26-'1850'!I26 -> 0 | C5: ='1851'!K26-'1851'!J26 -> 0 | D5: ='1852'!J26-'1852'!I26 -> 0 | E5: ='1853'!J27-'1853'!I27 -> 0
A6: Součet patních vodoměrů | B6: =SUM(B5:E5) -> 0 | G6: =1-B6/B7 -> #DIV/0!
A7: fakturační vodoměr | B7: ='1850'!J29-'1850'!I29 -> 0
A8: Teplo - GJ
A9: Náměry bytových kalorimetrů | B9: ='1850'!J5-'1850'!I5+'1850'!J7-'1850'!I7+'1850'!J9-'1850'!I9+'1850'!J11-'1850'!I11+'1850'!J13-'1850'!I13+'1850'!J15-'1850'!I15+'1850'!J17-'1850'!I17+'1850'!J19-'1850'!I19+'1850'!J21-'1850'!I21+'1850'!J23-'1850'!I23 -> 0 | C9: ='1851'!K5-'1851'!J5+'1851'!K7-'1851'!J7+'1851'!K9-'1851'!J9+'1851'!K11-'1851'!J11+'1851'!K13-'1851'!J13+'1851'!K15-'1851'!J15+'1851'!K17-'1851'!J17+'1851'!K19-'1851'!J19+'1851'!K21-'1851'!J21+'1851'!K23-'1851'!J23 -> 0 | D9: ='1852'!J5-'1852'!I5+'1852'!J7-'1852'!I7+'1852'!J9-'1852'!I9+'1852'!J11-'1852'!I11+'1852'!J13-'1852'!I13+'1852'!J15-'1852'!I15+'1852'!J17-'1852'!I17+'1852'!J19-'1852'!I19+'1852'!J21-'1852'!I21+'1852'!J23-'1852'!I23 -> 0 | E9: ='1853'!J5-'1853'!I5+'1853'!J7-'1853'!I7+'1853'!J9-'1853'!I9+'1853'!J11-'1853'!I11+'1853'!J13-'1853'!I13+'1853'!J15-'1853'!I15+'1853'!J17-'1853'!I17+'1853'!J19-'1853'!I19+'1853'!J21-'1853'!I21+'1853'!J23-'1853'!I23 -> 0 | G9: =1-B9/B10 -> #DIV/0! | H9: =1-C9/C10 -> #DIV/0! | I9: =1-D9/D10 -> #DIV/0! | J9: =1-E9/E10 -> #DIV/0!
A10: Fakturační kalorimetry | B10: =('1850'!J27-'1850'!I27) -> 0 | C10: =('1851'!K27-'1851'!J27) -> 0 | D10: =('1852'!J27-'1852'!I27) -> 0 | E10: =('1853'!J28-'1853'!I28) -> 0
A11: Elektřina -
A12: Elektroměr dům | B12: ='1850'!J25-'1850'!I25 -> 0 | C12: ='1851'!K24-'1851'!J24 -> 0 | D12: ='1852'!J25-'1852'!I25 -> 0 | E12: ='1853'!J24-'1853'!I24 -> 0
A14: Elektroměr areál | B14: ='1853'!J25-'1853'!I25 -> 0
A15: Vodoměr areál | B15: ='1853'!J26-'1853'!I26 -> 0
A18: Voda - m3 | B18: 1854 | C18: 1855 | D18: 1856 | E18: 1857
A19: Náměry bytových vodoměrů | B19: ='1854'!J4-'1854'!I4+'1854'!J6-'1854'!I6+'1854'!J8-'1854'!I8+'1854'!J10-'1854'!I10+'1854'!J12-'1854'!I12+'1854'!J14-'1854'!I14+'1854'!J16-'1854'!I16+'1854'!J18-'1854'!I18+'1854'!J20-'1854'!I20+'1854'!J22-'1854'!I22 -> 0 | C19: ='1855'!J4-'1855'!I4+'1855'!J6-'1855'!I6+'1855'!J8-'1855'!I8+'1855'!J10-'1855'!I10+'1855'!J12-'1855'!I12+'1855'!J14-'1855'!I14+'1855'!J16-'1855'!I16+'1855'!J18-'1855'!I18+'1855'!J20-'1855'!I20+'1855'!J22-'1855'!I22 -> 0 | D19: ='1856'!J4-'1856'!I4+'1856'!J6-'1856'!I6+'1856'!J8-'1856'!I8+'1856'!J10-'1856'!I10+'1856'!J12-'1856'!I12+'1856'!J14-'1856'!I14+'1856'!J16-'1856'!I16+'1856'!J18-'1856'!I18+'1856'!J20-'1856'!I20+'1856'!J22-'1856'!I22 -> 0 | E19: ='1857'!J4-'1857'!I4+'1857'!J6-'1857'!I6+'1857'!J8-'1857'!I8+'1857'!J10-'1857'!I10+'1857'!J12-'1857'!I12+'1857'!J14-'1857'!I14+'1857'!J16-'1857'!I16+'1857'!J18-'1857'!I18+'1857'!J20-'1857'!I20+'1857'!J22-'1857'!I22 -> 0 | G19: =1-B19/B20 -> #DIV/0! | H19: =1-C19/C20 -> #DIV/0! | I19: =1-D19/D20 -> #DIV/0! | J19: =1-E19/E20 -> #DIV/0!
A20: Patní vodoměry | B20: ='1854'!J26-'1854'!I26 -> 0 | C20: ='1855'!J26-'1855'!I26 -> 0 | D20: ='1856'!J26-'1856'!I26 -> 0 | E20: ='1857'!J26-'1857'!I26 -> 0
A21: Součet patních vodoměrů | B21: =SUM(B20:E20) -> 0 | G21: =1-B21/B22 -> #DIV/0!
A22: fakturační vodoměr | B22: ='1854'!J29-'1854'!I29 -> 0
A23: Teplo - GJ
A24: Náměry bytových kalorimetrů | B24: ='1854'!J5-'1854'!I5+'1854'!J7-'1854'!I7+'1854'!J9-'1854'!I9+'1854'!J11-'1854'!I11+'1854'!J13-'1854'!I13+'1854'!J15-'1854'!I15+'1854'!J17-'1854'!I17+'1854'!J19-'1854'!I19+'1854'!J21-'1854'!I21+'1854'!J23-'1854'!I23 -> 0 | C24: ='1855'!J5-'1855'!I5+'1855'!J7-'1855'!I7+'1855'!J9-'1855'!I9+'1855'!J11-'1855'!I11+'1855'!J13-'1855'!I13+'1855'!J15-'1855'!I15+'1855'!J17-'1855'!I17+'1855'!J19-'1855'!I19+'1855'!J21-'1855'!I21+'1855'!J23-'1855'!I23 -> 0 | D24: ='1856'!J5-'1856'!I5+'1856'!J7-'1856'!I7+'1856'!J9-'1856'!I9+'1856'!J11-'1856'!I11+'1856'!J13-'1856'!I13+'1856'!J15-'1856'!I15+'1856'!J17-'1856'!I17+'1856'!J19-'1856'!I19+'1856'!J21-'1856'!I21+'1856'!J23-'1856'!I23 -> 0 | E24: ='1857'!J5-'1857'!I5+'1857'!J7-'1857'!I7+'1857'!J9-'1857'!I9+'1857'!J11-'1857'!I11+'1857'!J13-'1857'!I13+'1857'!J15-'1857'!I15+'1857'!J17-'1857'!I17+'1857'!J19-'1857'!I19+'1857'!J21-'1857'!I21+'1857'!J23-'1857'!I23 -> 0 | G24: =1-B24/B25 -> #DIV/0! | H24: =1-C24/C25 -> #DIV/0! | I24: =1-D24/D25 -> #DIV/0! | J24: =1-E24/E25 -> #DIV/0!
A25: Fakturační kalorimetry | B25: ='1854'!J27-'1854'!I27 -> 0 | C25: ='1855'!J27-'1855'!I27 -> 0 | D25: ='1856'!J27-'1856'!I27 -> 0 | E25: ='1857'!J27-'1857'!I27 -> 0
A26: Elektřina -
A27: Elektroměr dům | B27: ='1854'!J25-'1854'!I25 -> 0 | C27: ='1855'!J25-'1855'!I25 -> 0 | D27: ='1856'!J25-'1856'!I25 -> 0 | E27: ='1857'!J25-'1857'!I25 -> 0

Sheet S7
A1: Sumář - spotřeba červenec | B1: ='S1'!B1 -> 2026
A3: Voda - m3 | B3: 1850 | C3: 1851 | D3: 1852 | E3: 1853
A4: Náměry bytových vodoměrů | B4: ='1850'!K4-'1850'!J4+'1850'!K6-'1850'!J6+'1850'!K8-'1850'!J8+'1850'!K10-'1850'!J10+'1850'!K12-'1850'!J12+'1850'!K14-'1850'!J14+'1850'!K16-'1850'!J16+'1850'!K18-'1850'!J18+'1850'!K20-'1850'!J20+'1850'!K22-'1850'!J22 -> 0 | C4: ='1851'!L4-'1851'!K4+'1851'!L6-'1851'!K6+'1851'!L8-'1851'!K8+'1851'!L10-'1851'!K10+'1851'!L12-'1851'!K12+'1851'!L14-'1851'!K14+'1851'!L16-'1851'!K16+'1851'!L18-'1851'!K18+'1851'!L20-'1851'!K20+'1851'!L22-'1851'!K22+'1851'!L33-'1851'!K33+'1851'!L34-'1851'!K34+'1851'!L35-'1851'!K35+'1851'!L36-'1851'!K36+'1851'!L37-'1851'!K37+'1851'!L40-'1851'!K40+'1851'!L41-'1851'!K41+'1851'!L42-'1851'!K42+'1851'!L43-'1851'!K43+'1851'!L44-'1851'!K44+'1851'!L45-'1851'!K45+'1851'!L46-'1851'!K46+'1851'!L47-'1851'!K47+'1851'!L48-'1851'!K48+'1851'!L49-'1851'!K49 -> 0 | D4: ='1852'!K4-'1852'!J4+'1852'!K6-'1852'!J6+'1852'!K8-'1852'!J8+'1852'!K10-'1852'!J10+'1852'!K12-'1852'!J12+'1852'!K14-'1852'!J14+'1852'!K16-'1852'!J16+'1852'!K18-'1852'!J18+'1852'!K20-'1852'!J20+'1852'!K22-'1852'!J22 -> 0 | E4: ='1853'!K4-'1853'!J4+'1853'!K6-'1853'!J6+'1853'!K8-'1853'!J8+'1853'!K10-'1853'!J10+'1853'!K12-'1853'!J12+'1853'!K14-'1853'!J14+'1853'!K16-'1853'!J16+'1853'!K18-'1853'!J18+'1853'!K20-'1853'!J20+'1853'!K22-'1853'!J22+'1853'!K26-'1853'!J26 -> 0 | G4: =1-B4/B5 -> #DIV/0! | H4: =1-C4/C5 -> #DIV/0! | I4: =1-D4/D5 -> #DIV/0! | J4: =1-E4/E5 -> #DIV/0!
A5: Patní vodoměry | B5: ='1850'!K26-'1850'!J26 -> 0 | C5: ='1851'!L26-'1851'!K26 -> 0 | D5: ='1852'!K26-'1852'!J26 -> 0 | E5: ='1853'!K27-'1853'!J27 -> 0
A6: Součet patních vodoměrů | B6: =SUM(B5:E5) -> 0 | G6: =1-B6/B7 -> #DIV/0!
A7: fakturační vodoměr | B7: ='1850'!K29-'1850'!J29 -> 0
A8: Teplo - GJ
A9: Náměry bytových kalorimetrů | B9: ='1850'!K5-'1850'!J5+'1850'!K7-'1850'!J7+'1850'!K9-'1850'!J9+'1850'!K11-'1850'!J11+'1850'!K13-'1850'!J13+'1850'!K15-'1850'!J15+'1850'!K17-'1850'!J17+'1850'!K19-'1850'!J19+'1850'!K21-'1850'!J21+'1850'!K23-'1850'!J23 -> 0 | C9: ='1851'!L5-'1851'!K5+'1851'!L7-'1851'!K7+'1851'!L9-'1851'!K9+'1851'!L11-'1851'!K11+'1851'!L13-'1851'!K13+'1851'!L15-'1851'!K15+'1851'!L17-'1851'!K17+'1851'!L19-'1851'!K19+'1851'!L21-'1851'!K21+'1851'!L23-'1851'!K23 -> 0 | D9: ='1852'!K5-'1852'!J5+'1852'!K7-'1852'!J7+'1852'!K9-'1852'!J9+'1852'!K11-'1852'!J11+'1852'!K13-'1852'!J13+'1852'!K15-'1852'!J15+'1852'!K17-'1852'!J17+'1852'!K19-'1852'!J19+'1852'!K21-'1852'!J21+'1852'!K23-'1852'!J23 -> 0 | E9: ='1853'!K5-'1853'!J5+'1853'!K7-'1853'!J7+'1853'!K9-'1853'!J9+'1853'!K11-'1853'!J11+'1853'!K13-'1853'!J13+'1853'!K15-'1853'!J15+'1853'!K17-'1853'!J17+'1853'!K19-'1853'!J19+'1853'!K21-'1853'!J21+'1853'!K23-'1853'!J23 -> 0 | G9: =1-B9/B10 -> #DIV/0! | H9: =1-C9/C10 -> #DIV/0! | I9: =1-D9/D10 -> #DIV/0! | J9: =1-E9/E10 -> #DIV/0!
A10: Fakturační kalorimetry | B10: =('1850'!K27-'1850'!J27) -> 0 | C10: =('1851'!L27-'1851'!K27) -> 0 | D10: =('1852'!K27-'1852'!J27) -> 0 | E10: =('1853'!K28-'1853'!J28) -> 0
A11: Elektřina -
A12: Elektroměr dům | B12: ='1850'!K25-'1850'!J25 -> 0 | C12: ='1851'!L24-'1851'!K24 -> 0 | D12: ='1852'!K25-'1852'!J25 -> 0 | E12: ='1853'!K24-'1853'!J24 -> 0
A14: Elektroměr areál | B14: ='1853'!K25-'1853'!J25 -> 0
A15: Vodoměr areál | B15: ='1853'!K26-'1853'!J26 -> 0
A18: Voda - m3 | B18: 1854 | C18: 1855 | D18: 1856 | E18: 1857
A19: Náměry bytových vodoměrů | B19: ='1854'!K4-'1854'!J4+'1854'!K6-'1854'!J6+'1854'!K8-'1854'!J8+'1854'!K10-'1854'!J10+'1854'!K12-'1854'!J12+'1854'!K14-'1854'!J14+'1854'!K16-'1854'!J16+'1854'!K18-'1854'!J18+'1854'!K20-'1854'!J20+'1854'!K22-'1854'!J22 -> 0 | C19: ='1855'!K4-'1855'!J4+'1855'!K6-'1855'!J6+'1855'!K8-'1855'!J8+'1855'!K10-'1855'!J10+'1855'!K12-'1855'!J12+'1855'!K14-'1855'!J14+'1855'!K16-'1855'!J16+'1855'!K18-'1855'!J18+'1855'!K20-'1855'!J20+'1855'!K22-'1855'!J22 -> 0 | D19: ='1856'!K4-'1856'!J4+'1856'!K6-'1856'!J6+'1856'!K8-'1856'!J8+'1856'!K10-'1856'!J10+'1856'!K12-'1856'!J12+'1856'!K14-'1856'!J14+'1856'!K16-'1856'!J16+'1856'!K18-'1856'!J18+'1856'!K20-'1856'!J20+'1856'!K22-'1856'!J22 -> 0 | E19: ='1857'!K4-'1857'!J4+'1857'!K6-'1857'!J6+'1857'!K8-'1857'!J8+'1857'!K10-'1857'!J10+'1857'!K12-'1857'!J12+'1857'!K14-'1857'!J14+'1857'!K16-'1857'!J16+'1857'!K18-'1857'!J18+'1857'!K20-'1857'!J20+'1857'!K22-'1857'!J22 -> 0 | G19: =1-B19/B20 -> #DIV/0! | H19: =1-C19/C20 -> #DIV/0! | I19: =1-D19/D20 -> #DIV/0! | J19: =1-E19/E20 -> #DIV/0!
A20: Patní vodoměry | B20: ='1854'!K26-'1854'!J26 -> 0 | C20: ='1855'!K26-'1855'!J26 -> 0 | D20: ='1856'!K26-'1856'!J26 -> 0 | E20: ='1857'!K26-'1857'!J26 -> 0
A21: Součet patních vodoměrů | B21: =SUM(B20:E20) -> 0 | G21: =1-B21/B22 -> #DIV/0!
A22: fakturační vodoměr | B22: ='1854'!K29-'1854'!J29 -> 0
A23: Teplo - GJ
A24: Náměry bytových kalorimetrů | B24: ='1854'!K5-'1854'!J5+'1854'!K7-'1854'!J7+'1854'!K9-'1854'!J9+'1854'!K11-'1854'!J11+'1854'!K13-'1854'!J13+'1854'!K15-'1854'!J15+'1854'!K17-'1854'!J17+'1854'!K19-'1854'!J19+'1854'!K21-'1854'!J21+'1854'!K23-'1854'!J23 -> 0 | C24: ='1855'!K5-'1855'!J5+'1855'!K7-'1855'!J7+'1855'!K9-'1855'!J9+'1855'!K11-'1855'!J11+'1855'!K13-'1855'!J13+'1855'!K15-'1855'!J15+'1855'!K17-'1855'!J17+'1855'!K19-'1855'!J19+'1855'!K21-'1855'!J21+'1855'!K23-'1855'!J23 -> 0 | D24: ='1856'!K5-'1856'!J5+'1856'!K7-'1856'!J7+'1856'!K9-'1856'!J9+'1856'!K11-'1856'!J11+'1856'!K13-'1856'!J13+'1856'!K15-'1856'!J15+'1856'!K17-'1856'!J17+'1856'!K19-'1856'!J19+'1856'!K21-'1856'!J21+'1856'!K23-'1856'!J23 -> 0 | E24: ='1857'!K5-'1857'!J5+'1857'!K7-'1857'!J7+'1857'!K9-'1857'!J9+'1857'!K11-'1857'!J11+'1857'!K13-'1857'!J13+'1857'!K15-'1857'!J15+'1857'!K17-'1857'!J17+'1857'!K19-'1857'!J19+'1857'!K21-'1857'!J21+'1857'!K23-'1857'!J23 -> 0 | G24: =1-B24/B25 -> #DIV/0! | H24: =1-C24/C25 -> #DIV/0! | I24: =1-D24/D25 -> #DIV/0! | J24: =1-E24/E25 -> #DIV/0!
A25: Fakturační kalorimetry | B25: ='1854'!K27-'1854'!J27 -> 0 | C25: ='1855'!K27-'1855'!J27 -> 0 | D25: ='1856'!K27-'1856'!J27 -> 0 | E25: ='1857'!K27-'1857'!J27 -> 0
A26: Elektřina -
A27: Elektroměr dům | B27: ='1854'!K25-'1854'!J25 -> 0 | C27: ='1855'!K25-'1855'!J25 -> 0 | D27: ='1856'!K25-'1856'!J25 -> 0 | E27: ='1857'!K25-'1857'!J25 -> 0

Sheet S8
A1: Sumář - spotřeba srpen | B1: ='S1'!B1 -> 2026
A3: Voda - m3 | B3: 1850 | C3: 1851 | D3: 1852 | E3: 1853
A4: Náměry bytových vodoměrů | B4: ='1850'!L4-'1850'!K4+'1850'!L6-'1850'!K6+'1850'!L8-'1850'!K8+'1850'!L10-'1850'!K10+'1850'!L12-'1850'!K12+'1850'!L14-'1850'!K14+'1850'!L16-'1850'!K16+'1850'!L18-'1850'!K18+'1850'!L20-'1850'!K20+'1850'!L22-'1850'!K22 -> 0 | C4: ='1851'!M4-'1851'!L4+'1851'!M6-'1851'!L6+'1851'!M8-'1851'!L8+'1851'!M10-'1851'!L10+'1851'!M12-'1851'!L12+'1851'!M14-'1851'!L14+'1851'!M16-'1851'!L16+'1851'!M18-'1851'!L18+'1851'!M20-'1851'!L20+'1851'!M22-'1851'!L22+'1851'!M33-'1851'!L33+'1851'!M34-'1851'!L34+'1851'!M35-'1851'!L35+'1851'!M36-'1851'!L36+'1851'!M37-'1851'!L37+'1851'!M40-'1851'!L40+'1851'!M41-'1851'!L41+'1851'!M42-'1851'!L42+'1851'!M43-'1851'!L43+'1851'!M44-'1851'!L44+'1851'!M45-'1851'!L45+'1851'!M46-'1851'!L46+'1851'!M47-'1851'!L47+'1851'!M48-'1851'!L48+'1851'!M49-'1851'!L49 -> 0 | D4: ='1852'!L4-'1852'!K4+'1852'!L6-'1852'!K6+'1852'!L8-'1852'!K8+'1852'!L10-'1852'!K10+'1852'!L12-'1852'!K12+'1852'!L14-'1852'!K14+'1852'!L16-'1852'!K16+'1852'!L18-'1852'!K18+'1852'!L20-'1852'!K20+'1852'!L22-'1852'!K22 -> 0 | E4: ='1853'!L4-'1853'!K4+'1853'!L6-'1853'!K6+'1853'!L8-'1853'!K8+'1853'!L10-'1853'!K10+'1853'!L12-'1853'!K12+'1853'!L14-'1853'!K14+'1853'!L16-'1853'!K16+'1853'!L18-'1853'!K18+'1853'!L20-'1853'!K20+'1853'!L22-'1853'!K22+'1853'!L26-'1853'!K26 -> 0 | G4: =1-B4/B5 -> #DIV/0! | H4: =1-C4/C5 -> #DIV/0! | I4: =1-D4/D5 -> #DIV/0! | J4: =1-E4/E5 -> #DIV/0!
A5: Patní vodoměry | B5: ='1850'!L26-'1850'!K26 -> 0 | C5: ='1851'!M26-'1851'!L26 -> 0 | D5: ='1852'!L26-'1852'!K26 -> 0 | E5: ='1853'!L27-'1853'!K27 -> 0
A6: Součet patních vodoměrů | B6: =SUM(B5:E5) -> 0 | G6: =1-B6/B7 -> #DIV/0!
A7: fakturační vodoměr | B7: ='1850'!L29-'1850'!K29 -> 0
A8: Teplo - GJ
A9: Náměry bytových kalorimetrů | B9: ='1850'!L5-'1850'!K5+'1850'!L7-'1850'!K7+'1850'!L9-'1850'!K9+'1850'!L11-'1850'!K11+'1850'!L13-'1850'!K13+'1850'!L15-'1850'!K15+'1850'!L17-'1850'!K17+'1850'!L19-'1850'!K19+'1850'!L21-'1850'!K21+'1850'!L23-'1850'!K23 -> 0 | C9: ='1851'!M5-'1851'!L5+'1851'!M7-'1851'!L7+'1851'!M9-'1851'!L9+'1851'!M11-'1851'!L11+'1851'!M13-'1851'!L13+'1851'!M15-'1851'!L15+'1851'!M17-'1851'!L17+'1851'!M19-'1851'!L19+'1851'!M21-'1851'!L21+'1851'!M23-'1851'!L23 -> 0 | D9: ='1852'!L5-'1852'!K5+'1852'!L7-'1852'!K7+'1852'!L9-'1852'!K9+'1852'!L11-'1852'!K11+'1852'!L13-'1852'!K13+'1852'!L15-'1852'!K15+'1852'!L17-'1852'!K17+'1852'!L19-'1852'!K19+'1852'!L21-'1852'!K21+'1852'!L23-'1852'!K23 -> 0 | E9: ='1853'!L5-'1853'!K5+'1853'!L7-'1853'!K7+'1853'!L9-'1853'!K9+'1853'!L11-'1853'!K11+'1853'!L13-'1853'!K13+'1853'!L15-'1853'!K15+'1853'!L17-'1853'!K17+'1853'!L19-'1853'!K19+'1853'!L21-'1853'!K21+'1853'!L23-'1853'!K23 -> 0 | G9: =1-B9/B10 -> #DIV/0! | H9: =1-C9/C10 -> #DIV/0! | I9: =1-D9/D10 -> #DIV/0! | J9: =1-E9/E10 -> #DIV/0!
A10: Fakturační kalorimetry | B10: =('1850'!L27-'1850'!K27) -> 0 | C10: =('1851'!M27-'1851'!L27) -> 0 | D10: =('1852'!L27-'1852'!K27) -> 0 | E10: =('1853'!L28-'1853'!K28) -> 0
A11: Elektřina -
A12: Elektroměr dům | B12: ='1850'!L25-'1850'!K25 -> 0 | C12: ='1851'!M24-'1851'!L24 -> 0 | D12: ='1852'!L25-'1852'!K25 -> 0 | E12: ='1853'!L24-'1853'!K24 -> 0
A14: Elektroměr areál | B14: ='1853'!L25-'1853'!K25 -> 0
A15: Vodoměr areál | B15: ='1853'!L26-'1853'!K26 -> 0
A18: Voda - m3 | B18: 1854 | C18: 1855 | D18: 1856 | E18: 1857
A19: Náměry bytových vodoměrů | B19: ='1854'!L4-'1854'!K4+'1854'!L6-'1854'!K6+'1854'!L8-'1854'!K8+'1854'!L10-'1854'!K10+'1854'!L12-'1854'!K12+'1854'!L14-'1854'!K14+'1854'!L16-'1854'!K16+'1854'!L18-'1854'!K18+'1854'!L20-'1854'!K20+'1854'!L22-'1854'!K22 -> 0 | C19: ='1855'!L4-'1855'!K4+'1855'!L6-'1855'!K6+'1855'!L8-'1855'!K8+'1855'!L10-'1855'!K10+'1855'!L12-'1855'!K12+'1855'!L14-'1855'!K14+'1855'!L16-'1855'!K16+'1855'!L18-'1855'!K18+'1855'!L20-'1855'!K20+'1855'!L22-'1855'!K22 -> 0 | D19: ='1856'!L4-'1856'!K4+'1856'!L6-'1856'!K6+'1856'!L8-'1856'!K8+'1856'!L10-'1856'!K10+'1856'!L12-'1856'!K12+'1856'!L14-'1856'!K14+'1856'!L16-'1856'!K16+'1856'!L18-'1856'!K18+'1856'!L20-'1856'!K20+'1856'!L22-'1856'!K22 -> 0 | E19: ='1857'!L4-'1857'!K4+'1857'!L6-'1857'!K6+'1857'!L8-'1857'!K8+'1857'!L10-'1857'!K10+'1857'!L12-'1857'!K12+'1857'!L14-'1857'!K14+'1857'!L16-'1857'!K16+'1857'!L18-'1857'!K18+'1857'!L20-'1857'!K20+'1857'!L22-'1857'!K22 -> 0 | G19: =1-B19/B20 -> #DIV/0! | H19: =1-C19/C20 -> #DIV/0! | I19: =1-D19/D20 -> #DIV/0! | J19: =1-E19/E20 -> #DIV/0!
A20: Patní vodoměry | B20: ='1854'!L26-'1854'!K26 -> 0 | C20: ='1855'!L26-'1855'!K26 -> 0 | D20: ='1856'!L26-'1856'!K26 -> 0 | E20: ='1857'!L26-'1857'!K26 -> 0
A21: Součet patních vodoměrů | B21: =SUM(B20:E20) -> 0 | G21: =1-B21/B22 -> #DIV/0!
A22: fakturační vodoměr | B22: ='1854'!L29-'1854'!K29 -> 0
A23: Teplo - GJ
A24: Náměry bytových kalorimetrů | B24: ='1854'!L5-'1854'!K5+'1854'!L7-'1854'!K7+'1854'!L9-'1854'!K9+'1854'!L11-'1854'!K11+'1854'!L13-'1854'!K13+'1854'!L15-'1854'!K15+'1854'!L17-'1854'!K17+'1854'!L19-'1854'!K19+'1854'!L21-'1854'!K21+'1854'!L23-'1854'!K23 -> 0 | C24: ='1855'!L5-'1855'!K5+'1855'!L7-'1855'!K7+'1855'!L9-'1855'!K9+'1855'!L11-'1855'!K11+'1855'!L13-'1855'!K13+'1855'!L15-'1855'!K15+'1855'!L17-'1855'!K17+'1855'!L19-'1855'!K19+'1855'!L21-'1855'!K21+'1855'!L23-'1855'!K23 -> 0 | D24: ='1856'!L5-'1856'!K5+'1856'!L7-'1856'!K7+'1856'!L9-'1856'!K9+'1856'!L11-'1856'!K11+'1856'!L13-'1856'!K13+'1856'!L15-'1856'!K15+'1856'!L17-'1856'!K17+'1856'!L19-'1856'!K19+'1856'!L21-'1856'!K21+'1856'!L23-'1856'!K23 -> 0 | E24: ='1857'!L5-'1857'!K5+'1857'!L7-'1857'!K7+'1857'!L9-'1857'!K9+'1857'!L11-'1857'!K11+'1857'!L13-'1857'!K13+'1857'!L15-'1857'!K15+'1857'!L17-'1857'!K17+'1857'!L19-'1857'!K19+'1857'!L21-'1857'!K21+'1857'!L23-'1857'!K23 -> 0 | G24: =1-B24/B25 -> #DIV/0! | H24: =1-C24/C25 -> #DIV/0! | I24: =1-D24/D25 -> #DIV/0! | J24: =1-E24/E25 -> #DIV/0!
A25: Fakturační kalorimetry | B25: =('1854'!L27-'1854'!K27) -> 0 | C25: =('1855'!L27-'1855'!K27) -> 0 | D25: =('1856'!L27-'1856'!K27) -> 0 | E25: =('1857'!L27-'1857'!K27) -> 0
A26: Elektřina -
A27: Elektroměr dům | B27: ='1854'!L25-'1854'!K25 -> 0 | C27: ='1855'!L25-'1855'!K25 -> 0 | D27: ='1856'!L25-'1856'!K25 -> 0 | E27: ='1857'!L25-'1857'!K25 -> 0

Sheet S9
A1: Sumář - spotřeba září | B1: ='S1'!B1 -> 2026
A3: Voda - m3 | B3: 1850 | C3: 1851 | D3: 1852 | E3: 1853
A4: Náměry bytových vodoměrů | B4: ='1850'!M4-'1850'!L4+'1850'!M6-'1850'!L6+'1850'!M8-'1850'!L8+'1850'!M10-'1850'!L10+'1850'!M12-'1850'!L12+'1850'!M14-'1850'!L14+'1850'!M16-'1850'!L16+'1850'!M18-'1850'!L18+'1850'!M20-'1850'!L20+'1850'!M22-'1850'!L22 -> 0 | C4: ='1851'!N4-'1851'!M4+'1851'!N6-'1851'!M6+'1851'!N8-'1851'!M8+'1851'!N10-'1851'!M10+'1851'!N12-'1851'!M12+'1851'!N14-'1851'!M14+'1851'!N16-'1851'!M16+'1851'!N18-'1851'!M18+'1851'!N20-'1851'!M20+'1851'!N22-'1851'!M22+'1851'!N33-'1851'!M33+'1851'!N34-'1851'!M34+'1851'!N35-'1851'!M35+'1851'!N36-'1851'!M36+'1851'!N37-'1851'!M37+'1851'!N40-'1851'!M40+'1851'!N41-'1851'!M41+'1851'!N42-'1851'!M42+'1851'!N43-'1851'!M43+'1851'!N44-'1851'!M44+'1851'!N45-'1851'!M45+'1851'!N46-'1851'!M46+'1851'!N47-'1851'!M47+'1851'!N48-'1851'!M48+'1851'!N49-'1851'!M49 -> 0 | D4: ='1852'!M4-'1852'!L4+'1852'!M6-'1852'!L6+'1852'!M8-'1852'!L8+'1852'!M10-'1852'!L10+'1852'!M12-'1852'!L12+'1852'!M14-'1852'!L14+'1852'!M16-'1852'!L16+'1852'!M18-'1852'!L18+'1852'!M20-'1852'!L20+'1852'!M22-'1852'!L22 -> 0 | E4: ='1853'!M4-'1853'!L4+'1853'!M6-'1853'!L6+'1853'!M8-'1853'!L8+'1853'!M10-'1853'!L10+'1853'!M12-'1853'!L12+'1853'!M14-'1853'!L14+'1853'!M16-'1853'!L16+'1853'!M18-'1853'!L18+'1853'!M20-'1853'!L20+'1853'!M22-'1853'!L22+'1853'!M26-'1853'!L26 -> 0 | G4: =1-B4/B5 -> #DIV/0! | H4: =1-C4/C5 -> #DIV/0! | I4: =1-D4/D5 -> #DIV/0! | J4: =1-E4/E5 -> #DIV/0!
A5: Patní vodoměry | B5: ='1850'!M26-'1850'!L26 -> 0 | C5: ='1851'!N26-'1851'!M26 -> 0 | D5: ='1852'!M26-'1852'!L26 -> 0 | E5: ='1853'!M27-'1853'!L27 -> 0
A6: Součet patních vodoměrů | B6: =SUM(B5:E5) -> 0 | G6: =1-B6/B7 -> #DIV/0!
A7: fakturační vodoměr | B7: ='1850'!M29-'1850'!L29 -> 0
A8: Teplo - GJ
A9: Náměry bytových kalorimetrů | B9: ='1850'!M5-'1850'!L5+'1850'!M7-'1850'!L7+'1850'!M9-'1850'!L9+'1850'!M11-'1850'!L11+'1850'!M13-'1850'!L13+'1850'!M15-'1850'!L15+'1850'!M17-'1850'!L17+'1850'!M19-'1850'!L19+'1850'!M21-'1850'!L21+'1850'!M23-'1850'!L23 -> 0 | C9: ='1851'!N5-'1851'!M5+'1851'!N7-'1851'!M7+'1851'!N9-'1851'!M9+'1851'!N11-'1851'!M11+'1851'!N13-'1851'!M13+'1851'!N15-'1851'!M15+'1851'!N17-'1851'!M17+'1851'!N19-'1851'!M19+'1851'!N21-'1851'!M21+'1851'!N23-'1851'!M23 -> 0 | D9: ='1852'!M5-'1852'!L5+'1852'!M7-'1852'!L7+'1852'!M9-'1852'!L9+'1852'!M11-'1852'!L11+'1852'!M13-'1852'!L13+'1852'!M15-'1852'!L15+'1852'!M17-'1852'!L17+'1852'!M19-'1852'!L19+'1852'!M21-'1852'!L21+'1852'!M23-'1852'!L23 -> 0 | E9: ='1853'!M5-'1853'!L5+'1853'!M7-'1853'!L7+'1853'!M9-'1853'!L9+'1853'!M11-'1853'!L11+'1853'!M13-'1853'!L13+'1853'!M15-'1853'!L15+'1853'!M17-'1853'!L17+'1853'!M19-'1853'!L19+'1853'!M21-'1853'!L21+'1853'!M23-'1853'!L23 -> 0 | G9: =1-B9/B10 -> #DIV/0! | H9: =1-C9/C10 -> #DIV/0! | I9: =1-D9/D10 -> #DIV/0! | J9: =1-E9/E10 -> #DIV/0!
A10: Fakturační kalorimetry | B10: =('1850'!M27-'1850'!L27) -> 0 | C10: =('1851'!N27-'1851'!M27) -> 0 | D10: =('1852'!M27-'1852'!L27) -> 0 | E10: =('1853'!M28-'1853'!L28) -> 0
A11: Elektřina -
A12: Elektroměr dům | B12: ='1850'!M25-'1850'!L25 -> 0 | C12: ='1851'!N24-'1851'!M24 -> 0 | D12: ='1852'!M25-'1852'!L25 -> 0 | E12: ='1853'!M24-'1853'!L24 -> 0
A14: Elektroměr areál | B14: ='1853'!M25-'1853'!L25 -> 0
A15: Vodoměr areál | B15: ='1853'!M26-'1853'!L26 -> 0
A18: Voda - m3 | B18: 1854 | C18: 1855 | D18: 1856 | E18: 1857
A19: Náměry bytových vodoměrů | B19: ='1854'!M4-'1854'!L4+'1854'!M6-'1854'!L6+'1854'!M8-'1854'!L8+'1854'!M10-'1854'!L10+'1854'!M12-'1854'!L12+'1854'!M14-'1854'!L14+'1854'!M16-'1854'!L16+'1854'!M18-'1854'!L18+'1854'!M20-'1854'!L20+'1854'!M22-'1854'!L22 -> 0 | C19: ='1855'!M4-'1855'!L4+'1855'!M6-'1855'!L6+'1855'!M8-'1855'!L8+'1855'!M10-'1855'!L10+'1855'!M12-'1855'!L12+'1855'!M14-'1855'!L14+'1855'!M16-'1855'!L16+'1855'!M18-'1855'!L18+'1855'!M20-'1855'!L20+'1855'!M22-'1855'!L22 -> 0 | D19: ='1856'!M4-'1856'!L4+'1856'!M6-'1856'!L6+'1856'!M8-'1856'!L8+'1856'!M10-'1856'!L10+'1856'!M12-'1856'!L12+'1856'!M14-'1856'!L14+'1856'!M16-'1856'!L16+'1856'!M18-'1856'!L18+'1856'!M20-'1856'!L20+'1856'!M22-'1856'!L22 -> 0 | E19: ='1857'!M4-'1857'!L4+'1857'!M6-'1857'!L6+'1857'!M8-'1857'!L8+'1857'!M10-'1857'!L10+'1857'!M12-'1857'!L12+'1857'!M14-'1857'!L14+'1857'!M16-'1857'!L16+'1857'!M18-'1857'!L18+'1857'!M20-'1857'!L20+'1857'!M22-'1857'!L22 -> 0 | G19: =1-B19/B20 -> #DIV/0! | H19: =1-C19/C20 -> #DIV/0! | I19: =1-D19/D20 -> #DIV/0! | J19: =1-E19/E20 -> #DIV/0!
A20: Patní vodoměry | B20: ='1854'!M26-'1854'!L26 -> 0 | C20: ='1855'!M26-'1855'!L26 -> 0 | D20: ='1856'!M26-'1856'!L26 -> 0 | E20: ='1857'!M26-'1857'!L26 -> 0
A21: Součet patních vodoměrů | B21: =SUM(B20:E20) -> 0 | G21: =1-B21/B22 -> #DIV/0!
A22: fakturační vodoměr | B22: ='1854'!M29-'1854'!L29 -> 0
A23: Teplo - GJ
A24: Náměry bytových kalorimetrů | B24: ='1854'!M5-'1854'!L5+'1854'!M7-'1854'!L7+'1854'!M9-'1854'!L9+'1854'!M11-'1854'!L11+'1854'!M13-'1854'!L13+'1854'!M15-'1854'!L15+'1854'!M17-'1854'!L17+'1854'!M19-'1854'!L19+'1854'!M21-'1854'!L21+'1854'!M23-'1854'!L23 -> 0 | C24: ='1855'!M5-'1855'!L5+'1855'!M7-'1855'!L7+'1855'!M9-'1855'!L9+'1855'!M11-'1855'!L11+'1855'!M13-'1855'!L13+'1855'!M15-'1855'!L15+'1855'!M17-'1855'!L17+'1855'!M19-'1855'!L19+'1855'!M21-'1855'!L21+'1855'!M23-'1855'!L23 -> 0 | D24: ='1856'!M5-'1856'!L5+'1856'!M7-'1856'!L7+'1856'!M9-'1856'!L9+'1856'!M11-'1856'!L11+'1856'!M13-'1856'!L13+'1856'!M15-'1856'!L15+'1856'!M17-'1856'!L17+'1856'!M19-'1856'!L19+'1856'!M21-'1856'!L21+'1856'!M23-'1856'!L23 -> 0 | E24: ='1857'!M5-'1857'!L5+'1857'!M7-'1857'!L7+'1857'!M9-'1857'!L9+'1857'!M11-'1857'!L11+'1857'!M13-'1857'!L13+'1857'!M15-'1857'!L15+'1857'!M17-'1857'!L17+'1857'!M19-'1857'!L19+'1857'!M21-'1857'!L21+'1857'!M23-'1857'!L23 -> 0 | G24: =1-B24/B25 -> #DIV/0! | H24: =1-C24/C25 -> #DIV/0! | I24: =1-D24/D25 -> #DIV/0! | J24: =1-E24/E25 -> #DIV/0!
A25: Fakturační kalorimetry | B25: =('1854'!M27-'1854'!L27) -> 0 | C25: =('1855'!M27-'1855'!L27) -> 0 | D25: =('1856'!M27-'1856'!L27) -> 0 | E25: =('1857'!M27-'1857'!L27) -> 0
A26: Elektřina -
A27: Elektroměr dům | B27: ='1854'!M25-'1854'!L25 -> 0 | C27: ='1855'!M25-'1855'!L25 -> 0 | D27: ='1856'!M25-'1856'!L25 -> 0 | E27: ='1857'!M25-'1857'!L25 -> 0

Sheet S10
A1: Sumář - spotřeba říjen | B1: ='S1'!B1 -> 2026
A3: Voda - m3 | B3: 1850 | C3: 1851 | D3: 1852 | E3: 1853
A4: Náměry bytových vodoměrů | B4: ='1850'!N4-'1850'!M4+'1850'!N6-'1850'!M6+'1850'!N8-'1850'!M8+'1850'!N10-'1850'!M10+'1850'!N12-'1850'!M12+'1850'!N14-'1850'!M14+'1850'!N16-'1850'!M16+'1850'!N18-'1850'!M18+'1850'!N20-'1850'!M20+'1850'!N22-'1850'!M22 -> 0 | C4: ='1851'!O4-'1851'!N4+'1851'!O6-'1851'!N6+'1851'!O8-'1851'!N8+'1851'!O10-'1851'!N10+'1851'!O12-'1851'!N12+'1851'!O14-'1851'!N14+'1851'!O16-'1851'!N16+'1851'!O18-'1851'!N18+'1851'!O20-'1851'!N20+'1851'!O22-'1851'!N22+'1851'!O33-'1851'!N33+'1851'!O34-'1851'!N34+'1851'!O35-'1851'!N35+'1851'!O36-'1851'!N36+'1851'!O37-'1851'!N37+'1851'!O40-'1851'!N40+'1851'!O41-'1851'!N41+'1851'!O42-'1851'!N42+'1851'!O43-'1851'!N43+'1851'!O44-'1851'!N44+'1851'!O45-'1851'!N45+'1851'!O46-'1851'!N46+'1851'!O47-'1851'!N47+'1851'!O48-'1851'!N48+'1851'!O49-'1851'!N49 -> 0 | D4: ='1852'!N4-'1852'!M4+'1852'!N6-'1852'!M6+'1852'!N8-'1852'!M8+'1852'!N10-'1852'!M10+'1852'!N12-'1852'!M12+'1852'!N14-'1852'!M14+'1852'!N16-'1852'!M16+'1852'!N18-'1852'!M18+'1852'!N20-'1852'!M20+'1852'!N22-'1852'!M22 -> 0 | E4: ='1853'!N4-'1853'!M4+'1853'!N6-'1853'!M6+'1853'!N8-'1853'!M8+'1853'!N10-'1853'!M10+'1853'!N12-'1853'!M12+'1853'!N14-'1853'!M14+'1853'!N16-'1853'!M16+'1853'!N18-'1853'!M18+'1853'!N20-'1853'!M20+'1853'!N22-'1853'!M22+'1853'!N26-'1853'!M26 -> 0 | G4: =1-B4/B5 -> #DIV/0! | H4: =1-C4/C5 -> #DIV/0! | I4: =1-D4/D5 -> #DIV/0! | J4: =1-E4/E5 -> #DIV/0!
A5: Patní vodoměry | B5: ='1850'!N26-'1850'!M26 -> 0 | C5: ='1851'!O26-'1851'!N26 -> 0 | D5: ='1852'!N26-'1852'!M26 -> 0 | E5: ='1853'!N27-'1853'!M27 -> 0
A6: Součet patních vodoměrů | B6: =SUM(B5:E5) -> 0 | G6: =1-B6/B7 -> #DIV/0!
A7: fakturační vodoměr | B7: ='1850'!N29-'1850'!M29 -> 0
A8: Teplo - GJ
A9: Náměry bytových kalorimetrů | B9: ='1850'!N5-'1850'!M5+'1850'!N7-'1850'!M7+'1850'!N9-'1850'!M9+'1850'!N11-'1850'!M11+'1850'!N13-'1850'!M13+'1850'!N15-'1850'!M15+'1850'!N17-'1850'!M17+'1850'!N19-'1850'!M19+'1850'!N21-'1850'!M21+'1850'!N23-'1850'!M23 -> 0 | C9: ='1851'!O5-'1851'!N5+'1851'!O7-'1851'!N7+'1851'!O9-'1851'!N9+'1851'!O11-'1851'!N11+'1851'!O13-'1851'!N13+'1851'!O15-'1851'!N15+'1851'!O17-'1851'!N17+'1851'!O19-'1851'!N19+'1851'!O21-'1851'!N21+'1851'!O23-'1851'!N23 -> 0 | D9: ='1852'!N5-'1852'!M5+'1852'!N7-'1852'!M7+'1852'!N9-'1852'!M9+'1852'!N11-'1852'!M11+'1852'!N13-'1852'!M13+'1852'!N15-'1852'!M15+'1852'!N17-'1852'!M17+'1852'!N19-'1852'!M19+'1852'!N21-'1852'!M21+'1852'!N23-'1852'!M23 -> 0 | E9: ='1853'!N5-'1853'!M5+'1853'!N7-'1853'!M7+'1853'!N9-'1853'!M9+'1853'!N11-'1853'!M11+'1853'!N13-'1853'!M13+'1853'!N15-'1853'!M15+'1853'!N17-'1853'!M17+'1853'!N19-'1853'!M19+'1853'!N21-'1853'!M21+'1853'!N23-'1853'!M23 -> 0 | G9: =1-B9/B10 -> #DIV/0! | H9: =1-C9/C10 -> #DIV/0! | I9: =1-D9/D10 -> #DIV/0! | J9: =1-E9/E10 -> #DIV/0!
A10: Fakturační kalorimetry | B10: =('1850'!N27-'1850'!M27) -> 0 | C10: =('1851'!O27-'1851'!N27) -> 0 | D10: =('1852'!N27-'1852'!M27) -> 0 | E10: =('1853'!N28-'1853'!M28) -> 0
A11: Elektřina -
A12: Elektroměr dům | B12: ='1850'!N25-'1850'!M25 -> 0 | C12: ='1851'!O24-'1851'!N24 -> 0 | D12: ='1852'!N25-'1852'!M25 -> 0 | E12: ='1853'!N24-'1853'!M24 -> 0
A14: Elektroměr areál | B14: ='1853'!N25-'1853'!M25 -> 0
A15: Vodoměr areál | B15: ='1853'!N26-'1853'!M26 -> 0
A18: Voda - m3 | B18: 1854 | C18: 1855 | D18: 1856 | E18: 1857
A19: Náměry bytových vodoměrů | B19: ='1854'!N4-'1854'!M4+'1854'!N6-'1854'!M6+'1854'!N8-'1854'!M8+'1854'!N10-'1854'!M10+'1854'!N12-'1854'!M12+'1854'!N14-'1854'!M14+'1854'!N16-'1854'!M16+'1854'!N18-'1854'!M18+'1854'!N20-'1854'!M20+'1854'!N22-'1854'!M22 -> 0 | C19: ='1855'!N4-'1855'!M4+'1855'!N6-'1855'!M6+'1855'!N8-'1855'!M8+'1855'!N10-'1855'!M10+'1855'!N12-'1855'!M12+'1855'!N14-'1855'!M14+'1855'!N16-'1855'!M16+'1855'!N18-'1855'!M18+'1855'!N20-'1855'!M20+'1855'!N22-'1855'!M22 -> 0 | D19: ='1856'!N4-'1856'!M4+'1856'!N6-'1856'!M6+'1856'!N8-'1856'!M8+'1856'!N10-'1856'!M10+'1856'!N12-'1856'!M12+'1856'!N14-'1856'!M14+'1856'!N16-'1856'!M16+'1856'!N18-'1856'!M18+'1856'!N20-'1856'!M20+'1856'!N22-'1856'!M22 -> 0 | E19: ='1857'!N4-'1857'!M4+'1857'!N6-'1857'!M6+'1857'!N8-'1857'!M8+'1857'!N10-'1857'!M10+'1857'!N12-'1857'!M12+'1857'!N14-'1857'!M14+'1857'!N16-'1857'!M16+'1857'!N18-'1857'!M18+'1857'!N20-'1857'!M20+'1857'!N22-'1857'!M22 -> 0 | G19: =1-B19/B20 -> #DIV/0! | H19: =1-C19/C20 -> #DIV/0! | I19: =1-D19/D20 -> #DIV/0! | J19: =1-E19/E20 -> #DIV/0!
A20: Patní vodoměry | B20: ='1854'!N26-'1854'!M26 -> 0 | C20: ='1855'!N26-'1855'!M26 -> 0 | D20: ='1856'!N26-'1856'!M26 -> 0 | E20: ='1857'!N26-'1857'!M26 -> 0
A21: Součet patních vodoměrů | B21: =SUM(B20:E20) -> 0 | G21: =1-B21/B22 -> #DIV/0! | M21: =B21 -> 0 | O21: =1-M21/M22 -> 1
A22: fakturační vodoměr | B22: ='1854'!N29-'1854'!M29 -> 0 | M22: =B22+165 -> 165
A23: Teplo - GJ
A24: Náměry bytových kalorimetrů | B24: ='1854'!N5-'1854'!M5+'1854'!N7-'1854'!M7+'1854'!N9-'1854'!M9+'1854'!N11-'1854'!M11+'1854'!N13-'1854'!M13+'1854'!N15-'1854'!M15+'1854'!N17-'1854'!M17+'1854'!N19-'1854'!M19+'1854'!N21-'1854'!M21+'1854'!N23-'1854'!M23 -> 0 | C24: ='1855'!N5-'1855'!M5+'1855'!N7-'1855'!M7+'1855'!N9-'1855'!M9+'1855'!N11-'1855'!M11+'1855'!N13-'1855'!M13+'1855'!N15-'1855'!M15+'1855'!N17-'1855'!M17+'1855'!N19-'1855'!M19+'1855'!N21-'1855'!M21+'1855'!N23-'1855'!M23 -> 0 | D24: ='1856'!N5-'1856'!M5+'1856'!N7-'1856'!M7+'1856'!N9-'1856'!M9+'1856'!N11-'1856'!M11+'1856'!N13-'1856'!M13+'1856'!N15-'1856'!M15+'1856'!N17-'1856'!M17+'1856'!N19-'1856'!M19+'1856'!N21-'1856'!M21+'1856'!N23-'1856'!M23 -> 0 | E24: ='1857'!N5-'1857'!M5+'1857'!N7-'1857'!M7+'1857'!N9-'1857'!M9+'1857'!N11-'1857'!M11+'1857'!N13-'1857'!M13+'1857'!N15-'1857'!M15+'1857'!N17-'1857'!M17+'1857'!N19-'1857'!M19+'1857'!N21-'1857'!M21+'1857'!N23-'1857'!M23 -> 0 | G24: =1-B24/B25 -> #DIV/0! | H24: =1-C24/C25 -> #DIV/0! | I24: =1-D24/D25 -> #DIV/0! | J24: =1-E24/E25 -> #DIV/0!
A25: Fakturační kalorimetry | B25: =('1854'!N27-'1854'!M27) -> 0 | C25: =('1855'!N27-'1855'!M27) -> 0 | D25: =('1856'!N27-'1856'!M27) -> 0 | E25: =('1857'!N27-'1857'!M27) -> 0
A26: Elektřina -
A27: Elektroměr dům | B27: ='1854'!N25-'1854'!M25 -> 0 | C27: ='1855'!N25-'1855'!M25 -> 0 | D27: ='1856'!N25-'1856'!M25 -> 0 | E27: ='1857'!N25-'1857'!M25 -> 0

Sheet S11
A1: Sumář - spotřeba listopad | B1: ='S1'!B1 -> 2026
A3: Voda - m3 | B3: 1850 | C3: 1851 | D3: 1852 | E3: 1853
A4: Náměry bytových vodoměrů | B4: ='1850'!O4-'1850'!N4+'1850'!O6-'1850'!N6+'1850'!O8-'1850'!N8+'1850'!O10-'1850'!N10+'1850'!O12-'1850'!N12+'1850'!O14-'1850'!N14+'1850'!O16-'1850'!N16+'1850'!O18-'1850'!N18+'1850'!O20-'1850'!N20+'1850'!O22-'1850'!N22 -> 0 | C4: ='1851'!P4-'1851'!O4+'1851'!P6-'1851'!O6+'1851'!P8-'1851'!O8+'1851'!P10-'1851'!O10+'1851'!P12-'1851'!O12+'1851'!P14-'1851'!O14+'1851'!P16-'1851'!O16+'1851'!P18-'1851'!O18+'1851'!P20-'1851'!O20+'1851'!P22-'1851'!O22+'1851'!P33-'1851'!O33+'1851'!P34-'1851'!O34+'1851'!P35-'1851'!O35+'1851'!P36-'1851'!O36+'1851'!P37-'1851'!O37+'1851'!P40-'1851'!O40+'1851'!P41-'1851'!O41+'1851'!P42-'1851'!O42+'1851'!P43-'1851'!O43+'1851'!P44-'1851'!O44+'1851'!P45-'1851'!O45+'1851'!P46-'1851'!O46+'1851'!P47-'1851'!O47+'1851'!P48-'1851'!O48+'1851'!P49-'1851'!O49 -> 0 | D4: ='1852'!O4-'1852'!N4+'1852'!O6-'1852'!N6+'1852'!O8-'1852'!N8+'1852'!O10-'1852'!N10+'1852'!O12-'1852'!N12+'1852'!O14-'1852'!N14+'1852'!O16-'1852'!N16+'1852'!O18-'1852'!N18+'1852'!O20-'1852'!N20+'1852'!O22-'1852'!N22 -> 0 | E4: ='1853'!O4-'1853'!N4+'1853'!O6-'1853'!N6+'1853'!O8-'1853'!N8+'1853'!O10-'1853'!N10+'1853'!O12-'1853'!N12+'1853'!O14-'1853'!N14+'1853'!O16-'1853'!N16+'1853'!O18-'1853'!N18+'1853'!O20-'1853'!N20+'1853'!O22-'1853'!N22+'1853'!O26-'1853'!N26 -> 0 | G4: =1-B4/B5 -> #DIV/0! | H4: =1-C4/C5 -> #DIV/0! | I4: =1-D4/D5 -> #DIV/0! | J4: =1-E4/E5 -> #DIV/0!
A5: Patní vodoměry | B5: ='1850'!O26-'1850'!N26 -> 0 | C5: ='1851'!P26-'1851'!O26 -> 0 | D5: ='1852'!O26-'1852'!N26 -> 0 | E5: ='1853'!O27-'1853'!N27 -> 0
A6: Součet patních vodoměrů | B6: =SUM(B5:E5) -> 0 | G6: =1-B6/B7 -> #DIV/0!
A7: fakturační vodoměr | B7: ='1850'!O29-'1850'!N29 -> 0
A8: Teplo - GJ
A9: Náměry bytových kalorimetrů | B9: ='1850'!O5-'1850'!N5+'1850'!O7-'1850'!N7+'1850'!O9-'1850'!N9+'1850'!O11-'1850'!N11+'1850'!O13-'1850'!N13+'1850'!O15-'1850'!N15+'1850'!O17-'1850'!N17+'1850'!O19-'1850'!N19+'1850'!O21-'1850'!N21+'1850'!O23-'1850'!N23 -> 0 | C9: ='1851'!P5-'1851'!O5+'1851'!P7-'1851'!O7+'1851'!P9-'1851'!O9+'1851'!P11-'1851'!O11+'1851'!P13-'1851'!O13+'1851'!P15-'1851'!O15+'1851'!P17-'1851'!O17+'1851'!P19-'1851'!O19+'1851'!P21-'1851'!O21+'1851'!P23-'1851'!O23 -> 0 | D9: ='1852'!O5-'1852'!N5+'1852'!O7-'1852'!N7+'1852'!O9-'1852'!N9+'1852'!O11-'1852'!N11+'1852'!O13-'1852'!N13+'1852'!O15-'1852'!N15+'1852'!O17-'1852'!N17+'1852'!O19-'1852'!N19+'1852'!O21-'1852'!N21+'1852'!O23-'1852'!N23 -> 0 | E9: ='1853'!O5-'1853'!N5+'1853'!O7-'1853'!N7+'1853'!O9-'1853'!N9+'1853'!O11-'1853'!N11+'1853'!O13-'1853'!N13+'1853'!O15-'1853'!N15+'1853'!O17-'1853'!N17+'1853'!O19-'1853'!N19+'1853'!O21-'1853'!N21+'1853'!O23-'1853'!N23 -> 0 | G9: =1-B9/B10 -> #DIV/0! | H9: =1-C9/C10 -> #DIV/0! | I9: =1-D9/D10 -> #DIV/0! | J9: =1-E9/E10 -> #DIV/0!
A10: Fakturační kalorimetry | B10: =('1850'!O27-'1850'!N27) -> 0 | C10: =('1851'!P27-'1851'!O27) -> 0 | D10: =('1852'!O27-'1852'!N27) -> 0 | E10: =('1853'!O28-'1853'!N28) -> 0
A11: Elektřina -
A12: Elektroměr dům | B12: ='1850'!O25-'1850'!N25 -> 0 | C12: ='1851'!P24-'1851'!O24 -> 0 | D12: ='1852'!O25-'1852'!N25 -> 0 | E12: ='1853'!O24-'1853'!N24 -> 0
A14: Elektroměr areál | B14: ='1853'!O25-'1853'!N25 -> 0
A15: Vodoměr areál | B15: ='1853'!O26-'1853'!N26 -> 0
A18: Voda - m3 | B18: 1854 | C18: 1855 | D18: 1856 | E18: 1857
A19: Náměry bytových vodoměrů | B19: ='1854'!O4-'1854'!N4+'1854'!O6-'1854'!N6+'1854'!O8-'1854'!N8+'1854'!O10-'1854'!N10+'1854'!O12-'1854'!N12+'1854'!O14-'1854'!N14+'1854'!O16-'1854'!N16+'1854'!O18-'1854'!N18+'1854'!O20-'1854'!N20+'1854'!O22-'1854'!N22 -> 0 | C19: ='1855'!O4-'1855'!N4+'1855'!O6-'1855'!N6+'1855'!O8-'1855'!N8+'1855'!O10-'1855'!N10+'1855'!O12-'1855'!N12+'1855'!O14-'1855'!N14+'1855'!O16-'1855'!N16+'1855'!O18-'1855'!N18+'1855'!O20-'1855'!N20+'1855'!O22-'1855'!N22 -> 0 | D19: ='1856'!O4-'1856'!N4+'1856'!O6-'1856'!N6+'1856'!O8-'1856'!N8+'1856'!O10-'1856'!N10+'1856'!O12-'1856'!N12+'1856'!O14-'1856'!N14+'1856'!O16-'1856'!N16+'1856'!O18-'1856'!N18+'1856'!O20-'1856'!N20+'1856'!O22-'1856'!N22 -> 0 | E19: ='1857'!O4-'1857'!N4+'1857'!O6-'1857'!N6+'1857'!O8-'1857'!N8+'1857'!O10-'1857'!N10+'1857'!O12-'1857'!N12+'1857'!O14-'1857'!N14+'1857'!O16-'1857'!N16+'1857'!O18-'1857'!N18+'1857'!O20-'1857'!N20+'1857'!O22-'1857'!N22 -> 0 | G19: =1-B19/B20 -> #DIV/0! | H19: =1-C19/C20 -> #DIV/0! | I19: =1-D19/D20 -> #DIV/0! | J19: =1-E19/E20 -> #DIV/0!
A20: Patní vodoměry | B20: ='1854'!O26-'1854'!N26 -> 0 | C20: ='1855'!O26-'1855'!N26 -> 0 | D20: ='1856'!O26-'1856'!N26 -> 0 | E20: ='1857'!O26-'1857'!N26 -> 0
A21: Součet patních vodoměrů | B21: =SUM(B20:E20) -> 0 | G21: =1-B21/B22 -> #DIV/0! | M21: =B21 -> 0 | O21: =1-M21/M22 -> 1
A22: fakturační vodoměr | B22: ='1854'!O29-'1854'!N29 -> 0 | M22: =B22+35 -> 35
A23: Teplo - GJ
A24: Náměry bytových kalorimetrů | B24: ='1854'!O5-'1854'!N5+'1854'!O7-'1854'!N7+'1854'!O9-'1854'!N9+'1854'!O11-'1854'!N11+'1854'!O13-'1854'!N13+'1854'!O15-'1854'!N15+'1854'!O17-'1854'!N17+'1854'!O19-'1854'!N19+'1854'!O21-'1854'!N21+'1854'!O23-'1854'!N23 -> 0 | C24: ='1855'!O5-'1855'!N5+'1855'!O7-'1855'!N7+'1855'!O9-'1855'!N9+'1855'!O11-'1855'!N11+'1855'!O13-'1855'!N13+'1855'!O15-'1855'!N15+'1855'!O17-'1855'!N17+'1855'!O19-'1855'!N19+'1855'!O21-'1855'!N21+'1855'!O23-'1855'!N23 -> 0 | D24: ='1856'!O5-'1856'!N5+'1856'!O7-'1856'!N7+'1856'!O9-'1856'!N9+'1856'!O11-'1856'!N11+'1856'!O13-'1856'!N13+'1856'!O15-'1856'!N15+'1856'!O17-'1856'!N17+'1856'!O19-'1856'!N19+'1856'!O21-'1856'!N21+'1856'!O23-'1856'!N23 -> 0 | E24: ='1857'!O5-'1857'!N5+'1857'!O7-'1857'!N7+'1857'!O9-'1857'!N9+'1857'!O11-'1857'!N11+'1857'!O13-'1857'!N13+'1857'!O15-'1857'!N15+'1857'!O17-'1857'!N17+'1857'!O19-'1857'!N19+'1857'!O21-'1857'!N21+'1857'!O23-'1857'!N23 -> 0 | G24: =1-B24/B25 -> #DIV/0! | H24: =1-C24/C25 -> #DIV/0! | I24: =1-D24/D25 -> #DIV/0! | J24: =1-E24/E25 -> #DIV/0!
A25: Fakturační kalorimetry | B25: =('1854'!O27-'1854'!N27) -> 0 | C25: =('1855'!O27-'1855'!N27) -> 0 | D25: =('1856'!O27-'1856'!N27) -> 0 | E25: =('1857'!O27-'1857'!N27) -> 0
A26: Elektřina -
A27: Elektroměr dům | B27: ='1854'!O25-'1854'!N25 -> 0 | C27: ='1855'!O25-'1855'!N25 -> 0 | D27: ='1856'!O25-'1856'!N25 -> 0 | E27: ='1857'!O25-'1857'!N25 -> 0

Sheet S12
A1: Sumář - spotřeba prosinec | B1: ='S1'!B1 -> 2026
N2: Původní vzorce
A3: Voda - m3 | B3: 1850 | C3: 1851 | D3: 1852 | E3: 1853
A4: Náměry bytových vodoměrů | B4: ='1850'!P4-'1850'!O4+'1850'!P6-'1850'!O6+'1850'!P8-'1850'!O8+'1850'!P10-'1850'!O10+'1850'!P12-'1850'!O12+'1850'!P14-'1850'!O14+'1850'!P16-'1850'!O16+'1850'!P18-'1850'!O18+'1850'!P20-'1850'!O20+'1850'!P22-'1850'!O22 -> 0 | C4: ='1851'!Q4-'1851'!P4+'1851'!Q6-'1851'!P6+'1851'!Q8-'1851'!P8+'1851'!Q10-'1851'!P10+'1851'!Q12-'1851'!P12+'1851'!Q14-'1851'!P14+'1851'!Q16-'1851'!P16+'1851'!Q18-'1851'!P18+'1851'!Q20-'1851'!P20+'1851'!Q22-'1851'!P22+'1851'!Q33-'1851'!P33+'1851'!Q34-'1851'!P34+'1851'!Q35-'1851'!P35+'1851'!Q36-'1851'!P36+'1851'!Q37-'1851'!P37+'1851'!Q40-'1851'!P40+'1851'!Q41-'1851'!P41+'1851'!Q42-'1851'!P42+'1851'!Q43-'1851'!P43+'1851'!Q44-'1851'!P44+'1851'!Q45-'1851'!P45+'1851'!Q46-'1851'!P46+'1851'!Q47-'1851'!P47+'1851'!Q48-'1851'!P48+'1851'!Q49-'1851'!P49 -> 0 | D4: ='1852'!P4-'1852'!O4+'1852'!P6-'1852'!O6+'1852'!P8-'1852'!O8+'1852'!P10-'1852'!O10+'1852'!P12-'1852'!O12+'1852'!P14-'1852'!O14+'1852'!P16-'1852'!O16+'1852'!P18-'1852'!O18+'1852'!P20-'1852'!O20+'1852'!P22-'1852'!O22 -> 0 | E4: ='1853'!P4-'1853'!O4+'1853'!P6-'1853'!O6+'1853'!P8-'1853'!O8+'1853'!P10-'1853'!O10+'1853'!P12-'1853'!O12+'1853'!P14-'1853'!O14+'1853'!P16-'1853'!O16+'1853'!P18-'1853'!O18+'1853'!P20-'1853'!O20+'1853'!P22-'1853'!O22+'1853'!P26-'1853'!O26 -> 0 | G4: =1-B4/B5 -> #DIV/0! | H4: =1-C4/C5 -> #DIV/0! | I4: =1-D4/D5 -> #DIV/0! | J4: =1-E4/E5 -> #DIV/0!
A5: Patní vodoměry | B5: ='1850'!P26-'1850'!O26 -> 0 | C5: ='1851'!Q26-'1851'!P26 -> 0 | D5: ='1852'!P26-'1852'!O26 -> 0 | E5: ='1853'!P27-'1853'!O27 -> 0
A6: Součet patních vodoměrů | B6: =SUM(B5:E5) -> 0 | G6: =1-B6/B7 -> 1
A7: fakturační vodoměr | B7: ='1850'!P29-'1850'!F33+'1850'!F32-'1850'!O29 -> -33175 | L7: Nový - od 1.12. | N7: ='1850'!AB29-'1850'!AA29 -> 0
A8: Teplo - GJ
A9: Náměry bytových kalorimetrů | B9: ='1850'!P5-'1850'!O5+'1850'!P7-'1850'!O7+'1850'!P9-'1850'!O9+'1850'!P11-'1850'!O11+'1850'!P13-'1850'!O13+'1850'!P15-'1850'!O15+'1850'!P17-'1850'!O17+'1850'!P19-'1850'!O19+'1850'!P21-'1850'!O21+'1850'!P23-'1850'!O23 -> 0 | C9: ='1851'!Q5-'1851'!P5+'1851'!Q7-'1851'!P7+'1851'!Q9-'1851'!P9+'1851'!Q11-'1851'!P11+'1851'!Q13-'1851'!P13+'1851'!Q15-'1851'!P15+'1851'!Q17-'1851'!P17+'1851'!Q19-'1851'!P19+'1851'!Q21-'1851'!P21+'1851'!Q23-'1851'!P23 -> 0 | D9: ='1852'!P5-'1852'!O5+'1852'!P7-'1852'!O7+'1852'!P9-'1852'!O9+'1852'!P11-'1852'!O11+'1852'!P13-'1852'!O13+'1852'!P15-'1852'!O15+'1852'!P17-'1852'!O17+'1852'!P19-'1852'!O19+'1852'!P21-'1852'!O21+'1852'!P23-'1852'!O23 -> 0 | E9: ='1853'!P5-'1853'!O5+'1853'!P7-'1853'!O7+'1853'!P9-'1853'!O9+'1853'!P11-'1853'!O11+'1853'!P13-'1853'!O13+'1853'!P15-'1853'!O15+'1853'!P17-'1853'!O17+'1853'!P19-'1853'!O19+'1853'!P21-'1853'!O21+'1853'!P23-'1853'!O23 -> 0 | G9: =1-B9/B10 -> #DIV/0! | H9: =1-C9/C10 -> #DIV/0! | I9: =1-D9/D10 -> #DIV/0! | J9: =1-E9/E10 -> #DIV/0!
A10: Fakturační kalorimetry | B10: =('1850'!P27-'1850'!O27) -> 0 | C10: =('1851'!Q27-'1851'!P27) -> 0 | D10: =('1852'!P27-'1852'!O27) -> 0 | E10: =('1853'!P28-'1853'!O28) -> 0
A11: Elektřina -
A12: Elektroměr dům | B12: ='1850'!P25-'1850'!O25 -> 0 | C12: ='1851'!Q24-'1851'!P24 -> 0 | D12: ='1852'!P25-'1852'!O25 -> 0 | E12: ='1853'!P24-'1853'!O24 -> 0
A14: Elektroměr areál | B14: ='1853'!P25-'1853'!O25 -> 0
A15: Vodoměr areál | B15: ='1853'!P26-'1853'!O26 -> 0
L17: Starý | M17: Nový
A18: Voda - m3 | B18: 1854 | C18: 1855 | D18: 1856 | E18: 1857 | L18: 1.-11.12. | M18: 12.-31.12.
A19: Náměry bytových vodoměrů | B19: ='1854'!P4-'1854'!O4+'1854'!P6-'1854'!O6+'1854'!P8-'1854'!O8+'1854'!P10-'1854'!O10+'1854'!P12-'1854'!O12+'1854'!P14-'1854'!O14+'1854'!P16-'1854'!O16+'1854'!P18-'1854'!O18+'1854'!P20-'1854'!O20+'1854'!P22-'1854'!O22 -> 0 | C19: ='1855'!P4-'1855'!O4+'1855'!P6-'1855'!O6+'1855'!P8-'1855'!O8+'1855'!P10-'1855'!O10+'1855'!P12-'1855'!O12+'1855'!P14-'1855'!O14+'1855'!P16-'1855'!O16+'1855'!P18-'1855'!O18+'1855'!P20-'1855'!O20+'1855'!P22-'1855'!O22 -> 0 | D19: ='1856'!P4-'1856'!O4+'1856'!P6-'1856'!O6+'1856'!P8-'1856'!O8+'1856'!P10-'1856'!O10+'1856'!P12-'1856'!O12+'1856'!P14-'1856'!O14+'1856'!P16-'1856'!O16+'1856'!P18-'1856'!O18+'1856'!P20-'1856'!O20+'1856'!P22-'1856'!O22 -> 0 | E19: ='1857'!P4-'1857'!O4+'1857'!P6-'1857'!O6+'1857'!P8-'1857'!O8+'1857'!P10-'1857'!O10+'1857'!P12-'1857'!O12+'1857'!P14-'1857'!O14+'1857'!P16-'1857'!O16+'1857'!P18-'1857'!O18+'1857'!P20-'1857'!O20+'1857'!P22-'1857'!O22 -> 0 | G19: =1-B19/B20 -> #DIV/0! | H19: =1-C19/C20 -> #DIV/0! | I19: =1-D19/D20 -> #DIV/0! | J19: =1-E19/E20 -> #DIV/0! | L19: =39.712+63.302+54.127+60.075 -> 217.216 | M19: =1-L19/L20 -> -0.029459716
A20: Patní vodoměry | B20: ='1854'!P26-'1854'!O26 -> 0 | C20: ='1855'!P26-'1855'!O26 -> 0 | D20: ='1856'!P26-'1856'!O26 -> 0 | E20: ='1857'!P26-'1857'!O26 -> 0 | L20: 211
A21: Součet patních vodoměrů | B21: =SUM(B20:E20) -> 0 | G21: =1-B21/B22 -> 1 | L21: 94.2 | M21: =1-L21/L22 -> -0.040883978
A22: fakturační vodoměr | B22: ='1854'!P29-'1854'!N35+'1854'!N33-'1854'!O29 -> 17286 | L22: 90.5 | N22: ='1854'!AB29-'1854'!AA29 -> 0
A23: Teplo - GJ
A24: Náměry bytových kalorimetrů | B24: ='1854'!P5-'1854'!O5+'1854'!P7-'1854'!O7+'1854'!P9-'1854'!O9+'1854'!P11-'1854'!O11+'1854'!P13-'1854'!O13+'1854'!P15-'1854'!O15+'1854'!P17-'1854'!O17+'1854'!P19-'1854'!O19+'1854'!P21-'1854'!O21+'1854'!P23-'1854'!O23 -> 0 | C24: ='1855'!P5-'1855'!O5+'1855'!P7-'1855'!O7+'1855'!P9-'1855'!O9+'1855'!P11-'1855'!O11+'1855'!P13-'1855'!O13+'1855'!P15-'1855'!O15+'1855'!P17-'1855'!O17+'1855'!P19-'1855'!O19+'1855'!P21-'1855'!O21+'1855'!P23-'1855'!O23 -> 0 | D24: ='1856'!P5-'1856'!O5+'1856'!P7-'1856'!O7+'1856'!P9-'1856'!O9+'1856'!P11-'1856'!O11+'1856'!P13-'1856'!O13+'1856'!P15-'1856'!O15+'1856'!P17-'1856'!O17+'1856'!P19-'1856'!O19+'1856'!P21-'1856'!O21+'1856'!P23-'1856'!O23 -> 0 | E24: ='1857'!P5-'1857'!O5+'1857'!P7-'1857'!O7+'1857'!P9-'1857'!O9+'1857'!P11-'1857'!O11+'1857'!P13-'1857'!O13+'1857'!P15-'1857'!O15+'1857'!P17-'1857'!O17+'1857'!P19-'1857'!O19+'1857'!P21-'1857'!O21+'1857'!P23-'1857'!O23 -> 0 | G24: =1-B24/B25 -> #DIV/0! | H24: =1-C24/C25 -> #DIV/0! | I24: =1-D24/D25 -> #DIV/0! | J24: =1-E24/E25 -> #DIV/0!
A25: Fakturační kalorimetry | B25: =('1854'!P27-'1854'!O27) -> 0 | C25: =('1855'!P27-'1855'!O27) -> 0 | D25: =('1856'!P27-'1856'!O27) -> 0 | E25: =('1857'!P27-'1857'!O27) -> 0
A26: Elektřina -
A27: Elektroměr dům | B27: ='1854'!P25-'1854'!O25 -> 0 | C27: ='1855'!P25-'1855'!O25 -> 0 | D27: ='1856'!P25-'1856'!O25 -> 0 | E27: ='1857'!P25-'1857'!O25 -> 0

Sheet Rozdíly (2)
A1: Přehled rozdílů a ztrát za teplo v GJ
C3: 1850 | F3: 51 | I3: 52 | L3: 53 | O3: 54 | R3: 55 | U3: 56 | X3: 57
C4: 1850 | F4: 1851 | I4: 1852 | L4: 1853 | O4: 1854 | R4: 1855 | U4: 1856 | X4: 1857
C5: odečet | D5: rozdíl [GJ] | E5: rozdíl [%] | F5: odečet | G5: rozdíl [GJ] | H5: rozdíl [%] | I5: odečet | J5: rozdíl [GJ] | K5: rozdíl [%] | L5: odečet | M5: rozdíl [GJ] | N5: rozdíl [%] | O5: odečet | P5: rozdíl [GJ] | Q5: rozdíl [%] | R5: odečet | S5: rozdíl [GJ] | T5: rozdíl [%] | U5: odečet | V5: rozdíl [GJ] | W5: rozdíl [%] | X5: odečet | Y5: rozdíl [GJ] | Z5: rozdíl [%]
A6: leden | B6: součty kal. | C6: ='S1'!B9 -> 46.052 | D6: ='S1'!B10-'S1'!B9 -> 1.558 | E6: =D6/C7 -> 0.032724218 | F6: ='S1'!C9 -> 48.776 | G6: ='S1'!C10-'S1'!C9 -> 3.424 | H6: =G6/F7 -> 0.06559387 | I6: ='S1'!D9 -> 47.74 | J6: ='S1'!D10-'S1'!D9 -> 2.1 | K6: =J6/I7 -> 0.042134831 | L6: ='S1'!E9 -> 45.828 | M6: ='S1'!E10-'S1'!E9 -> 2.642 | N6: =M6/L7 -> 0.054507943 | O6: ='S1'!B24 -> 45.353 | P6: ='S1'!B25-'S1'!B24 -> 3.677 | Q6: =P6/O7 -> 0.074994901 | R6: ='S1'!C24 -> 47.023 | S6: ='S1'!C25-'S1'!C24 -> 4.647 | T6: =S6/R7 -> 0.089936133 | U6: ='S1'!D24 -> 46.229 | V6: ='S1'!D25-'S1'!D24 -> 2.951 | W6: =V6/U7 -> 0.060004067 | X6: ='S1'!E24 -> 47.81 | Y6: ='S1'!E25-'S1'!E24 -> 4.26 | Z6: =Y6/X7 -> 0.081812944
B7: faktur.kal. | C7: ='S1'!B10 -> 47.61 | F7: ='S1'!C10 -> 52.2 | I7: ='S1'!D10 -> 49.84 | L7: ='S1'!E10 -> 48.47 | O7: ='S1'!B25 -> 49.03 | R7: ='S1'!C25 -> 51.67 | U7: ='S1'!D25 -> 49.18 | X7: ='S1'!E25 -> 52.07
A8: únor | B8: součty kal. | C8: ='S2'!B9 -> 29.649 | D8: ='S2'!B10-'S2'!B9 -> 0.421 | E8: =D8/C9 -> 0.014000665 | F8: ='S2'!C9 -> 31.62 | G8: ='S2'!C10-'S2'!C9 -> 1.89 | H8: =G8/F9 -> 0.056401074 | I8: ='S2'!D9 -> 28.868 | J8: ='S2'!D10-'S2'!D9 -> 0.542 | K8: =J8/I9 -> 0.018429106 | L8: ='S2'!E9 -> 28.883 | M8: ='S2'!E10-'S2'!E9 -> 0.687 | N8: =M8/L9 -> 0.023233006 | O8: ='S2'!B24 -> 29.127 | P8: ='S2'!B25-'S2'!B24 -> 2.573 | Q8: =P8/O9 -> 0.081167192 | R8: ='S2'!C24 -> 28.855 | S8: ='S2'!C25-'S2'!C24 -> 2.825 | T8: =S8/R9 -> 0.08917298 | U8: ='S2'!D24 -> 26.306 | V8: ='S2'!D25-'S2'!D24 -> 1.164 | W8: =V8/U9 -> 0.042373498 | X8: ='S2'!E24 -> 29.898 | Y8: ='S2'!E25-'S2'!E24 -> 2.852 | Z8: =Y8/X9 -> 0.087083969
B9: faktur.kal. | C9: ='S2'!B10 -> 30.07 | F9: ='S2'!C10 -> 33.51 | I9: ='S2'!D10 -> 29.41 | L9: ='S2'!E10 -> 29.57 | O9: ='S2'!B25 -> 31.7 | R9: ='S2'!C25 -> 31.68 | U9: ='S2'!D25 -> 27.47 | X9: ='S2'!E25 -> 32.75
A10: březen | B10: součty kal. | C10: ='S3'!B9 -> -827.198 | D10: ='S3'!B10-'S3'!B9 -> 349.688 | E10: =D10/C11 -> -0.73231555 | F10: ='S3'!C9 -> -1028.875 | G10: ='S3'!C10-'S3'!C9 -> 373.025 | H10: =G10/F11 -> -0.56876572 | I10: ='S3'!D9 -> -954.318 | J10: ='S3'!D10-'S3'!D9 -> 421.248 | K10: =J10/I11 -> -0.79023018 | L10: ='S3'!E9 -> -814.752 | M10: ='S3'!E10-'S3'!E9 -> 319.892 | N10: =M10/L11 -> -0.64642929 | O10: ='S3'!B24 -> -839.877 | P10: ='S3'!B25-'S3'!B24 -> -315.633 | Q10: =P10/O11 -> 0.27315471 | R10: ='S3'!C24 -> -890.566 | S10: ='S3'!C25-'S3'!C24 -> -390.184 | T10: =S10/R11 -> 0.30465274 | U10: ='S3'!D24 -> -472.66 | V10: ='S3'!D25-'S3'!D24 -> -630.42 | W10: =V10/U11 -> 0.57150887 | X10: ='S3'!E24 -> -867.381 | Y10: ='S3'!E25-'S3'!E24 -> -326.789 | Z10: =Y10/X11 -> 0.27365367
B11: faktur.kal. | C11: ='S3'!B10 -> -477.51 | F11: ='S3'!C10 -> -655.85 | I11: ='S3'!D10 -> -533.07 | L11: ='S3'!E10 -> -494.86 | O11: ='S3'!B25 -> -1155.51 | R11: ='S3'!C25 -> -1280.75 | U11: ='S3'!D25 -> -1103.08 | X11: ='S3'!E25 -> -1194.17
A12: duben | B12: součty kal. | C12: ='S4'!B9 -> 0 | D12: ='S4'!B10-'S4'!B9 -> 0 | E12: =D12/C13 -> #DIV/0! | F12: ='S4'!C9 -> 0 | G12: ='S4'!C10-'S4'!C9 -> 0 | H12: =G12/F13 -> #DIV/0! | I12: ='S4'!D9 -> 0 | J12: ='S4'!D10-'S4'!D9 -> 0 | K12: =J12/I13 -> #DIV/0! | L12: ='S4'!E9 -> 0 | M12: ='S4'!E10-'S4'!E9 -> 0 | N12: =M12/L13 -> #DIV/0! | O12: ='S4'!B24 -> 0 | P12: ='S4'!B25-'S4'!B24 -> 0 | Q12: =P12/O13 -> #DIV/0! | R12: ='S4'!C24 -> 0 | S12: ='S4'!C25-'S4'!C24 -> 0 | T12: =S12/R13 -> #DIV/0! | U12: ='S4'!D24 -> 0 | V12: ='S4'!D25-'S4'!D24 -> 0 | W12: =V12/U13 -> #DIV/0! | X12: ='S4'!E24 -> 0 | Y12: ='S4'!E25-'S4'!E24 -> 0 | Z12: =Y12/X13 -> #DIV/0!
B13: faktur.kal. | C13: ='S4'!B10 -> 0 | F13: ='S4'!C10 -> 0 | I13: ='S4'!D10 -> 0 | L13: ='S4'!E10 -> 0 | O13: ='S4'!B25 -> 0 | R13: ='S4'!C25 -> 0 | U13: ='S4'!D25 -> 0 | X13: ='S4'!E25 -> 0
A14: květen | B14: součty kal. | C14: ='S5'!B9 -> 0 | D14: ='S5'!B10-'S5'!B9 -> 0 | E14: =D14/C15 -> #DIV/0! | F14: ='S5'!C9 -> 0 | G14: ='S5'!C10-'S5'!C9 -> 0 | H14: =G14/F15 -> #DIV/0! | I14: ='S5'!D9 -> 0 | J14: ='S5'!D10-'S5'!D9 -> 0 | K14: =J14/I15 -> #DIV/0! | L14: ='S5'!E9 -> 0 | M14: ='S5'!E10-'S5'!E9 -> 0 | N14: =M14/L15 -> #DIV/0! | O14: ='S5'!B24 -> 0 | P14: ='S5'!B25-'S5'!B24 -> 0 | Q14: =P14/O15 -> #DIV/0! | R14: ='S5'!C24 -> 0 | S14: ='S5'!C25-'S5'!C24 -> 0 | T14: =S14/R15 -> #DIV/0! | U14: ='S5'!D24 -> 0 | V14: ='S5'!D25-'S5'!D24 -> 0 | W14: =V14/U15 -> #DIV/0! | X14: ='S5'!E24 -> 0 | Y14: ='S5'!E25-'S5'!E24 -> 0 | Z14: =Y14/X15 -> #DIV/0!
B15: faktur.kal. | C15: ='S5'!B10 -> 0 | F15: ='S5'!C10 -> 0 | I15: ='S5'!D10 -> 0 | L15: ='S5'!E10 -> 0 | O15: ='S5'!B25 -> 0 | R15: ='S5'!C25 -> 0 | U15: ='S5'!D25 -> 0 | X15: ='S5'!E25 -> 0
A16: červen | B16: součty kal. | C16: ='S6'!B9 -> 0 | D16: ='S6'!B10-'S6'!B9 -> 0 | E16: =D16/C17 -> #DIV/0! | F16: ='S6'!C9 -> 0 | G16: ='S6'!C10-'S6'!C9 -> 0 | H16: =G16/F17 -> #DIV/0! | I16: ='S6'!D9 -> 0 | J16: ='S6'!D10-'S6'!D9 -> 0 | K16: =J16/I17 -> #DIV/0! | L16: ='S6'!E9 -> 0 | M16: ='S6'!E10-'S6'!E9 -> 0 | N16: =M16/L17 -> #DIV/0! | O16: ='S6'!B24 -> 0 | P16: ='S6'!B25-'S6'!B24 -> 0 | Q16: =P16/O17 -> #DIV/0! | R16: ='S6'!C24 -> 0 | S16: ='S6'!C25-'S6'!C24 -> 0 | T16: =S16/R17 -> #DIV/0! | U16: ='S6'!D24 -> 0 | V16: ='S6'!D25-'S6'!D24 -> 0 | W16: =V16/U17 -> #DIV/0! | X16: ='S6'!E24 -> 0 | Y16: ='S6'!E25-'S6'!E24 -> 0 | Z16: =Y16/X17 -> #DIV/0!
B17: faktur.kal. | C17: ='S6'!B10 -> 0 | F17: ='S6'!C10 -> 0 | I17: ='S6'!D10 -> 0 | L17: ='S6'!E10 -> 0 | O17: ='S6'!B25 -> 0 | R17: ='S6'!C25 -> 0 | U17: ='S6'!D25 -> 0 | X17: ='S6'!E25 -> 0
A18: červenec | B18: součty kal. | C18: ='S7'!B9 -> 0 | D18: ='S7'!B10-'S7'!B9 -> 0 | E18: =D18/C19 -> #DIV/0! | F18: ='S7'!C9 -> 0 | G18: ='S7'!C10-'S7'!C9 -> 0 | H18: =G18/F19 -> #DIV/0! | I18: ='S7'!D9 -> 0 | J18: ='S7'!D10-'S7'!D9 -> 0 | K18: =J18/I19 -> #DIV/0! | L18: ='S7'!E9 -> 0 | M18: ='S7'!E10-'S7'!E9 -> 0 | N18: =M18/L19 -> #DIV/0! | O18: ='S7'!B24 -> 0 | P18: ='S7'!B25-'S7'!B24 -> 0 | Q18: =P18/O19 -> #DIV/0! | R18: ='S7'!C24 -> 0 | S18: ='S7'!C25-'S7'!C24 -> 0 | T18: =S18/R19 -> #DIV/0! | U18: ='S7'!D24 -> 0 | V18: ='S7'!D25-'S7'!D24 -> 0 | W18: =V18/U19 -> #DIV/0! | X18: ='S7'!E24 -> 0 | Y18: ='S7'!E25-'S7'!E24 -> 0 | Z18: =Y18/X19 -> #DIV/0!
B19: faktur.kal. | C19: ='S7'!B10 -> 0 | F19: ='S7'!C10 -> 0 | I19: ='S7'!D10 -> 0 | L19: ='S7'!E10 -> 0 | O19: ='S7'!B25 -> 0 | R19: ='S7'!C25 -> 0 | U19: ='S7'!D25 -> 0 | X19: ='S7'!E25 -> 0
A20: srpen | B20: součty kal. | C20: ='S8'!B9 -> 0 | D20: ='S8'!B10-'S8'!B9 -> 0 | E20: =D20/C21 -> #DIV/0! | F20: ='S8'!C9 -> 0 | G20: ='S8'!C10-'S8'!C9 -> 0 | H20: =G20/F21 -> #DIV/0! | I20: ='S8'!D9 -> 0 | J20: ='S8'!D10-'S8'!D9 -> 0 | K20: =J20/I21 -> #DIV/0! | L20: ='S8'!E9 -> 0 | M20: ='S8'!E10-'S8'!E9 -> 0 | N20: =M20/L21 -> #DIV/0! | O20: ='S8'!B24 -> 0 | P20: ='S8'!B25-'S8'!B24 -> 0 | Q20: =P20/O21 -> #DIV/0! | R20: ='S8'!C24 -> 0 | S20: ='S8'!C25-'S8'!C24 -> 0 | T20: =S20/R21 -> #DIV/0! | U20: ='S8'!D24 -> 0 | V20: ='S8'!D25-'S8'!D24 -> 0 | W20: =V20/U21 -> #DIV/0! | X20: ='S8'!E24 -> 0 | Y20: ='S8'!E25-'S8'!E24 -> 0 | Z20: =Y20/X21 -> #DIV/0!
B21: faktur.kal. | C21: ='S8'!B10 -> 0 | F21: ='S8'!C10 -> 0 | I21: ='S8'!D10 -> 0 | L21: ='S8'!E10 -> 0 | O21: ='S8'!B25 -> 0 | R21: ='S8'!C25 -> 0 | U21: ='S8'!D25 -> 0 | X21: ='S8'!E25 -> 0
A22: září | B22: součty kal. | C22: ='S9'!B9 -> 0 | D22: ='S9'!B10-'S9'!B9 -> 0 | E22: =D22/C23 -> #DIV/0! | F22: ='S9'!C9 -> 0 | G22: ='S9'!C10-'S9'!C9 -> 0 | H22: =G22/F23 -> #DIV/0! | I22: ='S9'!D9 -> 0 | J22: ='S9'!D10-'S9'!D9 -> 0 | K22: =J22/I23 -> #DIV/0! | L22: ='S9'!E9 -> 0 | M22: ='S9'!E10-'S9'!E9 -> 0 | N22: =M22/L23 -> #DIV/0! | O22: ='S9'!B24 -> 0 | P22: ='S9'!B25-'S9'!B24 -> 0 | Q22: =P22/O23 -> #DIV/0! | R22: ='S9'!C24 -> 0 | S22: ='S9'!C25-'S9'!C24 -> 0 | T22: =S22/R23 -> #DIV/0! | U22: ='S9'!D24 -> 0 | V22: ='S9'!D25-'S9'!D24 -> 0 | W22: =V22/U23 -> #DIV/0! | X22: ='S9'!E24 -> 0 | Y22: ='S9'!E25-'S9'!E24 -> 0 | Z22: =Y22/X23 -> #DIV/0!
B23: faktur.kal. | C23: ='S9'!B10 -> 0 | F23: ='S9'!C10 -> 0 | I23: ='S9'!D10 -> 0 | L23: ='S9'!E10 -> 0 | O23: ='S9'!B25 -> 0 | R23: ='S9'!C25 -> 0 | U23: ='S9'!D25 -> 0 | X23: ='S9'!E25 -> 0
A24: říjen | B24: součty kal. | C24: ='S10'!B9 -> 0 | D24: ='S10'!B10-'S10'!B9 -> 0 | E24: =D24/C25 -> #DIV/0! | F24: ='S10'!C9 -> 0 | G24: ='S10'!C10-'S10'!C9 -> 0 | H24: =G24/F25 -> #DIV/0! | I24: ='S10'!D9 -> 0 | J24: ='S10'!D10-'S10'!D9 -> 0 | K24: =J24/I25 -> #DIV/0! | L24: ='S10'!E9 -> 0 | M24: ='S10'!E10-'S10'!E9 -> 0 | N24: =M24/L25 -> #DIV/0! | O24: ='S10'!B24 -> 0 | P24: ='S10'!B25-'S10'!B24 -> 0 | Q24: =P24/O25 -> #DIV/0! | R24: ='S10'!C24 -> 0 | S24: ='S10'!C25-'S10'!C24 -> 0 | T24: =S24/R25 -> #DIV/0! | U24: ='S10'!D24 -> 0 | V24: ='S10'!D25-'S10'!D24 -> 0 | W24: =V24/U25 -> #DIV/0! | X24: ='S10'!E24 -> 0 | Y24: ='S10'!E25-'S10'!E24 -> 0 | Z24: =Y24/X25 -> #DIV/0!
B25: faktur.kal. | C25: ='S10'!B10 -> 0 | F25: ='S10'!C10 -> 0 | I25: ='S10'!D10 -> 0 | L25: ='S10'!E10 -> 0 | O25: ='S10'!B25 -> 0 | R25: ='S10'!C25 -> 0 | U25: ='S10'!D25 -> 0 | X25: ='S10'!E25 -> 0
A26: listopad | B26: součty kal. | C26: ='S11'!B9 -> 0 | D26: ='S11'!B10-'S11'!B9 -> 0 | E26: =D26/C27 -> #DIV/0! | F26: ='S11'!C9 -> 0 | G26: ='S11'!C10-'S11'!C9 -> 0 | H26: =G26/F27 -> #DIV/0! | I26: ='S11'!D9 -> 0 | J26: ='S11'!D10-'S11'!D9 -> 0 | K26: =J26/I27 -> #DIV/0! | L26: ='S11'!E9 -> 0 | M26: ='S11'!E10-'S11'!E9 -> 0 | N26: =M26/L27 -> #DIV/0! | O26: ='S11'!B24 -> 0 | P26: ='S11'!B25-'S11'!B24 -> 0 | Q26: =P26/O27 -> #DIV/0! | R26: ='S11'!C24 -> 0 | S26: ='S11'!C25-'S11'!C24 -> 0 | T26: =S26/R27 -> #DIV/0! | U26: ='S11'!D24 -> 0 | V26: ='S11'!D25-'S11'!D24 -> 0 | W26: =V26/U27 -> #DIV/0! | X26: ='S11'!E24 -> 0 | Y26: ='S11'!E25-'S11'!E24 -> 0 | Z26: =Y26/X27 -> #DIV/0!
B27: faktur.kal. | C27: ='S11'!B10 -> 0 | F27: ='S11'!C10 -> 0 | I27: ='S11'!D10 -> 0 | L27: ='S11'!E10 -> 0 | O27: ='S11'!B25 -> 0 | R27: ='S11'!C25 -> 0 | U27: ='S11'!D25 -> 0 | X27: ='S11'!E25 -> 0
A28: prosinec | B28: součty kal. | C28: ='S12'!B9 -> 0 | D28: ='S12'!B10-'S12'!B9 -> 0 | E28: =D28/C29 -> #DIV/0! | F28: ='S12'!C9 -> 0 | G28: ='S12'!C10-'S12'!C9 -> 0 | H28: =G28/F29 -> #DIV/0! | I28: ='S12'!D9 -> 0 | J28: ='S12'!D10-'S12'!D9 -> 0 | K28: =J28/I29 -> #DIV/0! | L28: ='S12'!E9 -> 0 | M28: ='S12'!E10-'S12'!E9 -> 0 | N28: =M28/L29 -> #DIV/0! | O28: ='S12'!B24 -> 0 | P28: ='S12'!B25-'S12'!B24 -> 0 | Q28: =P28/O29 -> #DIV/0! | R28: ='S12'!C24 -> 0 | S28: ='S12'!C25-'S12'!C24 -> 0 | T28: =S28/R29 -> #DIV/0! | U28: ='S12'!D24 -> 0 | V28: ='S12'!D25-'S12'!D24 -> 0 | W28: =V28/U29 -> #DIV/0! | X28: ='S12'!E24 -> 0 | Y28: ='S12'!E25-'S12'!E24 -> 0 | Z28: =Y28/X29 -> #DIV/0!
B29: faktur.kal. | C29: ='S12'!B10 -> 0 | F29: ='S12'!C10 -> 0 | I29: ='S12'!D10 -> 0 | L29: ='S12'!E10 -> 0 | O29: ='S12'!B25 -> 0 | R29: ='S12'!C25 -> 0 | U29: ='S12'!D25 -> 0 | X29: ='S12'!E25 -> 0
A31: CELKEM ROZDÍL v GJ | D31: =SUM(D6:D29) -> 351.667 | G31: =SUM(G6:G29) -> 378.339 | J31: =SUM(J6:J29) -> 423.89 | M31: =SUM(M6:M29) -> 323.221 | P31: =SUM(P6:P29) -> -309.383 | S31: =SUM(S6:S29) -> -382.712 | V31: =SUM(V6:V29) -> -626.305 | Y31: =SUM(Y6:Y29) -> -319.677
A33: CELKEM ROZDÍL v % | D33: =(D6+D8+D10+D12+D14+D16+D18+D20+D22+D24+D26+D28)/(C7+C9+C11+C13+C15+C17+C19+C21+C23+C25+C27+C29) -> -0.87954131 | G33: =(G6+G8+G10+G12+G14+G16+G18+G20+G22+G24+G26+G28)/(F7+F9+F11+F13+F15+F17+F19+F21+F23+F25+F27+F29) -> -0.66358964 | J33: =(J6+J8+J10+J12+J14+J16+J18+J20+J22+J24+J26+J28)/(I7+I9+I11+I13+I15+I17+I19+I21+I23+I25+I27+I29) -> -0.93404874 | M33: =(M6+M8+M10+M12+M14+M16+M18+M20+M22+M24+M26+M28)/(L7+L9+L11+L13+L15+L17+L19+L21+L23+L25+L27+L29) -> -0.77544504 | P33: =(P6+P8+P10+P12+P14+P16+P18+P20+P22+P24+P26+P28)/(O7+O9+O11+O13+O15+O17+O19+O21+O23+O25+O27+O29) -> 0.28785705 | S33: =(S6+S8+S10+S12+S14+S16+S18+S20+S22+S24+S26+S28)/(R7+R9+R11+R13+R15+R17+R19+R21+R23+R25+R27+R29) -> 0.31961917 | V33: =(V6+V8+V10+V12+V14+V16+V18+V20+V22+V24+V26+V28)/(U7+U9+U11+U13+U15+U17+U19+U21+U23+U25+U27+U29) -> 0.610178 | Y33: =(Y6+Y8+Y10+Y12+Y14+Y16+Y18+Y20+Y22+Y24+Y26+Y28)/(X7+X9+X11+X13+X15+X17+X19+X21+X23+X25+X27+X29) -> 0.28816604
D34: 1850 | G34: 1851 | J34: 1852 | M34: 1853 | P34: 1854 | S34: 1855 | V34: 1856 | Y34: 1857

Sheet S 2025
A1: Sumář - spotřeba rok | B1: ='S1'!B1 -> 2026
A3: Voda - m3 | B3: 1850 | C3: 1851 | D3: 1852 | E3: 1853
A4: Náměry bytových vodoměrů | B4: ='S1'!B4+'S2'!B4+'S3'!B4+'S4'!B4+'S5'!B4+'S6'!B4+'S7'!B4+'S8'!B4+'S9'!B4+'S10'!B4+'S11'!B4+'S12'!B4 -> -912.363 | C4: ='S1'!C4+'S2'!C4+'S3'!C4+'S4'!C4+'S5'!C4+'S6'!C4+'S7'!C4+'S8'!C4+'S9'!C4+'S10'!C4+'S11'!C4+'S12'!C4 -> -1044.746 | D4: ='S1'!D4+'S2'!D4+'S3'!D4+'S4'!D4+'S5'!D4+'S6'!D4+'S7'!D4+'S8'!D4+'S9'!D4+'S10'!D4+'S11'!D4+'S12'!D4 -> -951.62 | E4: ='S1'!E4+'S2'!E4+'S3'!E4+'S4'!E4+'S5'!E4+'S6'!E4+'S7'!E4+'S8'!E4+'S9'!E4+'S10'!E4+'S11'!E4+'S12'!E4 -> -1686.753 | H4: ='1853'!Q24 -> -940.382 | I4: byty 1853 bez zahrady
A5: Patní vodoměry | B5: ='1850'!P26-'1850'!D26 -> -996.6 | C5: ='1851'!Q26-'1851'!E26 -> -1140.1 | D5: ='1852'!P26-'1852'!D26 -> -1079.3 | E5: ='1853'!P27-'1853'!D27 -> -1173.1 | G5: z toho do | H5: =E5-C15 -> -426.1 | I5: pro byty 1853 | J5: se solí | K5: vodné + stočné | O5: Kontrola
A6: Součet patních vodoměrů | B6: =SUM(B5:E5) -> -4389.1 | G6: vyúčtování | H6: =C15 -> -747 | I6: pro zahradu | J6: bez soli | K6: vodné | O6: =B6-H6 -> -3642.1 | P6: součet pat bez zahrady
A7: fakturační vodoměr | B7: ='1850'!P29-'1850'!F33+'1850'!F32-'1850'!D29 -> -98629 | G7: z toho do | H7: =B7-C15 -> -97882 | I7: pro domy 1850 - 1853 | K7: vodné + stočné
A8: Teplo - GJ | G8: vyúčtování | H8: =C15 -> -747 | I8: pro zahradu | K8: vodné
A9: Náměry bytových kalorimetrů | B9: ='S1'!B9+'S2'!B9+'S3'!B9+'S4'!B9+'S5'!B9+'S6'!B9+'S7'!B9+'S8'!B9+'S9'!B9+'S10'!B9+'S11'!B9+'S12'!B9 -> -751.497 | C9: ='S1'!C9+'S2'!C9+'S3'!C9+'S4'!C9+'S5'!C9+'S6'!C9+'S7'!C9+'S8'!C9+'S9'!C9+'S10'!C9+'S11'!C9+'S12'!C9 -> -948.479 | D9: ='S1'!D9+'S2'!D9+'S3'!D9+'S4'!D9+'S5'!D9+'S6'!D9+'S7'!D9+'S8'!D9+'S9'!D9+'S10'!D9+'S11'!D9+'S12'!D9 -> -877.71 | E9: ='S1'!E9+'S2'!E9+'S3'!E9+'S4'!E9+'S5'!E9+'S6'!E9+'S7'!E9+'S8'!E9+'S9'!E9+'S10'!E9+'S11'!E9+'S12'!E9 -> -740.041 | O9: Bez stočného
A10: Fakturační kalorimetry | B10: =('1850'!P27-'1850'!D27) -> -399.83 | C10: =('1851'!Q27-'1851'!E27) -> -570.14 | D10: =('1852'!P27-'1852'!D27) -> -453.82 | E10: =('1853'!P28-'1853'!D28) -> -416.82 | I10: Spotřeby dle zahradních poměr.vodoměrů | O10: Pro fakturaci
A11: Elektřina - | I11: Odběrné místo | J11: počátek | K11: konec | L11: rozdíl | O11: Přepočet spotřeb
A12: Elektroměr dům | B12: ='1850'!P25-'1850'!F35+'1850'!F34-'1850'!D25 -> -9472 | C12: ='1851'!Q24-'1851'!J58+'1851'!J57-'1851'!E24 -> -16972 | D12: ='1852'!P25-'1852'!I37+'1852'!I36-'1852'!D25 -> -14615 | E12: ='1853'!P24-'1853'!I37+'1853'!I36-'1853'!D24 -> -12933 | H12: 1851/1 | I12: Šmejcká | J12: 18.515 | K12: 25.319 | L12: =K12-J12 -> 6.804 | M12: m3 | O12: =L$30/L$29*L12 -> -50.439013 | P12: m3
H13: 1851/2 | I13: Šmejcká | J13: 2.345 | K13: 7.4 | L13: =K13-J13 -> 5.055 | M13: m3 | O13: =L$30/L$29*L13 -> -37.473429 | P13: m3
A14: Elektroměr areál | B14: ='1853'!P25-'1853'!I40+'1853'!I39-'1853'!D25 -> -21566 | H14: 1852/1 | I14: Zýmová | J14: 24.313 | K14: 29.811 | L14: =K14-J14 -> 5.498 | M14: m3 | O14: =L$30/L$29*L14 -> -40.75745 | P14: m3
A15: Vodoměr areál | B15: ='1853'!P26-'1853'!E26 -> -746.371 | C15: =ROUND(B15,0)-1 -> -747 | E15: z toho do vyúčtování | H15: 1853/1 | I15: Vuová | J15: 125.621 | K15: 129.3 | L15: =K15-J15 -> 3.679 | M15: m3 | O15: =L$30/L$29*L15 -> -27.272947 | P15: m3
A16: zaokrouhlení voda areál | B16: =C15-B15 -> -0.629 | H16: 1853/2 | I16: Bodnarovi | J16: 62.874 | K16: 68.538 | L16: =K16-J16 -> 5.664 | M16: m3 | O16: =L$30/L$29*L16 -> -41.988032 | P16: m3
H17: 1853/3 | I17: Němec | J17: 35.063 | K17: 43.858 | L17: =K17-J17 -> 8.795 | M17: m3 | O17: =L$30/L$29*L17 -> -65.198577 | P17: m3
A18: Voda - m3 | B18: 1854 | C18: 1855 | D18: 1856 | E18: 1857 | H18: 1854/1 | I18: Smola | J18: 11.037 | K18: 14.388 | L18: =K18-J18 -> 3.351 | M18: m3 | O18: =L$30/L$29*L18 -> -24.841436 | P18: m3
A19: Náměry bytových vodoměrů | B19: ='S1'!B19+'S2'!B19+'S3'!B19+'S4'!B19+'S5'!B19+'S6'!B19+'S7'!B19+'S8'!B19+'S9'!B19+'S10'!B19+'S11'!B19+'S12'!B19 -> -720.258 | C19: ='S1'!C19+'S2'!C19+'S3'!C19+'S4'!C19+'S5'!C19+'S6'!C19+'S7'!C19+'S8'!C19+'S9'!C19+'S10'!C19+'S11'!C19+'S12'!C19 -> -917.598 | D19: ='S1'!D19+'S2'!D19+'S3'!D19+'S4'!D19+'S5'!D19+'S6'!D19+'S7'!D19+'S8'!D19+'S9'!D19+'S10'!D19+'S11'!D19+'S12'!D19 -> -826.146 | E19: ='S1'!E19+'S2'!E19+'S3'!E19+'S4'!E19+'S5'!E19+'S6'!E19+'S7'!E19+'S8'!E19+'S9'!E19+'S10'!E19+'S11'!E19+'S12'!E19 -> -945.73 | H19: 1854/2 | I19: Bendlová | J19: 5.712 | K19: 5.747 | L19: =K19-J19 -> 0.035 | M19: m3 | O19: =L$30/L$29*L19 -> -0.25945994 | P19: m3
A20: Patní vodoměry | B20: ='1854'!P26-'1854'!D26 -> -783.7 | C20: ='1855'!P26-'1855'!D26 -> -973.3 | D20: ='1856'!P26-'1856'!D26 -> -911.4 | E20: ='1857'!P26-'1857'!D26 -> -1047.2 | H20: 1855/1 | I20: Chvapil | J20: 22.505 | K20: 22.966 | L20: =K20-J20 -> 0.461 | M20: m3 | O20: =L$30/L$29*L20 -> -3.4174581 | P20: m3
A21: Součet patních vodoměrů | B21: =SUM(B20:E20) -> -3715.6 | H21: 1855/2 | I21: Hřebečkovi | J21: 383.55 | K21: 408.78 | L21: =K21-J21 -> 25.23 | M21: m3 | O21: =L$30/L$29*L21 -> -187.03355 | P21: m3
A22: fakturační vodoměr | B22: ='1854'!P29-'1854'!N35+'1854'!N33-'1854'!D29+200 -> 17275 | H22: 1856/1 | I22: Písaříkovi | J22: 0 | K22: 5.16 | L22: =K22-J22 -> 5.16 | M22: m3 | O22: =L$30/L$29*L22 -> -38.251809 | P22: m3
A23: Teplo - GJ | H23: 1856/2 | I23: Morongovi | J23: 78.556 | K23: 92.803 | L23: =K23-J23 -> 14.247 | M23: m3 | O23: =L$30/L$29*L23 -> -105.61502 | P23: m3
A24: Náměry bytových kalorimetrů | B24: ='S1'!B24+'S2'!B24+'S3'!B24+'S4'!B24+'S5'!B24+'S6'!B24+'S7'!B24+'S8'!B24+'S9'!B24+'S10'!B24+'S11'!B24+'S12'!B24 -> -765.397 | C24: ='S1'!C24+'S2'!C24+'S3'!C24+'S4'!C24+'S5'!C24+'S6'!C24+'S7'!C24+'S8'!C24+'S9'!C24+'S10'!C24+'S11'!C24+'S12'!C24 -> -814.688 | D24: ='S1'!D24+'S2'!D24+'S3'!D24+'S4'!D24+'S5'!D24+'S6'!D24+'S7'!D24+'S8'!D24+'S9'!D24+'S10'!D24+'S11'!D24+'S12'!D24 -> -400.125 | E24: ='S1'!E24+'S2'!E24+'S3'!E24+'S4'!E24+'S5'!E24+'S6'!E24+'S7'!E24+'S8'!E24+'S9'!E24+'S10'!E24+'S11'!E24+'S12'!E24 -> -789.673 | H24: 1856/3 | I24: Baťkovi | J24: 0 | K24: 0 | L24: =K24-J24 -> 0 | M24: m3 | O24: =L$30/L$29*L24 -> 0 | P24: m3
A25: Fakturační kalorimetry | B25: =('1854'!P27-'1854'!D27) -> -1074.78 | C25: =('1855'!P27-'1855'!D27) -> -1197.4 | D25: =('1856'!P27-'1856'!D27) -> -1026.43 | E25: =('1857'!P27-'1857'!D27) -> -1109.35 | H25: 1857/1 | I25: Hiršalová | J25: 0 | K25: 3.591 | L25: =K25-J25 -> 3.591 | M25: m3 | O25: =L$30/L$29*L25 -> -26.62059 | P25: m3
A26: Elektřina - | H26: 1857/2 | I26: Lazarová | J26: 0 | K26: 3.987 | L26: =K26-J26 -> 3.987 | M26: m3 | O26: =L$30/L$29*L26 -> -29.556194 | P26: m3
A27: Elektroměr dům | B27: ='1854'!P25-'1854'!G44+'1854'!G43-'1854'!D25 -> -3977 | C27: ='1855'!P25-'1855'!G39+'1855'!G38-'1855'!D25 -> -6197 | D27: ='1856'!P25-'1856'!G41+'1856'!G40-'1856'!D25 -> -3806 | E27: ='1857'!P25-'1857'!G42+'1857'!G41-'1857'!D25 -> -40115 | H27: 1857/3 | I27: Brantovi | J27: 0 | K27: 5.75 | L27: =K27-J27 -> 5.75 | M27: m3 | O27: =L$30/L$29*L27 -> -42.625562 | P27: m3
H28: SVJ 1850 - 1857 | J28: =19.472-3 -> 16.472 | K28: 19.932 | L28: =K28-J28 -> 3.46 | M28: m3 | O28: =L$30/L$29*L28 -> -25.649469 | P28: m3
I29: Celkem zahrada dle poměr.vodoměrů | L29: =SUM(L12:L28) -> 100.767 | M29: m3
I30: Celkem zahradní fakturační vodoměr | L30: =C15 -> -747 | M30: m3 | O30: =SUM(O12:O28) -> -747
K31: Rozdíl | L31: =L30-L29 -> -847.767 | M31: m3

Sheet S 2024 %
A1: Sumář - spotřeba rok | B1: ='S1'!B1 -> 2026
A3: Voda - m3 | B3: 1850 | C3: 1851 | D3: 1852 | E3: 1853 | L3: Původní vzorce
A4: Náměry bytových vodoměrů | B4: ='S1'!B4+'S2'!B4+'S3'!B4+'S4'!B4+'S5'!B4+'S6'!B4+'S7'!B4+'S8'!B4+'S9'!B4+'S10'!B4+'S11'!B4+'S12'!B4 -> -912.363 | C4: ='S1'!C4+'S2'!C4+'S3'!C4+'S4'!C4+'S5'!C4+'S6'!C4+'S7'!C4+'S8'!C4+'S9'!C4+'S10'!C4+'S11'!C4+'S12'!C4 -> -1044.746 | D4: ='S1'!D4+'S2'!D4+'S3'!D4+'S4'!D4+'S5'!D4+'S6'!D4+'S7'!D4+'S8'!D4+'S9'!D4+'S10'!D4+'S11'!D4+'S12'!D4 -> -951.62 | E4: ='S1'!E4+'S2'!E4+'S3'!E4+'S4'!E4+'S5'!E4+'S6'!E4+'S7'!E4+'S8'!E4+'S9'!E4+'S10'!E4+'S11'!E4+'S12'!E4 -> -1686.753 | G4: =1-B4/B5 -> 0.084524383 | H4: =1-C4/C5 -> 0.083636523 | I4: =1-D4/D5 -> 0.1182989 | J4: =1-E4/E5 -> -0.43785952
A5: Patní vodoměry | B5: ='S 2025'!B5 -> -996.6 | C5: ='S 2025'!C5 -> -1140.1 | D5: ='S 2025'!D5 -> -1079.3 | E5: ='S 2025'!E5 -> -1173.1
A6: Součet patních vodoměrů | B6: =SUM(B5:E5) -> -4389.1 | G6: =1-B6/B7 -> 0.95549889
A7: fakturační vodoměr | B7: ='1850'!P29-'1850'!F33+'1850'!F32-'1850'!D29 -> -98629 | L7: ='1850'!Z29-'1850'!N29 -> 0
A8: Teplo - GJ
A9: Náměry bytových kalorimetrů | B9: ='S1'!B9+'S2'!B9+'S3'!B9+'S4'!B9+'S5'!B9+'S6'!B9+'S7'!B9+'S8'!B9+'S9'!B9+'S10'!B9+'S11'!B9+'S12'!B9 -> -751.497 | C9: ='S1'!C9+'S2'!C9+'S3'!C9+'S4'!C9+'S5'!C9+'S6'!C9+'S7'!C9+'S8'!C9+'S9'!C9+'S10'!C9+'S11'!C9+'S12'!C9 -> -948.479 | D9: ='S1'!D9+'S2'!D9+'S3'!D9+'S4'!D9+'S5'!D9+'S6'!D9+'S7'!D9+'S8'!D9+'S9'!D9+'S10'!D9+'S11'!D9+'S12'!D9 -> -877.71 | E9: ='S1'!E9+'S2'!E9+'S3'!E9+'S4'!E9+'S5'!E9+'S6'!E9+'S7'!E9+'S8'!E9+'S9'!E9+'S10'!E9+'S11'!E9+'S12'!E9 -> -740.041 | G9: =1-B9/B10 -> -0.87954131 | H9: =1-C9/C10 -> -0.66358964 | I9: =1-D9/D10 -> -0.93404874 | J9: =1-E9/E10 -> -0.77544504
A10: Fakturační kalorimetry | B10: ='S 2025'!B10 -> -399.83 | C10: ='S 2025'!C10 -> -570.14 | D10: ='S 2025'!D10 -> -453.82 | E10: ='S 2025'!E10 -> -416.82
A11: Elektřina -
A12: Elektroměr dům | B12: ='S 2025'!B12 -> -9472 | C12: ='S 2025'!C12 -> -16972 | D12: ='S 2025'!D12 -> -14615 | E12: ='S 2025'!E12 -> -12933
A14: Elektroměr areál | B14: ='1853'!P25-'1853'!I40+'1853'!I39-'1853'!D25 -> -21566
A15: Vodoměr areál | B15: ='1853'!P26-'1853'!E26 -> -746.371 | C15: ='S 2025'!C15 -> -747
A18: Voda - m3 | B18: 1854 | C18: 1855 | D18: 1856 | E18: 1857
A19: Náměry bytových vodoměrů | B19: ='S1'!B19+'S2'!B19+'S3'!B19+'S4'!B19+'S5'!B19+'S6'!B19+'S7'!B19+'S8'!B19+'S9'!B19+'S10'!B19+'S11'!B19+'S12'!B19 -> -720.258 | C19: ='S1'!C19+'S2'!C19+'S3'!C19+'S4'!C19+'S5'!C19+'S6'!C19+'S7'!C19+'S8'!C19+'S9'!C19+'S10'!C19+'S11'!C19+'S12'!C19 -> -917.598 | D19: ='S1'!D19+'S2'!D19+'S3'!D19+'S4'!D19+'S5'!D19+'S6'!D19+'S7'!D19+'S8'!D19+'S9'!D19+'S10'!D19+'S11'!D19+'S12'!D19 -> -826.146 | E19: ='S1'!E19+'S2'!E19+'S3'!E19+'S4'!E19+'S5'!E19+'S6'!E19+'S7'!E19+'S8'!E19+'S9'!E19+'S10'!E19+'S11'!E19+'S12'!E19 -> -945.73 | G19: =1-B19/B20 -> 0.080951895 | H19: =1-C19/C20 -> 0.057230042 | I19: =1-D19/D20 -> 0.093541804 | J19: =1-E19/E20 -> 0.096896486
A20: Patní vodoměry | B20: ='S 2025'!B20 -> -783.7 | C20: ='S 2025'!C20 -> -973.3 | D20: ='S 2025'!D20 -> -911.4 | E20: ='S 2025'!E20 -> -1047.2
A21: Součet patních vodoměrů | B21: =SUM(B20:E20) -> -3715.6 | G21: =1-B21/B22 -> 1.2150854
A22: fakturační vodoměr | B22: ='1854'!P29-'1854'!N35+'1854'!N33-'1854'!D29+200 -> 17275 | L22: ='1854'!Z29-'1854'!X35+'1854'!X33-'1854'!N29 -> 0
A23: Teplo - GJ
A24: Náměry bytových kalorimetrů | B24: ='S1'!B24+'S2'!B24+'S3'!B24+'S4'!B24+'S5'!B24+'S6'!B24+'S7'!B24+'S8'!B24+'S9'!B24+'S10'!B24+'S11'!B24+'S12'!B24 -> -765.397 | C24: ='S1'!C24+'S2'!C24+'S3'!C24+'S4'!C24+'S5'!C24+'S6'!C24+'S7'!C24+'S8'!C24+'S9'!C24+'S10'!C24+'S11'!C24+'S12'!C24 -> -814.688 | D24: ='S1'!D24+'S2'!D24+'S3'!D24+'S4'!D24+'S5'!D24+'S6'!D24+'S7'!D24+'S8'!D24+'S9'!D24+'S10'!D24+'S11'!D24+'S12'!D24 -> -400.125 | E24: ='S1'!E24+'S2'!E24+'S3'!E24+'S4'!E24+'S5'!E24+'S6'!E24+'S7'!E24+'S8'!E24+'S9'!E24+'S10'!E24+'S11'!E24+'S12'!E24 -> -789.673 | G24: =1-B24/B25 -> 0.28785705 | H24: =1-C24/C25 -> 0.31961917 | I24: =1-D24/D25 -> 0.610178 | J24: =1-E24/E25 -> 0.28816604
A25: Fakturační kalorimetry | B25: =('1854'!P27-'1854'!D27) -> -1074.78 | C25: =('1855'!P27-'1855'!D27) -> -1197.4 | D25: =('1856'!P27-'1856'!D27) -> -1026.43 | E25: =('1857'!P27-'1857'!D27) -> -1109.35
A26: Elektřina -
A27: Elektroměr dům | B27: ='S 2025'!B27 -> -3977 | C27: ='S 2025'!C27 -> -6197 | D27: ='S 2025'!D27 -> -3806 | E27: ='S 2025'!E27 -> -40115

Sheet Rozdíly
A1: Přehled rozdílů a ztrát za teplo v GJ | F1: ='S1'!B1 -> 2026
C3: 1850 | F3: 51 | I3: 52 | L3: 53 | O3: 54 | R3: 55 | U3: 56 | X3: 57
C4: 1850 | F4: 1851 | I4: 1852 | L4: 1853 | O4: 1854 | R4: 1855 | U4: 1856 | X4: 1857
C5: odečet | D5: rozdíl [GJ] | E5: rozdíl [%] | F5: odečet | G5: rozdíl [GJ] | H5: rozdíl [%] | I5: odečet | J5: rozdíl [GJ] | K5: rozdíl [%] | L5: odečet | M5: rozdíl [GJ] | N5: rozdíl [%] | O5: odečet | P5: rozdíl [GJ] | Q5: rozdíl [%] | R5: odečet | S5: rozdíl [GJ] | T5: rozdíl [%] | U5: odečet | V5: rozdíl [GJ] | W5: rozdíl [%] | X5: odečet | Y5: rozdíl [GJ] | Z5: rozdíl [%]
A6: leden | B6: součty kal. | C6: ='S1'!B9 -> 46.052 | D6: ='S1'!B10-'S1'!B9 -> 1.558 | E6: =D6/C7 -> 0.032724218 | F6: ='S1'!C9 -> 48.776 | G6: ='S1'!C10-'S1'!C9 -> 3.424 | H6: =G6/F7 -> 0.06559387 | I6: ='S1'!D9 -> 47.74 | J6: ='S1'!D10-'S1'!D9 -> 2.1 | K6: =J6/I7 -> 0.042134831 | L6: ='S1'!E9 -> 45.828 | M6: ='S1'!E10-'S1'!E9 -> 2.642 | N6: =M6/L7 -> 0.054507943 | O6: ='S1'!B24 -> 45.353 | P6: ='S1'!B25-'S1'!B24 -> 3.677 | Q6: =P6/O7 -> 0.074994901 | R6: ='S1'!C24 -> 47.023 | S6: ='S1'!C25-'S1'!C24 -> 4.647 | T6: =S6/R7 -> 0.089936133 | U6: ='S1'!D24 -> 46.229 | V6: ='S1'!D25-'S1'!D24 -> 2.951 | W6: =V6/U7 -> 0.060004067 | X6: ='S1'!E24 -> 47.81 | Y6: ='S1'!E25-'S1'!E24 -> 4.26 | Z6: =Y6/X7 -> 0.081812944
B7: faktur.kal. | C7: ='S1'!B10 -> 47.61 | F7: ='S1'!C10 -> 52.2 | I7: ='S1'!D10 -> 49.84 | L7: ='S1'!E10 -> 48.47 | O7: ='S1'!B25 -> 49.03 | R7: ='S1'!C25 -> 51.67 | U7: ='S1'!D25 -> 49.18 | X7: ='S1'!E25 -> 52.07
A8: únor | B8: součty kal. | C8: ='S2'!B9 -> 29.649 | D8: ='S2'!B10-'S2'!B9 -> 0.421 | E8: =D8/C9 -> 0.014000665 | F8: ='S2'!C9 -> 31.62 | G8: ='S2'!C10-'S2'!C9 -> 1.89 | H8: =G8/F9 -> 0.056401074 | I8: ='S2'!D9 -> 28.868 | J8: ='S2'!D10-'S2'!D9 -> 0.542 | K8: =J8/I9 -> 0.018429106 | L8: ='S2'!E9 -> 28.883 | M8: ='S2'!E10-'S2'!E9 -> 0.687 | N8: =M8/L9 -> 0.023233006 | O8: ='S2'!B24 -> 29.127 | P8: ='S2'!B25-'S2'!B24 -> 2.573 | Q8: =P8/O9 -> 0.081167192 | R8: ='S2'!C24 -> 28.855 | S8: ='S2'!C25-'S2'!C24 -> 2.825 | T8: =S8/R9 -> 0.08917298 | U8: ='S2'!D24 -> 26.306 | V8: ='S2'!D25-'S2'!D24 -> 1.164 | W8: =V8/U9 -> 0.042373498 | X8: ='S2'!E24 -> 29.898 | Y8: ='S2'!E25-'S2'!E24 -> 2.852 | Z8: =Y8/X9 -> 0.087083969
B9: faktur.kal. | C9: ='S2'!B10 -> 30.07 | F9: ='S2'!C10 -> 33.51 | I9: ='S2'!D10 -> 29.41 | L9: ='S2'!E10 -> 29.57 | O9: ='S2'!B25 -> 31.7 | R9: ='S2'!C25 -> 31.68 | U9: ='S2'!D25 -> 27.47 | X9: ='S2'!E25 -> 32.75
A10: březen | B10: součty kal.
B11: faktur.kal.
A12: duben | B12: součty kal.
B13: faktur.kal.
A14: květen | B14: součty kal.
B15: faktur.kal.
A16: červen | B16: součty kal.
B17: faktur.kal.
A18: červenec | B18: součty kal.
B19: faktur.kal.
A20: srpen | B20: součty kal.
B21: faktur.kal.
A22: září | B22: součty kal.
B23: faktur.kal.
A24: říjen | B24: součty kal.
B25: faktur.kal.
A26: listopad | B26: součty kal.
B27: faktur.kal.
A28: prosinec | B28: součty kal.
B29: faktur.kal.
B30: Poznámka:
A31: CELKEM ROZDÍL v GJ | D31: =SUM(D6:D29) -> 1.979 | G31: =SUM(G6:G29) -> 5.314 | J31: =SUM(J6:J29) -> 2.642 | M31: =SUM(M6:M29) -> 3.329 | P31: =SUM(P6:P29) -> 6.25 | S31: =SUM(S6:S29) -> 7.472 | V31: =SUM(V6:V29) -> 4.115 | Y31: =SUM(Y6:Y29) -> 7.112
A33: CELKEM ROZDÍL v % | D33: =(D6+D8+D10+D12+D14+D16+D18+D20+D22+D24+D26+D28)/(C7+C9+C11+C13+C15+C17+C19+C21+C23+C25+C27+C29) -> 0.025476313 | G33: =(G6+G8+G10+G12+G14+G16+G18+G20+G22+G24+G26+G28)/(F7+F9+F11+F13+F15+F17+F19+F21+F23+F25+F27+F29) -> 0.061999767 | J33: =(J6+J8+J10+J12+J14+J16+J18+J20+J22+J24+J26+J28)/(I7+I9+I11+I13+I15+I17+I19+I21+I23+I25+I27+I29) -> 0.033337539 | M33: =(M6+M8+M10+M12+M14+M16+M18+M20+M22+M24+M26+M28)/(L7+L9+L11+L13+L15+L17+L19+L21+L23+L25+L27+L29) -> 0.042657611 | P33: =(P6+P8+P10+P12+P14+P16+P18+P20+P22+P24+P26+P28)/(O7+O9+O11+O13+O15+O17+O19+O21+O23+O25+O27+O29) -> 0.077418556 | S33: =(S6+S8+S10+S12+S14+S16+S18+S20+S22+S24+S26+S28)/(R7+R9+R11+R13+R15+R17+R19+R21+R23+R25+R27+R29) -> 0.089646071 | V33: =(V6+V8+V10+V12+V14+V16+V18+V20+V22+V24+V26+V28)/(U7+U9+U11+U13+U15+U17+U19+U21+U23+U25+U27+U29) -> 0.053685584 | Y33: =(Y6+Y8+Y10+Y12+Y14+Y16+Y18+Y20+Y22+Y24+Y26+Y28)/(X7+X9+X11+X13+X15+X17+X19+X21+X23+X25+X27+X29) -> 0.083848149
D34: 1850 | G34: 1851 | J34: 1852 | M34: 1853 | P34: 1854 | S34: 1855 | V34: 1856 | Y34: 1857

Sheet Teplo-Paty
A1: Rozdíly v předávání tepla na patním měřidle v jednotlivých domech po měsících v MJ/m3 (GJ*1000/m3)
C3: leden | D3: únor | E3: březen | F3: duben | G3: květen | H3: červen | I3: červenec | J3: srpen | K3: září | L3: říjen | M3: listopad | N3: prosinec
A4: 1850 | B4: GJ | C4: =('1850'!E27-'1850'!D27) -> 47.61 | D4: =('1850'!F27-'1850'!E27) -> 30.07 | E4: =('1850'!G27-'1850'!F27) -> -477.51 | F4: =('1850'!H27-'1850'!G27) -> 0 | G4: =('1850'!I27-'1850'!H27) -> 0 | H4: =('1850'!J27-'1850'!I27) -> 0 | I4: =('1850'!K27-'1850'!J27) -> 0 | J4: =('1850'!L27-'1850'!K27) -> 0 | K4: ='1850'!M27-'1850'!L27 -> 0 | L4: ='1850'!N27-'1850'!M27 -> 0 | M4: ='1850'!O27-'1850'!N27 -> 0 | N4: ='1850'!P27-'1850'!O27 -> 0
A5: 1850 | B5: m3 | C5: ='1850'!E28-'1850'!D28 -> 329 | D5: ='1850'!F28-'1850'!E28 -> 204 | E5: ='1850'!G28-'1850'!F28 -> -3866 | F5: ='1850'!H28-'1850'!G28 -> 0 | G5: ='1850'!I28-'1850'!H28 -> 0 | H5: ='1850'!J28-'1850'!I28 -> 0 | I5: ='1850'!K28-'1850'!J28 -> 0 | J5: ='1850'!L28-'1850'!K28 -> 0 | ... N5: ='1850'!P28-'1850'!O28 -> 0
A6: 1850 | B6: MJ/m3 | C6: =C4/C5*1000 -> 144.71125 | D6: =D4/D5*1000 -> 147.40196
A7: 1851 | B7: GJ | C7: =('1851'!F27-'1851'!E27) -> 52.2 | D7: =('1851'!G27-'1851'!F27) -> 33.51
A8: 1851 | B8: m3 | C8: ='1851'!F28-'1851'!E28 -> 479 | D8: ='1851'!G28-'1851'!F28 -> 311
A9: 1851 | B9: MJ/m3 | C9: =C7/C8*1000 -> 108.97704 | D9: =D7/D8*1000 -> 107.7492
A10: 1852 | B10: GJ | C10: =('1852'!E27-'1852'!D27) -> 49.84 | D10: =('1852'!F27-'1852'!E27) -> 29.41
A11: 1852 | B11: m3 | C11: ='1852'!E28-'1852'!D28 -> 293 | D11: ='1852'!F28-'1852'!E28 -> 160
A12: 1852 | B12: MJ/m3 | C12: =C10/C11*1000 -> 170.10239 | D12: =D10/D11*1000 -> 183.8125
A13: 1853 | B13: GJ | C13: =('1853'!E28-'1853'!D28) -> 48.47 | D13: =('1853'!F28-'1853'!E28) -> 29.57
A14: 1853 | B14: m3 | C14: ='1853'!E29-'1853'!D29 -> 308 | D14: ='1853'!F29-'1853'!E29 -> 178
A15: 1853 | B15: MJ/m3 | C15: =C13/C14*1000 -> 157.37013 | D15: =D13/D14*1000 -> 166.1236
A16: 1854 | B16: GJ | C16: ='1854'!E27-'1854'!D27 -> 49.03 | D16: ='1854'!F27-'1854'!E27 -> 31.7
A17: 1854 | B17: m3 | C17: ='1854'!E28-'1854'!D28 -> 302 | D17: ='1854'!F28-'1854'!E28 -> 190
A18: 1854 | B18: MJ/m3 | C18: =C16/C17*1000 -> 162.35099 | D18: =D16/D17*1000 -> 166.84211
A19: 1855 | B19: GJ | C19: ='1855'!E27-'1855'!D27 -> 51.67 | D19: ='1855'!F27-'1855'!E27 -> 31.68
A20: 1855 | B20: m3 | C20: ='1855'!E28-'1855'!D28 -> 423 | D20: ='1855'!F28-'1855'!E28 -> 218
A21: 1855 | B21: MJ/m3 | C21: =C19/C20*1000 -> 122.1513 | D21: =D19/D20*1000 -> 145.3211
A22: 1856 | B22: GJ | C22: ='1856'!E27-'1856'!D27 -> 49.18 | D22: ='1856'!F27-'1856'!E27 -> 27.47
A23: 1856 | B23: m3 | C23: ='1856'!E28-'1856'!D28 -> 313 | D23: ='1856'!F28-'1856'!E28 -> 172
A24: 1856 | B24: MJ/m3 | C24: =C22/C23*1000 -> 157.1246 | D24: =D22/D23*1000 -> 159.7093
A25: 1857 | B25: GJ | C25: ='1857'!E27-'1857'!D27 -> 52.07 | D25: ='1857'!F27-'1857'!E27 -> 32.75
A26: 1857 | B26: m3 | C26: ='1857'!E28-'1857'!D28 -> 408 | D26: ='1857'!F28-'1857'!E28 -> 238
A27: 1857 | B27: MJ/m3 | C27: =C25/C26*1000 -> 127.62255 | D27: =D25/D26*1000 -> 137.60504

Sheet Voda-Paty
A1: Porovnání spotřeb vody na patách domů, | E1: fakturačních vodoměrů 1 a 2 | H1: a zahrady | O1: ='S1'!B1 -> 2026
C3: leden | D3: únor | E3: březen | F3: duben | G3: květen | H3: červen | I3: červenec | J3: srpen | K3: září | L3: říjen | M3: listopad | N3: prosinec | O3: Celkem | Q3: Spotřeby fakturčních vodoměrů 1 a 2
A4: 1850 | B4: m3 | C4: ='1850'!E26-'1850'!D26 -> 95.2 | D4: ='1850'!F26-'1850'!E26 -> 83.5 | O4: =SUM(C4:N4) -> 178.7
A5: 1851 | B5: m3 | C5: ='1851'!F26-'1851'!E26 -> 95 | D5: ='1851'!G26-'1851'!F26 -> 79.6 | O5: =SUM(C5:N5) -> 174.6
A6: 1852 | B6: m3 | C6: ='1852'!E26-'1852'!D26 -> 77.4 | D6: ='1852'!F26-'1852'!E26 -> 75.5 | O6: =SUM(C6:N6) -> 152.9
A7: 1853 | B7: m3 | C7: ='1853'!E27-'1853'!D27+'1853'!D26-'1853'!E26 -> 112.6 | D7: ='1853'!F27-'1853'!E27+'1853'!E26-'1853'!F26 -> 94.4 | O7: =SUM(C7:N7) -> 207
A8: 1854 | B8: m3 | C8: ='1854'!E26-'1854'!D26 -> 64.2 | D8: ='1854'!F26-'1854'!E26 -> 58.2 | O8: =SUM(C8:N8) -> 122.4
A9: 1855 | B9: m3 | C9: ='1855'!E26-'1855'!D26 -> 86.6 | D9: ='1855'!F26-'1855'!E26 -> 72.2 | O9: =SUM(C9:N9) -> 158.8
A10: 1856 | B10: m3 | C10: ='1856'!E26-'1856'!D26 -> 75.3 | D10: ='1856'!F26-'1856'!E26 -> 62.9 | O10: =SUM(C10:N10) -> 138.2
A11: 1857 | B11: m3 | C11: ='1857'!E26-'1857'!D26 -> 102 | D11: ='1857'!F26-'1857'!E26 -> 82.3 | O11: =SUM(C11:N11) -> 184.3
A12: Faktur.1 | B12: m3 | C12: ='1850'!E29-'1850'!D29 -> 394.9 | D12: ='1850'!F29-'1850'!E29 -> 344.8 | O12: =SUM(C12:N12) -> 739.7
A13: Faktur.2 | B13: m3 | C13: ='1854'!E29-'1854'!D29 -> 326.6 | D13: ='1854'!F29-'1854'!E29 -> 276.8 | O13: =SUM(C13:N13) -> 603.4
A14: Zahrada | B14: m3 | C14: ='1853'!E26-'1853'!D26 -> 0 | D14: ='1853'!F26-'1853'!E26 -> 0 | O14: =SUM(C14:N14) -> 0 | X14: GRAF z 2025
