Workbook

Sheet 1850
A2: 1850 | C2: 45292 | D2: 45323 | E2: 45352 | F2: 45383 | G2: 45413 | H2: 45444 | I2: 45474 | J2: 45505 | K2: 45536 | L2: 45566 | M2: 45597 | N2: 45628 | O2: 45658 | P2: voda | Q2: teplo | R2: Elektr | Y2: spotřeby po měsících
A3: byt č. | C3: prosinec | D3: leden | E3: únor | F3: březen | G3: duben | H3: květen | I3: červen | J3: červenec | K3: srpen | L3: září | M3: říjen | N3: listopad | O3: prosinec | P3: m3 | Q3: GJ | R3: KWh | T3: byt | U3: leden | V3: únor | W3: březen | X3: duben | Y3: květen | Z3: červen | AA3: červenec | AB3: srpen | AC3: září | AD3: říjen | AE3: listopad | AF3: prosinec
A4: 1 | B4: vodoměr č. 190834092 | C4: 49.332 | D4: 50.154 | E4: 50.887 | F4: 51.667 | G4: 52.689 | H4: 53.583 | I4: 54.908 | J4: 55.022 | K4: 55.626 | L4: 55.627 | M4: 55.634 | N4: 55.634 | O4: 3.829 | P4: =O4+N4-C4 -> 10.131 | T4: 1 | U4: =D4-C4 -> 0.822 | V4: =E4-D4 -> 0.733 | W4: =F4-E4 -> 0.78 | X4: =G4-F4 -> 1.022 | Y4: =H4-G4 -> 0.894 | Z4: =I4-H4 -> 1.325 | AA4: =J4-I4 -> 0.114 | AB4: =K4-J4 -> 0.604 | ... AE4: =N4-M4 -> 0 | AF4: =O4 -> 3.829
B5: kalorimetr č. 71182278 | C5: 44.448 | D5: 50.231 | E5: 53.821 | F5: 56.339 | G5: 57.615 | H5: 57.831 | I5: 58.074 | J5: 58.266 | K5: 58.468 | L5: 62.508 | M5: 62.694 | N5: 62.855 | O5: 67.779 | Q5: =O5-C5 -> 23.331 | Z5: =I5-H5 -> 0.243 | AA5: =J5-I5 -> 0.192 | AB5: =K5-J5 -> 0.202 | AC5: =L5-K5 -> 4.04 | AD5: =M5-L5 -> 0.186 | AE5: =N5-M5 -> 0.161 | AF5: =O5-N5 -> 4.924
A6: 2 | B6: vodoměr č. 190834090 | C6: 739.504 | D6: 755.43 | E6: 769.86 | F6: 788.743 | G6: 804.74 | H6: 820.062 | I6: 835.326 | J6: 846.381 | K6: 861.315 | L6: 875.875 | M6: 890.189 | N6: 904.19 | O6: 19.095 | P6: =O6+N6-C6 -> 183.781 | T6: 2 | U6: =D6-C6 -> 15.926 | V6: =E6-D6 -> 14.43 | W6: =F6-E6 -> 18.883 | X6: =G6-F6 -> 15.997 | Y6: =H6-G6 -> 15.322 | Z6: =I6-H6 -> 15.264 | AA6: =J6-I6 -> 11.055 | AB6: =K6-J6 -> 14.934 | ... AE6: =N6-M6 -> 14.001 | AF6: =O6 -> 19.095
B7: kalorimetr č. 71182225 | C7: 57.354 | D7: 62.234 | E7: 65.287 | F7: 67.647 | G7: 68.723 | H7: 69.623 | I7: 70.401 | J7: 70.823 | K7: 71.312 | L7: 71.917 | M7: 73.374 | N7: 77.842 | O7: 83.238 | Q7: =O7-C7 -> 25.884 | Z7: =I7-H7 -> 0.778 | AA7: =J7-I7 -> 0.422 | AB7: =K7-J7 -> 0.489 | AC7: =L7-K7 -> 0.605 | AD7: =M7-L7 -> 1.457 | AE7: =N7-M7 -> 4.468 | AF7: =O7-N7 -> 5.396
A8: 3 | B8: vodoměr č. 190834097 | C8: 291.679 | D8: 295.83 | E8: 301.664 | F8: 307.011 | G8: 312.818 | H8: 318.655 | I8: 324.165 | J8: 329.835 | K8: 335.017 | L8: 338.764 | M8: 343.898 | N8: 348.91 | O8: 6.06 | P8: =O8+N8-C8 -> 63.291 | T8: 3 | U8: =D8-C8 -> 4.151 | V8: =E8-D8 -> 5.834 | W8: =F8-E8 -> 5.347 | X8: =G8-F8 -> 5.807 | Y8: =H8-G8 -> 5.837 | Z8: =I8-H8 -> 5.51 | AA8: =J8-I8 -> 5.67 | AB8: =K8-J8 -> 5.182 | ... AE8: =N8-M8 -> 5.012 | AF8: =O8 -> 6.06
B9: kalorimetr č. 71182284 | C9: 43.117 | D9: 45.895 | E9: 47.665 | F9: 48.77 | G9: 49.554 | H9: 50.025 | I9: 50.443 | J9: 50.807 | K9: 51.133 | L9: 51.405 | M9: 52.929 | N9: 56.927 | O9: 60.193 | Q9: =O9-C9 -> 17.076 | Z9: =I9-H9 -> 0.418 | AA9: =J9-I9 -> 0.364 | AB9: =K9-J9 -> 0.326 | AC9: =L9-K9 -> 0.272 | AD9: =M9-L9 -> 1.524 | AE9: =N9-M9 -> 3.998 | AF9: =O9-N9 -> 3.266
A10: 4 | B10: vodoměr č. 190834098 | C10: 443.676 | D10: 453.808 | E10: 463.137 | F10: 472.667 | G10: 482.13 | H10: 491.337 | I10: 500.048 | J10: 507.927 | K10: 516.532 | L10: 526.596 | M10: 537.805 | N10: 547.83 | O10: 12.77 | P10: =O10+N10-C10 -> 116.924 | T10: 4 | U10: =D10-C10 -> 10.132 | V10: =E10-D10 -> 9.329 | W10: =F10-E10 -> 9.53 | X10: =G10-F10 -> 9.463 | Y10: =H10-G10 -> 9.207 | Z10: =I10-H10 -> 8.711 | AA10: =J10-I10 -> 7.879 | AB10: =K10-J10 -> 8.605 | ... AE10: =N10-M10 -> 10.025 | AF10: =O10 -> 12.77
B11: kalorimetr č. 71182235 | C11: 29.642 | D11: 30.995 | E11: 31.891 | F11: 32.774 | G11: 33.619 | H11: 34.403 | I11: 35.033 | J11: 35.556 | K11: 36.039 | L11: 36.704 | M11: 37.661 | N11: 39.161 | O11: 40.877 | Q11: =O11-C11 -> 11.235 | Z11: =I11-H11 -> 0.63 | AA11: =J11-I11 -> 0.523 | AB11: =K11-J11 -> 0.483 | AC11: =L11-K11 -> 0.665 | AD11: =M11-L11 -> 0.957 | AE11: =N11-M11 -> 1.5 | AF11: =O11-N11 -> 1.716
A12: 5 | B12: vodoměr č. 190834095 | C12: 357.076 | D12: 365 | E12: 371.838 | F12: 381.096 | G12: 389.621 | H12: 399.637 | I12: 409.148 | J12: 418.559 | K12: 428.878 | L12: 435.395 | M12: 445.289 | N12: 453.9 | O12: 9.296 | P12: =O12+N12-C12 -> 106.12 | T12: 5 | U12: =D12-C12 -> 7.924 | V12: =E12-D12 -> 6.838 | W12: =F12-E12 -> 9.258 | X12: =G12-F12 -> 8.525 | Y12: =H12-G12 -> 10.016 | Z12: =I12-H12 -> 9.511 | AA12: =J12-I12 -> 9.411 | AB12: =K12-J12 -> 10.319 | ... AE12: =N12-M12 -> 8.611 | AF12: =O12 -> 9.296
B13: kalorimetr č. 71182238 | C13: 37.944 | D13: 41.89 | E13: 44.019 | F13: 46.108 | G13: 47.2 | H13: 47.833 | I13: 48.438 | J13: 48.985 | K13: 49.497 | L13: 49.831 | M13: 50.855 | N13: 54.139 | O13: 57.859 | Q13: =O13-C13 -> 19.915 | Z13: =I13-H13 -> 0.605 | AA13: =J13-I13 -> 0.547 | AB13: =K13-J13 -> 0.512 | AC13: =L13-K13 -> 0.334 | AD13: =M13-L13 -> 1.024 | AE13: =N13-M13 -> 3.284 | AF13: =O13-N13 -> 3.72
A14: 6 | B14: vodoměr č. 190834099 | C14: 375.966 | D14: 381.468 | E14: 385.76 | F14: 390.978 | G14: 395.355 | H14: 400.484 | I14: 407.414 | J14: 411.747 | K14: 416.963 | L14: 421.823 | M14: 425.903 | N14: 430.26 | O14: 7.545 | P14: =O14+N14-C14 -> 61.839 | T14: 6 | U14: =D14-C14 -> 5.502 | V14: =E14-D14 -> 4.292 | W14: =F14-E14 -> 5.218 | X14: =G14-F14 -> 4.377 | Y14: =H14-G14 -> 5.129 | Z14: =I14-H14 -> 6.93 | AA14: =J14-I14 -> 4.333 | AB14: =K14-J14 -> 5.216 | ... AE14: =N14-M14 -> 4.357 | AF14: =O14 -> 7.545
B15: kalorimetr č. 71182269 | C15: 63.645 | D15: 70.4 | E15: 74.242 | F15: 76.988 | G15: 78.838 | H15: 79.321 | I15: 79.84 | J15: 80.155 | K15: 80.533 | L15: 80.905 | M15: 81.314 | N15: 85.045 | O15: 91.113 | Q15: =O15-C15 -> 27.468 | Z15: =I15-H15 -> 0.519 | AA15: =J15-I15 -> 0.315 | AB15: =K15-J15 -> 0.378 | AC15: =L15-K15 -> 0.372 | AD15: =M15-L15 -> 0.409 | AE15: =N15-M15 -> 3.731 | AF15: =O15-N15 -> 6.068
A16: 7 | B16: vodoměr č. 190834102 | C16: 68.381 | D16: 69.716 | E16: 70.628 | F16: 72.061 | G16: 73.545 | H16: 74.675 | I16: 75.79 | J16: 77.052 | K16: 78.163 | L16: 79.423 | M16: 80.839 | N16: 82.07 | O16: 4.463 | P16: =O16+N16-C16 -> 18.152 | T16: 7 | U16: =D16-C16 -> 1.335 | V16: =E16-D16 -> 0.912 | W16: =F16-E16 -> 1.433 | X16: =G16-F16 -> 1.484 | Y16: =H16-G16 -> 1.13 | Z16: =I16-H16 -> 1.115 | AA16: =J16-I16 -> 1.262 | AB16: =K16-J16 -> 1.111 | ... AE16: =N16-M16 -> 1.231 | AF16: =O16 -> 4.463
B17: kalorimetr č. 71182265 | C17: 16.056 | D17: 17.506 | E17: 17.945 | F17: 18.15 | G17: 18.327 | H17: 18.409 | I17: 18.5 | J17: 18.579 | K17: 18.648 | L17: 18.732 | M17: 18.871 | N17: 19.66 | O17: 21.004 | Q17: =O17-C17 -> 4.948 | Z17: =I17-H17 -> 0.091 | AA17: =J17-I17 -> 0.079 | AB17: =K17-J17 -> 0.069 | AC17: =L17-K17 -> 0.084 | AD17: =M17-L17 -> 0.139 | AE17: =N17-M17 -> 0.789 | AF17: =O17-N17 -> 1.344
A18: 8 | B18: vodoměr č. 200015742 | C18: 74.952 | D18: 76.1 | E18: 77.053 | F18: 78.551 | G18: 79.749 | H18: 81.317 | I18: 82.004 | J18: 83.116 | K18: 83.895 | L18: 85.531 | M18: 86.56 | N18: 87.22 | O18: 0.446 | P18: =O18+N18-C18 -> 12.714 | T18: 8 | U18: =D18-C18 -> 1.148 | V18: =E18-D18 -> 0.953 | W18: =F18-E18 -> 1.498 | X18: =G18-F18 -> 1.198 | Y18: =H18-G18 -> 1.568 | Z18: =I18-H18 -> 0.687 | AA18: =J18-I18 -> 1.112 | AB18: =K18-J18 -> 0.779 | ... AE18: =N18-M18 -> 0.66 | AF18: =O18 -> 0.446
B19: kalorimetr č. 71182245 | C19: 47.294 | D19: 51.103 | E19: 53.466 | F19: 55.253 | G19: 56.174 | H19: 56.584 | I19: 56.745 | J19: 56.907 | K19: 57.057 | L19: 57.25 | M19: 58.346 | N19: 59.88 | O19: 62.224 | Q19: =O19-C19 -> 14.93 | Z19: =I19-H19 -> 0.161 | AA19: =J19-I19 -> 0.162 | AB19: =K19-J19 -> 0.15 | AC19: =L19-K19 -> 0.193 | AD19: =M19-L19 -> 1.096 | AE19: =N19-M19 -> 1.534 | AF19: =O19-N19 -> 2.344
A20: 9 | B20: vodoměr č. 190834109 | C20: 2.702 | D20: 2.72 | E20: 7.248 | F20: 9.868 | G20: 9.889 | H20: 9.912 | I20: 9.938 | J20: 9.961 | K20: 9.993 | L20: 13.953 | M20: 17.777 | N20: 20 | O20: 0.073 | P20: =O20+N20-C20 -> 17.371 | T20: 9 | U20: =D20-C20 -> 0.018 | V20: =E20-D20 -> 4.528 | W20: =F20-E20 -> 2.62 | X20: =G20-F20 -> 0.021 | Y20: =H20-G20 -> 0.023 | Z20: =I20-H20 -> 0.026 | AA20: =J20-I20 -> 0.023 | AB20: =K20-J20 -> 0.032 | ... AE20: =N20-M20 -> 2.223 | AF20: =O20 -> 0.073
B21: kalorimetr č. 71182280 | C21: 4.222 | D21: 4.382 | E21: 7.309 | F21: 8.353 | G21: 8.528 | H21: 8.694 | I21: 8.851 | J21: 9.006 | K21: 9.152 | L21: 9.509 | M21: 10.265 | N21: 11.865 | O21: 12.012 | Q21: =O21-C21 -> 7.79 | Z21: =I21-H21 -> 0.157 | AA21: =J21-I21 -> 0.155 | AB21: =K21-J21 -> 0.146 | AC21: =L21-K21 -> 0.357 | AD21: =M21-L21 -> 0.756 | AE21: =N21-M21 -> 1.6 | AF21: =O21-N21 -> 0.147
A22: 10 | B22: vodoměr č. 191519263 | C22: 357.404 | D22: 363.717 | E22: 370.673 | F22: 377.626 | G22: 384.35 | H22: 390.688 | I22: 397.736 | J22: 402.689 | K22: 409.62 | L22: 418.014 | M22: 426.629 | N22: 433.77 | O22: 8.359 | P22: =O22+N22-C22 -> 84.725 | T22: 10 | U22: =D22-C22 -> 6.313 | V22: =E22-D22 -> 6.956 | W22: =F22-E22 -> 6.953 | X22: =G22-F22 -> 6.724 | Y22: =H22-G22 -> 6.338 | Z22: =I22-H22 -> 7.048 | AA22: =J22-I22 -> 4.953 | AB22: =K22-J22 -> 6.931 | ... AE22: =N22-M22 -> 7.141 | AF22: =O22 -> 8.359
B23: kalorimetr č. 71182243 | C23: 48.342 | D23: 53.217 | E23: 55.863 | F23: 57.874 | G23: 58.38 | H23: 58.821 | I23: 59.234 | J23: 59.508 | K23: 59.814 | L23: 60.184 | M23: 61.061 | N23: 64.95 | O23: 68.947 | Q23: =O23-C23 -> 20.605 | Z23: =I23-H23 -> 0.413 | AA23: =J23-I23 -> 0.274 | AB23: =K23-J23 -> 0.306 | AC23: =L23-K23 -> 0.37 | AD23: =M23-L23 -> 0.877 | AE23: =N23-M23 -> 3.889 | AF23: =O23-N23 -> 3.997
P24: =SUM(P4:P23) -> 675.048 | Q24: =SUM(Q4:Q23) -> 173.182
A25: spol.spotř. | B25: elektroměr č. 1025291034 | C25: 4886 | D25: 5055 | E25: 5292 | F25: 5468 | G25: 5652 | H25: 5840 | I25: 6059 | J25: 6245 | K25: 6421 | L25: 6595 | M25: 6857 | N25: 7052 | O25: 7220 | R25: =O25-C25 -> 2334
B26: patní vodoměr č. 190976787 | C26: 3172 | D26: 3232.6 | E26: 3294.8 | F26: 3366 | G26: 3430 | H26: 3493.9 | I26: 3558.9 | J26: 3611.7 | K26: 3671.6 | L26: 3733.8 | M26: 3801.3 | N26: 3862.3 | O26: 79.1 | P26: =O26+N26-C26 -> 769.4
B27: patní kalorimetr č./ GJ | C27: 67.3 | D27: 106.62 | E27: 132.18 | F27: 150.02 | G27: 158.13 | H27: 161.18 | I27: 163.44 | J27: 164.75 | K27: 165.96 | L27: 167.99 | M27: 174.16 | N27: 197.97 | O27: 227.97 | Q27: =(O27-C27) -> 160.67 | R27: GJ
B28: patní kalorimetr č./kub.m | C28: 564 | D28: 928 | E28: 1124 | F28: 1268 | G28: 1342 | H28: 1376 | I28: 1401 | J28: 1418 | K28: 1434 | L28: 1456 | M28: 1513 | N28: 1708 | O28: 1970 | Q28: =O28-C28 -> 1406 | R28: m3
A29: fakturační vodoměr č. 63796 | C29: 24212 | D29: 24552.7 | E29: 24857.7 | F29: 25187.3 | G29: 25525.5 | H29: 25865 | I29: 26188.7 | J29: 26482.4 | K29: 26791.4 | L29: 27107 | M29: 27434.1 | N29: 27732.5 | O29: 28101 | P29: =O29-C29 -> 3889
C31: číslo | E31: stav
B32: Výměna fakturač. vodoměru | C32: 110109308 | D32: starý | E32: 12875 | H32: Dne 31.7.2023 odpojen kalor. (cejchování), | L32: stav: | M32: 210.8 | N32: MWh
B33: dne 14.2.2019 | C33: 63796 | D33: nový | E33: 4174 | H33: Dne 3.8.2023 zapojen znovuzapojení, | L33: stav: | M33: 0 | N33: GJ
B34: Výměna elekroměru | C34: 18972503 | D34: starý
B35: dne 13.2.2022 | C35: 1025291034 | D35: nový
N37: Odečet vodárny 31.12.2023 | O37: =C29 -> 24212
N39: Odečet vodárny 31.12.2024 | O39: =O29 -> 28101
N41: spotřeba | O41: =O39-O37-O38 -> 3889

Sheet 1851
AE1: Vytipování vadných vodoměrů
A2: Nové | B2: 1851 | D2: ='1850'!C2 -> 45292 | E2: ='1850'!D2 -> 45323 | F2: ='1850'!E2 -> 45352 | G2: ='1850'!F2 -> 45383 | H2: ='1850'!G2 -> 45413 | I2: ='1850'!H2 -> 45444 | J2: ='1850'!I2 -> 45474 | K2: ='1850'!J2 -> 45505 | ... P2: ='1850'!O2 -> 45658 | Q2: voda | R2: teplo | S2: Elektr | Z2: spotřeby po měsících | AH2: předloňský | AK2: Podíl teplé vody na celkové spotřebě vody u dělených bytů (%) | AV2: CELKOVÝ | AW2: =(AW6+AW12+AW14+AW18+AW54+AW56+AW58+AW60+AW62)/9 -> 0.3496029
A3: číslování | B3: byt č. | D3: prosinec | E3: leden | F3: únor | G3: březen | H3: duben | I3: květen | J3: červen | K3: červenec | L3: srpen | M3: září | N3: říjen | O3: listopad | P3: prosinec | Q3: m3 | R3: GJ | S3: KWh | U3: byt | V3: leden | W3: únor | X3: březen | Y3: duben | Z3: květen | AA3: červen | AB3: červenec | AC3: srpen | AD3: září | AE3: říjen | AF3: listopad | AG3: prosinec | AH3: průměr | AK3: 1. | AL3: 2. | AM3: 3. | AN3: 4. | AO3: 5. | AP3: 6. | AQ3: 7. | AR3: 8. | AS3: 9. | AT3: 10. | AU3: 11. | AV3: 12. | AW3: Průměr
A4: 1 | B4: 1 | C4: vodoměr č. 190834116 | D4: 682.225 | E4: 695.862 | F4: 709.479 | G4: 721.811 | H4: 734.592 | I4: 749.688 | J4: 761.126 | K4: 775.137 | L4: 790.402 | M4: 804.17 | N4: 820.295 | O4: 833.69 | P4: 15.011 | Q4: =P4+O4-D4 -> 166.476 | U4: 1 | V4: =E4-D4 -> 13.637 | W4: =F4-E4 -> 13.617 | X4: =G4-F4 -> 12.332 | Y4: =H4-G4 -> 12.781 | Z4: =I4-H4 -> 15.096 | AA4: =J4-I4 -> 11.438 | AB4: =K4-J4 -> 14.011 | AC4: =L4-K4 -> 15.265 | ... AF4: =O4-N4 -> 13.395 | AG4: =P4 -> 15.011 | AH4: 11.905222
C5: kalorimetr č. 71182262 | D5: 64.751 | E5: 69.694 | F5: 72.949 | G5: 75.384 | H5: 77.25 | I5: 78.37 | J5: 79.19 | K5: 79.95 | L5: 80.661 | M5: 81.472 | N5: 83.573 | O5: 87.433 | P5: 91.799 | R5: =P5-D5 -> 27.048 | U5: xx
A6: 2 | B6: 2 | C6: vodoměr SV č. 190834120 | D6: 261.012 | E6: 265.817 | F6: 269.734 | G6: 274.054 | H6: 278.031 | I6: 280.424 | J6: 283.56 | K6: 286.002 | L6: 290.129 | M6: 297.287 | N6: 304.812 | O6: 310.53 | P6: 7.346 | Q6: =P6+O6-D6 -> 56.864 | U6: 2 | V6: =E6-D6 -> 4.805 | W6: =F6-E6 -> 3.917 | X6: =G6-F6 -> 4.32 | Y6: =H6-G6 -> 3.977 | Z6: =I6-H6 -> 2.393 | AA6: =J6-I6 -> 3.136 | AB6: =K6-J6 -> 2.442 | AC6: =L6-K6 -> 4.127 | ... AF6: =O6-N6 -> 5.718 | AG6: =P6 -> 7.346 | AH6: 4.9828889 | AJ6: byt 2 | AK6: =V7/(V6+V7) -> 0.45422535 | AL6: =W7/(W6+W7) -> 0.43502091 | AM6: =X7/(X6+X7) -> 0.40902873 | AN6: =Y7/(Y6+Y7) -> 0.39769802 | AO6: =Z7/(Z6+Z7) -> 0.3681014 | AP6: =AA7/(AA6+AA7) -> 0.30140343 | AQ6: =AB7/(AB6+AB7) -> 0.24953903 | AR6: =AC7/(AC6+AC7) -> 0.23968312 | ... AV6: =AG7/(AG6+AG7) -> 0.343521 | AW6: =SUM(AK6:AV6)/12 -> 0.34393874
A7: 2 a 3 | C7: kalorimetr č. 71182271 | D7: 78.034 | E7: 84.406 | F7: 88.574 | G7: 91.764 | H7: 93.764 | I7: 94.562 | J7: 95.338 | K7: 95.877 | L7: 96.489 | M7: 97.842 | N7: 100.452 | O7: 105.918 | P7: 111.032 | R7: =P7-D7 -> 32.998 | U7: TV | V7: =V40 -> 3.999 | W7: =W40 -> 3.016 | X7: =X40 -> 2.99 | Y7: =Y40 -> 2.626 | Z7: =Z40 -> 1.394 | AA7: =AA40 -> 1.353 | AB7: =AB40 -> 0.812 | AC7: =AC40 -> 1.301 | ... AG7: =AG40 -> 3.844 | AH7: 4.43
A8: 5 | B8: 3 | C8: vodoměr SV č. 221525378 | D8: 14.203 | E8: 15.285 | F8: 16.69 | G8: 18.16 | H8: 19.468 | I8: 20.824 | J8: 21.969 | K8: 23.047 | L8: 24.144 | M8: 25.382 | N8: 26.583 | O8: 27.6 | P8: 1.227 | Q8: =P8+O8-D8 -> 14.624 | U8: 5 | V8: =E8-D8 -> 1.082 | W8: =F8-E8 -> 1.405 | X8: =G8-F8 -> 1.47 | Y8: =H8-G8 -> 1.308 | Z8: =I8-H8 -> 1.356 | AA8: =J8-I8 -> 1.145 | AB8: =K8-J8 -> 1.078 | AC8: =L8-K8 -> 1.097 | ... AF8: =O8-N8 -> 1.017 | AG8: =P8 -> 1.227 | AH8: 0.94022222 | AJ8: byt 5 | AK8: =V9/(V8+V9) -> 0.25686813 | AL8: =W9/(W8+W9) -> 0.19760137 | AM8: =X9/(X8+X9) -> 0.20711974 | AN8: =Y9/(Y8+Y9) -> 0.2228164 | AO8: =Z9/(Z8+Z9) -> 0.21345708 | AP8: =AA9/(AA8+AA9) -> 0.23051075 | AQ8: =AB9/(AB8+AB9) -> 0.22109827 | AR8: =AC9/(AC8+AC9) -> 0.21418338 | ... AV8: =AG9/(AG8+AG9) -> 0.25091575 | AW8: =SUM(AK8:AV8)/12 -> 0.22017804
A9: 5 a 6 | C9: kalorimetr č. 71182241 | D9: 100 | E9: 105.293 | F9: 109.095 | G9: 111.465 | H9: 112.882 | I9: 113.288 | J9: 113.443 | K9: 113.562 | L9: 113.647 | M9: 114.066 | N9: 115.589 | O9: 119.579 | P9: 124.131 | R9: =P9-D9 -> 24.131 | U9: TV | V9: =V42 -> 0.374 | W9: =W42 -> 0.346 | X9: =X42 -> 0.384 | Y9: =Y42 -> 0.375 | Z9: =Z42 -> 0.368 | AA9: =AA42 -> 0.343 | AB9: =AB42 -> 0.306 | AC9: =AC42 -> 0.299 | ... AG9: =AG42 -> 0.411 | AH9: 0.37122222
A10: 4 | B10: 4 | C10: vodoměr č. 190834126 | D10: 201.491 | E10: 209.237 | F10: 217.032 | G10: 225.9 | H10: 233.537 | I10: 241.45 | J10: 246.204 | K10: 251.381 | L10: 256.872 | M10: 263.764 | N10: 271.355 | O10: 278.83 | P10: 9.465 | Q10: =P10+O10-D10 -> 86.804 | U10: 4 | V10: =E10-D10 -> 7.746 | W10: =F10-E10 -> 7.795 | X10: =G10-F10 -> 8.868 | Y10: =H10-G10 -> 7.637 | Z10: =I10-H10 -> 7.913 | AA10: =J10-I10 -> 4.754 | AB10: =K10-J10 -> 5.177 | AC10: =L10-K10 -> 5.491 | ... AF10: =O10-N10 -> 7.475 | AG10: =P10 -> 9.465 | AH10: 5.9373333
C11: kalorimetr č. 71182237 | D11: 10.27 | E11: 12.122 | F11: 13.196 | G11: 13.994 | H11: 14.517 | I11: 14.969 | J11: 15.208 | K11: 15.399 | L11: 15.601 | M11: 15.907 | N11: 16.333 | O11: 17.821 | P11: 19.687 | R11: =P11-D11 -> 9.417 | U11: xx
A12: 9 | B12: 5 | C12: vodoměr SV č. 190834122 | D12: 229.006 | E12: 233.118 | F12: 237.566 | G12: 243.339 | H12: 248.685 | I12: 253.476 | J12: 258.943 | K12: 264.09 | L12: 269.661 | M12: 272.665 | N12: 275.714 | O12: 275.724 | P12: 1.517 | Q12: =P12+O12-D12 -> 48.235 | U12: 9 | V12: =E12-D12 -> 4.112 | W12: =F12-E12 -> 4.448 | X12: =G12-F12 -> 5.773 | Y12: =H12-G12 -> 5.346 | Z12: =I12-H12 -> 4.791 | AA12: =J12-I12 -> 5.467 | AB12: =K12-J12 -> 5.147 | AC12: =L12-K12 -> 5.571 | ... AF12: =O12-N12 -> 0.01 | AG12: =P12 -> 1.517 | AH12: 4.7323333 | AJ12: byt 9 | AK12: =V13/(V12+V13) -> 0.22121212 | AL12: =W13/(W12+W13) -> 0.23349991 | AM12: =X13/(X12+X13) -> 0.20961117 | AN12: =Y13/(Y12+Y13) -> 0.20764784 | AO12: =Z13/(Z12+Z13) -> 0.2063939 | AP12: =AA13/(AA12+AA13) -> 0.19673817 | AQ12: =AB13/(AB12+AB13) -> 0.1748958 | AR12: =AC13/(AC12+AC13) -> 0.1427912 | ... AV12: =AG13/(AG12+AG13) -> 0.47435897 | AW12: =SUM(AK12:AV12)/12 -> 0.23984402
A13: 8 a 9 | C13: kalorimetr č. 71182221 | D13: 64.284 | E13: 69.641 | F13: 73.116 | G13: 76.425 | H13: 78.908 | I13: 80.529 | J13: 81.451 | K13: 82.15 | L13: 82.704 | M13: 83.867 | N13: 86.599 | O13: 91.005 | P13: 95.26 | R13: =P13-D13 -> 30.976 | U13: TV | V13: =V44 -> 1.168 | W13: =W44 -> 1.355 | X13: =X44 -> 1.531 | Y13: =Y44 -> 1.401 | Z13: =Z44 -> 1.246 | AA13: =AA44 -> 1.339 | AB13: =AB44 -> 1.091 | AC13: =AC44 -> 0.928 | ... AG13: =AG44 -> 1.369 | AH13: 4.7182222
A14: 15 | B14: 6 | C14: vodoměr SV č. 200015757 | D14: 189.371 | E14: 190.459 | F14: 191.354 | G14: 192.22 | H14: 193.627 | I14: 194.447 | J14: 195.322 | K14: 196.225 | L14: 197.638 | M14: 198.988 | N14: 200.365 | O14: 201.91 | P14: 2.171 | Q14: =P14+O14-D14 -> 14.71 | U14: 15 | V14: =E14-D14 -> 1.088 | W14: =F14-E14 -> 0.895 | X14: =G14-F14 -> 0.866 | Y14: =H14-G14 -> 1.407 | Z14: =I14-H14 -> 0.82 | AA14: =J14-I14 -> 0.875 | AB14: =K14-J14 -> 0.903 | AC14: =L14-K14 -> 1.413 | ... AF14: =O14-N14 -> 1.545 | AG14: =P14 -> 2.171 | AH14: 1.6821111 | AJ14: byt 15 | AK14: =V15/(V14+V15) -> 0.55207904 | AL14: =W15/(W14+W15) -> 0.63882163 | AM14: =X15/(X14+X15) -> 0.58425348 | AN14: =Y15/(Y14+Y15) -> 0.59510791 | AO14: =Z15/(Z14+Z15) -> 0.5030303 | AP14: =AA15/(AA14+AA15) -> 0.39530062 | AQ14: =AB15/(AB14+AB15) -> 0.46694215 | AR14: =AC15/(AC14+AC15) -> 0.45486111 | ... AV14: =AG15/(AG14+AG15) -> 0.46222442 | AW14: =SUM(AK14:AV14)/12 -> 0.48027609
A15: 11 a 15 | C15: kalorimetr č. 71182276 | D15: 39.081 | E15: 41.567 | F15: 42.459 | G15: 44.957 | H15: 46.652 | I15: 47.002 | J15: 47.26 | K15: 47.564 | L15: 47.907 | M15: 48.16 | N15: 48.465 | O15: 49.296 | P15: 52.481 | R15: =P15-D15 -> 13.4 | U15: TV | V15: =V46 -> 1.341 | W15: =W46 -> 1.583 | X15: =X46 -> 1.217 | Y15: =Y46 -> 2.068 | Z15: =Z46 -> 0.83 | AA15: =AA46 -> 0.572 | AB15: =AB46 -> 0.791 | AC15: =AC46 -> 1.179 | ... AG15: =AG46 -> 1.866 | AH15: 0.73344444
A16: 7 | B16: 7 | C16: vodoměr č. 190834119 | D16: 288.419 | E16: 295.294 | F16: 299.749 | G16: 301.407 | H16: 307.46 | I16: 313.17 | J16: 317.535 | K16: 323.061 | L16: 328.924 | M16: 334.539 | N16: 340.534 | O16: 345.75 | P16: 6.863 | Q16: =P16+O16-D16 -> 64.194 | U16: 7 | V16: =E16-D16 -> 6.875 | W16: =F16-E16 -> 4.455 | X16: =G16-F16 -> 1.658 | Y16: =H16-G16 -> 6.053 | Z16: =I16-H16 -> 5.71 | AA16: =J16-I16 -> 4.365 | AB16: =K16-J16 -> 5.526 | AC16: =L16-K16 -> 5.863 | ... AF16: =O16-N16 -> 5.216 | AG16: =P16 -> 6.863 | AH16: 6.2735556
C17: kalorimetr č. 71182256 | D17: 9.895 | E17: 10.456 | F17: 10.814 | G17: 10.968 | H17: 11.249 | I17: 11.472 | J17: 11.63 | K17: 11.777 | L17: 11.913 | M17: 12.082 | N17: 12.327 | O17: 12.994 | P17: 13.934 | R17: =P17-D17 -> 4.039 | U17: xx
A18: 13 | B18: 8 | C18: vodoměr SV č. 190834112 | D18: 136.261 | E18: 138.405 | F18: 140.321 | G18: 142.406 | H18: 144.717 | I18: 147.266 | J18: 150.029 | K18: 151.863 | L18: 153.328 | M18: 156.783 | N18: 159.213 | O18: 161.35 | P18: 2.59 | Q18: =P18+O18-D18 -> 27.679 | U18: 13 | V18: =E18-D18 -> 2.144 | W18: =F18-E18 -> 1.916 | X18: =G18-F18 -> 2.085 | Y18: =H18-G18 -> 2.311 | Z18: =I18-H18 -> 2.549 | AA18: =J18-I18 -> 2.763 | AB18: =K18-J18 -> 1.834 | AC18: =L18-K18 -> 1.465 | ... AF18: =O18-N18 -> 2.137 | AG18: =P18 -> 2.59 | AH18: 2.5207778 | AJ18: byt 13 | AK18: =V19/(V18+V19) -> 0.41912761 | AL18: =W19/(W18+W19) -> 0.44720138 | AM18: =X19/(X18+X19) -> 0.4355712 | AN18: =Y19/(Y18+Y19) -> 0.46392948 | AO18: =Z19/(Z18+Z19) -> 0.4394106 | AP18: =AA19/(AA18+AA19) -> 0.40835118 | AQ18: =AB19/(AB18+AB19) -> 0.32992327 | AR18: =AC19/(AC18+AC19) -> 0.46376281 | ... AV18: =AG19/(AG18+AG19) -> 0.36065169 | AW18: =SUM(AK18:AV18)/12 -> 0.418903
A19: 12 a 13 | C19: kalorimetr č. 71182279 | D19: 60.986 | E19: 65.288 | F19: 68.522 | G19: 70.953 | H19: 71.856 | I19: 72.464 | J19: 73.019 | K19: 73.379 | L19: 73.759 | M19: 74.272 | N19: 74.944 | O19: 78.677 | P19: 83.883 | R19: =P19-D19 -> 22.897 | U19: TV | V19: =V48 -> 1.547 | W19: =W48 -> 1.55 | X19: =X48 -> 1.609 | Y19: =Y48 -> 2 | Z19: =Z48 -> 1.998 | AA19: =AA48 -> 1.907 | AB19: =AB48 -> 0.903 | AC19: =AC48 -> 1.267 | ... AG19: =AG48 -> 1.461 | AH19: 1.2623333
A20: 14 | B20: 9 | C20: vodoměr č. 190834124 | D20: 470.877 | E20: 479.288 | F20: 485.675 | G20: 495.084 | H20: 504.157 | I20: 514.484 | J20: 525.521 | K20: 531.604 | L20: 539.295 | M20: 547.561 | N20: 556.795 | O20: 564.58 | P20: 9.871 | Q20: =P20+O20-D20 -> 103.574 | U20: 14 | V20: =E20-D20 -> 8.411 | W20: =F20-E20 -> 6.387 | X20: =G20-F20 -> 9.409 | Y20: =H20-G20 -> 9.073 | Z20: =I20-H20 -> 10.327 | AA20: =J20-I20 -> 11.037 | AB20: =K20-J20 -> 6.083 | AC20: =L20-K20 -> 7.691 | ... AF20: =O20-N20 -> 7.785 | AG20: =P20 -> 9.871 | AH20: 6.9983333
C21: kalorimetr č. 71182252 | D21: 60.793 | E21: 66.601 | F21: 69.805 | G21: 72.576 | H21: 73.908 | I21: 74.508 | J21: 75.146 | K21: 75.459 | L21: 75.803 | M21: 76.202 | N21: 77.91 | O21: 82.217 | P21: 87.236 | R21: =P21-D21 -> 26.443 | U21: xx
A22: 10 | B22: 10 | C22: vodoměr č. 190834091 | D22: 92.85 | E22: 94.735 | F22: 96.361 | G22: 98.138 | H22: 99.955 | I22: 102.11 | J22: 103.892 | K22: 106.218 | L22: 108.085 | M22: 109.833 | N22: 111.85 | O22: 113.67 | P22: 2.516 | Q22: =P22+O22-D22 -> 23.336 | U22: 10 | V22: =E22-D22 -> 1.885 | W22: =F22-E22 -> 1.626 | X22: =G22-F22 -> 1.777 | Y22: =H22-G22 -> 1.817 | Z22: =I22-H22 -> 2.155 | AA22: =J22-I22 -> 1.782 | AB22: =K22-J22 -> 2.326 | AC22: =L22-K22 -> 1.867 | ... AF22: =O22-N22 -> 1.82 | AG22: =P22 -> 2.516 | AH22: 2.9007778
C23: kalorimetr č. 71182234 | D23: 35.464 | E23: 39.352 | F23: 41.299 | G23: 42.609 | H23: 43.191 | I23: 43.431 | J23: 43.639 | K23: 43.856 | L23: 44.05 | M23: 44.273 | N23: 45.312 | O23: 48.239 | P23: 51.809 | R23: =P23-D23 -> 16.345 | U23: xx
B24: spol.spotř. | C24: elektroměr č. 2080200096 | D24: 12070 | E24: 12339 | F24: 12578 | G24: 12771 | H24: 12980 | I24: 13186 | J24: 13489 | K24: 13690 | L24: 13926 | M24: 14126 | N24: 14332 | O24: 14533 | P24: 14724 | Q24: =SUM(Q4:Q23)+SUM(Q33:Q49) -> 934.401 | R24: =SUM(R4:R23) -> 207.694 | S24: =P24-D24 -> 2654 | U24: kWh | AK24: Podíl teplé vody na celkové spotřebě vody u dělených bytů po měsících (%)
AJ25: CELKEM | AK25: 1. | AL25: 2. | AM25: 3. | AN25: 4. | AO25: 5. | AP25: 6. | AQ25: 7. | AR25: 8. | AS25: 9. | AT25: 10. | AU25: 11. | AV25: 12. | AW25: Průměr
C26: patní vodoměr č. 190976791 | D26: 4882.6 | E26: 4972.6 | F26: 5055.1 | G26: 5141.1 | H26: 5229.7 | I26: 5317.5 | J26: 5394.8 | K26: 5467.5 | L26: 5546.3 | M26: 5631.4 | N26: 5722 | O26: 5801.9 | P26: 101.3 | Q26: =P26+O26-D26 -> 1020.6 | AJ26: Průměr po měsících | AK26: =(AK6+AK8+AK12+AK14+AK18+AK54+AK56+AK58+AK60+AK62)/10 -> 0.37181068 | AL26: =(AL6+AL8+AL12+AL14+AL18+AL54+AL56+AL58+AL60+AL62)/10 -> 0.37412304 | AM26: =(AM6+AM8+AM12+AM14+AM18+AM54+AM56+AM58+AM60+AM62)/10 -> 0.36785657 | AN26: =(AN6+AN8+AN12+AN14+AN18+AN54+AN56+AN58+AN60+AN62)/10 -> 0.36522837 | AO26: =(AO6+AO8+AO12+AO14+AO18+AO54+AO56+AO58+AO60+AO62)/10 -> 0.35498223 | AP26: =(AP6+AP8+AP12+AP14+AP18+AP54+AP56+AP58+AP60+AP62)/10 -> 0.30623108 | AQ26: =(AQ6+AQ8+AQ12+AQ14+AQ18+AQ54+AQ56+AQ58+AQ60+AQ62)/10 -> 0.28212867 | AR26: =(AR6+AR8+AR12+AR14+AR18+AR54+AR56+AR58+AR60+AR62)/10 -> 0.28538075 | ... AW26: =(AW6+AW8+AW12+AW14+AW18+AW54+AW56+AW58+AW60+AW62)/10 -> 0.33666041 | AZ26: Podíl TV po bytech
C27: patní kalorimetr č. / GJ | D27: 100.05 | E27: 144.21 | F27: 171.79 | G27: 194.78 | H27: 209.71 | I27: 219.56 | J27: 227.39 | K27: 234.32 | L27: 240.28 | M27: 248.26 | N27: 263.39 | O27: 297.55 | P27: 337.39 | R27: =(P27-D27) -> 237.34 | S27: GJ
C28: patní kalorimetr č./kub.m | D28: 1827 | E28: 2286 | F28: 2541 | G28: 2770 | H28: 2981 | I28: 3267 | J28: 3525 | K28: 3764 | L28: 3961 | M28: 4151 | N28: 4351 | O28: 4693 | P28: 5081 | R28: =P28-D28 -> 3254 | S28: m3
B29: ='1850'!A29 -> fakturační vodoměr č. 63796 | D29: ='1850'!C29 -> 24212 | E29: ='1850'!D29 -> 24552.7 | F29: ='1850'!E29 -> 24857.7 | G29: ='1850'!F29 -> 25187.3 | H29: ='1850'!G29 -> 25525.5 | I29: ='1850'!H29 -> 25865 | J29: ='1850'!I29 -> 26188.7 | K29: ='1850'!J29 -> 26482.4 | ... P29: ='1850'!O29 -> 28101 | Q29: =P29-D29 -> 3889 | V29: studená voda
U31: byt | V31: leden | W31: únor | X31: březen | Y31: duben | Z31: květen | AA31: červen | AB31: červenec | AC31: srpen | AD31: září | AE31: říjen | AF31: listopad | AG31: prosinec
A33: 3 | B33: 2B | C33: vodoměr SV č. 200015745 | D33: 243.244 | E33: 246.588 | F33: 249.337 | G33: 252.101 | H33: 254.62 | I33: 257.152 | J33: 259.791 | K33: 261.316 | L33: 263.377 | M33: 264.883 | N33: 267.561 | O33: 269.95 | P33: 2.112 | Q33: =P33+O33-D33 -> 28.818 | U33: 3 | V33: =E33-D33 -> 3.344 | W33: =F33-E33 -> 2.749 | X33: =G33-F33 -> 2.764 | Y33: =H33-G33 -> 2.519 | Z33: =I33-H33 -> 2.532 | AA33: =J33-I33 -> 2.639 | AB33: =K33-J33 -> 1.525 | AC33: =L33-K33 -> 2.061 | ... AF33: =O33-N33 -> 2.389 | AG33: =P33 -> 2.112 | AH33: 7.9723
A34: 6 | B34: 3B | C34: vodoměr SV č. 190834107 | D34: 160.511 | E34: 161.622 | F34: 163.28 | G34: 164.707 | H34: 165.602 | I34: 167.968 | J34: 169.103 | K34: 170.755 | L34: 171.817 | M34: 174.115 | N34: 175.435 | O34: 176.16 | P34: 1.782 | Q34: =P34+O34-D34 -> 17.431 | U34: 6 | V34: =E34-D34 -> 1.111 | W34: =F34-E34 -> 1.658 | X34: =G34-F34 -> 1.427 | Y34: =H34-G34 -> 0.895 | Z34: =I34-H34 -> 2.366 | AA34: =J34-I34 -> 1.135 | AB34: =K34-J34 -> 1.652 | AC34: =L34-K34 -> 1.062 | ... AF34: =O34-N34 -> 0.725 | AG34: =P34 -> 1.782 | AH34: 2.9773
A35: 8 | B35: 5B | C35: vodoměr SV č. 190834094 | D35: 278.202 | E35: 283.851 | F35: 289.492 | G35: 295.012 | H35: 300.086 | I35: 305.334 | J35: 310.415 | K35: 314.783 | L35: 319.045 | M35: 324.553 | N35: 330.01 | O35: 335.7 | P35: 5.744 | Q35: =P35+O35-D35 -> 63.242 | U35: 8 | V35: =E35-D35 -> 5.649 | W35: =F35-E35 -> 5.641 | X35: =G35-F35 -> 5.52 | Y35: =H35-G35 -> 5.074 | Z35: =I35-H35 -> 5.248 | AA35: =J35-I35 -> 5.081 | AB35: =K35-J35 -> 4.368 | AC35: =L35-K35 -> 4.262 | ... AF35: =O35-N35 -> 5.69 | AG35: =P35 -> 5.744 | AH35: 5.4084
A36: 11 | B36: 6B | C36: vodoměr SV č. 200015744 | D36: 31.35 | E36: 31.75 | F36: 31.907 | G36: 33.415 | H36: 34.987 | I36: 35.684 | J36: 36.306 | K36: 37.253 | L36: 38.134 | M36: 38.722 | N36: 39.39 | O36: 39.63 | P36: 1.937 | Q36: =P36+O36-D36 -> 10.217 | U36: 11 | V36: =E36-D36 -> 0.4 | W36: =F36-E36 -> 0.157 | X36: =G36-F36 -> 1.508 | Y36: =H36-G36 -> 1.572 | Z36: =I36-H36 -> 0.697 | AA36: =J36-I36 -> 0.622 | AB36: =K36-J36 -> 0.947 | AC36: =L36-K36 -> 0.881 | ... AF36: =O36-N36 -> 0.24 | AG36: =P36 -> 1.937 | AH36: 0.4723
A37: 12 | B37: 8B | C37: vodoměr SV č. 190834128 | D37: 127.366 | E37: 131.268 | F37: 134.676 | G37: 138.335 | H37: 141.441 | I37: 143.823 | J37: 147.964 | K37: 152.148 | L37: 155.506 | M37: 160.087 | N37: 163.309 | O37: 166.4 | P37: 4.145 | Q37: =P37+O37-D37 -> 43.179 | U37: 12 | V37: =E37-D37 -> 3.902 | W37: =F37-E37 -> 3.408 | X37: =G37-F37 -> 3.659 | Y37: =H37-G37 -> 3.106 | Z37: =I37-H37 -> 2.382 | AA37: =J37-I37 -> 4.141 | AB37: =K37-J37 -> 4.184 | AC37: =L37-K37 -> 3.358 | ... AF37: =O37-N37 -> 3.091 | AG37: =P37 -> 4.145 | AH37: 2.1434
C39: VODOMĚRY TEPLÁ VODA | V39: teplá voda
A40: 2 | B40: 2 | C40: vodoměr TUV č. 200105142 | D40: 116.144 | E40: 120.143 | F40: 123.159 | G40: 126.149 | H40: 128.775 | I40: 130.169 | J40: 131.522 | K40: 132.334 | L40: 133.635 | M40: 136.486 | N40: 139.607 | O40: 142.7 | P40: 3.844 | Q40: =P40+O40-D40 -> 30.4 | U40: 2 | V40: =E40-D40 -> 3.999 | W40: =F40-E40 -> 3.016 | X40: =G40-F40 -> 2.99 | Y40: =H40-G40 -> 2.626 | Z40: =I40-H40 -> 1.394 | AA40: =J40-I40 -> 1.353 | AB40: =K40-J40 -> 0.812 | AC40: =L40-K40 -> 1.301 | ... AF40: =O40-N40 -> 3.093 | AG40: =P40 -> 3.844 | AH40: 4.0477
A41: 3 | B41: 2B | C41: vodoměr TUV č. 200105133 | D41: 153.634 | E41: 155.346 | F41: 156.753 | G41: 158.224 | H41: 159.532 | I41: 160.773 | J41: 162.086 | K41: 162.793 | L41: 163.647 | M41: 164.381 | N41: 165.695 | O41: 167.17 | P41: 1.277 | Q41: =P41+O41-D41 -> 14.813 | U41: 3 | V41: =E41-D41 -> 1.712 | W41: =F41-E41 -> 1.407 | X41: =G41-F41 -> 1.471 | Y41: =H41-G41 -> 1.308 | Z41: =I41-H41 -> 1.241 | AA41: =J41-I41 -> 1.313 | AB41: =K41-J41 -> 0.707 | AC41: =L41-K41 -> 0.854 | ... AF41: =O41-N41 -> 1.475 | AG41: =P41 -> 1.277 | AH41: 4.1811
A42: 5 | B42: 3 | C42: vodoměr TUV č. 190049448 | D42: 21.303 | E42: 21.677 | F42: 22.023 | G42: 22.407 | H42: 22.782 | I42: 23.15 | J42: 23.493 | K42: 23.799 | L42: 24.098 | M42: 24.406 | N42: 24.73 | O42: 25.01 | P42: 0.411 | Q42: =P42+O42-D42 -> 4.118 | U42: 5 | V42: =E42-D42 -> 0.374 | W42: =F42-E42 -> 0.346 | X42: =G42-F42 -> 0.384 | Y42: =H42-G42 -> 0.375 | Z42: =I42-H42 -> 0.368 | AA42: =J42-I42 -> 0.343 | AB42: =K42-J42 -> 0.306 | AC42: =L42-K42 -> 0.299 | ... AF42: =O42-N42 -> 0.28 | AG42: =P42 -> 0.411 | AH42: 0.3771
A43: 6 | B43: 3B | C43: vodoměr TUV č. 190049255 | D43: 132.966 | E43: 133.571 | F43: 134.358 | G43: 135.11 | H43: 135.555 | I43: 136.622 | J43: 137.055 | K43: 137.432 | L43: 137.576 | M43: 138.022 | N43: 138.604 | O43: 138.99 | P43: 1.286 | Q43: =P43+O43-D43 -> 7.31 | U43: 6 | V43: =E43-D43 -> 0.605 | W43: =F43-E43 -> 0.787 | X43: =G43-F43 -> 0.752 | Y43: =H43-G43 -> 0.445 | Z43: =I43-H43 -> 1.067 | AA43: =J43-I43 -> 0.433 | AB43: =K43-J43 -> 0.377 | AC43: =L43-K43 -> 0.144 | ... AF43: =O43-N43 -> 0.386 | AG43: =P43 -> 1.286 | AH43: 1.5876
A44: 9 | B44: 5 | C44: vodoměr TUV č. 200105131 | D44: 74.374 | E44: 75.542 | F44: 76.897 | G44: 78.428 | H44: 79.829 | I44: 81.075 | J44: 82.414 | K44: 83.505 | L44: 84.433 | M44: 85.06 | N44: 85.953 | O44: 85.96 | P44: 1.369 | Q44: =P44+O44-D44 -> 12.955 | U44: 9 | V44: =E44-D44 -> 1.168 | W44: =F44-E44 -> 1.355 | X44: =G44-F44 -> 1.531 | Y44: =H44-G44 -> 1.401 | Z44: =I44-H44 -> 1.246 | AA44: =J44-I44 -> 1.339 | AB44: =K44-J44 -> 1.091 | AC44: =L44-K44 -> 0.928 | ... AF44: =O44-N44 -> 0.007 | AG44: =P44 -> 1.369 | AH44: 4.4403
A45: 8 | B45: 5B | C45: vodoměr TUV č. 200105152 | D45: 115.94 | E45: 118.696 | F45: 122.008 | G45: 125.092 | H45: 127.825 | I45: 130.704 | J45: 133.108 | K45: 134.869 | L45: 136.362 | M45: 138.813 | N45: 141.202 | O45: 143.86 | P45: 2.934 | Q45: =P45+O45-D45 -> 30.854 | U45: 8 | V45: =E45-D45 -> 2.756 | W45: =F45-E45 -> 3.312 | X45: =G45-F45 -> 3.084 | Y45: =H45-G45 -> 2.733 | Z45: =I45-H45 -> 2.879 | AA45: =J45-I45 -> 2.404 | AB45: =K45-J45 -> 1.761 | AC45: =L45-K45 -> 1.493 | ... AF45: =O45-N45 -> 2.658 | AG45: =P45 -> 2.934 | AH45: 2.5713 | AK45: Celková spotřeba SV a TV dělených bytů po měsících v m3
A46: 15 | B46: 6 | C46: vodoměr TUV č. 190049234 | D46: 127.751 | E46: 129.092 | F46: 130.675 | G46: 131.892 | H46: 133.96 | I46: 134.79 | J46: 135.362 | K46: 136.153 | L46: 137.332 | M46: 137.947 | N46: 138.657 | O46: 139.96 | P46: 1.866 | Q46: =P46+O46-D46 -> 14.075 | U46: 15 | V46: =E46-D46 -> 1.341 | W46: =F46-E46 -> 1.583 | X46: =G46-F46 -> 1.217 | Y46: =H46-G46 -> 2.068 | Z46: =I46-H46 -> 0.83 | AA46: =J46-I46 -> 0.572 | AB46: =K46-J46 -> 0.791 | AC46: =L46-K46 -> 1.179 | ... AF46: =O46-N46 -> 1.303 | AG46: =P46 -> 1.866 | AH46: 0.9661 | AJ46: CELKEM | AK46: 1. | AL46: 2. | AM46: 3. | AN46: 4. | AO46: 5. | AP46: 6. | AQ46: 7. | AR46: 8. | AS46: 9. | AT46: 10. | AU46: 11. | AV46: 12. | AW46: Průměr
A47: 11 | B47: 6B | C47: vodoměr TUV č. 190049258 | D47: 18.694 | E47: 18.958 | F47: 19.05 | G47: 19.927 | H47: 20.73 | I47: 21.18 | J47: 21.445 | K47: 21.845 | L47: 22.268 | M47: 22.524 | N47: 22.843 | O47: 22.94 | P47: 1.295 | Q47: =P47+O47-D47 -> 5.541 | U47: 11 | V47: =E47-D47 -> 0.264 | W47: =F47-E47 -> 0.092 | X47: =G47-F47 -> 0.877 | Y47: =H47-G47 -> 0.803 | Z47: =I47-H47 -> 0.45 | AA47: =J47-I47 -> 0.265 | AB47: =K47-J47 -> 0.4 | AC47: =L47-K47 -> 0.423 | ... AF47: =O47-N47 -> 0.097 | AG47: =P47 -> 1.295 | AH47: 0.2794 | AJ47: TV | AK47: =SUM(V40:V49) -> 16.345 | AL47: =SUM(W40:W49) -> 15.62 | AM47: =SUM(X40:X49) -> 16.504 | AN47: =SUM(Y40:Y49) -> 15.856 | AO47: =SUM(Z40:Z49) -> 13.293 | AP47: =SUM(AA40:AA49) -> 11.718 | AQ47: =SUM(AB40:AB49) -> 8.874 | AR47: =SUM(AC40:AC49) -> 9.636 | ... AV47: =SUM(AG40:AG49) -> 17.659 | AW47: =(AK47+AL47+AM47+AN47+AO47+AP47+AQ47+AR47+AS47+AT47+AU47+AV47)/12 -> 13.7515
A48: 13 | B48: 8 | C48: vodoměr TUV č. 190049444 | D48: 88.35 | E48: 89.897 | F48: 91.447 | G48: 93.056 | H48: 95.056 | I48: 97.054 | J48: 98.961 | K48: 99.864 | L48: 101.131 | M48: 102.872 | N48: 104.8 | O48: 106.784 | P48: 1.461 | Q48: =P48+O48-D48 -> 19.895 | U48: 13 | V48: =E48-D48 -> 1.547 | W48: =F48-E48 -> 1.55 | X48: =G48-F48 -> 1.609 | Y48: =H48-G48 -> 2 | Z48: =I48-H48 -> 1.998 | AA48: =J48-I48 -> 1.907 | AB48: =K48-J48 -> 0.903 | AC48: =L48-K48 -> 1.267 | ... AF48: =O48-N48 -> 1.984 | AG48: =P48 -> 1.461 | AH48: 1.3253 | AJ48: SV | AK48: =V6+V8+V12+V14+V18+V54+V56+V58+V60+V62 -> 27.637 | AL48: =W6+W8+W12+W14+W18+W54+W56+W58+W60+W62 -> 26.194 | AM48: =X6+X8+X12+X14+X18+X54+X56+X58+X60+X62 -> 29.392 | AN48: =Y6+Y8+Y12+Y14+Y18+Y54+Y56+Y58+Y60+Y62 -> 27.515 | AO48: =Z6+Z8+Z12+Z14+Z18+Z54+Z56+Z58+Z60+Z62 -> 25.134 | AP48: =AA6+AA8+AA12+AA14+AA18+AA54+AA56+AA58+AA60+AA62 -> 27.004 | AQ48: =AB6+AB8+AB12+AB14+AB18+AB54+AB56+AB58+AB60+AB62 -> 24.08 | AR48: =AC6+AC8+AC12+AC14+AC18+AC54+AC56+AC58+AC60+AC62 -> 25.297 | ... AV48: =AG6+AG8+AG12+AG14+AG18+AG54+AG56+AG58+AG60+AG62 -> 30.571 | AW48: =(AK48+AL48+AM48+AN48+AO48+AP48+AQ48+AR48+AS48+AT48+AU48+AV48)/12 -> 27.08325
A49: 12 | B49: 8B | C49: vodoměr TUV č. 190049253 | D49: 77.677 | E49: 80.256 | F49: 82.428 | G49: 85.017 | H49: 87.114 | I49: 88.934 | J49: 90.723 | K49: 92.449 | L49: 94.197 | M49: 96.18 | N49: 98.068 | O49: 100.818 | P49: 1.916 | Q49: =P49+O49-D49 -> 25.057 | U49: 12 | V49: =E49-D49 -> 2.579 | W49: =F49-E49 -> 2.172 | X49: =G49-F49 -> 2.589 | Y49: =H49-G49 -> 2.097 | Z49: =I49-H49 -> 1.82 | AA49: =J49-I49 -> 1.789 | AB49: =K49-J49 -> 1.726 | AC49: =L49-K49 -> 1.748 | ... AF49: =O49-N49 -> 2.75 | AG49: =P49 -> 1.916 | AH49: 1.6965
E52: Reklamace - výměna vodoměru | H52: číslo | I52: stav | K52: Dne 31.7.2023 odpojen kalor. (cejchování), | O52: stav: | P52: 339.11 | Q52: MWh | V52: SROVNÁVACÍ TABULKA ZBYTKU DĚLENÝCH BYTŮ - spotřeby SV a TV | AK52: Podíl teplé vody na celkové spotřebě vody u dělených bytů (%)
C53: 5 | D53: 3A - SV | E53: 44895 | F53: starý | G53: 190834093 | I53: 23.23 | K53: Dne 3.8.2023 zapojen znovuzapojení, | O53: stav: | P53: 0 | Q53: GJ | T53: byt | U53: Vodom. | V53: leden | W53: únor | X53: březen | Y53: duben | Z53: květen | AA53: červen | AB53: červenec | AC53: srpen | AD53: září | AE53: říjen | AF53: listopad | AG53: prosinec | AK53: 1. | AL53: 2. | AM53: 3. | AN53: 4. | AO53: 5. | AP53: 6. | AQ53: 7. | AR53: 8. | AS53: 9. | AT53: 10. | AU53: 11. | AV53: 12. | AW53: Průměr
F54: nový | G54: 221525378 | I54: 0.02 | T54: 3 | U54: SV | V54: =V33 -> 3.344 | W54: =W33 -> 2.749 | X54: =X33 -> 2.764 | Y54: =Y33 -> 2.519 | Z54: =Z33 -> 2.532 | AA54: =AA33 -> 2.639 | AB54: =AB33 -> 1.525 | AC54: =AC33 -> 2.061 | ... AG54: =AG33 -> 2.112 | AH54: 7.9723 | AJ54: byt 3 | AK54: =V55/(V54+V55) -> 0.33860759 | AL54: =W55/(W54+W55) -> 0.33854668 | AM54: =X55/(X54+X55) -> 0.34734357 | AN54: =Y55/(Y54+Y55) -> 0.34178207 | AO54: =Z55/(Z54+Z55) -> 0.32891598 | AP54: =AA55/(AA54+AA55) -> 0.33223684 | AQ54: =AB55/(AB54+AB55) -> 0.31675627 | AR54: =AC55/(AC54+AC55) -> 0.29296741 | ... AV54: =AG55/(AG54+AG55) -> 0.37680732 | AW54: =SUM(AK54:AV54)/12 -> 0.33771078
U55: TV | V55: =V41 -> 1.712 | W55: =W41 -> 1.407 | X55: =X41 -> 1.471 | Y55: =Y41 -> 1.308 | Z55: =Z41 -> 1.241 | AA55: =AA41 -> 1.313 | AB55: =AB41 -> 0.707 | AC55: =AC41 -> 0.854 | ... AG55: =AG41 -> 1.277 | AH55: 4.1811
E56: Výměna elektroměru | T56: 6 | U56: SV | V56: =V34 -> 1.111 | W56: =W34 -> 1.658 | X56: =X34 -> 1.427 | Y56: =Y34 -> 0.895 | Z56: =Z34 -> 2.366 | AA56: =AA34 -> 1.135 | AB56: =AB34 -> 1.652 | AC56: =AC34 -> 1.062 | ... AG56: =AG34 -> 1.782 | AH56: 2.9773 | AJ56: byt 6 | AK56: =V57/(V56+V57) -> 0.3525641 | AL56: =W57/(W56+W57) -> 0.32188139 | AM56: =X57/(X56+X57) -> 0.34511244 | AN56: =Y57/(Y56+Y57) -> 0.33208955 | AO56: =Z57/(Z56+Z57) -> 0.31080687 | AP56: =AA57/(AA56+AA57) -> 0.27614796 | AQ56: =AB57/(AB56+AB57) -> 0.18580582 | AR56: =AC57/(AC56+AC57) -> 0.11940299 | ... AV56: =AG57/(AG56+AG57) -> 0.41916558 | AW56: =SUM(AK56:AV56)/12 -> 0.2899118
E57: 43956 | F57: starý | U57: TV | V57: =V43 -> 0.605 | W57: =W43 -> 0.787 | X57: =X43 -> 0.752 | Y57: =Y43 -> 0.445 | Z57: =Z43 -> 1.067 | AA57: =AA43 -> 0.433 | AB57: =AB43 -> 0.377 | AC57: =AC43 -> 0.144 | ... AG57: =AG43 -> 1.286 | AH57: 1.5876
F58: nový | T58: 8 | U58: SV | V58: =V35 -> 5.649 | W58: =W35 -> 5.641 | X58: =X35 -> 5.52 | Y58: =Y35 -> 5.074 | Z58: =Z35 -> 5.248 | AA58: =AA35 -> 5.081 | AB58: =AB35 -> 4.368 | AC58: =AC35 -> 4.262 | ... AG58: =AG35 -> 5.744 | AH58: 5.4084 | AJ58: byt 8 | AK58: =V59/(V58+V59) -> 0.32790006 | AL58: =W59/(W58+W59) -> 0.36993187 | AM58: =X59/(X58+X59) -> 0.35843794 | AN58: =Y59/(Y58+Y59) -> 0.35007045 | AO58: =Z59/(Z58+Z59) -> 0.35425126 | AP58: =AA59/(AA58+AA59) -> 0.32117568 | AQ58: =AB59/(AB58+AB59) -> 0.28732256 | AR58: =AC59/(AC58+AC59) -> 0.25942659 | ... AV58: =AG59/(AG58+AG59) -> 0.33809634 | AW58: =SUM(AK58:AV58)/12 -> 0.32478767
U59: TV | V59: =V45 -> 2.756 | W59: =W45 -> 3.312 | X59: =X45 -> 3.084 | Y59: =Y45 -> 2.733 | Z59: =Z45 -> 2.879 | AA59: =AA45 -> 2.404 | AB59: =AB45 -> 1.761 | AC59: =AC45 -> 1.493 | ... AG59: =AG45 -> 2.934 | AH59: 2.5713
T60: 11 | U60: SV | V60: =V36 -> 0.4 | W60: =W36 -> 0.157 | X60: =X36 -> 1.508 | Y60: =Y36 -> 1.572 | Z60: =Z36 -> 0.697 | AA60: =AA36 -> 0.622 | AB60: =AB36 -> 0.947 | AC60: =AC36 -> 0.881 | ... AG60: =AG36 -> 1.937 | AH60: 0.4723 | AJ60: byt 11 | AK60: =V61/(V60+V61) -> 0.39759036 | AL60: =W61/(W60+W61) -> 0.36947791 | AM60: =X61/(X60+X61) -> 0.36771488 | AN60: =Y61/(Y60+Y61) -> 0.33810526 | AO60: =Z61/(Z60+Z61) -> 0.39232781 | AP60: =AA61/(AA60+AA61) -> 0.29875986 | AQ60: =AB61/(AB60+AB61) -> 0.2969562 | AR60: =AC61/(AC60+AC61) -> 0.3243865 | ... AV60: =AG61/(AG60+AG61) -> 0.40068069 | AW60: =SUM(AK60:AV60)/12 -> 0.34169604
U61: TV | V61: =V47 -> 0.264 | W61: =W47 -> 0.092 | X61: =X47 -> 0.877 | Y61: =Y47 -> 0.803 | Z61: =Z47 -> 0.45 | AA61: =AA47 -> 0.265 | AB61: =AB47 -> 0.4 | AC61: =AC47 -> 0.423 | ... AG61: =AG47 -> 1.295 | AH61: 0.2794
T62: 12 | U62: SV | V62: =V37 -> 3.902 | W62: =W37 -> 3.408 | X62: =X37 -> 3.659 | Y62: =Y37 -> 3.106 | Z62: =Z37 -> 2.382 | AA62: =AA37 -> 4.141 | AB62: =AB37 -> 4.184 | AC62: =AC37 -> 3.358 | ... AG62: =AG37 -> 4.145 | AH62: 2.1434 | AJ62: byt 12 | AK62: =V63/(V62+V63) -> 0.39793242 | AL62: =W63/(W62+W63) -> 0.38924731 | AM62: =X63/(X62+X63) -> 0.4143726 | AN62: =Y63/(Y62+Y63) -> 0.40303671 | AO62: =Z63/(Z62+Z63) -> 0.43312708 | AP62: =AA63/(AA62+AA63) -> 0.30168634 | AQ62: =AB63/(AB62+AB63) -> 0.29204738 | AR62: =AC63/(AC62+AC63) -> 0.34234234 | ... AV62: =AG63/(AG62+AG63) -> 0.31611945 | AW62: =SUM(AK62:AV62)/12 -> 0.36935795
U63: TV | V63: =V49 -> 2.579 | W63: =W49 -> 2.172 | X63: =X49 -> 2.589 | Y63: =Y49 -> 2.097 | Z63: =Z49 -> 1.82 | AA63: =AA49 -> 1.789 | AB63: =AB49 -> 1.726 | AC63: =AC49 -> 1.748 | ... AG63: =AG49 -> 1.916 | AH63: 1.6965

Sheet 1852
A2: 1852 | C2: ='1850'!C2 -> 45292 | D2: ='1850'!D2 -> 45323 | E2: ='1850'!E2 -> 45352 | F2: ='1850'!F2 -> 45383 | G2: ='1850'!G2 -> 45413 | H2: ='1850'!H2 -> 45444 | I2: ='1850'!I2 -> 45474 | J2: ='1850'!J2 -> 45505 | ... O2: ='1850'!O2 -> 45658 | P2: voda | Q2: teplo | R2: Elektr | Y2: spotřeby po měsících
A3: byt č. | C3: prosinec | D3: leden | E3: únor | F3: březen | G3: duben | H3: květen | I3: červen | J3: červenec | K3: srpen | L3: září | M3: říjen | N3: listopad | O3: prosinec | P3: m3 | Q3: GJ | R3: KWh | T3: byt | U3: leden | V3: únor | W3: březen | X3: duben | Y3: květen | Z3: červen | AA3: červenec | AB3: srpen | AC3: září | AD3: říjen | AE3: listopad | AF3: prosinec
A4: 1 | B4: vodoměr č. 190834115 | C4: 576.312 | D4: 587.196 | E4: 597.775 | F4: 606.444 | G4: 613.428 | H4: 621.38 | I4: 628.465 | J4: 636.737 | K4: 645.367 | L4: 653.735 | M4: 662.366 | N4: 672.61 | O4: 12.545 | P4: =O4+N4-C4 -> 108.843 | T4: 1 | U4: =D4-C4 -> 10.884 | V4: =E4-D4 -> 10.579 | W4: =F4-E4 -> 8.669 | X4: =G4-F4 -> 6.984 | Y4: =H4-G4 -> 7.952 | Z4: =I4-H4 -> 7.085 | AA4: =J4-I4 -> 8.272 | AB4: =K4-J4 -> 8.63 | ... AE4: =N4-M4 -> 10.244 | AF4: =O4 -> 12.545
B5: kalorimetr č. 71182233 | C5: 53.409 | D5: 57.834 | E5: 60.603 | F5: 62.999 | G5: 64.409 | H5: 65.012 | I5: 65.493 | J5: 65.919 | K5: 66.32 | L5: 66.922 | M5: 68.725 | N5: 72.334 | O5: 76.346 | Q5: =O5-C5 -> 22.937
A6: 2 | B6: vodoměr č. 190834121 | C6: 314.552 | D6: 319.65 | E6: 324.372 | F6: 330.087 | G6: 335.621 | H6: 341.966 | I6: 346.944 | J6: 352.573 | K6: 356.229 | L6: 361.876 | M6: 368.251 | N6: 373.67 | O6: 5.285 | P6: =O6+N6-C6 -> 64.403 | T6: 2 | U6: =D6-C6 -> 5.098 | V6: =E6-D6 -> 4.722 | W6: =F6-E6 -> 5.715 | X6: =G6-F6 -> 5.534 | Y6: =H6-G6 -> 6.345 | Z6: =I6-H6 -> 4.978 | AA6: =J6-I6 -> 5.629 | AB6: =K6-J6 -> 3.656 | ... AE6: =N6-M6 -> 5.419 | AF6: =O6 -> 5.285
B7: kalorimetr č. 71182270 | C7: 25.735 | D7: 27.45 | E7: 28.535 | F7: 29.35 | G7: 29.877 | H7: 30.361 | I7: 30.72 | J7: 31.044 | K7: 31.202 | L7: 31.546 | M7: 32.105 | N7: 33.681 | O7: 35.462 | Q7: =O7-C7 -> 9.727
A8: 3 | B8: vodoměr č. 200015760 | C8: 459.766 | D8: 469.685 | E8: 477.143 | F8: 488.201 | G8: 501.162 | H8: 513.72 | I8: 527.268 | J8: 531.771 | K8: 541.418 | L8: 555.404 | M8: 566.122 | N8: 577.94 | O8: 12.117 | P8: =O8+N8-C8 -> 130.291 | T8: 3 | U8: =D8-C8 -> 9.919 | V8: =E8-D8 -> 7.458 | W8: =F8-E8 -> 11.058 | X8: =G8-F8 -> 12.961 | Y8: =H8-G8 -> 12.558 | Z8: =I8-H8 -> 13.548 | AA8: =J8-I8 -> 4.503 | AB8: =K8-J8 -> 9.647 | ... AE8: =N8-M8 -> 11.818 | AF8: =O8 -> 12.117
B9: kalorimetr č. 71182274 | C9: 72.049 | D9: 77.522 | E9: 81.146 | F9: 85.25 | G9: 87.081 | H9: 87.914 | I9: 88.643 | J9: 88.88 | K9: 89.247 | L9: 90.796 | M9: 93.948 | N9: 99.727 | O9: 106.363 | Q9: =O9-C9 -> 34.314
A10: 4 | B10: vodoměr č. 190834096 | C10: 506.213 | D10: 515.587 | E10: 523.53 | F10: 532.885 | G10: 542.449 | H10: 552.251 | I10: 561.504 | J10: 570.002 | K10: 577.89 | L10: 586.757 | M10: 595.911 | N10: 603.84 | O10: 6.82 | P10: =O10+N10-C10 -> 104.447 | T10: 4 | U10: =D10-C10 -> 9.374 | V10: =E10-D10 -> 7.943 | W10: =F10-E10 -> 9.355 | X10: =G10-F10 -> 9.564 | Y10: =H10-G10 -> 9.802 | Z10: =I10-H10 -> 9.253 | AA10: =J10-I10 -> 8.498 | AB10: =K10-J10 -> 7.888 | ... AE10: =N10-M10 -> 7.929 | AF10: =O10 -> 6.82
B11: kalorimetr č. 71182244 | C11: 61.01 | D11: 65.757 | E11: 68.449 | F11: 70.425 | G11: 71.603 | H11: 72.348 | I11: 72.966 | J11: 73.462 | K11: 73.904 | L11: 74.669 | M11: 75.892 | N11: 78.854 | O11: 82.226 | Q11: =O11-C11 -> 21.216
A12: 5 | B12: vodoměr č. 190834110 | C12: 314.985 | D12: 323.529 | E12: 332.685 | F12: 339.665 | G12: 347.744 | H12: 354.654 | I12: 361.6 | J12: 366.493 | K12: 371.605 | L12: 378.123 | M12: 384.776 | N12: 390.39 | O12: 5.789 | P12: =O12+N12-C12 -> 81.194 | T12: 5 | U12: =D12-C12 -> 8.544 | V12: =E12-D12 -> 9.156 | W12: =F12-E12 -> 6.98 | X12: =G12-F12 -> 8.079 | Y12: =H12-G12 -> 6.91 | Z12: =I12-H12 -> 6.946 | AA12: =J12-I12 -> 4.893 | AB12: =K12-J12 -> 5.112 | ... AE12: =N12-M12 -> 5.614 | AF12: =O12 -> 5.789
B13: kalorimetr č. 71182251 | C13: 30.951 | D13: 33.237 | E13: 34.647 | F13: 35.751 | G13: 36.549 | H13: 37.101 | I13: 37.596 | J13: 37.993 | K13: 38.344 | L13: 38.772 | M13: 39.456 | N13: 40.975 | O13: 42.479 | Q13: =O13-C13 -> 11.528
A14: 6 | B14: vodoměr č. 190834127 | C14: 435.559 | D14: 446.725 | E14: 454.449 | F14: 454.82 | G14: 455.207 | H14: 455.208 | I14: 455.225 | J14: 455.225 | K14: 455.415 | L14: 455.537 | M14: 455.539 | N14: 455.539 | O14: 0.043 | P14: =O14+N14-C14 -> 20.023 | T14: 6 | U14: =D14-C14 -> 11.166 | V14: =E14-D14 -> 7.724 | W14: =F14-E14 -> 0.371 | X14: =G14-F14 -> 0.387 | Y14: =H14-G14 -> 0.001 | Z14: =I14-H14 -> 0.017 | AA14: =J14-I14 -> 0 | AB14: =K14-J14 -> 0.19 | ... AE14: =N14-M14 -> 0 | AF14: =O14 -> 0.043
B15: kalorimetr č. 71182283 | C15: 53.598 | D15: 57.706 | E15: 59.585 | F15: 59.687 | G15: 59.83 | H15: 60.014 | I15: 60.183 | J15: 60.354 | K15: 60.51 | L15: 60.679 | M15: 60.849 | N15: 60.916 | O15: 60.997 | Q15: =O15-C15 -> 7.399
A16: 7 | B16: vodoměr č. 190834123 | C16: 60.945 | D16: 63.628 | E16: 64.193 | F16: 66.017 | G16: 68.028 | H16: 71.009 | I16: 74.011 | J16: 76.687 | K16: 77.884 | L16: 78.63 | M16: 79.381 | N16: 80.3 | O16: 0.757 | P16: =O16+N16-C16 -> 20.112 | T16: 7 | U16: =D16-C16 -> 2.683 | V16: =E16-D16 -> 0.565 | W16: =F16-E16 -> 1.824 | X16: =G16-F16 -> 2.011 | Y16: =H16-G16 -> 2.981 | Z16: =I16-H16 -> 3.002 | AA16: =J16-I16 -> 2.676 | AB16: =K16-J16 -> 1.197 | ... AE16: =N16-M16 -> 0.919 | AF16: =O16 -> 0.757
B17: kalorimetr č. 71182277 | C17: 24.092 | D17: 26.973 | E17: 27.934 | F17: 28.5 | G17: 28.655 | H17: 28.76 | I17: 28.848 | J17: 28.904 | K17: 28.925 | L17: 28.947 | M17: 28.959 | N17: 30.703 | O17: 33.49 | Q17: =O17-C17 -> 9.398
A18: 8 | B18: vodoměr č. 190834118 | C18: 464.177 | D18: 474.124 | E18: 480.467 | F18: 489.438 | G18: 499.764 | H18: 509.14 | I18: 516.79 | J18: 526.861 | K18: 533.048 | L18: 544.927 | M18: 557.473 | N18: 570.15 | O18: 13.38 | P18: =O18+N18-C18 -> 119.353 | T18: 8 | U18: =D18-C18 -> 9.947 | V18: =E18-D18 -> 6.343 | W18: =F18-E18 -> 8.971 | X18: =G18-F18 -> 10.326 | Y18: =H18-G18 -> 9.376 | Z18: =I18-H18 -> 7.65 | AA18: =J18-I18 -> 10.071 | AB18: =K18-J18 -> 6.187 | ... AE18: =N18-M18 -> 12.677 | AF18: =O18 -> 13.38
B19: kalorimetr č. 71182246 | C19: 31.794 | D19: 34.533 | E19: 35.619 | F19: 37.195 | G19: 38.159 | H19: 38.744 | I19: 39.196 | J19: 39.667 | K19: 39.974 | L19: 40.514 | M19: 41.645 | N19: 44.499 | O19: 47.794 | Q19: =O19-C19 -> 16
A20: 9 | B20: vodoměr č. 221525380 | C20: 120.553 | D20: 134.243 | E20: 145.541 | F20: 158.092 | G20: 170.298 | H20: 183.58 | I20: 193.644 | J20: 204.368 | K20: 217.372 | L20: 225.864 | M20: 237.317 | N20: 249.9 | O20: 13.636 | P20: =O20+N20-C20 -> 142.983 | T20: 9 | U20: =D20-C20 -> 13.69 | V20: =E20-D20 -> 11.298 | W20: =F20-E20 -> 12.551 | X20: =G20-F20 -> 12.206 | Y20: =H20-G20 -> 13.282 | Z20: =I20-H20 -> 10.064 | AA20: =J20-I20 -> 10.724 | AB20: =K20-J20 -> 13.004 | ... AE20: =N20-M20 -> 12.583 | AF20: =O20 -> 13.636
B21: kalorimetr č. 71182282 | C21: 75.11 | D21: 81.221 | E21: 86.536 | F21: 91.323 | G21: 94.656 | H21: 96.408 | I21: 97.124 | J21: 97.814 | K21: 98.55 | L21: 100.229 | M21: 105.668 | N21: 112.131 | O21: 118.749 | Q21: =O21-C21 -> 43.639
A22: 10 | B22: vodoměr č. 190834129 | C22: 362.081 | D22: 369.734 | E22: 377.57 | F22: 385.083 | G22: 393.384 | H22: 399.9 | I22: 408.013 | J22: 415.715 | K22: 416.362 | L22: 422.891 | M22: 429.256 | N22: 436.16 | O22: 6.461 | P22: =O22+N22-C22 -> 80.54 | T22: 10 | U22: =D22-C22 -> 7.653 | V22: =E22-D22 -> 7.836 | W22: =F22-E22 -> 7.513 | X22: =G22-F22 -> 8.301 | Y22: =H22-G22 -> 6.516 | Z22: =I22-H22 -> 8.113 | AA22: =J22-I22 -> 7.702 | AB22: =K22-J22 -> 0.647 | ... AE22: =N22-M22 -> 6.904 | AF22: =O22 -> 6.461
B23: kalorimetr č. 71182240 | C23: 48.123 | D23: 52.404 | E23: 55.042 | F23: 56.853 | G23: 57.95 | H23: 58.56 | I23: 59.211 | J23: 59.742 | K23: 59.938 | L23: 60.554 | M23: 61.767 | N23: 64.99 | O23: 68.613 | Q23: =O23-C23 -> 20.49
P24: =SUM(P4:P23) -> 872.189 | Q24: =SUM(Q4:Q23) -> 196.648
A25: spol.spotř. | B25: elektroměr č. 2080200097 | C25: 10067 | D25: 10256 | E25: 10441 | F25: 10628 | G25: 10825 | H25: 11005 | I25: 11220 | J25: 11398 | K25: 11597 | L25: 11775 | M25: 11950 | N25: 12144 | O25: 12333 | R25: =O25-C25 -> 2266
B26: patní vodoměr č. 190976792 | C26: 4486.8 | D26: 4584.8 | E26: 4666.6 | F26: 4746.9 | G26: 4831.5 | H26: 4915.7 | I26: 4995 | J26: 5064.9 | K26: 5127.8 | L26: 5207 | M26: 5288.5 | N26: 5371.6 | O26: 85.5 | P26: =O26+N26-C26 -> 970.3
B27: patní kalorimetr č./ GJ | C27: 71.6 | D27: 112.34 | E27: 136.92 | F27: 157.11 | G27: 168.42 | H27: 173.53 | I27: 176.57 | J27: 178.53 | K27: 180 | L27: 184.56 | M27: 198.23 | N27: 226.21 | O27: 258.05 | Q27: =(O27-C27) -> 186.45 | R27: GJ
B28: patní kalorimetr č./kub.m | C28: 448 | D28: 699 | E28: 849 | F28: 973 | G28: 1148 | H28: 1188 | I28: 1215 | J28: 1233 | K28: 1248 | L28: 1281 | M28: 1382 | N28: 1569 | O28: 1803 | Q28: =O28-C28 -> 1355 | R28: m3
A29: ='1850'!A29 -> fakturační vodoměr č. 63796 | C29: ='1850'!C29 -> 24212 | D29: ='1850'!D29 -> 24552.7 | E29: ='1850'!E29 -> 24857.7 | F29: ='1850'!F29 -> 25187.3 | G29: ='1850'!G29 -> 25525.5 | H29: ='1850'!H29 -> 25865 | I29: ='1850'!I29 -> 26188.7 | J29: ='1850'!J29 -> 26482.4 | ... O29: ='1850'!O29 -> 28101 | P29: =O29-C29 -> 3889
C31: byt | D31: Reklamace - výměna | F31: číslo | G31: stav | I31: Dne 31.7.2023 odpojen kalor. (cejchování), | M31: stav: | N31: 257.22 | O31: MWh
C32: 9 | D32: 43950 | E32: starý | F32: 190834113 | G32: =M20+7.7 -> 245.017 | I32: Dne 3.8.2023 zapojen znovuzapojení, | M32: stav: | N32: 0 | O32: GJ
E33: nový | F33: 221525380 | G33: 0
D35: Výměna elektroměru
D36: 43956 | E36: starý
E37: nový

Sheet 1853
A2: 1853 | C2: ='1850'!C2 -> 45292 | D2: ='1850'!D2 -> 45323 | E2: ='1850'!E2 -> 45352 | F2: ='1850'!F2 -> 45383 | G2: ='1850'!G2 -> 45413 | H2: ='1850'!H2 -> 45444 | I2: ='1850'!I2 -> 45474 | J2: ='1850'!J2 -> 45505 | ... O2: ='1850'!O2 -> 45658 | P2: Voda | Q2: Teplo | R2: Elektr | Y2: spotřeby po měsících
A3: byt č. | C3: prosinec | D3: leden | E3: únor | F3: březen | G3: duben | H3: květen | I3: červen | J3: červenec | K3: srpen | L3: září | M3: říjen | N3: listopad | O3: prosinec | P3: m3 | Q3: GJ | R3: KWh | T3: byt | U3: leden | V3: únor | W3: březen | X3: duben | Y3: květen | Z3: červen | AA3: červenec | AB3: srpen | AC3: září | AD3: říjen | AE3: listopad | AF3: prosinec
A4: 1 | B4: vodoměr č. 190834100 | C4: 681.208 | D4: 695.246 | E4: 706.109 | F4: 719.292 | G4: 733.247 | H4: 748.32 | I4: 760.38 | J4: 772.512 | K4: 783.343 | L4: 797.527 | M4: 811.583 | N4: 823.7 | O4: 15.692 | P4: =O4+N4-C4 -> 158.184 | T4: 1 | U4: =D4-C4 -> 14.038 | V4: =E4-D4 -> 10.863 | W4: =F4-E4 -> 13.183 | X4: =G4-F4 -> 13.955 | Y4: =H4-G4 -> 15.073 | Z4: =I4-H4 -> 12.06 | AA4: =J4-I4 -> 12.132 | AB4: =K4-J4 -> 10.831 | ... AE4: =N4-M4 -> 12.117 | AF4: =O4 -> 15.692
B5: kalorimetr č. 71182275 | C5: 63.385 | D5: 69.98 | E5: 73.73 | F5: 77.335 | G5: 79.244 | H5: 80.351 | I5: 81.105 | J5: 81.747 | K5: 82.213 | L5: 83.103 | M5: 84.905 | N5: 89.972 | O5: 95.658 | Q5: =O5-C5 -> 32.273
A6: 2 | B6: vodoměr č. 190906789 | C6: 374.776 | D6: 380.622 | E6: 381.514 | F6: 385.369 | G6: 392.761 | H6: 399.297 | I6: 404.69 | J6: 410.22 | K6: 416.625 | L6: 421.818 | M6: 427.984 | N6: 433.52 | O6: 7.571 | P6: =O6+N6-C6 -> 66.315 | T6: 2 | U6: =D6-C6 -> 5.846 | V6: =E6-D6 -> 0.892 | W6: =F6-E6 -> 3.855 | X6: =G6-F6 -> 7.392 | Y6: =H6-G6 -> 6.536 | Z6: =I6-H6 -> 5.393 | AA6: =J6-I6 -> 5.53 | AB6: =K6-J6 -> 6.405 | ... AE6: =N6-M6 -> 5.536 | AF6: =O6 -> 7.571
B7: kalorimetr č. 71182253 | C7: 18.928 | D7: 20.662 | E7: 20.897 | F7: 21.694 | G7: 22.445 | H7: 22.755 | I7: 22.944 | J7: 23.148 | K7: 23.398 | L7: 23.59 | M7: 24.01 | N7: 25.547 | O7: 27.501 | Q7: =O7-C7 -> 8.573
A8: 3 | B8: vodoměr č. 190906786 | C8: 253.555 | D8: 260.323 | E8: 266.013 | F8: 271.106 | G8: 277.774 | H8: 287.424 | I8: 296.309 | J8: 301.97 | K8: 306.653 | L8: 311.587 | M8: 316.617 | N8: 321.46 | O8: 6.239 | P8: =O8+N8-C8 -> 74.144 | T8: 3 | U8: =D8-C8 -> 6.768 | V8: =E8-D8 -> 5.69 | W8: =F8-E8 -> 5.093 | X8: =G8-F8 -> 6.668 | Y8: =H8-G8 -> 9.65 | Z8: =I8-H8 -> 8.885 | AA8: =J8-I8 -> 5.661 | AB8: =K8-J8 -> 4.683 | ... AE8: =N8-M8 -> 4.843 | AF8: =O8 -> 6.239
B9: kalorimetr č. 71182217 | C9: 46.913 | D9: 50.2 | E9: 52.259 | F9: 54.218 | G9: 55.004 | H9: 55.498 | I9: 55.859 | J9: 56.083 | K9: 56.245 | L9: 56.441 | M9: 56.781 | N9: 59.041 | O9: 62.257 | Q9: =O9-C9 -> 15.344
A10: 4 | B10: vodoměr č. 190834105 | C10: 248.363 | D10: 253.546 | E10: 258.606 | F10: 263.645 | G10: 268.074 | H10: 273.553 | I10: 278.398 | J10: 283.576 | K10: 288.085 | L10: 291.682 | M10: 295.627 | N10: 298.14 | O10: 3.377 | P10: =O10+N10-C10 -> 53.154 | T10: 4 | U10: =D10-C10 -> 5.183 | V10: =E10-D10 -> 5.06 | W10: =F10-E10 -> 5.039 | X10: =G10-F10 -> 4.429 | Y10: =H10-G10 -> 5.479 | Z10: =I10-H10 -> 4.845 | AA10: =J10-I10 -> 5.178 | AB10: =K10-J10 -> 4.509 | ... AE10: =N10-M10 -> 2.513 | AF10: =O10 -> 3.377
B11: kalorimetr č. 71182254 | C11: 20.852 | D11: 23.041 | E11: 23.879 | F11: 24.46 | G11: 24.813 | H11: 25.179 | I11: 25.491 | J11: 25.765 | K11: 26.009 | L11: 26.269 | M11: 26.792 | N11: 29.164 | O11: 31.791 | Q11: =O11-C11 -> 10.939
A12: 5 | B12: vodoměr č. 190906792 | C12: 393.043 | D12: 402.168 | E12: 411.061 | F12: 420.477 | G12: 428.158 | H12: 435.667 | I12: 443.959 | J12: 451.326 | K12: 456.416 | L12: 462.846 | M12: 469.497 | N12: 475.18 | O12: 7.298 | P12: =O12+N12-C12 -> 89.435 | T12: 5 | U12: =D12-C12 -> 9.125 | V12: =E12-D12 -> 8.893 | W12: =F12-E12 -> 9.416 | X12: =G12-F12 -> 7.681 | Y12: =H12-G12 -> 7.509 | Z12: =I12-H12 -> 8.292 | AA12: =J12-I12 -> 7.367 | AB12: =K12-J12 -> 5.09 | ... AE12: =N12-M12 -> 5.683 | AF12: =O12 -> 7.298
B13: kalorimetr č. 71182267 | C13: 20.087 | D13: 21.899 | E13: 23.499 | F13: 24.603 | G13: 25.047 | H13: 25.413 | I13: 25.774 | J13: 26.067 | K13: 26.255 | L13: 26.55 | M13: 26.946 | N13: 27.558 | O13: 28.57 | Q13: =O13-C13 -> 8.483
A14: 6 | B14: vodoměr č. 190906795 | C14: 216.426 | D14: 220.66 | E14: 225.233 | F14: 230.104 | G14: 234.518 | H14: 238.842 | I14: 242.11 | J14: 245.317 | K14: 249.984 | L14: 253.374 | M14: 258.492 | N14: 262.88 | O14: 6.274 | P14: =O14+N14-C14 -> 52.728 | T14: 6 | U14: =D14-C14 -> 4.234 | V14: =E14-D14 -> 4.573 | W14: =F14-E14 -> 4.871 | X14: =G14-F14 -> 4.414 | Y14: =H14-G14 -> 4.324 | Z14: =I14-H14 -> 3.268 | AA14: =J14-I14 -> 3.207 | AB14: =K14-J14 -> 4.667 | ... AE14: =N14-M14 -> 4.388 | AF14: =O14 -> 6.274
B15: kalorimetr č. 71182261 | C15: 29.189 | D15: 32.329 | E15: 33.929 | F15: 34.832 | G15: 35.31 | H15: 35.49 | I15: 35.618 | J15: 35.744 | K15: 35.886 | L15: 36.003 | M15: 36.882 | N15: 39.923 | O15: 43.35 | Q15: =O15-C15 -> 14.161
A16: 7 | B16: vodoměr č. 190834103 | C16: 542.297 | D16: 554.67 | E16: 566.46 | F16: 578.364 | G16: 589.986 | H16: 600.976 | I16: 612.43 | J16: 620.362 | K16: 630.345 | L16: 641.043 | M16: 650.999 | N16: 662.04 | O16: 14.626 | P16: =O16+N16-C16 -> 134.369 | T16: 7 | U16: =D16-C16 -> 12.373 | V16: =E16-D16 -> 11.79 | W16: =F16-E16 -> 11.904 | X16: =G16-F16 -> 11.622 | Y16: =H16-G16 -> 10.99 | Z16: =I16-H16 -> 11.454 | AA16: =J16-I16 -> 7.932 | AB16: =K16-J16 -> 9.983 | ... AE16: =N16-M16 -> 11.041 | AF16: =O16 -> 14.626
B17: kalorimetr č. 71182272 | C17: 56.159 | D17: 60.185 | E17: 62.802 | F17: 64.586 | G17: 65.856 | H17: 66.692 | I17: 67.51 | J17: 68.03 | K17: 68.567 | L17: 69.244 | M17: 70.145 | N17: 72.98 | O17: 76.723 | Q17: =O17-C17 -> 20.564
A18: 8 | B18: vodoměr č. 190834101 | C18: 341.374 | D18: 350.045 | E18: 358.468 | F18: 368.423 | G18: 376.905 | H18: 387.052 | I18: 394.917 | J18: 402.476 | K18: 407.095 | L18: 416.893 | M18: 428.176 | N18: 437.37 | O18: 11.299 | P18: =O18+N18-C18 -> 107.295 | T18: 8 | U18: =D18-C18 -> 8.671 | V18: =E18-D18 -> 8.423 | W18: =F18-E18 -> 9.955 | X18: =G18-F18 -> 8.482 | Y18: =H18-G18 -> 10.147 | Z18: =I18-H18 -> 7.865 | AA18: =J18-I18 -> 7.559 | AB18: =K18-J18 -> 4.619 | ... AE18: =N18-M18 -> 9.194 | AF18: =O18 -> 11.299
B19: kalorimetr č. 71182249 | C19: 40.132 | D19: 44.522 | E19: 47.216 | F19: 48.726 | G19: 49.483 | H19: 50.123 | I19: 50.514 | J19: 50.875 | K19: 51.089 | L19: 51.548 | M19: 52.246 | N19: 55.01 | O19: 58.519 | Q19: =O19-C19 -> 18.387
A20: 9 | B20: vodoměr č. 190834108 | C20: 188.598 | D20: 192.019 | E20: 195.226 | F20: 198.464 | G20: 201.788 | H20: 205.111 | I20: 208.37 | J20: 212.078 | K20: 216.369 | L20: 216.934 | M20: 217.289 | N20: 218.68 | O20: 3.939 | P20: =O20+N20-C20 -> 34.021 | T20: 9 | U20: =D20-C20 -> 3.421 | V20: =E20-D20 -> 3.207 | W20: =F20-E20 -> 3.238 | X20: =G20-F20 -> 3.324 | Y20: =H20-G20 -> 3.323 | Z20: =I20-H20 -> 3.259 | AA20: =J20-I20 -> 3.708 | AB20: =K20-J20 -> 4.291 | ... AE20: =N20-M20 -> 1.391 | AF20: =O20 -> 3.939
B21: kalorimetr č. 71182281 | C21: 46.407 | D21: 51.336 | E21: 54.224 | F21: 56.337 | G21: 57.22 | H21: 57.532 | I21: 57.792 | J21: 58.025 | K21: 58.255 | L21: 59.365 | M21: 60.746 | N21: 64.044 | O21: 68.216 | Q21: =O21-C21 -> 21.809
A22: 10 | B22: vodoměr č. 190906953 | C22: 191.288 | D22: 193.853 | E22: 196.036 | F22: 198.678 | G22: 200.591 | H22: 202.963 | I22: 205.17 | J22: 206.802 | K22: 209.705 | L22: 212.494 | M22: 215.703 | N22: 218.09 | O22: 3.745 | P22: =O22+N22-C22 -> 30.547 | T22: 10 | U22: =D22-C22 -> 2.565 | V22: =E22-D22 -> 2.183 | W22: =F22-E22 -> 2.642 | X22: =G22-F22 -> 1.913 | Y22: =H22-G22 -> 2.372 | Z22: =I22-H22 -> 2.207 | AA22: =J22-I22 -> 1.632 | AB22: =K22-J22 -> 2.903 | ... AE22: =N22-M22 -> 2.387 | AF22: =O22 -> 3.745
B23: kalorimetr č. 71182268 | C23: 46.521 | D23: 50.274 | E23: 52.867 | F23: 54.755 | G23: 55.529 | H23: 55.689 | I23: 55.797 | J23: 55.862 | K23: 55.939 | L23: 56.156 | M23: 57.471 | N23: 60.354 | O23: 64.113 | Q23: =O23-C23 -> 17.592
B24: elektroměr č.2080200105 dům | C24: 8503 | D24: 8687 | E24: 8856 | F24: 9052 | G24: 9239 | H24: 9428 | I24: 9614 | J24: 9795 | K24: 9991 | L24: 10221 | M24: 10404 | N24: 10604 | O24: 10800 | P24: =SUM(P4:P23) -> 800.192 | Q24: =SUM(Q4:Q23) -> 168.125 | R24: =O24-C24 -> 2297
A25: spol.spotř. | B25: elektroměr č. 2080200100 VO | C25: 14439 | D25: 14792 | E25: 15114 | F25: 15436 | G25: 15694 | H25: 15925 | I25: 16128 | J25: 16352 | K25: 16611 | L25: 16904 | M25: 17247 | N25: 17630 | O25: 18016 | R25: =O25-C25 -> 3577 | T25: Zahrada | U25: =D26-C26 -> 0 | V25: =E26-D26 -> 0 | W25: =F26-E26 -> 0 | X25: =G26-F26 -> 13.007 | Y25: =H26-G26 -> 7.114 | Z25: =I26-H26 -> 15.413 | AA25: =J26-I26 -> 17.829 | AB25: =K26-J26 -> 28.312 | ... AF25: =O26-N26 -> 0
B26: vodoměr areál č.200076532 | C26: 547.775 | D26: 547.775 | E26: 547.775 | F26: 547.775 | G26: 560.782 | H26: 567.896 | I26: 583.309 | J26: 601.138 | K26: 629.45 | L26: 638.627 | M26: 640.722 | N26: 640.722 | O26: 640.722 | P26: =O26-C26 -> 92.947 | Q26: =ROUND(P26,0) -> 93 | R26: zahrada
B27: patní vodoměr č. 190976789 | C27: 4291.1 | D27: 4370.6 | E27: 4438.3 | F27: 4516.5 | G27: 4605.2 | H27: 4695.3 | I27: 4784.8 | J27: 4869.2 | K27: 4961.6 | L27: 5039.6 | M27: 5115 | N27: 5181.4 | O27: 90.7 | P27: =O27+N27-C27 -> 981 | Q27: =P27-Q26 -> 888 | R27: byty | U27: =(D27-C27)-(D26-C26) -> 79.5 | V27: =(E27-D27)-(E26-D26) -> 67.7 | W27: =(F27-E27)-(F26-E26) -> 78.2 | X27: =(G27-F27)-(G26-F26) -> 75.693 | Y27: =(H27-G27)-(H26-G26) -> 82.986 | Z27: =(I27-H27)-(I26-H26) -> 74.087 | AA27: =(J27-I27)-(J26-I26) -> 66.571 | AB27: =(K27-J27)-(K26-J26) -> 64.088 | ... AE27: =(N27-M27)-(N26-M26) -> 66.4 | AF27: =(O27)-(O26-N26) -> 90.7
B28: patní kalorimetr č./ GJ | C28: 63.56 | D28: 101.23 | E28: 123.24 | F28: 140.44 | G28: 148.66 | H28: 152.75 | I28: 155.75 | J28: 157.91 | K28: 159.63 | L28: 163.3 | M28: 171.49 | N28: 199.27 | O28: 232.37 | Q28: =(O28-C28) -> 168.81 | R28: GJ | U28: =(D28-C28) -> 37.67 | V28: =(E28-D28) -> 22.01 | W28: =(F28-E28) -> 17.2 | X28: =(G28-F28) -> 8.22 | Y28: =(H28-G28) -> 4.09 | Z28: =(I28-H28) -> 3 | AA28: =(J28-I28) -> 2.16 | AB28: =(K28-J28) -> 1.72 | ... AF28: =(O28-N28) -> 33.1
B29: patní kalorimetr č. /kub.m | C29: 442 | D29: 704 | E29: 850 | F29: 972.8 | G29: 1034 | H29: 1067 | I29: 1094 | J29: 1114 | K29: 1132 | L29: 1162 | M29: 1225 | N29: 1423 | O29: 1649 | Q29: =O29-C29 -> 1207 | R29: m3
A30: ='1850'!A29 -> fakturační vodoměr č. 63796 | C30: ='1850'!C29 -> 24212 | D30: ='1850'!D29 -> 24552.7 | E30: ='1850'!E29 -> 24857.7 | F30: ='1850'!F29 -> 25187.3 | G30: ='1850'!G29 -> 25525.5 | H30: ='1850'!H29 -> 25865 | I30: ='1850'!I29 -> 26188.7 | J30: ='1850'!J29 -> 26482.4 | ... O30: ='1850'!O29 -> 28101 | P30: =O30-C30 -> 3889
A32: 11 | B32: vodoměr SV č. 11717149 | C32: 18.236 | D32: 18.717 | E32: 19.598 | F32: 19.981 | G32: 20.418 | H32: 20.808 | I32: 21.447 | J32: 21.839 | K32: 22.26 | L32: 22.679 | M32: 23.002 | N32: 23.514 | O32: 23.853 | P32: =O32-C32 -> 5.617 | S32: SV | T32: 11 | U32: =D32-C32 -> 0.481 | V32: =E32-D32 -> 0.881 | W32: =F32-E32 -> 0.383 | X32: =G32-F32 -> 0.437 | Y32: =H32-G32 -> 0.39 | Z32: =I32-H32 -> 0.639 | AA32: =J32-I32 -> 0.392 | AB32: =K32-J32 -> 0.421 | ... AF32: =O32-N32 -> 0.339
B33: vodoměr TV č. 11683196 | C33: 0.871 | D33: 0.878 | E33: 0.95 | F33: 0.953 | G33: 0.957 | H33: 0.96 | I33: 0.989 | J33: 0.997 | K33: 1 | L33: 1.019 | M33: 1.024 | N33: 1.026 | O33: 1.05 | P33: =O33-C33 -> 0.179 | S33: TV | U33: =D33-C33 -> 0.007 | V33: =E33-D33 -> 0.072 | W33: =F33-E33 -> 0.003 | X33: =G33-F33 -> 0.004 | Y33: =H33-G33 -> 0.003 | Z33: =I33-H33 -> 0.029 | AA33: =J33-I33 -> 0.008 | AB33: =K33-J33 -> 0.003 | ... AF33: =O33-N33 -> 0.024
D35: Výměna elektroměru DŮM
D36: 43956 | E36: starý | O36: spotřeba SV byt č.3 pro vyúčt. | P36: =P8-P32-P33 -> 68.348
E37: nový | O37: spotřeba SV sklad č.11 pro vyúčt. | P37: =P32+P33 -> 5.796
D38: Výměna elektroměru AREÁL | O38: CELKEM : | P38: =SUM(P36:P37) -> 74.144
D39: 43956 | E39: starý
E40: nový | J40: Dne 31.7.2023 odpojen kalor. (cejchování), | N40: stav: | O40: 234.86 | P40: MWh
J41: Dne 3.8.2023 zapojen znovuzapojení, | N41: stav: | O41: 0 | P41: GJ
D42: Výměna vodoměru ZAHRADA | G42: Příští výměna 2026
D43: 43874 | E43: starý | F43: 10282180 | H43: 655.348
E44: nový | F44: 200076532 | H44: 0

Sheet 1854
A2: 1854 | C2: ='1850'!C2 -> 45292 | D2: ='1850'!D2 -> 45323 | E2: ='1850'!E2 -> 45352 | F2: ='1850'!F2 -> 45383 | G2: ='1850'!G2 -> 45413 | H2: ='1850'!H2 -> 45444 | I2: ='1850'!I2 -> 45474 | J2: ='1850'!J2 -> 45505 | ... O2: ='1850'!O2 -> 45658 | P2: voda | Q2: teplo | R2: Elektr | Y2: spotřeby po měsících
A3: byt č. | C3: prosinec | D3: leden | E3: únor | F3: březen | G3: duben | H3: květen | I3: červen | J3: červenec | K3: srpen | L3: září | M3: říjen | N3: listopad | O3: prosinec | P3: m3 | Q3: GJ | R3: KWh | T3: byt | U3: leden | V3: únor | W3: březen | X3: duben | Y3: květen | Z3: červen | AA3: červenec | AB3: srpen | AC3: září | AD3: říjen | AE3: listopad | AF3: prosinec
A4: 1 | B4: vodoměr č. 190906992 | C4: 325.996 | D4: 328.527 | E4: 331.037 | F4: 333.661 | G4: 336.396 | H4: 339.073 | I4: 341.338 | J4: 343.28 | K4: 345.066 | L4: 347.737 | M4: 349.905 | N4: 352.01 | O4: 2.875 | P4: =O4+N4-C4 -> 28.889 | T4: 1 | U4: =D4-C4 -> 2.531 | V4: =E4-D4 -> 2.51 | W4: =F4-E4 -> 2.624 | X4: =G4-F4 -> 2.735 | Y4: =H4-G4 -> 2.677 | Z4: =I4-H4 -> 2.265 | AA4: =J4-I4 -> 1.942 | AB4: =K4-J4 -> 1.786 | ... AE4: =N4-M4 -> 2.105 | AF4: =O4 -> 2.875
B5: kalorimetr č. 71182259 | C5: 50.515 | D5: 54.441 | E5: 57.165 | F5: 59.376 | G5: 60.59 | H5: 60.859 | I5: 61.069 | J5: 61.252 | K5: 61.419 | L5: 61.639 | M5: 62.884 | N5: 65.735 | O5: 69.398 | Q5: =O5-C5 -> 18.883
A6: 2 | B6: vodoměr č. 190906991 | C6: 266.566 | D6: 272.14 | E6: 276.014 | F6: 282.535 | G6: 287.058 | H6: 293.768 | I6: 299.902 | J6: 305.205 | K6: 310.877 | L6: 317.434 | M6: 324.256 | N6: 329.88 | O6: 5.8 | P6: =O6+N6-C6 -> 69.114 | T6: 2 | U6: =D6-C6 -> 5.574 | V6: =E6-D6 -> 3.874 | W6: =F6-E6 -> 6.521 | X6: =G6-F6 -> 4.523 | Y6: =H6-G6 -> 6.71 | Z6: =I6-H6 -> 6.134 | AA6: =J6-I6 -> 5.303 | AB6: =K6-J6 -> 5.672 | ... AE6: =N6-M6 -> 5.624 | AF6: =O6 -> 5.8
B7: kalorimetr č. 71182248 | C7: 72.397 | D7: 78.843 | E7: 82.657 | F7: 85.796 | G7: 87.629 | H7: 88.355 | I7: 88.922 | J7: 89.268 | K7: 89.623 | L7: 90.049 | M7: 92.237 | N7: 96.864 | O7: 102.543 | Q7: =O7-C7 -> 30.146
A8: 3 | B8: vodoměr č. 190906988 | C8: 349.848 | D8: 354.799 | E8: 359.792 | F8: 366.148 | G8: 371.5 | H8: 376.717 | I8: 382.853 | J8: 388.634 | K8: 394.888 | L8: 399.738 | M8: 404.987 | N8: 409.11 | O8: 5.638 | P8: =O8+N8-C8 -> 64.9 | T8: 3 | U8: =D8-C8 -> 4.951 | V8: =E8-D8 -> 4.993 | W8: =F8-E8 -> 6.356 | X8: =G8-F8 -> 5.352 | Y8: =H8-G8 -> 5.217 | Z8: =I8-H8 -> 6.136 | AA8: =J8-I8 -> 5.781 | AB8: =K8-J8 -> 6.254 | ... AE8: =N8-M8 -> 4.123 | AF8: =O8 -> 5.638
B9: kalorimetr č. 71182258 | C9: 80.77 | D9: 87.89 | E9: 93.204 | F9: 97.842 | G9: 100.887 | H9: 101.548 | I9: 101.867 | J9: 102.116 | K9: 102.34 | L9: 102.802 | M9: 105.44 | N9: 111.102 | O9: 117.96 | Q9: =O9-C9 -> 37.19
A10: 4 | B10: vodoměr č. 190906987 | C10: 331.89 | D10: 339.344 | E10: 347.045 | F10: 355.69 | G10: 363.038 | H10: 370.42 | I10: 377.378 | J10: 384.552 | K10: 391.386 | L10: 397.758 | M10: 403.506 | N10: 409.56 | O10: 7.666 | P10: =O10+N10-C10 -> 85.336 | T10: 4 | U10: =D10-C10 -> 7.454 | V10: =E10-D10 -> 7.701 | W10: =F10-E10 -> 8.645 | X10: =G10-F10 -> 7.348 | Y10: =H10-G10 -> 7.382 | Z10: =I10-H10 -> 6.958 | AA10: =J10-I10 -> 7.174 | AB10: =K10-J10 -> 6.834 | ... AE10: =N10-M10 -> 6.054 | AF10: =O10 -> 7.666
B11: kalorimetr č. 71182242 | C11: 24.163 | D11: 25.936 | E11: 26.626 | F11: 27.158 | G11: 27.634 | H11: 28.091 | I11: 28.477 | J11: 28.838 | K11: 29.138 | L11: 29.475 | M11: 29.784 | N11: 30.647 | O11: 31.658 | Q11: =O11-C11 -> 7.495
A12: 5 | B12: vodoměr č. 221525395 | C12: 0.643 | D12: 0.76 | E12: 1.014 | F12: 1.059 | G12: 1.216 | H12: 1.248 | I12: 1.474 | J12: 1.523 | K12: 1.551 | L12: 1.579 | M12: 1.851 | N12: 1.851 | O12: 0.057 | P12: =O12+N12-C12 -> 1.265 | T12: 5 | U12: =D12-C12 -> 0.117 | V12: =E12-D12 -> 0.254 | W12: =F12-E12 -> 0.045 | X12: =G12-F12 -> 0.157 | Y12: =H12-G12 -> 0.032 | Z12: =I12-H12 -> 0.226 | AA12: =J12-I12 -> 0.049 | AB12: =K12-J12 -> 0.028 | ... AE12: =N12-M12 -> 0 | AF12: =O12 -> 0.057
B13: kalorimetr č. 71182255 | C13: 6.71 | D13: 6.712 | E13: 6.714 | F13: 6.715 | G13: 6.717 | H13: 6.717 | I13: 6.723 | J13: 6.724 | K13: 6.726 | L13: 6.726 | M13: 6.728 | N13: 6.729 | O13: 6.73 | Q13: =O13-C13 -> 0.02
A14: 6 | B14: vodoměr č. 190906994 | C14: 424.951 | D14: 435.33 | E14: 442.197 | F14: 449.43 | G14: 457.981 | H14: 468.467 | I14: 477.96 | J14: 481.304 | K14: 490.841 | L14: 506.766 | M14: 520.373 | N14: 534 | O14: 14.895 | P14: =O14+N14-C14 -> 123.944 | T14: 6 | U14: =D14-C14 -> 10.379 | V14: =E14-D14 -> 6.867 | W14: =F14-E14 -> 7.233 | X14: =G14-F14 -> 8.551 | Y14: =H14-G14 -> 10.486 | Z14: =I14-H14 -> 9.493 | AA14: =J14-I14 -> 3.344 | AB14: =K14-J14 -> 9.537 | ... AE14: =N14-M14 -> 13.627 | AF14: =O14 -> 14.895
B15: kalorimetr č. 71182230 | C15: 21.9 | D15: 23.801 | E15: 24.465 | F15: 24.875 | G15: 25.422 | H15: 25.996 | I15: 26.459 | J15: 26.702 | K15: 27.234 | L15: 28.276 | M15: 29.355 | N15: 31.671 | O15: 34.229 | Q15: =O15-C15 -> 12.329
A16: 7 | B16: vodoměr č. 190906986 | C16: 141.492 | D16: 142.585 | E16: 144.777 | F16: 147.672 | G16: 150.358 | H16: 153.847 | I16: 157.334 | J16: 160.635 | K16: 163.871 | L16: 167.234 | M16: 171.713 | N16: 175.46 | O16: 4.367 | P16: =O16+N16-C16 -> 38.335 | T16: 7 | U16: =D16-C16 -> 1.093 | V16: =E16-D16 -> 2.192 | W16: =F16-E16 -> 2.895 | X16: =G16-F16 -> 2.686 | Y16: =H16-G16 -> 3.489 | Z16: =I16-H16 -> 3.487 | AA16: =J16-I16 -> 3.301 | AB16: =K16-J16 -> 3.236 | ... AE16: =N16-M16 -> 3.747 | AF16: =O16 -> 4.367
B17: kalorimetr č. 71182247 | C17: 15.669 | D17: 16.387 | E17: 17.358 | F17: 18.012 | G17: 18.427 | H17: 18.888 | I17: 19.314 | J17: 19.696 | K17: 20.04 | L17: 20.436 | M17: 20.959 | N17: 22.435 | O17: 24.471 | Q17: =O17-C17 -> 8.802
A18: 8 | B18: vodoměr č. 191519281 | C18: 322.8 | D18: 328.711 | E18: 333.853 | F18: 339.466 | G18: 344.969 | H18: 352.462 | I18: 358.678 | J18: 365.297 | K18: 371.626 | L18: 378.725 | M18: 384.749 | N18: 389.9 | O18: 6.421 | P18: =O18+N18-C18 -> 73.521 | T18: 8 | U18: =D18-C18 -> 5.911 | V18: =E18-D18 -> 5.142 | W18: =F18-E18 -> 5.613 | X18: =G18-F18 -> 5.503 | Y18: =H18-G18 -> 7.493 | Z18: =I18-H18 -> 6.216 | AA18: =J18-I18 -> 6.619 | AB18: =K18-J18 -> 6.329 | ... AE18: =N18-M18 -> 5.151 | AF18: =O18 -> 6.421
B19: kalorimetr č. 71182232 | C19: 57.194 | D19: 62.948 | E19: 66.594 | F19: 69.307 | G19: 70.506 | H19: 70.839 | I19: 71.097 | J19: 71.297 | K19: 71.464 | L19: 71.702 | M19: 73.36 | N19: 77.601 | O19: 82.638 | Q19: =O19-C19 -> 25.444
A20: 9 | B20: vodoměr č. 190906990 | C20: 602.928 | D20: 614.188 | E20: 624.109 | F20: 636.758 | G20: 646.045 | H20: 656.683 | I20: 668.582 | J20: 679.059 | K20: 691.88 | L20: 704.331 | M20: 715.417 | N20: 727.64 | O20: 12.707 | P20: =O20+N20-C20 -> 137.419 | T20: 9 | U20: =D20-C20 -> 11.26 | V20: =E20-D20 -> 9.921 | W20: =F20-E20 -> 12.649 | X20: =G20-F20 -> 9.287 | Y20: =H20-G20 -> 10.638 | Z20: =I20-H20 -> 11.899 | AA20: =J20-I20 -> 10.477 | AB20: =K20-J20 -> 12.821 | ... AE20: =N20-M20 -> 12.223 | AF20: =O20 -> 12.707
B21: kalorimetr č. 71182228 | C21: 71.245 | D21: 77.351 | E21: 81.14 | F21: 83.837 | G21: 85.205 | H21: 85.79 | I21: 86.335 | J21: 86.771 | K21: 87.258 | L21: 87.772 | M21: 89.255 | N21: 93.047 | O21: 97.755 | Q21: =O21-C21 -> 26.51
A22: 10 | B22: vodoměr č. 190906995 | C22: 0.382 | D22: 0.382 | E22: 0.382 | F22: 0.383 | G22: 0.383 | H22: 0.383 | I22: 0.383 | J22: 0.384 | K22: 0.392 | L22: 0.392 | M22: 0.392 | N22: 0.392 | O22: 0.057 | P22: =O22+N22-C22 -> 0.067 | T22: 10 | U22: =D22-C22 -> 0 | V22: =E22-D22 -> 0 | W22: =F22-E22 -> 0.001 | X22: =G22-F22 -> 0 | Y22: =H22-G22 -> 0 | Z22: =I22-H22 -> 0 | AA22: =J22-I22 -> 0.001 | AB22: =K22-J22 -> 0.008 | ... AE22: =N22-M22 -> 0 | AF22: =O22 -> 0.057
B23: kalorimetr č. 71182263 | C23: 0.136 | D23: 0.137 | E23: 0.137 | F23: 0.138 | G23: 0.144 | H23: 0.146 | I23: 0.148 | J23: 0.149 | K23: 0.149 | L23: 0.149 | M23: 0.15 | N23: 0.15 | O23: 0.15 | Q23: =O23-C23 -> 0.014
P24: =SUM(P4:P23) -> 622.79 | Q24: =SUM(Q4:Q23) -> 166.833
A25: spol.spotř. | B25: elektroměr č. 72370871 | C25: 57342 | D25: 57527 | E25: 57707 | F25: 57893 | G25: 58074 | H25: 192 | I25: 393 | J25: 611 | K25: 813 | L25: 993 | M25: 1184 | N25: 1374 | O25: 1556 | R25: =O25-G44+G43-C25 -> 2283
B26: patní vodoměr č. 190976793 | C26: 3042.4 | D26: 3097.6 | E26: 3145.3 | F26: 3203.7 | G26: 3254.8 | H26: 3315.2 | I26: 3374.2 | J26: 3423.2 | K26: 3481.1 | L26: 3547.2 | M26: 3608.1 | N26: 3667 | O26: 66.3 | P26: =O26+N26-C26 -> 690.9
B27: patní kalorimetr č. 70465263/ GJ | C27: 678.51 | D27: 714.71 | E27: 737.94 | F27: 756.09 | G27: 766.79 | H27: 771.58 | I27: 775.47 | J27: 778.18 | K27: 780.67 | L27: 784.68 | M27: 796.62 | N27: 824.98 | O27: 859.25 | Q27: =O27-C27 -> 180.74 | R27: GJ
B28: patní kalorimetr č. / kub.m | C28: 5485 | D28: 5748 | E28: 5901 | F28: 6028 | G28: 6113 | H28: 6174 | I28: 6229 | J28: 6269 | K28: 6303 | L28: 6347 | M28: 6435 | N28: 6622 | O28: 6850 | Q28: =O28-C28 -> 1365 | R28: m3
A29: Fakturační vodoměr: 42012114941 | C29: 11067 | D29: 11362.8 | E29: 11626.9 | F29: 11916.3 | G29: 12197 | H29: 12488 | I29: 12761.9 | J29: 12999.7 | K29: 13270.1 | L29: 13553.4 | M29: 13826.2 | N29: 14094.3 | O29: 14411 | P29: =O29-C29 -> 3344
E32: Výměna kalorimetru pata | H32: MWh | I32: m3 | K32: Výměna faktur.vodoměru výr.č. | N32: m3
D33: demontáž | E33: 43984 | F33: starý | K33: 44095 | L33: starý
G34: výr.č. | H34: GJ | I34: m3 | M34: výr.č. | N34: m3
D35: montáž | E35: 43986 | F35: nový | K35: 44095 | L35: nový
C38: byt | D38: Reklamace - výměna | F38: číslo | G38: stav | N38: Odečet vodárny 31.12.2023 | O38: =C29 -> 11067
C39: 5 | D39: 43950 | E39: starý | F39: 190907002 | G39: 0.602
E40: nový | F40: 221525395 | G40: 0.02 | N40: Odečet vodárny 31.12.2024 | O40: =O29 -> 14411
C42: Výměna elektroměru DŮM | N42: spotřeba | O42: =O40-O38-O39 -> 3344
C43: 45415 | D43: starý | E43: 72370871 | G43: 58085
D44: nový | E44: 2480481736 | G44: 16

Sheet 1855
AH1: statistika | AI1: leden - listopad
A2: 1855 | C2: ='1850'!C2 -> 45292 | D2: ='1850'!D2 -> 45323 | E2: ='1850'!E2 -> 45352 | F2: ='1850'!F2 -> 45383 | G2: ='1850'!G2 -> 45413 | H2: ='1850'!H2 -> 45444 | I2: ='1850'!I2 -> 45474 | J2: ='1850'!J2 -> 45505 | ... O2: ='1850'!O2 -> 45658 | P2: voda | Q2: teplo | R2: elektr | Y2: spotřeby po měsících | AH2: byt | AI2: 2024 | AJ2: 2023 | AK2: 2022 | AL2: 2021
A3: byt č. | C3: prosinec | D3: leden | E3: únor | F3: březen | G3: duben | H3: květen | I3: červen | J3: červenec | K3: srpen | L3: září | M3: říjen | N3: listopad | O3: prosinec | P3: m3 | Q3: GJ | R3: KWh | T3: byt | U3: leden | V3: únor | W3: březen | X3: duben | Y3: květen | Z3: červen | AA3: červenec | AB3: srpen | AC3: září | AD3: říjen | AE3: listopad | AF3: prosinec
A4: 1 | B4: vodoměr č. 191519259 | C4: 657.648 | D4: 668.497 | E4: 681.746 | F4: 694.943 | G4: 705.503 | H4: 717.718 | I4: 729.226 | J4: 735.55 | K4: 744.443 | L4: 753.335 | M4: 762.04 | N4: 770.98 | O4: 11.974 | P4: =O4+N4-C4 -> 125.306 | T4: 1 | U4: =D4-C4 -> 10.849 | V4: =E4-D4 -> 13.249 | W4: =F4-E4 -> 13.197 | X4: =G4-F4 -> 10.56 | Y4: =H4-G4 -> 12.215 | Z4: =I4-H4 -> 11.508 | AA4: =J4-I4 -> 6.324 | AB4: =K4-J4 -> 8.893 | ... AE4: =N4-M4 -> 8.94 | AF4: =O4 -> 11.974 | AH4: 1 | AI4: =SUM(U4:AE4) -> 113.332 | AJ4: 124.65 | AK4: 143.755 | AL4: 166.556
B5: kalorimetr č. 71182223 | C5: 88.737 | D5: 95.45 | E5: 99.925 | F5: 103.194 | G5: 105.304 | H5: 106.35 | I5: 107.187 | J5: 107.658 | K5: 108.114 | L5: 108.779 | M5: 110.535 | N5: 115.069 | O5: 121.09 | Q5: =O5-C5 -> 32.353 | T5: teplo | U5: =D5-C5 -> 6.713 | V5: =E5-D5 -> 4.475 | W5: =F5-E5 -> 3.269 | X5: =G5-F5 -> 2.11 | Y5: =H5-G5 -> 1.046 | Z5: =I5-H5 -> 0.837 | AA5: =J5-I5 -> 0.471 | AB5: =K5-J5 -> 0.456 | ... AF5: =O5-N5 -> 6.021
A6: 2 | B6: vodoměr č. 191519283 | C6: 788.496 | D6: 804.807 | E6: 817.378 | F6: 832.878 | G6: 849.085 | H6: 865.66 | I6: 881.191 | J6: 891.882 | K6: 906.721 | L6: 922.993 | M6: 937.015 | N6: 952.03 | O6: 16.076 | P6: =O6+N6-C6 -> 179.61 | T6: 2 | U6: =D6-C6 -> 16.311 | V6: =E6-D6 -> 12.571 | W6: =F6-E6 -> 15.5 | X6: =G6-F6 -> 16.207 | Y6: =H6-G6 -> 16.575 | Z6: =I6-H6 -> 15.531 | AA6: =J6-I6 -> 10.691 | AB6: =K6-J6 -> 14.839 | ... AE6: =N6-M6 -> 15.015 | AF6: =O6 -> 16.076 | AH6: 2 | AI6: =SUM(U6:AE6) -> 163.534 | AJ6: 153.83 | AK6: 160.272 | AL6: 194.584
B7: kalorimetr č. 71182224 | C7: 70.481 | D7: 76.114 | E7: 79.071 | F7: 82.012 | G7: 84.304 | H7: 85.488 | I7: 86.527 | J7: 87.193 | K7: 88.025 | L7: 89.017 | M7: 90.959 | N7: 95.377 | O7: 99.779 | Q7: =O7-C7 -> 29.298 | U7: =D7-C7 -> 5.633 | V7: =E7-D7 -> 2.957 | W7: =F7-E7 -> 2.941 | X7: =G7-F7 -> 2.292 | Y7: =H7-G7 -> 1.184 | Z7: =I7-H7 -> 1.039 | AA7: =J7-I7 -> 0.666 | AB7: =K7-J7 -> 0.832 | ... AF7: =O7-N7 -> 4.402
A8: 3 | B8: vodoměr č. 190907001 | C8: 194.066 | D8: 197.871 | E8: 201.222 | F8: 204.887 | G8: 208.195 | H8: 211.856 | I8: 215.301 | J8: 218.735 | K8: 222.232 | L8: 225.466 | M8: 229.434 | N8: 233.33 | O8: 2.694 | P8: =O8+N8-C8 -> 41.958 | T8: 3 | U8: =D8-C8 -> 3.805 | V8: =E8-D8 -> 3.351 | W8: =F8-E8 -> 3.665 | X8: =G8-F8 -> 3.308 | Y8: =H8-G8 -> 3.661 | Z8: =I8-H8 -> 3.445 | AA8: =J8-I8 -> 3.434 | AB8: =K8-J8 -> 3.497 | ... AE8: =N8-M8 -> 3.896 | AF8: =O8 -> 2.694 | AH8: 3 | AI8: =SUM(U8:AE8) -> 39.264 | AJ8: 38.845 | AK8: 40.903 | AL8: 45.515
B9: kalorimetr č. 71182236 | C9: 41.049 | D9: 45.354 | E9: 48.034 | F9: 50.302 | G9: 51.203 | H9: 51.497 | I9: 51.717 | J9: 51.922 | K9: 52.097 | L9: 52.374 | M9: 53.405 | N9: 56.898 | O9: 59.595 | Q9: =O9-C9 -> 18.546 | U9: =D9-C9 -> 4.305 | V9: =E9-D9 -> 2.68 | W9: =F9-E9 -> 2.268 | X9: =G9-F9 -> 0.901 | Y9: =H9-G9 -> 0.294 | Z9: =I9-H9 -> 0.22 | AA9: =J9-I9 -> 0.205 | AB9: =K9-J9 -> 0.175 | ... AF9: =O9-N9 -> 2.697
A10: 4 | B10: vodoměr č. 190907005 | C10: 58.087 | D10: 60.612 | E10: 62.282 | F10: 64.313 | G10: 66.454 | H10: 68.43 | I10: 70.885 | J10: 74.86 | K10: 76.6 | L10: 78.36 | M10: 79.465 | N10: 80.27 | O10: 1.848 | P10: =O10+N10-C10 -> 24.031 | T10: 4 | U10: =D10-C10 -> 2.525 | V10: =E10-D10 -> 1.67 | W10: =F10-E10 -> 2.031 | X10: =G10-F10 -> 2.141 | Y10: =H10-G10 -> 1.976 | Z10: =I10-H10 -> 2.455 | AA10: =J10-I10 -> 3.975 | AB10: =K10-J10 -> 1.74 | ... AE10: =N10-M10 -> 0.805 | AF10: =O10 -> 1.848 | AH10: 4 | AI10: =SUM(U10:AE10) -> 22.183 | AJ10: 16.192 | AK10: 13.025 | AL10: 10.867
B11: kalorimetr č. 71182218 | C11: 6.031 | D11: 6.906 | E11: 7.018 | F11: 7.187 | G11: 7.29 | H11: 7.342 | I11: 7.401 | J11: 7.496 | K11: 7.526 | L11: 7.55 | M11: 7.567 | N11: 8.384 | O11: 8.852 | Q11: =O11-C11 -> 2.821 | U11: =D11-C11 -> 0.875 | V11: =E11-D11 -> 0.112 | W11: =F11-E11 -> 0.169 | X11: =G11-F11 -> 0.103 | Y11: =H11-G11 -> 0.052 | Z11: =I11-H11 -> 0.059 | AA11: =J11-I11 -> 0.095 | AB11: =K11-J11 -> 0.03 | ... AF11: =O11-N11 -> 0.468
A12: 5 | B12: vodoměr č. 190907004 | C12: 288.62 | D12: 294.397 | E12: 299.474 | F12: 305.726 | G12: 311.537 | H12: 317.228 | I12: 322.253 | J12: 325.286 | K12: 328.498 | L12: 332.649 | M12: 337.704 | N12: 344.51 | O12: 7.002 | P12: =O12+N12-C12 -> 62.892 | T12: 5 | U12: =D12-C12 -> 5.777 | V12: =E12-D12 -> 5.077 | W12: =F12-E12 -> 6.252 | X12: =G12-F12 -> 5.811 | Y12: =H12-G12 -> 5.691 | Z12: =I12-H12 -> 5.025 | AA12: =J12-I12 -> 3.033 | AB12: =K12-J12 -> 3.212 | ... AE12: =N12-M12 -> 6.806 | AF12: =O12 -> 7.002 | AH12: 5 | AI12: =SUM(U12:AE12) -> 55.89 | AJ12: 51.191 | AK12: 59.694 | AL12: 66.633
B13: kalorimetr č. 71182273 | C13: 38.718 | D13: 42.875 | E13: 45.277 | F13: 46.733 | G13: 47.39 | H13: 47.611 | I13: 47.814 | J13: 47.906 | K13: 47.981 | L13: 48.152 | M13: 48.891 | N13: 51.826 | O13: 55.108 | Q13: =O13-C13 -> 16.39 | U13: =D13-C13 -> 4.157 | V13: =E13-D13 -> 2.402 | W13: =F13-E13 -> 1.456 | X13: =G13-F13 -> 0.657 | Y13: =H13-G13 -> 0.221 | Z13: =I13-H13 -> 0.203 | AA13: =J13-I13 -> 0.092 | AB13: =K13-J13 -> 0.075 | ... AF13: =O13-N13 -> 3.282
A14: 6 | B14: vodoměr č. 190045692 | C14: 169.59 | D14: 174.757 | E14: 179.671 | F14: 184.59 | G14: 190.89 | H14: 196.537 | I14: 197.675 | J14: 202.236 | K14: 208.139 | L14: 213.405 | M14: 218.234 | N14: 222.1 | O14: 5.722 | P14: =O14+N14-C14 -> 58.232 | T14: 6 | U14: =D14-C14 -> 5.167 | V14: =E14-D14 -> 4.914 | W14: =F14-E14 -> 4.919 | X14: =G14-F14 -> 6.3 | Y14: =H14-G14 -> 5.647 | Z14: =I14-H14 -> 1.138 | AA14: =J14-I14 -> 4.561 | AB14: =K14-J14 -> 5.903 | ... AE14: =N14-M14 -> 3.866 | AF14: =O14 -> 5.722 | AH14: 6 | AI14: =SUM(U14:AE14) -> 52.51 | AJ14: 43.543 | AK14: 37.147 | AL14: 30.636
B15: kalorimetr č. 71182215 | C15: 69.13 | D15: 74.806 | E15: 78.836 | F15: 82.409 | G15: 84.78 | H15: 85.654 | I15: 85.817 | J15: 86.122 | K15: 86.517 | L15: 87.285 | M15: 90.106 | N15: 93.356 | O15: 97.731 | Q15: =O15-C15 -> 28.601 | U15: =D15-C15 -> 5.676 | V15: =E15-D15 -> 4.03 | W15: =F15-E15 -> 3.573 | X15: =G15-F15 -> 2.371 | Y15: =H15-G15 -> 0.874 | Z15: =I15-H15 -> 0.163 | AA15: =J15-I15 -> 0.305 | AB15: =K15-J15 -> 0.395 | ... AF15: =O15-N15 -> 4.375
A16: 7 | B16: vodoměr č. 190906998 | C16: 124.749 | D16: 131.905 | E16: 137.654 | F16: 143.721 | G16: 148.657 | H16: 150.803 | I16: 153.241 | J16: 155.991 | K16: 158.896 | L16: 161.339 | M16: 161.908 | N16: 166.71 | O16: 6.144 | P16: =O16+N16-C16 -> 48.105 | T16: 7 | U16: =D16-C16 -> 7.156 | V16: =E16-D16 -> 5.749 | W16: =F16-E16 -> 6.067 | X16: =G16-F16 -> 4.936 | Y16: =H16-G16 -> 2.146 | Z16: =I16-H16 -> 2.438 | AA16: =J16-I16 -> 2.75 | AB16: =K16-J16 -> 2.905 | ... AE16: =N16-M16 -> 4.802 | AF16: =O16 -> 6.144 | AH16: 7 | AI16: =SUM(U16:AE16) -> 41.961 | AJ16: 51.851 | AK16: 14.01 | AL16: 21.309
B17: kalorimetr č. 71182220 | C17: 9.672 | D17: 11.308 | E17: 12.956 | F17: 13.449 | G17: 13.703 | H17: 13.752 | I17: 13.811 | J17: 13.86 | K17: 13.887 | L17: 13.93 | M17: 13.96 | N17: 15.009 | O17: 16.783 | Q17: =O17-C17 -> 7.111 | U17: =D17-C17 -> 1.636 | V17: =E17-D17 -> 1.648 | W17: =F17-E17 -> 0.493 | X17: =G17-F17 -> 0.254 | Y17: =H17-G17 -> 0.049 | Z17: =I17-H17 -> 0.059 | AA17: =J17-I17 -> 0.049 | AB17: =K17-J17 -> 0.027 | ... AF17: =O17-N17 -> 1.774
A18: 8 | B18: vodoměr č. 191519269 | C18: 111.07 | D18: 112.827 | E18: 114.85 | F18: 118.75 | G18: 122.134 | H18: 125.925 | I18: 129.11 | J18: 132.548 | K18: 135.178 | L18: 138.572 | M18: 141.804 | N18: 145.77 | O18: 3.876 | P18: =O18+N18-C18 -> 38.576 | T18: 8 | U18: =D18-C18 -> 1.757 | V18: =E18-D18 -> 2.023 | W18: =F18-E18 -> 3.9 | X18: =G18-F18 -> 3.384 | Y18: =H18-G18 -> 3.791 | Z18: =I18-H18 -> 3.185 | AA18: =J18-I18 -> 3.438 | AB18: =K18-J18 -> 2.63 | ... AE18: =N18-M18 -> 3.966 | AF18: =O18 -> 3.876 | AH18: 8 | AI18: =SUM(U18:AE18) -> 34.7 | AJ18: 29.064 | AK18: 24.359 | AL18: 19.303
B19: kalorimetr č. 71182264 | C19: 31.563 | D19: 33.789 | E19: 34.778 | F19: 35.553 | G19: 35.921 | H19: 36.238 | I19: 36.488 | J19: 36.735 | K19: 36.954 | L19: 37.17 | M19: 37.542 | N19: 39.445 | O19: 41.571 | Q19: =O19-C19 -> 10.008 | U19: =D19-C19 -> 2.226 | V19: =E19-D19 -> 0.989 | W19: =F19-E19 -> 0.775 | X19: =G19-F19 -> 0.368 | Y19: =H19-G19 -> 0.317 | Z19: =I19-H19 -> 0.25 | AA19: =J19-I19 -> 0.247 | AB19: =K19-J19 -> 0.219 | ... AF19: =O19-N19 -> 2.126
A20: 9 | B20: vodoměr č. 191519268 | C20: 332.143 | D20: 339.201 | E20: 346.351 | F20: 351.886 | G20: 359.878 | H20: 366.795 | I20: 372.609 | J20: 378.259 | K20: 385.818 | L20: 391.694 | M20: 398.423 | N20: 403.52 | O20: 6.076 | P20: =O20+N20-C20 -> 77.453 | T20: 9 | U20: =D20-C20 -> 7.058 | V20: =E20-D20 -> 7.15 | W20: =F20-E20 -> 5.535 | X20: =G20-F20 -> 7.992 | Y20: =H20-G20 -> 6.917 | Z20: =I20-H20 -> 5.814 | AA20: =J20-I20 -> 5.65 | AB20: =K20-J20 -> 7.559 | ... AE20: =N20-M20 -> 5.097 | AF20: =O20 -> 6.076 | AH20: 9 | AI20: =SUM(U20:AE20) -> 71.377 | AJ20: 71.522 | AK20: 69.057 | AL20: 78.232
B21: kalorimetr č. 71182231 | C21: 47.132 | D21: 51.434 | E21: 53.845 | F21: 55.023 | G21: 55.749 | H21: 56.127 | I21: 56.402 | J21: 56.637 | K21: 56.873 | L21: 57.266 | M21: 58.219 | N21: 61.519 | O21: 65.319 | Q21: =O21-C21 -> 18.187 | U21: =D21-C21 -> 4.302 | V21: =E21-D21 -> 2.411 | W21: =F21-E21 -> 1.178 | X21: =G21-F21 -> 0.726 | Y21: =H21-G21 -> 0.378 | Z21: =I21-H21 -> 0.275 | AA21: =J21-I21 -> 0.235 | AB21: =K21-J21 -> 0.236 | ... AF21: =O21-N21 -> 3.8
A22: 10 | B22: vodoměr č. 190906996 | C22: 787.045 | D22: 794.592 | E22: 801.853 | F22: 809.937 | G22: 816.594 | H22: 823.652 | I22: 830.063 | J22: 837.837 | K22: 845.304 | L22: 852.238 | M22: 859.858 | N22: 866.12 | O22: 8.764 | P22: =O22+N22-C22 -> 87.839 | T22: 10 | U22: =D22-C22 -> 7.547 | V22: =E22-D22 -> 7.261 | W22: =F22-E22 -> 8.084 | X22: =G22-F22 -> 6.657 | Y22: =H22-G22 -> 7.058 | Z22: =I22-H22 -> 6.411 | AA22: =J22-I22 -> 7.774 | AB22: =K22-J22 -> 7.467 | ... AE22: =N22-M22 -> 6.262 | AF22: =O22 -> 8.764 | AH22: 10 | AI22: =SUM(U22:AE22) -> 79.075 | AJ22: 94.421 | AK22: 141.682 | AL22: 199.088
B23: kalorimetr č. 71182227 | C23: 40.399 | D23: 43.362 | E23: 45.273 | F23: 46.343 | G23: 46.804 | H23: 47.146 | I23: 47.454 | J23: 47.725 | K23: 47.96 | L23: 48.261 | M23: 48.662 | N23: 50.788 | O23: 53.569 | Q23: =O23-C23 -> 13.17 | U23: =D23-C23 -> 2.963 | V23: =E23-D23 -> 1.911 | W23: =F23-E23 -> 1.07 | X23: =G23-F23 -> 0.461 | Y23: =H23-G23 -> 0.342 | Z23: =I23-H23 -> 0.308 | AA23: =J23-I23 -> 0.271 | AB23: =K23-J23 -> 0.235 | ... AF23: =O23-N23 -> 2.781
P24: =SUM(P4:P23) -> 744.002 | Q24: =SUM(Q4:Q23) -> 176.485 | AH24: byty | AI24: =SUM(AI4:AI22)+2.6 -> 676.426 | AJ24: =SUM(AJ4:AJ22) -> 675.109 | AK24: =SUM(AK4:AK22) -> 703.904 | AL24: =SUM(AL4:AL22) -> 832.723
A25: spol.spotř. | B25: elektroměr č. 72370870 | C25: 46424 | D25: 46817 | E25: 47014 | F25: 47230 | G25: 47490 | H25: 1251 | I25: 1481 | J25: 1742 | K25: 1973 | L25: 2175 | M25: 2399 | N25: 2647 | O25: 3253 | R25: =O25-G39+G38-C25 -> 3287
B26: patní vodoměr č. 190544822 | C26: 4071.3 | D26: 4150.1 | E26: 4222.3 | F26: 4300.6 | G26: 4378.3 | H26: 4454.5 | I26: 4520 | J26: 4581.1 | K26: 4651.3 | L26: 4718.8 | M26: 4784.5 | N26: 4856.5 | O26: 71.8 | P26: =O26+N26-C26 -> 857 | AH26: pata | AI26: =N26-C26 -> 785.2 | AJ26: 771.6 | AK26: 795 | AL26: 949.4
B27: patní kalorimetr č.70465264/GJ | C27: 797.82 | D27: 839.24 | E27: 864.64 | F27: 883.16 | G27: 894.51 | H27: 899.05 | I27: 902 | J27: 904.07 | K27: 906.16 | L27: 909.85 | M27: 921.22 | N27: 951.47 | O27: 985.9 | Q27: =O27-C27 -> 188.08 | R27: GJ
B28: patní kalorimetr č./kub.m | C28: 5556 | D28: 5838 | E28: 6003 | F28: 6118.4 | G28: 6207 | H28: 6241 | I28: 6263 | J28: 6278 | K28: 6294 | L28: 6322 | M28: 6419 | N28: 6624 | O28: 6854 | Q28: =O28-C28 -> 1298 | R28: m3
A29: ='1854'!A29 -> Fakturační vodoměr: 42012114941 | C29: ='1854'!C29 -> 11067 | D29: ='1854'!D29 -> 11362.8 | E29: ='1854'!E29 -> 11626.9 | F29: ='1854'!F29 -> 11916.3 | G29: ='1854'!G29 -> 12197 | H29: ='1854'!H29 -> 12488 | I29: ='1854'!I29 -> 12761.9 | J29: ='1854'!J29 -> 12999.7 | ... O29: ='1854'!O29 -> 14411 | P29: =O29-C29 -> 3344 | W29: zápočet rozdílu nových vodoměrů | X29: 2.6 | Y29: m3 | AI29: =1-AI24/AI26 -> 0.13853031 | AJ29: =1-AJ24/AJ26 -> 0.12505314 | AK29: =1-AK24/AK26 -> 0.11458616 | AL29: =1-AL24/AL26 -> 0.12289551
E32: Výměna kalorimetru pata | H32: MWh | I32: m3 | K32: Výměna faktur.vodoměru výr.č. | N32: m3
D33: demontáž | E33: 43984 | F33: starý | K33: 44095 | L33: starý
G34: výr.č. | H34: GJ | I34: m3 | M34: výr.č. | N34: m3
D35: montáž | E35: 43986 | F35: nový | K35: 44095 | L35: nový
C37: Výměna elektroměru DŮM
C38: 45415 | D38: starý | E38: 72370870 | G38: 47503
D39: nový | E39: 72846558 | G39: 1045
B41: 17.5.2024 reset rohoží | C41: 79:00 hod

Sheet 1856
A2: 1856 | C2: ='1850'!C2 -> 45292 | D2: ='1850'!D2 -> 45323 | E2: ='1850'!E2 -> 45352 | F2: ='1850'!F2 -> 45383 | G2: ='1850'!G2 -> 45413 | H2: ='1850'!H2 -> 45444 | I2: ='1850'!I2 -> 45474 | J2: ='1850'!J2 -> 45505 | ... O2: ='1850'!O2 -> 45658 | P2: Voda | Q2: Teplo | R2: Elektr | Y2: spotřeby po měsících
A3: byt č. | C3: prosinec | D3: leden | E3: únor | F3: březen | G3: duben | H3: květen | I3: červen | J3: červenec | K3: srpen | L3: září | M3: říjen | N3: listopad | O3: prosinec | P3: m3 | Q3: GJ | R3: KWh | T3: byt | U3: leden | V3: únor | W3: březen | X3: duben | Y3: květen | Z3: červen | AA3: červenec | AB3: srpen | AC3: září | AD3: říjen | AE3: listopad | AF3: prosinec
A4: 1 | B4: vodoměr č. 190907008 | C4: 781.528 | D4: 799.678 | E4: 816.127 | F4: 832.85 | G4: 848.07 | H4: 865.254 | I4: 875.378 | J4: 880.306 | K4: 895.77 | L4: 910.0286 | M4: 923.808 | N4: 935.79 | O4: 13.94 | P4: =O4+N4-C4 -> 168.202 | T4: 1 | U4: =D4-C4 -> 18.15 | V4: =E4-D4 -> 16.449 | W4: =F4-E4 -> 16.723 | X4: =G4-F4 -> 15.22 | Y4: =H4-G4 -> 17.184 | Z4: =I4-H4 -> 10.124 | AA4: =J4-I4 -> 4.928 | AB4: =K4-J4 -> 15.464 | ... AE4: =N4-M4 -> 11.982 | AF4: =O4 -> 13.94
B5: kalorimetr č. 71869912 | C5: 10.876 | D5: 16.885 | E5: 21.324 | F5: 25.161 | G5: 27.797 | H5: 28.796 | I5: 29.303 | J5: 29.631 | K5: 30.107 | L5: 30.778 | M5: 32.602 | N5: 37.209 | O5: 42.305 | Q5: =O5-C5 -> 31.429
A6: 2 | B6: vodoměr č. 191519260 | C6: 285.543 | D6: 292.59 | E6: 296.569 | F6: 301.304 | G6: 305.983 | H6: 310.713 | I6: 316.17 | J6: 322.03 | K6: 326.75 | L6: 331.985 | M6: 336.635 | N6: 340.87 | O6: 5.919 | P6: =O6+N6-C6 -> 61.246 | T6: 2 | U6: =D6-C6 -> 7.047 | V6: =E6-D6 -> 3.979 | W6: =F6-E6 -> 4.735 | X6: =G6-F6 -> 4.679 | Y6: =H6-G6 -> 4.73 | Z6: =I6-H6 -> 5.457 | AA6: =J6-I6 -> 5.86 | AB6: =K6-J6 -> 4.72 | ... AE6: =N6-M6 -> 4.235 | AF6: =O6 -> 5.919
B7: kalorimetr č. 71869914 | C7: 3.411 | D7: 4.961 | E7: 5.937 | F7: 6.515 | G7: 6.872 | H7: 7.238 | I7: 7.561 | J7: 7.863 | K7: 8.071 | L7: 8.345 | M7: 8.762 | N7: 10.038 | O7: 11.413 | Q7: =O7-C7 -> 8.002
A8: 3 | B8: vodoměr č. 190907023 | C8: 227.48 | D8: 231.814 | E8: 235.059 | F8: 239.256 | G8: 243.468 | H8: 247.157 | I8: 250.393 | J8: 252.924 | K8: 255.364 | L8: 259.721 | M8: 262.354 | N8: 264.97 | O8: 3.323 | P8: =O8+N8-C8 -> 40.813 | T8: 3 | U8: =D8-C8 -> 4.334 | V8: =E8-D8 -> 3.245 | W8: =F8-E8 -> 4.197 | X8: =G8-F8 -> 4.212 | Y8: =H8-G8 -> 3.689 | Z8: =I8-H8 -> 3.236 | AA8: =J8-I8 -> 2.531 | AB8: =K8-J8 -> 2.44 | ... AE8: =N8-M8 -> 2.616 | AF8: =O8 -> 3.323
B9: kalorimetr č. 71869911 | C9: 6.605 | D9: 10.884 | E9: 12.798 | F9: 14.83 | G9: 15.998 | H9: 16.338 | I9: 16.625 | J9: 16.796 | K9: 16.962 | L9: 17.211 | M9: 18.533 | N9: 21.971 | O9: 25.652 | Q9: =O9-C9 -> 19.047
A10: 4 | B10: vodoměr č. 190907015 | C10: 377.824 | D10: 389.885 | E10: 397.705 | F10: 409.626 | G10: 422.588 | H10: 434.656 | I10: 444.23 | J10: 449.403 | K10: 458.06 | L10: 470.531 | M10: 481.015 | N10: 490.8 | O10: 11.144 | P10: =O10+N10-C10 -> 124.12 | T10: 4 | U10: =D10-C10 -> 12.061 | V10: =E10-D10 -> 7.82 | W10: =F10-E10 -> 11.921 | X10: =G10-F10 -> 12.962 | Y10: =H10-G10 -> 12.068 | Z10: =I10-H10 -> 9.574 | AA10: =J10-I10 -> 5.173 | AB10: =K10-J10 -> 8.657 | ... AE10: =N10-M10 -> 9.785 | AF10: =O10 -> 11.144
B11: kalorimetr č. 71869913 | C11: 7.524 | D11: 11.609 | E11: 13.942 | F11: 16.262 | G11: 17.901 | H11: 19.103 | I11: 19.985 | J11: 20.435 | K11: 21.037 | L11: 21.977 | M11: 23.44 | N11: 26.402 | O11: 30.146 | Q11: =O11-C11 -> 22.622
A12: 5 | B12: vodoměr č. 190907020 | C12: 100.165 | D12: 108.208 | E12: 115.395 | F12: 122.372 | G12: 128.831 | H12: 134.925 | I12: 141.048 | J12: 147.753 | K12: 154.15 | L12: 161.269 | M12: 168.948 | N12: 175.54 | O12: 7.65 | P12: =O12+N12-C12 -> 83.025 | T12: 5 | U12: =D12-C12 -> 8.043 | V12: =E12-D12 -> 7.187 | W12: =F12-E12 -> 6.977 | X12: =G12-F12 -> 6.459 | Y12: =H12-G12 -> 6.094 | Z12: =I12-H12 -> 6.123 | AA12: =J12-I12 -> 6.705 | AB12: =K12-J12 -> 6.397 | ... AE12: =N12-M12 -> 6.592 | AF12: =O12 -> 7.65
B13: kalorimetr č. 71869909 | C13: 2.398 | D13: 4.172 | E13: 4.94 | F13: 5.696 | G13: 6.321 | H13: 6.797 | I13: 7.253 | J13: 7.656 | K13: 7.986 | L13: 8.399 | M13: 8.932 | N13: 9.917 | O13: 11.288 | Q13: =O13-C13 -> 8.89
A14: 6 | B14: vodoměr č. 190907016 | C14: 283.805 | D14: 288.189 | E14: 292.894 | F14: 298.577 | G14: 304.29 | H14: 309.336 | I14: 314.138 | J14: 317.594 | K14: 321.392 | L14: 325.246 | M14: 329.758 | N14: 334.11 | O14: 5.737 | P14: =O14+N14-C14 -> 56.042 | T14: 6 | U14: =D14-C14 -> 4.384 | V14: =E14-D14 -> 4.705 | W14: =F14-E14 -> 5.683 | X14: =G14-F14 -> 5.713 | Y14: =H14-G14 -> 5.046 | Z14: =I14-H14 -> 4.802 | AA14: =J14-I14 -> 3.456 | AB14: =K14-J14 -> 3.798 | ... AE14: =N14-M14 -> 4.352 | AF14: =O14 -> 5.737
B15: kalorimetr č. 71869918 | C15: 5.641 | D15: 8.936 | E15: 11.268 | F15: 13.133 | G15: 14.13 | H15: 14.53 | I15: 14.879 | J15: 15.112 | K15: 15.334 | L15: 15.572 | M15: 16.159 | N15: 18.37 | O15: 20.805 | Q15: =O15-C15 -> 15.164
A16: 7 | B16: vodoměr č. 191519256 | C16: 243.51 | D16: 249.594 | E16: 255.369 | F16: 260.497 | G16: 264.45 | H16: 269.464 | I16: 274.25 | J16: 278.543 | K16: 283.361 | L16: 288.197 | M16: 294.075 | N16: 298.97 | O16: 7.46 | P16: =O16+N16-C16 -> 62.92 | T16: 7 | U16: =D16-C16 -> 6.084 | V16: =E16-D16 -> 5.775 | W16: =F16-E16 -> 5.128 | X16: =G16-F16 -> 3.953 | Y16: =H16-G16 -> 5.014 | Z16: =I16-H16 -> 4.786 | AA16: =J16-I16 -> 4.293 | AB16: =K16-J16 -> 4.818 | ... AE16: =N16-M16 -> 4.895 | AF16: =O16 -> 7.46
B17: kalorimetr č. 71869916 | C17: 5.666 | D17: 8.842 | E17: 10.585 | F17: 11.379 | G17: 11.849 | H17: 12.298 | I17: 12.695 | J17: 13.045 | K17: 13.363 | L17: 13.706 | M17: 14.294 | N17: 17.443 | O17: 20.965 | Q17: =O17-C17 -> 15.299
A18: 8 | B18: vodoměr č. 190907024 | C18: 500.159 | D18: 508.898 | E18: 517.253 | F18: 525.399 | G18: 533.485 | H18: 542.012 | I18: 553.146 | J18: 565.622 | K18: 576.69 | L18: 585.4 | M18: 595.749 | N18: 604.58 | O18: 11.898 | P18: =O18+N18-C18 -> 116.319 | T18: 8 | U18: =D18-C18 -> 8.739 | V18: =E18-D18 -> 8.355 | W18: =F18-E18 -> 8.146 | X18: =G18-F18 -> 8.086 | Y18: =H18-G18 -> 8.527 | Z18: =I18-H18 -> 11.134 | AA18: =J18-I18 -> 12.476 | AB18: =K18-J18 -> 11.068 | ... AE18: =N18-M18 -> 8.831 | AF18: =O18 -> 11.898
B19: kalorimetr č. 71869910 | C19: 4.161 | D19: 8.024 | E19: 9.563 | F19: 10.693 | G19: 11.087 | H19: 11.437 | I19: 11.773 | J19: 12.113 | K19: 12.39 | L19: 12.64 | M19: 13.026 | N19: 15.896 | O19: 20.019 | Q19: =O19-C19 -> 15.858
A20: 9 | B20: vodoměr č. 191519266 | C20: 302.095 | D20: 306.818 | E20: 312.54 | F20: 319.825 | G20: 325.504 | H20: 331.027 | I20: 335.783 | J20: 340.712 | K20: 346.39 | L20: 352.931 | M20: 357.181 | N20: 361.02 | O20: 7.552 | P20: =O20+N20-C20 -> 66.477 | T20: 9 | U20: =D20-C20 -> 4.723 | V20: =E20-D20 -> 5.722 | W20: =F20-E20 -> 7.285 | X20: =G20-F20 -> 5.679 | Y20: =H20-G20 -> 5.523 | Z20: =I20-H20 -> 4.756 | AA20: =J20-I20 -> 4.929 | AB20: =K20-J20 -> 5.678 | ... AE20: =N20-M20 -> 3.839 | AF20: =O20 -> 7.552
B21: kalorimetr č. 71869917 | C21: 5.757 | D21: 9.629 | E21: 11.767 | F21: 13.015 | G21: 13.567 | H21: 13.876 | I21: 14.102 | J21: 14.302 | K21: 14.532 | L21: 14.843 | M21: 15.54 | N21: 17.852 | O21: 21.071 | Q21: =O21-C21 -> 15.314
A22: 10 | B22: vodoměr č. 190907019 | C22: 355.324 | D22: 361.463 | E22: 367.371 | F22: 374.189 | G22: 381.214 | H22: 386.878 | I22: 392.088 | J22: 399.53 | K22: 405.203 | L22: 410.582 | M22: 417.885 | N22: 422.08 | O22: 6.269 | P22: =O22+N22-C22 -> 73.025 | T22: 10 | U22: =D22-C22 -> 6.139 | V22: =E22-D22 -> 5.908 | W22: =F22-E22 -> 6.818 | X22: =G22-F22 -> 7.025 | Y22: =H22-G22 -> 5.664 | Z22: =I22-H22 -> 5.21 | AA22: =J22-I22 -> 7.442 | AB22: =K22-J22 -> 5.673 | ... AE22: =N22-M22 -> 4.195 | AF22: =O22 -> 6.269
B23: kalorimetr č. 71869915 | C23: 5.75 | D23: 9.481 | E23: 11.477 | F23: 12.935 | G23: 13.515 | H23: 13.965 | I23: 14.306 | J23: 14.702 | K23: 15.071 | L23: 15.389 | M23: 16.406 | N23: 19.531 | O23: 22.85 | Q23: =O23-C23 -> 17.1
P24: =SUM(P4:P23) -> 852.189 | Q24: =SUM(Q4:Q23) -> 168.725
A25: spol.spotř. | B25: elektroměr č. 72371793 | C25: 46815 | D25: 46996 | E25: 47175 | F25: 47391 | G25: 47590 | H25: 219 | I25: 436 | J25: 635 | K25: 839 | L25: 1032 | M25: 1218 | N25: 1405 | O25: 1581 | R25: =O25-G41+G40-C25 -> 2356
B26: patní vodoměr č. 190976786 | C26: 3845.3 | D26: 3931.1 | E26: 4010.2 | F26: 4096.7 | G26: 4178.8 | H26: 4260.8 | I26: 4333.9 | J26: 4397.9 | K26: 4474.9 | L26: 4556.3 | M26: 4635.8 | N26: 4704.4 | O26: 88.7 | P26: =O26+N26-C26 -> 947.8
B27: patní kalorimetr č.70465265/GJ | C27: 673.45 | D27: 711.76 | E27: 733.11 | F27: 749.81 | G27: 758.95 | H27: 763.28 | I27: 766.37 | J27: 768.6 | K27: 770.78 | L27: 774.16 | M27: 782.77 | N27: 811.92 | O27: 846.3 | Q27: =O27-C27 -> 172.85 | R27: GJ
B28: patní kalorimetr č./kub.m | C28: 4670 | D28: 4924 | E28: 5049 | F28: 5148 | G28: 5203 | H28: 5232 | I28: 5253 | J28: 5270 | K28: 5285 | L28: 5308 | M28: 5361 | N28: 5559 | O28: 5788 | Q28: =O28-C28 -> 1118 | R28: m3
A29: ='1854'!A29 -> Fakturační vodoměr: 42012114941 | C29: ='1854'!C29 -> 11067 | D29: ='1854'!D29 -> 11362.8 | E29: ='1854'!E29 -> 11626.9 | F29: ='1854'!F29 -> 11916.3 | G29: ='1854'!G29 -> 12197 | H29: ='1854'!H29 -> 12488 | I29: ='1854'!I29 -> 12761.9 | J29: ='1854'!J29 -> 12999.7 | ... O29: ='1854'!O29 -> 14411 | P29: =O29-N35+N33-C29 -> 3344
E32: Výměna kalorimetru pata | H32: MWh | I32: m3 | K32: Výměna faktur.vodoměru výr.č. | N32: m3
D33: demontáž | E33: 43984 | F33: starý | K33: 44095 | L33: starý
G34: výr.č. | H34: GJ | I34: m3 | M34: výr.č. | N34: m3
D35: montáž | E35: 43986 | F35: nový | K35: 44095 | L35: nový
E37: Výměna kalorimetrů byty - demontáž/montáž 2.10.2023 - stav nových 0,000
C39: Výměna elektroměru DŮM
C40: 45415 | D40: starý | E40: 72371793 | G40: 47604
D41: nový | E41: 2480481656 | G41: 14

Sheet 1857
A2: 1857 | C2: ='1850'!C2 -> 45292 | D2: ='1850'!D2 -> 45323 | E2: ='1850'!E2 -> 45352 | F2: ='1850'!F2 -> 45383 | G2: ='1850'!G2 -> 45413 | H2: ='1850'!H2 -> 45444 | I2: ='1850'!I2 -> 45474 | J2: ='1850'!J2 -> 45505 | ... O2: ='1850'!O2 -> 45658 | P2: voda | Q2: teplo | R2: elektr | Y2: spotřeby po měsících
A3: byt č. | C3: prosinec | D3: leden | E3: únor | F3: březen | G3: duben | H3: květen | I3: červen | J3: červenec | K3: srpen | L3: září | M3: říjen | N3: listopad | O3: prosinec | P3: m3 | Q3: GJ | R3: KWh | T3: byt | U3: leden | V3: únor | W3: březen | X3: duben | Y3: květen | Z3: červen | AA3: červenec | AB3: srpen | AC3: září | AD3: říjen | AE3: listopad | AF3: prosinec
A4: 1 | B4: vodoměr č. 190907022 | C4: 228.424 | D4: 231.497 | E4: 235.011 | F4: 238.45 | G4: 242.249 | H4: 246.062 | I4: 249.077 | J4: 252.335 | K4: 255.66 | L4: 259.118 | M4: 262.125 | N4: 265.01 | O4: 5.177 | P4: =O4+N4-C4 -> 41.763 | T4: 1 | U4: =D4-C4 -> 3.073 | V4: =E4-D4 -> 3.514 | W4: =F4-E4 -> 3.439 | X4: =G4-F4 -> 3.799 | Y4: =H4-G4 -> 3.813 | Z4: =I4-H4 -> 3.015 | AA4: =J4-I4 -> 3.258 | AB4: =K4-J4 -> 3.325 | ... AE4: =N4-M4 -> 2.885 | AF4: =O4 -> 5.177
B5: kalorimetr č. 71182250 | C5: 70.469 | D5: 76.327 | E5: 80.329 | F5: 83.668 | G5: 85.593 | H5: 85.883 | I5: 86.078 | J5: 86.251 | K5: 86.415 | L5: 87.079 | M5: 89.585 | N5: 94.429 | O5: 100.145 | Q5: =O5-C5 -> 29.676
A6: 2 | B6: vodoměr č. 191519284 | C6: 183.766 | D6: 187.193 | E6: 190.768 | F6: 194.593 | G6: 198.118 | H6: 201.808 | I6: 205.483 | J6: 209.534 | K6: 213.404 | L6: 217.339 | M6: 221.028 | N6: 224.42 | O6: 4.156 | P6: =O6+N6-C6 -> 44.81 | T6: 2 | U6: =D6-C6 -> 3.427 | V6: =E6-D6 -> 3.575 | W6: =F6-E6 -> 3.825 | X6: =G6-F6 -> 3.525 | Y6: =H6-G6 -> 3.69 | Z6: =I6-H6 -> 3.675 | AA6: =J6-I6 -> 4.051 | AB6: =K6-J6 -> 3.87 | ... AE6: =N6-M6 -> 3.392 | AF6: =O6 -> 4.156
B7: kalorimetr č. 71182222 | C7: 21.102 | D7: 22.691 | E7: 23.743 | F7: 24.539 | G7: 24.852 | H7: 25.202 | I7: 25.509 | J7: 25.824 | K7: 26.097 | L7: 26.415 | M7: 27.082 | N7: 28.603 | O7: 30.457 | Q7: =O7-C7 -> 9.355
A8: 3 | B8: vodoměr č. 191519282 | C8: 760.335 | D8: 777.655 | E8: 792.772 | F8: 809.176 | G8: 825.276 | H8: 839.696 | I8: 858.251 | J8: 868.02 | K8: 880.377 | L8: 896.374 | M8: 910.833 | N8: 925.94 | O8: 18.53 | P8: =O8+N8-C8 -> 184.135 | T8: 3 | U8: =D8-C8 -> 17.32 | V8: =E8-D8 -> 15.117 | W8: =F8-E8 -> 16.404 | X8: =G8-F8 -> 16.1 | Y8: =H8-G8 -> 14.42 | Z8: =I8-H8 -> 18.555 | AA8: =J8-I8 -> 9.769 | AB8: =K8-J8 -> 12.357 | ... AE8: =N8-M8 -> 15.107 | AF8: =O8 -> 18.53
B9: kalorimetr č. 71182219 | C9: 65.28 | D9: 70.997 | E9: 74.288 | F9: 77.895 | G9: 80.011 | H9: 80.662 | I9: 81.305 | J9: 81.58 | K9: 81.913 | L9: 82.492 | M9: 84.235 | N9: 89.079 | O9: 94.093 | Q9: =O9-C9 -> 28.813
A10: 4 | B10: vodoměr č. 200015758 | C10: 178.448 | D10: 184.871 | E10: 187.064 | F10: 191.018 | G10: 194.817 | H10: 203.051 | I10: 210.962 | J10: 219.405 | K10: 224.053 | L10: 228.762 | M10: 231.7 | N10: 238.94 | O10: 5.397 | P10: =O10+N10-C10 -> 65.889 | T10: 4 | U10: =D10-C10 -> 6.423 | V10: =E10-D10 -> 2.193 | W10: =F10-E10 -> 3.954 | X10: =G10-F10 -> 3.799 | Y10: =H10-G10 -> 8.234 | Z10: =I10-H10 -> 7.911 | AA10: =J10-I10 -> 8.443 | AB10: =K10-J10 -> 4.648 | ... AE10: =N10-M10 -> 7.24 | AF10: =O10 -> 5.397
B11: kalorimetr č. 71182257 | C11: 15.885 | D11: 17.768 | E11: 18.287 | F11: 18.659 | G11: 19.007 | H11: 19.635 | I11: 20.195 | J11: 20.681 | K11: 20.943 | L11: 21.264 | M11: 21.484 | N11: 22.582 | O11: 23.329 | Q11: =O11-C11 -> 7.444
A12: 5 | B12: vodoměr č. 191519276 | C12: 332.062 | D12: 344.199 | E12: 355.517 | F12: 367.499 | G12: 378.96 | H12: 391.362 | I12: 404.798 | J12: 418.313 | K12: 432.899 | L12: 446.352 | M12: 459.962 | N12: 470.68 | O12: 11.214 | P12: =O12+N12-C12 -> 149.832 | T12: 5 | U12: =D12-C12 -> 12.137 | V12: =E12-D12 -> 11.318 | W12: =F12-E12 -> 11.982 | X12: =G12-F12 -> 11.461 | Y12: =H12-G12 -> 12.402 | Z12: =I12-H12 -> 13.436 | AA12: =J12-I12 -> 13.515 | AB12: =K12-J12 -> 14.586 | ... AE12: =N12-M12 -> 10.718 | AF12: =O12 -> 11.214
B13: kalorimetr č. 71182260 | C13: 27.159 | D13: 29.518 | E13: 31.018 | F13: 32.481 | G13: 33.468 | H13: 34.342 | I13: 35.115 | J13: 35.818 | K13: 36.416 | L13: 37.114 | M13: 38.158 | N13: 40.127 | O13: 42.301 | Q13: =O13-C13 -> 15.142
A14: 6 | B14: vodoměr č. 191519285 | C14: 257.087 | D14: 260.571 | E14: 263.792 | F14: 264.363 | G14: 266.76 | H14: 270.803 | I14: 274.215 | J14: 277.917 | K14: 281.33 | L14: 284.442 | M14: 284.698 | N14: 286.34 | O14: 4.969 | P14: =O14+N14-C14 -> 34.222 | T14: 6 | U14: =D14-C14 -> 3.484 | V14: =E14-D14 -> 3.221 | W14: =F14-E14 -> 0.571 | X14: =G14-F14 -> 2.397 | Y14: =H14-G14 -> 4.043 | Z14: =I14-H14 -> 3.412 | AA14: =J14-I14 -> 3.702 | AB14: =K14-J14 -> 3.413 | ... AE14: =N14-M14 -> 1.642 | AF14: =O14 -> 4.969
B15: kalorimetr č. 71182266 | C15: 38.878 | D15: 42.57 | E15: 44.81 | F15: 45.021 | G15: 45.484 | H15: 45.894 | I15: 46.238 | J15: 46.527 | K15: 46.778 | L15: 47.03 | M15: 47.158 | N15: 48.635 | O15: 51.493 | Q15: =O15-C15 -> 12.615
A16: 7 | B16: vodoměr č. 191519267 | C16: 601.725 | D16: 614.89 | E16: 626.895 | F16: 638.016 | G16: 651.459 | H16: 662.691 | I16: 675.055 | J16: 684.473 | K16: 696.124 | L16: 708.319 | M16: 719.767 | N16: 732.78 | O16: 16.535 | P16: =O16+N16-C16 -> 147.59 | T16: 7 | U16: =D16-C16 -> 13.165 | V16: =E16-D16 -> 12.005 | W16: =F16-E16 -> 11.121 | X16: =G16-F16 -> 13.443 | Y16: =H16-G16 -> 11.232 | Z16: =I16-H16 -> 12.364 | AA16: =J16-I16 -> 9.418 | AB16: =K16-J16 -> 11.651 | ... AE16: =N16-M16 -> 13.013 | AF16: =O16 -> 16.535
B17: kalorimetr č. 71182229 | C17: 69.489 | D17: 74.386 | E17: 78.994 | F17: 82.561 | G17: 84.106 | H17: 85.055 | I17: 85.951 | J17: 86.535 | K17: 87.181 | L17: 88.014 | M17: 89.908 | N17: 94.869 | O17: 100.364 | Q17: =O17-C17 -> 30.875
A18: 8 | B18: vodoměr č. 190907014 | C18: 358.098 | D18: 366.993 | E18: 374.639 | F18: 382.92 | G18: 390.443 | H18: 398.11 | I18: 404.438 | J18: 409.497 | K18: 414.594 | L18: 421.029 | M18: 428.068 | N18: 436 | O18: 9.169 | P18: =O18+N18-C18 -> 87.071 | T18: 8 | U18: =D18-C18 -> 8.895 | V18: =E18-D18 -> 7.646 | W18: =F18-E18 -> 8.281 | X18: =G18-F18 -> 7.523 | Y18: =H18-G18 -> 7.667 | Z18: =I18-H18 -> 6.328 | AA18: =J18-I18 -> 5.059 | AB18: =K18-J18 -> 5.097 | ... AE18: =N18-M18 -> 7.932 | AF18: =O18 -> 9.169
B19: kalorimetr č. 71182239 | C19: 34.542 | D19: 37.754 | E19: 39.803 | F19: 41.322 | G19: 41.962 | H19: 42.376 | I19: 42.707 | J19: 42.916 | K19: 43.109 | L19: 43.416 | M19: 44.345 | N19: 47.529 | O19: 50.76 | Q19: =O19-C19 -> 16.218
A20: 9 | B20: vodoměr č. 190907021 | C20: 108.634 | D20: 111.644 | E20: 114.375 | F20: 116.624 | G20: 118.977 | H20: 121.425 | I20: 123.863 | J20: 126.052 | K20: 128.365 | L20: 131.001 | M20: 134.048 | N20: 136.11 | O20: 3.294 | P20: =O20+N20-C20 -> 30.77 | T20: 9 | U20: =D20-C20 -> 3.01 | V20: =E20-D20 -> 2.731 | W20: =F20-E20 -> 2.249 | X20: =G20-F20 -> 2.353 | Y20: =H20-G20 -> 2.448 | Z20: =I20-H20 -> 2.438 | AA20: =J20-I20 -> 2.189 | AB20: =K20-J20 -> 2.313 | ... AE20: =N20-M20 -> 2.062 | AF20: =O20 -> 3.294
B21: kalorimetr č. 71182226 | C21: 23.882 | D21: 26.152 | E21: 26.812 | F21: 26.932 | G21: 26.971 | H21: 27.006 | I21: 27.041 | J21: 27.054 | K21: 27.076 | L21: 27.101 | M21: 27.277 | N21: 28.824 | O21: 31.083 | Q21: =O21-C21 -> 7.201
A22: 10 | B22: vodoměr č. 190907025 | C22: 490.625 | D22: 501.596 | E22: 510.512 | F22: 520.935 | G22: 532.224 | H22: 543.274 | I22: 553.04 | J22: 560.829 | K22: 571.309 | L22: 579.371 | M22: 591.529 | N22: 603.21 | O22: 12.857 | P22: =O22+N22-C22 -> 125.442 | T22: 10 | U22: =D22-C22 -> 10.971 | V22: =E22-D22 -> 8.916 | W22: =F22-E22 -> 10.423 | X22: =G22-F22 -> 11.289 | Y22: =H22-G22 -> 11.05 | Z22: =I22-H22 -> 9.766 | AA22: =J22-I22 -> 7.789 | AB22: =K22-J22 -> 10.48 | ... AE22: =N22-M22 -> 11.681 | AF22: =O22 -> 12.857
B23: kalorimetr č. 71182216 | C23: 50.174 | D23: 55.082 | E23: 57.944 | F23: 59.796 | G23: 60.826 | H23: 61.485 | I23: 62.028 | J23: 62.4 | K23: 62.818 | L23: 63.192 | M23: 64.473 | N23: 68.419 | O23: 72.903 | Q23: =O23-C23 -> 22.729
P24: =SUM(P4:P23) -> 911.524 | Q24: =SUM(Q4:Q23) -> 180.068
A25: spol.spotř. | B25: elektroměr č. 72370868 | C25: 52040 | D25: 52279 | E25: 52464 | F25: 52693 | G25: 52882 | H25: 35946 | I25: 36159 | J25: 36374 | K25: 36568 | L25: 36756 | M25: 36951 | N25: 37156 | O25: 37354 | R25: =O25-G42+G41-C25 -> 2450
B26: patní vodoměr č. 190976785 | C26: 3993.9 | D26: 4084.8 | E26: 4163.3 | F26: 4244.1 | G26: 4328.3 | H26: 4416.1 | I26: 4505.9 | J26: 4581 | K26: 4661.3 | L26: 4745.1 | M26: 4826.3 | N26: 4911.9 | O26: 98.9 | P26: =O26+N26-C26 -> 1016.9
B27: patní kalorimetr č. 70465266/ GJ | C27: 722.37 | D27: 762.66 | E27: 787.68 | F27: 805.41 | G27: 813.92 | H27: 818 | I27: 821.5 | J27: 823.82 | K27: 825.96 | L27: 829.42 | M27: 839.9 | N27: 871.97 | O27: 909.03 | Q27: =O27-C27 -> 186.66 | R27: GJ
B28: patní kalorimetr č./kub.m | C28: 5583 | D28: 5881 | E28: 6056 | F28: 6172 | G28: 6230 | H28: 6268 | I28: 6301 | J28: 6325 | K28: 6347 | L28: 6378 | M28: 6460 | N28: 6690 | O28: 6959 | Q28: =O28-C28 -> 1376 | R28: m3
A29: ='1854'!A29 -> Fakturační vodoměr: 42012114941 | C29: ='1854'!C29 -> 11067 | D29: ='1854'!D29 -> 11362.8 | E29: ='1854'!E29 -> 11626.9 | F29: ='1854'!F29 -> 11916.3 | G29: ='1854'!G29 -> 12197 | H29: ='1854'!H29 -> 12488 | I29: ='1854'!I29 -> 12761.9 | J29: ='1854'!J29 -> 12999.7 | ... O29: ='1854'!O29 -> 14411 | P29: =O29--C29 -> 25478
D31: Reklamace - výměna
C32: 4 | D32: 43950 | E32: starý | K32: Výměna faktur.vodoměru výr.č. | N32: m3
E33: nový | K33: 44095 | L33: starý
M34: výr.č. | N34: m3
E35: Výměna kalorimetru pata | H35: MWh | I35: m3 | K35: 44095 | L35: nový
D36: demontáž | E36: 43984 | F36: starý
G37: výr.č. | H37: GJ | I37: m3
D38: montáž | E38: 43986 | F38: nový
C40: Výměna elektroměru DŮM
C41: 45415 | D41: starý | E41: 72370868 | G41: 52894
D42: nový | E42: 72954852 | G42: 35758
B44: 17.5.2024 reset rohoží | C44: 06:00 hod

Sheet S1
A1: Sumář - spotřeba leden | B1: 2024
L2: Porovnání leden 2022 | Q2: Porovnání leden 2023
A3: Voda - m3 | B3: 1850 | C3: 1851 | D3: 1852 | E3: 1853
A4: Náměry bytových vodoměrů | B4: ='1850'!D4-'1850'!C4+'1850'!D6-'1850'!C6+'1850'!D8-'1850'!C8+'1850'!D10-'1850'!C10+'1850'!D12-'1850'!C12+'1850'!D14-'1850'!C14+'1850'!D16-'1850'!C16+'1850'!D18-'1850'!C18+'1850'!D20-'1850'!C20+'1850'!D22-'1850'!C22 -> 53.271 | C4: ='1851'!E4-'1851'!D4+'1851'!E6-'1851'!D6+'1851'!E8-'1851'!D8+'1851'!E10-'1851'!D10+'1851'!E12-'1851'!D12+'1851'!E14-'1851'!D14+'1851'!E16-'1851'!D16+'1851'!E18-'1851'!D18+'1851'!E20-'1851'!D20+'1851'!E22-'1851'!D22+'1851'!E33-'1851'!D33+'1851'!E34-'1851'!D34+'1851'!E35-'1851'!D35+'1851'!E36-'1851'!D36+'1851'!E37-'1851'!D37+'1851'!E40-'1851'!D40+'1851'!E41-'1851'!D41+'1851'!E42-'1851'!D42+'1851'!E43-'1851'!D43+'1851'!E44-'1851'!D44+'1851'!E45-'1851'!D45+'1851'!E46-'1851'!D46+'1851'!E47-'1851'!D47+'1851'!E48-'1851'!D48+'1851'!E49-'1851'!D49 -> 82.536 | D4: ='1852'!D4-'1852'!C4+'1852'!D6-'1852'!C6+'1852'!D8-'1852'!C8+'1852'!D10-'1852'!C10+'1852'!D12-'1852'!C12+'1852'!D14-'1852'!C14+'1852'!D16-'1852'!C16+'1852'!D18-'1852'!C18+'1852'!D20-'1852'!C20+'1852'!D22-'1852'!C22 -> 88.958 | E4: ='1853'!D4-'1853'!C4+'1853'!D6-'1853'!C6+'1853'!D8-'1853'!C8+'1853'!D10-'1853'!C10+'1853'!D12-'1853'!C12+'1853'!D14-'1853'!C14+'1853'!D16-'1853'!C16+'1853'!D18-'1853'!C18+'1853'!D20-'1853'!C20+'1853'!D22-'1853'!C22+'1853'!D26-'1853'!C26 -> 72.224 | G4: =1-B4/B5 -> 0.12094059 | H4: =1-C4/C5 -> 0.082933333 | I4: =1-D4/D5 -> 0.092265306 | J4: =1-E4/E5 -> 0.091522013 | L4: 0.10776056 | M4: 0.063344017 | N4: 0.10150055 | O4: 0.081363057 | Q4: 0.12214642 | R4: 0.060734341 | S4: 0.099550209 | T4: 0.089085714
A5: Patní vodoměry | B5: ='1850'!D26-'1850'!C26 -> 60.6 | C5: ='1851'!E26-'1851'!D26 -> 90 | D5: ='1852'!D26-'1852'!C26 -> 98 | E5: ='1853'!D27-'1853'!C27 -> 79.5
A6: Součet patních vodoměrů | B6: =B5+C5+D5+E5 -> 328.1 | G6: =1-B6/B7 -> 0.036982683 | L6: 0.042930738 | Q6: 0.0450045
A7: fakturační vodoměr | B7: ='1850'!D29-'1850'!C29 -> 340.7
A8: Teplo - GJ
A9: Náměry bytových kalorimetrů | B9: ='1850'!D5-'1850'!C5+'1850'!D7-'1850'!C7+'1850'!D9-'1850'!C9+'1850'!D11-'1850'!C11+'1850'!D13-'1850'!C13+'1850'!D15-'1850'!C15+'1850'!D17-'1850'!C17+'1850'!D19-'1850'!C19+'1850'!D21-'1850'!C21+'1850'!D23-'1850'!C23 -> 35.789 | C9: ='1851'!E5-'1851'!D5+'1851'!E7-'1851'!D7+'1851'!E9-'1851'!D9+'1851'!E11-'1851'!D11+'1851'!E13-'1851'!D13+'1851'!E15-'1851'!D15+'1851'!E17-'1851'!D17+'1851'!E19-'1851'!D19+'1851'!E21-'1851'!D21+'1851'!E23-'1851'!D23 -> 40.862 | D9: ='1852'!D5-'1852'!C5+'1852'!D7-'1852'!C7+'1852'!D9-'1852'!C9+'1852'!D11-'1852'!C11+'1852'!D13-'1852'!C13+'1852'!D15-'1852'!C15+'1852'!D17-'1852'!C17+'1852'!D19-'1852'!C19+'1852'!D21-'1852'!C21+'1852'!D23-'1852'!C23 -> 38.766 | E9: ='1853'!D5-'1853'!C5+'1853'!D7-'1853'!C7+'1853'!D9-'1853'!C9+'1853'!D11-'1853'!C11+'1853'!D13-'1853'!C13+'1853'!D15-'1853'!C15+'1853'!D17-'1853'!C17+'1853'!D19-'1853'!C19+'1853'!D21-'1853'!C21+'1853'!D23-'1853'!C23 -> 35.855 | G9: =1-B9/B10 -> 0.089801628 | H9: =1-C9/C10 -> 0.074682971 | I9: =1-D9/D10 -> 0.048453608 | J9: =1-E9/E10 -> 0.048181577 | L9: 0.072743402 | M9: 0.097352025 | N9: 0.054242244 | O9: 0.077654694 | Q9: 0.08422641 | R9: 0.10960399 | S9: 0.062670765 | T9: 0.050868252
A10: Fakturační kalorimetry | B10: =('1850'!D27-'1850'!C27) -> 39.32 | C10: =('1851'!E27-'1851'!D27) -> 44.16 | D10: =('1852'!D27-'1852'!C27) -> 40.74 | E10: =('1853'!D28-'1853'!C28) -> 37.67
A11: Elektřina - kWh
A12: Elektroměr dům | B12: ='1850'!D25-'1850'!C25 -> 169 | C12: ='1851'!E24-'1851'!D24 -> 269 | D12: ='1852'!D25-'1852'!C25 -> 189 | E12: ='1853'!D24-'1853'!C24 -> 184
A14: Elektroměr areál | B14: ='1853'!D25-'1853'!C25 -> 353
A15: Vodoměr areál | B15: ='1853'!D26-'1853'!C26 -> 0
A18: Voda - m3 | B18: 1854 | C18: 1855 | D18: 1856 | E18: 1857
A19: Náměry bytových vodoměrů | B19: ='1854'!D4-'1854'!C4+'1854'!D6-'1854'!C6+'1854'!D8-'1854'!C8+'1854'!D10-'1854'!C10+'1854'!D12-'1854'!C12+'1854'!D14-'1854'!C14+'1854'!D16-'1854'!C16+'1854'!D18-'1854'!C18+'1854'!D20-'1854'!C20+'1854'!D22-'1854'!C22 -> 49.27 | C19: ='1855'!D4-'1855'!C4+'1855'!D6-'1855'!C6+'1855'!D8-'1855'!C8+'1855'!D10-'1855'!C10+'1855'!D12-'1855'!C12+'1855'!D14-'1855'!C14+'1855'!D16-'1855'!C16+'1855'!D18-'1855'!C18+'1855'!D20-'1855'!C20+'1855'!D22-'1855'!C22 -> 67.952 | D19: ='1856'!D4-'1856'!C4+'1856'!D6-'1856'!C6+'1856'!D8-'1856'!C8+'1856'!D10-'1856'!C10+'1856'!D12-'1856'!C12+'1856'!D14-'1856'!C14+'1856'!D16-'1856'!C16+'1856'!D18-'1856'!C18+'1856'!D20-'1856'!C20+'1856'!D22-'1856'!C22 -> 79.704 | E19: ='1857'!D4-'1857'!C4+'1857'!D6-'1857'!C6+'1857'!D8-'1857'!C8+'1857'!D10-'1857'!C10+'1857'!D12-'1857'!C12+'1857'!D14-'1857'!C14+'1857'!D16-'1857'!C16+'1857'!D18-'1857'!C18+'1857'!D20-'1857'!C20+'1857'!D22-'1857'!C22 -> 81.905 | G19: =1-B19/B20 -> 0.10742754 | H19: =1-C19/C20 -> 0.13766497 | I19: =1-D19/D20 -> 0.071048951 | J19: =1-E19/E20 -> 0.098954895 | L19: 0.091895803 | M19: 0.10143195 | N19: 0.092536137 | O19: 0.09185006 | Q19: 0.090062305 | R19: 0.10805405 | S19: 0.091619156 | T19: 0.11914865
A20: Patní vodoměry | B20: ='1854'!D26-'1854'!C26 -> 55.2 | C20: ='1855'!D26-'1855'!C26 -> 78.8 | D20: ='1856'!D26-'1856'!C26 -> 85.8 | E20: ='1857'!D26-'1857'!C26 -> 90.9
A21: Součet patních vodoměrů | B21: =B20+C20+D20+E20 -> 310.7 | G21: =1-B21/B22 -> -0.050371873 | L21: -0.039254824 | Q21: -0.041319444
A22: fakturační vodoměr | B22: ='1854'!D29-'1854'!C29 -> 295.8
A23: Teplo - GJ
A24: Náměry bytových kalorimetrů | B24: ='1854'!D5-'1854'!C5+'1854'!D7-'1854'!C7+'1854'!D9-'1854'!C9+'1854'!D11-'1854'!C11+'1854'!D13-'1854'!C13+'1854'!D15-'1854'!C15+'1854'!D17-'1854'!C17+'1854'!D19-'1854'!C19+'1854'!D21-'1854'!C21+'1854'!D23-'1854'!C23 -> 33.747 | C24: ='1855'!D5-'1855'!C5+'1855'!D7-'1855'!C7+'1855'!D9-'1855'!C9+'1855'!D11-'1855'!C11+'1855'!D13-'1855'!C13+'1855'!D15-'1855'!C15+'1855'!D17-'1855'!C17+'1855'!D19-'1855'!C19+'1855'!D21-'1855'!C21+'1855'!D23-'1855'!C23 -> 38.486 | D24: ='1856'!D5-'1856'!C5+'1856'!D7-'1856'!C7+'1856'!D9-'1856'!C9+'1856'!D11-'1856'!C11+'1856'!D13-'1856'!C13+'1856'!D15-'1856'!C15+'1856'!D17-'1856'!C17+'1856'!D19-'1856'!C19+'1856'!D21-'1856'!C21+'1856'!D23-'1856'!C23 -> 35.634 | E24: ='1857'!D5-'1857'!C5+'1857'!D7-'1857'!C7+'1857'!D9-'1857'!C9+'1857'!D11-'1857'!C11+'1857'!D13-'1857'!C13+'1857'!D15-'1857'!C15+'1857'!D17-'1857'!C17+'1857'!D19-'1857'!C19+'1857'!D21-'1857'!C21+'1857'!D23-'1857'!C23 -> 36.385 | G24: =1-B24/B25 -> 0.067762431 | H24: =1-C24/C25 -> 0.070835345 | I24: =1-D24/D25 -> 0.069851214 | J24: =1-E24/E25 -> 0.096922313 | L24: 0.058015267 | M24: 0.072727273 | N24: 0.078701987 | O24: 0.087025071 | Q24: 0.072464219 | R24: 0.074006476 | S24: 0.086205818 | T24: 0.076633479
A25: Fakturační kalorimetry | B25: =('1854'!D27-'1854'!C27) -> 36.2 | C25: =('1855'!D27-'1855'!C27) -> 41.42 | D25: =('1856'!D27-'1856'!C27) -> 38.31 | E25: =('1857'!D27-'1857'!C27) -> 40.29
A26: Elektřina - kWh
A27: Elektroměr dům | B27: ='1854'!D25-'1854'!C25 -> 185 | C27: ='1855'!D25-'1855'!C25 -> 393 | D27: ='1856'!D25-'1856'!C25 -> 181 | E27: ='1857'!D25-'1857'!C25 -> 239

Sheet S2
A1: Sumář - spotřeba únor | B1: ='S1'!B1 -> 2024
A3: Voda - m3 | B3: 1850 | C3: 1851 | D3: 1852 | E3: 1853
A4: Náměry bytových vodoměrů | B4: ='1850'!E4-'1850'!D4+'1850'!E6-'1850'!D6+'1850'!E8-'1850'!D8+'1850'!E10-'1850'!D10+'1850'!E12-'1850'!D12+'1850'!E14-'1850'!D14+'1850'!E16-'1850'!D16+'1850'!E18-'1850'!D18+'1850'!E20-'1850'!D20+'1850'!E22-'1850'!D22 -> 54.805 | C4: ='1851'!F4-'1851'!E4+'1851'!F6-'1851'!E6+'1851'!F8-'1851'!E8+'1851'!F10-'1851'!E10+'1851'!F12-'1851'!E12+'1851'!F14-'1851'!E14+'1851'!F16-'1851'!E16+'1851'!F18-'1851'!E18+'1851'!F20-'1851'!E20+'1851'!F22-'1851'!E22+'1851'!F33-'1851'!E33+'1851'!F34-'1851'!E34+'1851'!F35-'1851'!E35+'1851'!F36-'1851'!E36+'1851'!F37-'1851'!E37+'1851'!F40-'1851'!E40+'1851'!F41-'1851'!E41+'1851'!F42-'1851'!E42+'1851'!F43-'1851'!E43+'1851'!F44-'1851'!E44+'1851'!F45-'1851'!E45+'1851'!F46-'1851'!E46+'1851'!F47-'1851'!E47+'1851'!F48-'1851'!E48+'1851'!F49-'1851'!E49 -> 75.694 | D4: ='1852'!E4-'1852'!D4+'1852'!E6-'1852'!D6+'1852'!E8-'1852'!D8+'1852'!E10-'1852'!D10+'1852'!E12-'1852'!D12+'1852'!E14-'1852'!D14+'1852'!E16-'1852'!D16+'1852'!E18-'1852'!D18+'1852'!E20-'1852'!D20+'1852'!E22-'1852'!D22 -> 73.624 | E4: ='1853'!E4-'1853'!D4+'1853'!E6-'1853'!D6+'1853'!E8-'1853'!D8+'1853'!E10-'1853'!D10+'1853'!E12-'1853'!D12+'1853'!E14-'1853'!D14+'1853'!E16-'1853'!D16+'1853'!E18-'1853'!D18+'1853'!E20-'1853'!D20+'1853'!E22-'1853'!D22+'1853'!E26-'1853'!D26 -> 61.574 | G4: =1-B4/B5 -> 0.11889068 | H4: =1-C4/C5 -> 0.08249697 | I4: =1-D4/D5 -> 0.0999511 | J4: =1-E4/E5 -> 0.090487445
A5: Patní vodoměry | B5: ='1850'!E26-'1850'!D26 -> 62.2 | C5: ='1851'!F26-'1851'!E26 -> 82.5 | D5: ='1852'!E26-'1852'!D26 -> 81.8 | E5: ='1853'!E27-'1853'!D27 -> 67.7
A6: Součet patních vodoměrů | B6: =SUM(B5:E5) -> 294.2 | G6: =1-B6/B7 -> 0.035409836
A7: fakturační vodoměr | B7: ='1850'!E29-'1850'!D29 -> 305
A8: Teplo - GJ
A9: Náměry bytových kalorimetrů | B9: ='1850'!E5-'1850'!D5+'1850'!E7-'1850'!D7+'1850'!E9-'1850'!D9+'1850'!E11-'1850'!D11+'1850'!E13-'1850'!D13+'1850'!E15-'1850'!D15+'1850'!E17-'1850'!D17+'1850'!E19-'1850'!D19+'1850'!E21-'1850'!D21+'1850'!E23-'1850'!D23 -> 23.655 | C9: ='1851'!F5-'1851'!E5+'1851'!F7-'1851'!E7+'1851'!F9-'1851'!E9+'1851'!F11-'1851'!E11+'1851'!F13-'1851'!E13+'1851'!F15-'1851'!E15+'1851'!F17-'1851'!E17+'1851'!F19-'1851'!E19+'1851'!F21-'1851'!E21+'1851'!F23-'1851'!E23 -> 25.409 | D9: ='1852'!E5-'1852'!D5+'1852'!E7-'1852'!D7+'1852'!E9-'1852'!D9+'1852'!E11-'1852'!D11+'1852'!E13-'1852'!D13+'1852'!E15-'1852'!D15+'1852'!E17-'1852'!D17+'1852'!E19-'1852'!D19+'1852'!E21-'1852'!D21+'1852'!E23-'1852'!D23 -> 23.459 | E9: ='1853'!E5-'1853'!D5+'1853'!E7-'1853'!D7+'1853'!E9-'1853'!D9+'1853'!E11-'1853'!D11+'1853'!E13-'1853'!D13+'1853'!E15-'1853'!D15+'1853'!E17-'1853'!D17+'1853'!E19-'1853'!D19+'1853'!E21-'1853'!D21+'1853'!E23-'1853'!D23 -> 20.874 | G9: =1-B9/B10 -> 0.074530516 | H9: =1-C9/C10 -> 0.078716461 | I9: =1-D9/D10 -> 0.045606184 | J9: =1-E9/E10 -> 0.051612903
A10: Fakturační kalorimetry | B10: =('1850'!E27-'1850'!D27) -> 25.56 | C10: =('1851'!F27-'1851'!E27) -> 27.58 | D10: =('1852'!E27-'1852'!D27) -> 24.58 | E10: =('1853'!E28-'1853'!D28) -> 22.01
A11: Elektřina -
A12: Elektroměr dům | B12: ='1850'!E25-'1850'!D25 -> 237 | C12: ='1851'!F24-'1851'!E24 -> 239 | D12: ='1852'!E25-'1852'!D25 -> 185 | E12: ='1853'!E24-'1853'!D24 -> 169
A14: Elektroměr areál | B14: ='1853'!E25-'1853'!D25 -> 322
A15: Vodoměr areál | B15: ='1853'!E26-'1853'!D26 -> 0
A18: Voda - m3 | B18: 1854 | C18: 1855 | D18: 1856 | E18: 1857
A19: Náměry bytových vodoměrů | B19: ='1854'!E4-'1854'!D4+'1854'!E6-'1854'!D6+'1854'!E8-'1854'!D8+'1854'!E10-'1854'!D10+'1854'!E12-'1854'!D12+'1854'!E14-'1854'!D14+'1854'!E16-'1854'!D16+'1854'!E18-'1854'!D18+'1854'!E20-'1854'!D20+'1854'!E22-'1854'!D22 -> 43.454 | C19: ='1855'!E4-'1855'!D4+'1855'!E6-'1855'!D6+'1855'!E8-'1855'!D8+'1855'!E10-'1855'!D10+'1855'!E12-'1855'!D12+'1855'!E14-'1855'!D14+'1855'!E16-'1855'!D16+'1855'!E18-'1855'!D18+'1855'!E20-'1855'!D20+'1855'!E22-'1855'!D22 -> 63.015 | D19: ='1856'!E4-'1856'!D4+'1856'!E6-'1856'!D6+'1856'!E8-'1856'!D8+'1856'!E10-'1856'!D10+'1856'!E12-'1856'!D12+'1856'!E14-'1856'!D14+'1856'!E16-'1856'!D16+'1856'!E18-'1856'!D18+'1856'!E20-'1856'!D20+'1856'!E22-'1856'!D22 -> 69.145 | E19: ='1857'!E4-'1857'!D4+'1857'!E6-'1857'!D6+'1857'!E8-'1857'!D8+'1857'!E10-'1857'!D10+'1857'!E12-'1857'!D12+'1857'!E14-'1857'!D14+'1857'!E16-'1857'!D16+'1857'!E18-'1857'!D18+'1857'!E20-'1857'!D20+'1857'!E22-'1857'!D22 -> 70.236 | G19: =1-B19/B20 -> 0.089014675 | H19: =1-C19/C20 -> 0.12721607 | I19: =1-D19/D20 -> 0.12585335 | J19: =1-E19/E20 -> 0.10527389
A20: Patní vodoměry | B20: ='1854'!E26-'1854'!D26 -> 47.7 | C20: ='1855'!E26-'1855'!D26 -> 72.2 | D20: ='1856'!E26-'1856'!D26 -> 79.1 | E20: ='1857'!E26-'1857'!D26 -> 78.5
A21: Součet patních vodoměrů | B21: =SUM(B20:E20) -> 277.5 | G21: =1-B21/B22 -> -0.050738357
A22: fakturační vodoměr | B22: ='1854'!E29-'1854'!D29 -> 264.1
A23: Teplo - GJ
A24: Náměry bytových kalorimetrů | B24: ='1854'!E5-'1854'!D5+'1854'!E7-'1854'!D7+'1854'!E9-'1854'!D9+'1854'!E11-'1854'!D11+'1854'!E13-'1854'!D13+'1854'!E15-'1854'!D15+'1854'!E17-'1854'!D17+'1854'!E19-'1854'!D19+'1854'!E21-'1854'!D21+'1854'!E23-'1854'!D23 -> 21.614 | C24: ='1855'!E5-'1855'!D5+'1855'!E7-'1855'!D7+'1855'!E9-'1855'!D9+'1855'!E11-'1855'!D11+'1855'!E13-'1855'!D13+'1855'!E15-'1855'!D15+'1855'!E17-'1855'!D17+'1855'!E19-'1855'!D19+'1855'!E21-'1855'!D21+'1855'!E23-'1855'!D23 -> 23.615 | D24: ='1856'!E5-'1856'!D5+'1856'!E7-'1856'!D7+'1856'!E9-'1856'!D9+'1856'!E11-'1856'!D11+'1856'!E13-'1856'!D13+'1856'!E15-'1856'!D15+'1856'!E17-'1856'!D17+'1856'!E19-'1856'!D19+'1856'!E21-'1856'!D21+'1856'!E23-'1856'!D23 -> 20.178 | E24: ='1857'!E5-'1857'!D5+'1857'!E7-'1857'!D7+'1857'!E9-'1857'!D9+'1857'!E11-'1857'!D11+'1857'!E13-'1857'!D13+'1857'!E15-'1857'!D15+'1857'!E17-'1857'!D17+'1857'!E19-'1857'!D19+'1857'!E21-'1857'!D21+'1857'!E23-'1857'!D23 -> 22.783 | G24: =1-B24/B25 -> 0.069565217 | H24: =1-C24/C25 -> 0.070275591 | I24: =1-D24/D25 -> 0.054894614 | J24: =1-E24/E25 -> 0.089408473
A25: Fakturační kalorimetry | B25: =('1854'!E27-'1854'!D27) -> 23.23 | C25: =('1855'!E27-'1855'!D27) -> 25.4 | D25: =('1856'!E27-'1856'!D27) -> 21.35 | E25: =('1857'!E27-'1857'!D27) -> 25.02
A26: Elektřina -
A27: Elektroměr dům | B27: ='1854'!E25-'1854'!D25 -> 180 | C27: ='1855'!E25-'1855'!D25 -> 197 | D27: ='1856'!E25-'1856'!D25 -> 179 | E27: ='1857'!E25-'1857'!D25 -> 185

Sheet S3
A1: Sumář - spotřeba březen | B1: ='S1'!B1 -> 2024
A3: Voda - m3 | B3: 1850 | C3: 1851 | D3: 1852 | E3: 1853
A4: Náměry bytových vodoměrů | B4: ='1850'!F4-'1850'!E4+'1850'!F6-'1850'!E6+'1850'!F8-'1850'!E8+'1850'!F10-'1850'!E10+'1850'!F12-'1850'!E12+'1850'!F14-'1850'!E14+'1850'!F16-'1850'!E16+'1850'!F18-'1850'!E18+'1850'!F20-'1850'!E20+'1850'!F22-'1850'!E22 -> 61.52 | C4: ='1851'!G4-'1851'!F4+'1851'!G6-'1851'!F6+'1851'!G8-'1851'!F8+'1851'!G10-'1851'!F10+'1851'!G12-'1851'!F12+'1851'!G14-'1851'!F14+'1851'!G16-'1851'!F16+'1851'!G18-'1851'!F18+'1851'!G20-'1851'!F20+'1851'!G22-'1851'!F22+'1851'!G33-'1851'!F33+'1851'!G34-'1851'!F34+'1851'!G35-'1851'!F35+'1851'!G36-'1851'!F36+'1851'!G37-'1851'!F37+'1851'!G40-'1851'!F40+'1851'!G41-'1851'!F41+'1851'!G42-'1851'!F42+'1851'!G43-'1851'!F43+'1851'!G44-'1851'!F44+'1851'!G45-'1851'!F45+'1851'!G46-'1851'!F46+'1851'!G47-'1851'!F47+'1851'!G48-'1851'!F48+'1851'!G49-'1851'!F49 -> 79.94 | D4: ='1852'!F4-'1852'!E4+'1852'!F6-'1852'!E6+'1852'!F8-'1852'!E8+'1852'!F10-'1852'!E10+'1852'!F12-'1852'!E12+'1852'!F14-'1852'!E14+'1852'!F16-'1852'!E16+'1852'!F18-'1852'!E18+'1852'!F20-'1852'!E20+'1852'!F22-'1852'!E22 -> 73.007 | E4: ='1853'!F4-'1853'!E4+'1853'!F6-'1853'!E6+'1853'!F8-'1853'!E8+'1853'!F10-'1853'!E10+'1853'!F12-'1853'!E12+'1853'!F14-'1853'!E14+'1853'!F16-'1853'!E16+'1853'!F18-'1853'!E18+'1853'!F20-'1853'!E20+'1853'!F22-'1853'!E22+'1853'!F26-'1853'!E26 -> 69.196 | G4: =1-B4/B5 -> 0.13595506 | H4: =1-C4/C5 -> 0.070465116 | I4: =1-D4/D5 -> 0.090821918 | J4: =1-E4/E5 -> 0.11514066
A5: Patní vodoměry | B5: ='1850'!F26-'1850'!E26 -> 71.2 | C5: ='1851'!G26-'1851'!F26 -> 86 | D5: ='1852'!F26-'1852'!E26 -> 80.3 | E5: ='1853'!F27-'1853'!E27 -> 78.2
A6: Součet patních vodoměrů | B6: =SUM(B5:E5) -> 315.7 | G6: =1-B6/B7 -> 0.04217233
A7: fakturační vodoměr | B7: ='1850'!F29-'1850'!E29 -> 329.6
A8: Teplo - GJ
A9: Náměry bytových kalorimetrů | B9: ='1850'!F5-'1850'!E5+'1850'!F7-'1850'!E7+'1850'!F9-'1850'!E9+'1850'!F11-'1850'!E11+'1850'!F13-'1850'!E13+'1850'!F15-'1850'!E15+'1850'!F17-'1850'!E17+'1850'!F19-'1850'!E19+'1850'!F21-'1850'!E21+'1850'!F23-'1850'!E23 -> 16.748 | C9: ='1851'!G5-'1851'!F5+'1851'!G7-'1851'!F7+'1851'!G9-'1851'!F9+'1851'!G11-'1851'!F11+'1851'!G13-'1851'!F13+'1851'!G15-'1851'!F15+'1851'!G17-'1851'!F17+'1851'!G19-'1851'!F19+'1851'!G21-'1851'!F21+'1851'!G23-'1851'!F23 -> 21.266 | D9: ='1852'!F5-'1852'!E5+'1852'!F7-'1852'!E7+'1852'!F9-'1852'!E9+'1852'!F11-'1852'!E11+'1852'!F13-'1852'!E13+'1852'!F15-'1852'!E15+'1852'!F17-'1852'!E17+'1852'!F19-'1852'!E19+'1852'!F21-'1852'!E21+'1852'!F23-'1852'!E23 -> 19.237 | E9: ='1853'!F5-'1853'!E5+'1853'!F7-'1853'!E7+'1853'!F9-'1853'!E9+'1853'!F11-'1853'!E11+'1853'!F13-'1853'!E13+'1853'!F15-'1853'!E15+'1853'!F17-'1853'!E17+'1853'!F19-'1853'!E19+'1853'!F21-'1853'!E21+'1853'!F23-'1853'!E23 -> 16.244 | G9: =1-B9/B10 -> 0.061210762 | H9: =1-C9/C10 -> 0.074989126 | I9: =1-D9/D10 -> 0.047201585 | J9: =1-E9/E10 -> 0.055581395
A10: Fakturační kalorimetry | B10: =('1850'!F27-'1850'!E27) -> 17.84 | C10: =('1851'!G27-'1851'!F27) -> 22.99 | D10: =('1852'!F27-'1852'!E27) -> 20.19 | E10: =('1853'!F28-'1853'!E28) -> 17.2
A11: Elektřina -
A12: Elektroměr dům | B12: ='1850'!F25-'1850'!E25 -> 176 | C12: ='1851'!G24-'1851'!F24 -> 193 | D12: ='1852'!F25-'1852'!E25 -> 187 | E12: ='1853'!F24-'1853'!E24 -> 196
A14: Elektroměr areál | B14: ='1853'!F25-'1853'!E25 -> 322
A15: Vodoměr areál | B15: ='1853'!F26-'1853'!E26 -> 0
A18: Voda - m3 | B18: 1854 | C18: 1855 | D18: 1856 | E18: 1857
A19: Náměry bytových vodoměrů | B19: ='1854'!F4-'1854'!E4+'1854'!F6-'1854'!E6+'1854'!F8-'1854'!E8+'1854'!F10-'1854'!E10+'1854'!F12-'1854'!E12+'1854'!F14-'1854'!E14+'1854'!F16-'1854'!E16+'1854'!F18-'1854'!E18+'1854'!F20-'1854'!E20+'1854'!F22-'1854'!E22 -> 52.582 | C19: ='1855'!F4-'1855'!E4+'1855'!F6-'1855'!E6+'1855'!F8-'1855'!E8+'1855'!F10-'1855'!E10+'1855'!F12-'1855'!E12+'1855'!F14-'1855'!E14+'1855'!F16-'1855'!E16+'1855'!F18-'1855'!E18+'1855'!F20-'1855'!E20+'1855'!F22-'1855'!E22 -> 69.15 | D19: ='1856'!F4-'1856'!E4+'1856'!F6-'1856'!E6+'1856'!F8-'1856'!E8+'1856'!F10-'1856'!E10+'1856'!F12-'1856'!E12+'1856'!F14-'1856'!E14+'1856'!F16-'1856'!E16+'1856'!F18-'1856'!E18+'1856'!F20-'1856'!E20+'1856'!F22-'1856'!E22 -> 77.613 | E19: ='1857'!F4-'1857'!E4+'1857'!F6-'1857'!E6+'1857'!F8-'1857'!E8+'1857'!F10-'1857'!E10+'1857'!F12-'1857'!E12+'1857'!F14-'1857'!E14+'1857'!F16-'1857'!E16+'1857'!F18-'1857'!E18+'1857'!F20-'1857'!E20+'1857'!F22-'1857'!E22 -> 72.249 | G19: =1-B19/B20 -> 0.099623288 | H19: =1-C19/C20 -> 0.11685824 | I19: =1-D19/D20 -> 0.10273988 | J19: =1-E19/E20 -> 0.10582921
A20: Patní vodoměry | B20: ='1854'!F26-'1854'!E26 -> 58.4 | C20: ='1855'!F26-'1855'!E26 -> 78.3 | D20: ='1856'!F26-'1856'!E26 -> 86.5 | E20: ='1857'!F26-'1857'!E26 -> 80.8
A21: Součet patních vodoměrů | B21: =SUM(B20:E20) -> 304 | G21: =1-B21/B22 -> -0.050449205
A22: fakturační vodoměr | B22: ='1854'!F29-'1854'!E29 -> 289.4
A23: Teplo - GJ
A24: Náměry bytových kalorimetrů | B24: ='1854'!F5-'1854'!E5+'1854'!F7-'1854'!E7+'1854'!F9-'1854'!E9+'1854'!F11-'1854'!E11+'1854'!F13-'1854'!E13+'1854'!F15-'1854'!E15+'1854'!F17-'1854'!E17+'1854'!F19-'1854'!E19+'1854'!F21-'1854'!E21+'1854'!F23-'1854'!E23 -> 16.996 | C24: ='1855'!F5-'1855'!E5+'1855'!F7-'1855'!E7+'1855'!F9-'1855'!E9+'1855'!F11-'1855'!E11+'1855'!F13-'1855'!E13+'1855'!F15-'1855'!E15+'1855'!F17-'1855'!E17+'1855'!F19-'1855'!E19+'1855'!F21-'1855'!E21+'1855'!F23-'1855'!E23 -> 17.192 | D24: ='1856'!F5-'1856'!E5+'1856'!F7-'1856'!E7+'1856'!F9-'1856'!E9+'1856'!F11-'1856'!E11+'1856'!F13-'1856'!E13+'1856'!F15-'1856'!E15+'1856'!F17-'1856'!E17+'1856'!F19-'1856'!E19+'1856'!F21-'1856'!E21+'1856'!F23-'1856'!E23 -> 16.018 | E24: ='1857'!F5-'1857'!E5+'1857'!F7-'1857'!E7+'1857'!F9-'1857'!E9+'1857'!F11-'1857'!E11+'1857'!F13-'1857'!E13+'1857'!F15-'1857'!E15+'1857'!F17-'1857'!E17+'1857'!F19-'1857'!E19+'1857'!F21-'1857'!E21+'1857'!F23-'1857'!E23 -> 16.846 | G24: =1-B24/B25 -> 0.063581267 | H24: =1-C24/C25 -> 0.071706263 | I24: =1-D24/D25 -> 0.040838323 | J24: =1-E24/E25 -> 0.049858996
A25: Fakturační kalorimetry | B25: =('1854'!F27-'1854'!E27) -> 18.15 | C25: =('1855'!F27-'1855'!E27) -> 18.52 | D25: =('1856'!F27-'1856'!E27) -> 16.7 | E25: =('1857'!F27-'1857'!E27) -> 17.73
A26: Elektřina -
A27: Elektroměr dům | B27: ='1854'!F25-'1854'!E25 -> 186 | C27: ='1855'!F25-'1855'!E25 -> 216 | D27: ='1856'!F25-'1856'!E25 -> 216 | E27: ='1857'!F25-'1857'!E25 -> 229

Sheet S4
A1: Sumář - spotřeba duben | B1: ='S1'!B1 -> 2024
L2: Porovnání duben 2023
A3: Voda - m3 | B3: 1850 | C3: 1851 | D3: 1852 | E3: 1853
A4: Náměry bytových vodoměrů | B4: ='1850'!G4-'1850'!F4+'1850'!G6-'1850'!F6+'1850'!G8-'1850'!F8+'1850'!G10-'1850'!F10+'1850'!G12-'1850'!F12+'1850'!G14-'1850'!F14+'1850'!G16-'1850'!F16+'1850'!G18-'1850'!F18+'1850'!G20-'1850'!F20+'1850'!G22-'1850'!F22 -> 54.618 | C4: ='1851'!H4-'1851'!G4+'1851'!H6-'1851'!G6+'1851'!H8-'1851'!G8+'1851'!H10-'1851'!G10+'1851'!H12-'1851'!G12+'1851'!H14-'1851'!G14+'1851'!H16-'1851'!G16+'1851'!H18-'1851'!G18+'1851'!H20-'1851'!G20+'1851'!H22-'1851'!G22+'1851'!H33-'1851'!G33+'1851'!H34-'1851'!G34+'1851'!H35-'1851'!G35+'1851'!H36-'1851'!G36+'1851'!H37-'1851'!G37+'1851'!H40-'1851'!G40+'1851'!H41-'1851'!G41+'1851'!H42-'1851'!G42+'1851'!H43-'1851'!G43+'1851'!H44-'1851'!G44+'1851'!H45-'1851'!G45+'1851'!H46-'1851'!G46+'1851'!H47-'1851'!G47+'1851'!H48-'1851'!G48+'1851'!H49-'1851'!G49 -> 80.732 | D4: ='1852'!G4-'1852'!F4+'1852'!G6-'1852'!F6+'1852'!G8-'1852'!F8+'1852'!G10-'1852'!F10+'1852'!G12-'1852'!F12+'1852'!G14-'1852'!F14+'1852'!G16-'1852'!F16+'1852'!G18-'1852'!F18+'1852'!G20-'1852'!F20+'1852'!G22-'1852'!F22 -> 76.353 | E4: ='1853'!G4-'1853'!F4+'1853'!G6-'1853'!F6+'1853'!G8-'1853'!F8+'1853'!G10-'1853'!F10+'1853'!G12-'1853'!F12+'1853'!G14-'1853'!F14+'1853'!G16-'1853'!F16+'1853'!G18-'1853'!F18+'1853'!G20-'1853'!F20+'1853'!G22-'1853'!F22+'1853'!G26-'1853'!F26 -> 82.887 | G4: =1-B4/B5 -> 0.14659375 | H4: =1-C4/C5 -> 0.088803612 | I4: =1-D4/D5 -> 0.09748227 | J4: =1-E4/E5 -> 0.065535513 | L4: 0.12156089 | M4: 0.063176856 | N4: 0.087252874 | O4: 0.096567568
A5: Patní vodoměry | B5: ='1850'!G26-'1850'!F26 -> 64 | C5: ='1851'!H26-'1851'!G26 -> 88.6 | D5: ='1852'!G26-'1852'!F26 -> 84.6 | E5: ='1853'!G27-'1853'!F27 -> 88.7
A6: Součet patních vodoměrů | B6: =SUM(B5:E5) -> 325.9 | G6: =1-B6/B7 -> 0.036369012 | L6: 0.042795567
A7: fakturační vodoměr | B7: ='1850'!G29-'1850'!F29 -> 338.2
A8: Teplo - GJ
A9: Náměry bytových kalorimetrů | B9: ='1850'!G5-'1850'!F5+'1850'!G7-'1850'!F7+'1850'!G9-'1850'!F9+'1850'!G11-'1850'!F11+'1850'!G13-'1850'!F13+'1850'!G15-'1850'!F15+'1850'!G17-'1850'!F17+'1850'!G19-'1850'!F19+'1850'!G21-'1850'!F21+'1850'!G23-'1850'!F23 -> 8.702 | C9: ='1851'!H5-'1851'!G5+'1851'!H7-'1851'!G7+'1851'!H9-'1851'!G9+'1851'!H11-'1851'!G11+'1851'!H13-'1851'!G13+'1851'!H15-'1851'!G15+'1851'!H17-'1851'!G17+'1851'!H19-'1851'!G19+'1851'!H21-'1851'!G21+'1851'!H23-'1851'!G23 -> 13.082 | D9: ='1852'!G5-'1852'!F5+'1852'!G7-'1852'!F7+'1852'!G9-'1852'!F9+'1852'!G11-'1852'!F11+'1852'!G13-'1852'!F13+'1852'!G15-'1852'!F15+'1852'!G17-'1852'!F17+'1852'!G19-'1852'!F19+'1852'!G21-'1852'!F21+'1852'!G23-'1852'!F23 -> 11.436 | E9: ='1853'!G5-'1853'!F5+'1853'!G7-'1853'!F7+'1853'!G9-'1853'!F9+'1853'!G11-'1853'!F11+'1853'!G13-'1853'!F13+'1853'!G15-'1853'!F15+'1853'!G17-'1853'!F17+'1853'!G19-'1853'!F19+'1853'!G21-'1853'!F21+'1853'!G23-'1853'!F23 -> 8.405 | G9: =1-B9/B10 -> -0.072996301 | H9: =1-C9/C10 -> 0.12377763 | I9: =1-D9/D10 -> -0.011140584 | J9: =1-E9/E10 -> -0.022506083 | L9: 0.052057095 | M9: 0.12181409 | N9: 0.019920319 | O9: 0.037235627
A10: Fakturační kalorimetry | B10: =('1850'!G27-'1850'!F27) -> 8.11 | C10: =('1851'!H27-'1851'!G27) -> 14.93 | D10: =('1852'!G27-'1852'!F27) -> 11.31 | E10: =('1853'!G28-'1853'!F28) -> 8.22
A11: Elektřina -
A12: Elektroměr dům | B12: ='1850'!G25-'1850'!F25 -> 184 | C12: ='1851'!H24-'1851'!G24 -> 209 | D12: ='1852'!G25-'1852'!F25 -> 197 | E12: ='1853'!G24-'1853'!F24 -> 187
A14: Elektroměr areál | B14: ='1853'!G25-'1853'!F25 -> 258
A15: Vodoměr areál | B15: ='1853'!G26-'1853'!F26 -> 13.007
A18: Voda - m3 | B18: 1854 | C18: 1855 | D18: 1856 | E18: 1857
A19: Náměry bytových vodoměrů | B19: ='1854'!G4-'1854'!F4+'1854'!G6-'1854'!F6+'1854'!G8-'1854'!F8+'1854'!G10-'1854'!F10+'1854'!G12-'1854'!F12+'1854'!G14-'1854'!F14+'1854'!G16-'1854'!F16+'1854'!G18-'1854'!F18+'1854'!G20-'1854'!F20+'1854'!G22-'1854'!F22 -> 46.142 | C19: ='1855'!G4-'1855'!F4+'1855'!G6-'1855'!F6+'1855'!G8-'1855'!F8+'1855'!G10-'1855'!F10+'1855'!G12-'1855'!F12+'1855'!G14-'1855'!F14+'1855'!G16-'1855'!F16+'1855'!G18-'1855'!F18+'1855'!G20-'1855'!F20+'1855'!G22-'1855'!F22 -> 67.296 | D19: ='1856'!G4-'1856'!F4+'1856'!G6-'1856'!F6+'1856'!G8-'1856'!F8+'1856'!G10-'1856'!F10+'1856'!G12-'1856'!F12+'1856'!G14-'1856'!F14+'1856'!G16-'1856'!F16+'1856'!G18-'1856'!F18+'1856'!G20-'1856'!F20+'1856'!G22-'1856'!F22 -> 73.988 | E19: ='1857'!G4-'1857'!F4+'1857'!G6-'1857'!F6+'1857'!G8-'1857'!F8+'1857'!G10-'1857'!F10+'1857'!G12-'1857'!F12+'1857'!G14-'1857'!F14+'1857'!G16-'1857'!F16+'1857'!G18-'1857'!F18+'1857'!G20-'1857'!F20+'1857'!G22-'1857'!F22 -> 75.689 | G19: =1-B19/B20 -> 0.09702544 | H19: =1-C19/C20 -> 0.13389961 | I19: =1-D19/D20 -> 0.098806334 | J19: =1-E19/E20 -> 0.10108076 | L19: 0.094204152 | M19: 0.12833559 | N19: 0.097749684 | O19: 0.10306849
A20: Patní vodoměry | B20: ='1854'!G26-'1854'!F26 -> 51.1 | C20: ='1855'!G26-'1855'!F26 -> 77.7 | D20: ='1856'!G26-'1856'!F26 -> 82.1 | E20: ='1857'!G26-'1857'!F26 -> 84.2
A21: Součet patních vodoměrů | B21: =SUM(B20:E20) -> 295.1 | G21: =1-B21/B22 -> -0.051300321 | L21: -0.047619048
A22: fakturační vodoměr | B22: ='1854'!G29-'1854'!F29 -> 280.7
A23: Teplo - GJ
A24: Náměry bytových kalorimetrů | B24: ='1854'!G5-'1854'!F5+'1854'!G7-'1854'!F7+'1854'!G9-'1854'!F9+'1854'!G11-'1854'!F11+'1854'!G13-'1854'!F13+'1854'!G15-'1854'!F15+'1854'!G17-'1854'!F17+'1854'!G19-'1854'!F19+'1854'!G21-'1854'!F21+'1854'!G23-'1854'!F23 -> 10.105 | C24: ='1855'!G5-'1855'!F5+'1855'!G7-'1855'!F7+'1855'!G9-'1855'!F9+'1855'!G11-'1855'!F11+'1855'!G13-'1855'!F13+'1855'!G15-'1855'!F15+'1855'!G17-'1855'!F17+'1855'!G19-'1855'!F19+'1855'!G21-'1855'!F21+'1855'!G23-'1855'!F23 -> 10.243 | D24: ='1856'!G5-'1856'!F5+'1856'!G7-'1856'!F7+'1856'!G9-'1856'!F9+'1856'!G11-'1856'!F11+'1856'!G13-'1856'!F13+'1856'!G15-'1856'!F15+'1856'!G17-'1856'!F17+'1856'!G19-'1856'!F19+'1856'!G21-'1856'!F21+'1856'!G23-'1856'!F23 -> 9.418 | E24: ='1857'!G5-'1857'!F5+'1857'!G7-'1857'!F7+'1857'!G9-'1857'!F9+'1857'!G11-'1857'!F11+'1857'!G13-'1857'!F13+'1857'!G15-'1857'!F15+'1857'!G17-'1857'!F17+'1857'!G19-'1857'!F19+'1857'!G21-'1857'!F21+'1857'!G23-'1857'!F23 -> 9.406 | G24: =1-B24/B25 -> 0.055607477 | H24: =1-C24/C25 -> 0.09753304 | I24: =1-D24/D25 -> -0.030415755 | J24: =1-E24/E25 -> -0.1052879 | L24: 0.04391253 | M24: 0.097775242 | N24: 0.027994429 | O24: 0.074728589
A25: Fakturační kalorimetry | B25: =('1854'!G27-'1854'!F27) -> 10.7 | C25: =('1855'!G27-'1855'!F27) -> 11.35 | D25: =('1856'!G27-'1856'!F27) -> 9.14 | E25: =('1857'!G27-'1857'!F27) -> 8.51
A26: Elektřina -
A27: Elektroměr dům | B27: ='1854'!G25-'1854'!F25 -> 181 | C27: ='1855'!G25-'1855'!F25 -> 260 | D27: ='1856'!G25-'1856'!F25 -> 199 | E27: ='1857'!G25-'1857'!F25 -> 189

Sheet S5
A1: Sumář - spotřeba květen | B1: ='S1'!B1 -> 2024
A3: Voda - m3 | B3: 1850 | C3: 1851 | D3: 1852 | E3: 1853
A4: Náměry bytových vodoměrů | B4: ='1850'!H4-'1850'!G4+'1850'!H6-'1850'!G6+'1850'!H8-'1850'!G8+'1850'!H10-'1850'!G10+'1850'!H12-'1850'!G12+'1850'!H14-'1850'!G14+'1850'!H16-'1850'!G16+'1850'!H18-'1850'!G18+'1850'!H20-'1850'!G20+'1850'!H22-'1850'!G22 -> 55.464 | C4: ='1851'!I4-'1851'!H4+'1851'!I6-'1851'!H6+'1851'!I8-'1851'!H8+'1851'!I10-'1851'!H10+'1851'!I12-'1851'!H12+'1851'!I14-'1851'!H14+'1851'!I16-'1851'!H16+'1851'!I18-'1851'!H18+'1851'!I20-'1851'!H20+'1851'!I22-'1851'!H22+'1851'!I33-'1851'!H33+'1851'!I34-'1851'!H34+'1851'!I35-'1851'!H35+'1851'!I36-'1851'!H36+'1851'!I37-'1851'!H37+'1851'!I40-'1851'!H40+'1851'!I41-'1851'!H41+'1851'!I42-'1851'!H42+'1851'!I43-'1851'!H43+'1851'!I44-'1851'!H44+'1851'!I45-'1851'!H45+'1851'!I46-'1851'!H46+'1851'!I47-'1851'!H47+'1851'!I48-'1851'!H48+'1851'!I49-'1851'!H49 -> 79.628 | D4: ='1852'!H4-'1852'!G4+'1852'!H6-'1852'!G6+'1852'!H8-'1852'!G8+'1852'!H10-'1852'!G10+'1852'!H12-'1852'!G12+'1852'!H14-'1852'!G14+'1852'!H16-'1852'!G16+'1852'!H18-'1852'!G18+'1852'!H20-'1852'!G20+'1852'!H22-'1852'!G22 -> 75.723 | E4: ='1853'!H4-'1853'!G4+'1853'!H6-'1853'!G6+'1853'!H8-'1853'!G8+'1853'!H10-'1853'!G10+'1853'!H12-'1853'!G12+'1853'!H14-'1853'!G14+'1853'!H16-'1853'!G16+'1853'!H18-'1853'!G18+'1853'!H20-'1853'!G20+'1853'!H22-'1853'!G22+'1853'!H26-'1853'!G26 -> 82.517 | G4: =1-B4/B5 -> 0.13201878 | H4: =1-C4/C5 -> 0.093075171 | I4: =1-D4/D5 -> 0.10067696 | J4: =1-E4/E5 -> 0.084162042
A5: Patní vodoměry | B5: ='1850'!H26-'1850'!G26 -> 63.9 | C5: ='1851'!I26-'1851'!H26 -> 87.8 | D5: ='1852'!H26-'1852'!G26 -> 84.2 | E5: ='1853'!H27-'1853'!G27 -> 90.1
A6: Součet patních vodoměrů | B6: =SUM(B5:E5) -> 326 | G6: =1-B6/B7 -> 0.039764359
A7: fakturační vodoměr | B7: ='1850'!H29-'1850'!G29 -> 339.5
A8: Teplo - GJ
A9: Náměry bytových kalorimetrů | B9: ='1850'!H5-'1850'!G5+'1850'!H7-'1850'!G7+'1850'!H9-'1850'!G9+'1850'!H11-'1850'!G11+'1850'!H13-'1850'!G13+'1850'!H15-'1850'!G15+'1850'!H17-'1850'!G17+'1850'!H19-'1850'!G19+'1850'!H21-'1850'!G21+'1850'!H23-'1850'!G23 -> 4.586 | C9: ='1851'!I5-'1851'!H5+'1851'!I7-'1851'!H7+'1851'!I9-'1851'!H9+'1851'!I11-'1851'!H11+'1851'!I13-'1851'!H13+'1851'!I15-'1851'!H15+'1851'!I17-'1851'!H17+'1851'!I19-'1851'!H19+'1851'!I21-'1851'!H21+'1851'!I23-'1851'!H23 -> 6.418 | D9: ='1852'!H5-'1852'!G5+'1852'!H7-'1852'!G7+'1852'!H9-'1852'!G9+'1852'!H11-'1852'!G11+'1852'!H13-'1852'!G13+'1852'!H15-'1852'!G15+'1852'!H17-'1852'!G17+'1852'!H19-'1852'!G19+'1852'!H21-'1852'!G21+'1852'!H23-'1852'!G23 -> 6.453 | E9: ='1853'!H5-'1853'!G5+'1853'!H7-'1853'!G7+'1853'!H9-'1853'!G9+'1853'!H11-'1853'!G11+'1853'!H13-'1853'!G13+'1853'!H15-'1853'!G15+'1853'!H17-'1853'!G17+'1853'!H19-'1853'!G19+'1853'!H21-'1853'!G21+'1853'!H23-'1853'!G23 -> 4.771 | G9: =1-B9/B10 -> -0.50360656 | H9: =1-C9/C10 -> 0.3484264 | I9: =1-D9/D10 -> -0.262818 | J9: =1-E9/E10 -> -0.16650367
A10: Fakturační kalorimetry | B10: =('1850'!H27-'1850'!G27) -> 3.05 | C10: =('1851'!I27-'1851'!H27) -> 9.85 | D10: =('1852'!H27-'1852'!G27) -> 5.11 | E10: =('1853'!H28-'1853'!G28) -> 4.09
A11: Elektřina -
A12: Elektroměr dům | B12: ='1850'!H25-'1850'!G25 -> 188 | C12: ='1851'!I24-'1851'!H24 -> 206 | D12: ='1852'!H25-'1852'!G25 -> 180 | E12: ='1853'!H24-'1853'!G24 -> 189
A14: Elektroměr areál | B14: ='1853'!H25-'1853'!G25 -> 231
A15: Vodoměr areál | B15: ='1853'!H26-'1853'!G26 -> 7.114
A18: Voda - m3 | B18: 1854 | C18: 1855 | D18: 1856 | E18: 1857
A19: Náměry bytových vodoměrů | B19: ='1854'!H4-'1854'!G4+'1854'!H6-'1854'!G6+'1854'!H8-'1854'!G8+'1854'!H10-'1854'!G10+'1854'!H12-'1854'!G12+'1854'!H14-'1854'!G14+'1854'!H16-'1854'!G16+'1854'!H18-'1854'!G18+'1854'!H20-'1854'!G20+'1854'!H22-'1854'!G22 -> 54.124 | C19: ='1855'!H4-'1855'!G4+'1855'!H6-'1855'!G6+'1855'!H8-'1855'!G8+'1855'!H10-'1855'!G10+'1855'!H12-'1855'!G12+'1855'!H14-'1855'!G14+'1855'!H16-'1855'!G16+'1855'!H18-'1855'!G18+'1855'!H20-'1855'!G20+'1855'!H22-'1855'!G22 -> 65.677 | D19: ='1856'!H4-'1856'!G4+'1856'!H6-'1856'!G6+'1856'!H8-'1856'!G8+'1856'!H10-'1856'!G10+'1856'!H12-'1856'!G12+'1856'!H14-'1856'!G14+'1856'!H16-'1856'!G16+'1856'!H18-'1856'!G18+'1856'!H20-'1856'!G20+'1856'!H22-'1856'!G22 -> 73.539 | E19: ='1857'!H4-'1857'!G4+'1857'!H6-'1857'!G6+'1857'!H8-'1857'!G8+'1857'!H10-'1857'!G10+'1857'!H12-'1857'!G12+'1857'!H14-'1857'!G14+'1857'!H16-'1857'!G16+'1857'!H18-'1857'!G18+'1857'!H20-'1857'!G20+'1857'!H22-'1857'!G22 -> 78.999 | G19: =1-B19/B20 -> 0.10390728 | H19: =1-C19/C20 -> 0.13809711 | I19: =1-D19/D20 -> 0.10318293 | J19: =1-E19/E20 -> 0.10023918
A20: Patní vodoměry | B20: ='1854'!H26-'1854'!G26 -> 60.4 | C20: ='1855'!H26-'1855'!G26 -> 76.2 | D20: ='1856'!H26-'1856'!G26 -> 82 | E20: ='1857'!H26-'1857'!G26 -> 87.8
A21: Součet patních vodoměrů | B21: =SUM(B20:E20) -> 306.4 | G21: =1-B21/B22 -> -0.052920962
A22: fakturační vodoměr | B22: ='1854'!H29-'1854'!G29 -> 291
A23: Teplo - GJ
A24: Náměry bytových kalorimetrů | B24: ='1854'!H5-'1854'!G5+'1854'!H7-'1854'!G7+'1854'!H9-'1854'!G9+'1854'!H11-'1854'!G11+'1854'!H13-'1854'!G13+'1854'!H15-'1854'!G15+'1854'!H17-'1854'!G17+'1854'!H19-'1854'!G19+'1854'!H21-'1854'!G21+'1854'!H23-'1854'!G23 -> 4.068 | C24: ='1855'!H5-'1855'!G5+'1855'!H7-'1855'!G7+'1855'!H9-'1855'!G9+'1855'!H11-'1855'!G11+'1855'!H13-'1855'!G13+'1855'!H15-'1855'!G15+'1855'!H17-'1855'!G17+'1855'!H19-'1855'!G19+'1855'!H21-'1855'!G21+'1855'!H23-'1855'!G23 -> 4.757 | D24: ='1856'!H5-'1856'!G5+'1856'!H7-'1856'!G7+'1856'!H9-'1856'!G9+'1856'!H11-'1856'!G11+'1856'!H13-'1856'!G13+'1856'!H15-'1856'!G15+'1856'!H17-'1856'!G17+'1856'!H19-'1856'!G19+'1856'!H21-'1856'!G21+'1856'!H23-'1856'!G23 -> 5.341 | E24: ='1857'!H5-'1857'!G5+'1857'!H7-'1857'!G7+'1857'!H9-'1857'!G9+'1857'!H11-'1857'!G11+'1857'!H13-'1857'!G13+'1857'!H15-'1857'!G15+'1857'!H17-'1857'!G17+'1857'!H19-'1857'!G19+'1857'!H21-'1857'!G21+'1857'!H23-'1857'!G23 -> 5.26 | G24: =1-B24/B25 -> 0.15073069 | H24: =1-C24/C25 -> -0.047797357 | I24: =1-D24/D25 -> -0.2334873 | J24: =1-E24/E25 -> -0.28921569
A25: Fakturační kalorimetry | B25: =('1854'!H27-'1854'!G27) -> 4.79 | C25: =('1855'!H27-'1855'!G27) -> 4.54 | D25: =('1856'!H27-'1856'!G27) -> 4.33 | E25: =('1857'!H27-'1857'!G27) -> 4.08
A26: Elektřina - | N26: Původní vzorce
A27: Elektroměr dům | B27: ='1854'!H25-'1854'!G44+'1854'!G43-'1854'!G25 -> 187 | C27: ='1855'!H25-'1855'!G39+'1855'!G38-'1855'!G25 -> 219 | D27: ='1856'!H25-'1856'!G41+'1856'!G40-'1856'!G25 -> 219 | E27: ='1857'!H25-'1857'!G42+'1857'!G41-'1857'!G25 -> 200 | N27: ='1854'!T25-'1854'!S25 -> 0 | O27: ='1855'!T25-'1855'!S25 -> 0 | P27: ='1856'!T25-'1856'!S25 -> 0 | Q27: ='1857'!T25-'1857'!S25 -> 0

Sheet S6
A1: Sumář - spotřeba červen | B1: ='S1'!B1 -> 2024
A3: Voda - m3 | B3: 1850 | C3: 1851 | D3: 1852 | E3: 1853
A4: Náměry bytových vodoměrů | B4: ='1850'!I4-'1850'!H4+'1850'!I6-'1850'!H6+'1850'!I8-'1850'!H8+'1850'!I10-'1850'!H10+'1850'!I12-'1850'!H12+'1850'!I14-'1850'!H14+'1850'!I16-'1850'!H16+'1850'!I18-'1850'!H18+'1850'!I20-'1850'!H20+'1850'!I22-'1850'!H22 -> 56.127 | C4: ='1851'!J4-'1851'!I4+'1851'!J6-'1851'!I6+'1851'!J8-'1851'!I8+'1851'!J10-'1851'!I10+'1851'!J12-'1851'!I12+'1851'!J14-'1851'!I14+'1851'!J16-'1851'!I16+'1851'!J18-'1851'!I18+'1851'!J20-'1851'!I20+'1851'!J22-'1851'!I22+'1851'!J33-'1851'!I33+'1851'!J34-'1851'!I34+'1851'!J35-'1851'!I35+'1851'!J36-'1851'!I36+'1851'!J37-'1851'!I37+'1851'!J40-'1851'!I40+'1851'!J41-'1851'!I41+'1851'!J42-'1851'!I42+'1851'!J43-'1851'!I43+'1851'!J44-'1851'!I44+'1851'!J45-'1851'!I45+'1851'!J46-'1851'!I46+'1851'!J47-'1851'!I47+'1851'!J48-'1851'!I48+'1851'!J49-'1851'!I49 -> 72.098 | D4: ='1852'!I4-'1852'!H4+'1852'!I6-'1852'!H6+'1852'!I8-'1852'!H8+'1852'!I10-'1852'!H10+'1852'!I12-'1852'!H12+'1852'!I14-'1852'!H14+'1852'!I16-'1852'!H16+'1852'!I18-'1852'!H18+'1852'!I20-'1852'!H20+'1852'!I22-'1852'!H22 -> 70.656 | E4: ='1853'!I4-'1853'!H4+'1853'!I6-'1853'!H6+'1853'!I8-'1853'!H8+'1853'!I10-'1853'!H10+'1853'!I12-'1853'!H12+'1853'!I14-'1853'!H14+'1853'!I16-'1853'!H16+'1853'!I18-'1853'!H18+'1853'!I20-'1853'!H20+'1853'!I22-'1853'!H22+'1853'!I26-'1853'!H26 -> 82.941 | G4: =1-B4/B5 -> 0.13650769 | H4: =1-C4/C5 -> 0.067296248 | I4: =1-D4/D5 -> 0.10900378 | J4: =1-E4/E5 -> 0.073284916
A5: Patní vodoměry | B5: ='1850'!I26-'1850'!H26 -> 65 | C5: ='1851'!J26-'1851'!I26 -> 77.3 | D5: ='1852'!I26-'1852'!H26 -> 79.3 | E5: ='1853'!I27-'1853'!H27 -> 89.5
A6: Součet patních vodoměrů | B6: =SUM(B5:E5) -> 311.1 | G6: =1-B6/B7 -> 0.03892493
A7: fakturační vodoměr | B7: ='1850'!I29-'1850'!H29 -> 323.7
A8: Teplo - GJ
A9: Náměry bytových kalorimetrů | B9: ='1850'!I5-'1850'!H5+'1850'!I7-'1850'!H7+'1850'!I9-'1850'!H9+'1850'!I11-'1850'!H11+'1850'!I13-'1850'!H13+'1850'!I15-'1850'!H15+'1850'!I17-'1850'!H17+'1850'!I19-'1850'!H19+'1850'!I21-'1850'!H21+'1850'!I23-'1850'!H23 -> 4.015 | C9: ='1851'!J5-'1851'!I5+'1851'!J7-'1851'!I7+'1851'!J9-'1851'!I9+'1851'!J11-'1851'!I11+'1851'!J13-'1851'!I13+'1851'!J15-'1851'!I15+'1851'!J17-'1851'!I17+'1851'!J19-'1851'!I19+'1851'!J21-'1851'!I21+'1851'!J23-'1851'!I23 -> 4.729 | D9: ='1852'!I5-'1852'!H5+'1852'!I7-'1852'!H7+'1852'!I9-'1852'!H9+'1852'!I11-'1852'!H11+'1852'!I13-'1852'!H13+'1852'!I15-'1852'!H15+'1852'!I17-'1852'!H17+'1852'!I19-'1852'!H19+'1852'!I21-'1852'!H21+'1852'!I23-'1852'!H23 -> 4.758 | E9: ='1853'!I5-'1853'!H5+'1853'!I7-'1853'!H7+'1853'!I9-'1853'!H9+'1853'!I11-'1853'!H11+'1853'!I13-'1853'!H13+'1853'!I15-'1853'!H15+'1853'!I17-'1853'!H17+'1853'!I19-'1853'!H19+'1853'!I21-'1853'!H21+'1853'!I23-'1853'!H23 -> 3.682 | G9: =1-B9/B10 -> -0.77654867 | H9: =1-C9/C10 -> 0.39604087 | I9: =1-D9/D10 -> -0.56513158 | J9: =1-E9/E10 -> -0.22733333
A10: Fakturační kalorimetry | B10: =('1850'!I27-'1850'!H27) -> 2.26 | C10: =('1851'!J27-'1851'!I27) -> 7.83 | D10: =('1852'!I27-'1852'!H27) -> 3.04 | E10: =('1853'!I28-'1853'!H28) -> 3
A11: Elektřina -
A12: Elektroměr dům | B12: ='1850'!I25-'1850'!H25 -> 219 | C12: ='1851'!J24-'1851'!I24 -> 303 | D12: ='1852'!I25-'1852'!H25 -> 215 | E12: ='1853'!I24-'1853'!H24 -> 186
A14: Elektroměr areál | B14: ='1853'!I25-'1853'!H25 -> 203
A15: Vodoměr areál | B15: ='1853'!I26-'1853'!H26 -> 15.413
A18: Voda - m3 | B18: 1854 | C18: 1855 | D18: 1856 | E18: 1857
A19: Náměry bytových vodoměrů | B19: ='1854'!I4-'1854'!H4+'1854'!I6-'1854'!H6+'1854'!I8-'1854'!H8+'1854'!I10-'1854'!H10+'1854'!I12-'1854'!H12+'1854'!I14-'1854'!H14+'1854'!I16-'1854'!H16+'1854'!I18-'1854'!H18+'1854'!I20-'1854'!H20+'1854'!I22-'1854'!H22 -> 52.814 | C19: ='1855'!I4-'1855'!H4+'1855'!I6-'1855'!H6+'1855'!I8-'1855'!H8+'1855'!I10-'1855'!H10+'1855'!I12-'1855'!H12+'1855'!I14-'1855'!H14+'1855'!I16-'1855'!H16+'1855'!I18-'1855'!H18+'1855'!I20-'1855'!H20+'1855'!I22-'1855'!H22 -> 56.95 | D19: ='1856'!I4-'1856'!H4+'1856'!I6-'1856'!H6+'1856'!I8-'1856'!H8+'1856'!I10-'1856'!H10+'1856'!I12-'1856'!H12+'1856'!I14-'1856'!H14+'1856'!I16-'1856'!H16+'1856'!I18-'1856'!H18+'1856'!I20-'1856'!H20+'1856'!I22-'1856'!H22 -> 65.202 | E19: ='1857'!I4-'1857'!H4+'1857'!I6-'1857'!H6+'1857'!I8-'1857'!H8+'1857'!I10-'1857'!H10+'1857'!I12-'1857'!H12+'1857'!I14-'1857'!H14+'1857'!I16-'1857'!H16+'1857'!I18-'1857'!H18+'1857'!I20-'1857'!H20+'1857'!I22-'1857'!H22 -> 80.9 | G19: =1-B19/B20 -> 0.10484746 | H19: =1-C19/C20 -> 0.13053435 | I19: =1-D19/D20 -> 0.10804378 | J19: =1-E19/E20 -> 0.099109131
A20: Patní vodoměry | B20: ='1854'!I26-'1854'!H26 -> 59 | C20: ='1855'!I26-'1855'!H26 -> 65.5 | D20: ='1856'!I26-'1856'!H26 -> 73.1 | E20: ='1857'!I26-'1857'!H26 -> 89.8
A21: Součet patních vodoměrů | B21: =SUM(B20:E20) -> 287.4 | G21: =1-B21/B22 -> -0.049288061
A22: fakturační vodoměr | B22: ='1854'!I29-'1854'!H29 -> 273.9
A23: Teplo - GJ
A24: Náměry bytových kalorimetrů | B24: ='1854'!I5-'1854'!H5+'1854'!I7-'1854'!H7+'1854'!I9-'1854'!H9+'1854'!I11-'1854'!H11+'1854'!I13-'1854'!H13+'1854'!I15-'1854'!H15+'1854'!I17-'1854'!H17+'1854'!I19-'1854'!H19+'1854'!I21-'1854'!H21+'1854'!I23-'1854'!H23 -> 3.182 | C24: ='1855'!I5-'1855'!H5+'1855'!I7-'1855'!H7+'1855'!I9-'1855'!H9+'1855'!I11-'1855'!H11+'1855'!I13-'1855'!H13+'1855'!I15-'1855'!H15+'1855'!I17-'1855'!H17+'1855'!I19-'1855'!H19+'1855'!I21-'1855'!H21+'1855'!I23-'1855'!H23 -> 3.413 | D24: ='1856'!I5-'1856'!H5+'1856'!I7-'1856'!H7+'1856'!I9-'1856'!H9+'1856'!I11-'1856'!H11+'1856'!I13-'1856'!H13+'1856'!I15-'1856'!H15+'1856'!I17-'1856'!H17+'1856'!I19-'1856'!H19+'1856'!I21-'1856'!H21+'1856'!I23-'1856'!H23 -> 4.104 | E24: ='1857'!I5-'1857'!H5+'1857'!I7-'1857'!H7+'1857'!I9-'1857'!H9+'1857'!I11-'1857'!H11+'1857'!I13-'1857'!H13+'1857'!I15-'1857'!H15+'1857'!I17-'1857'!H17+'1857'!I19-'1857'!H19+'1857'!I21-'1857'!H21+'1857'!I23-'1857'!H23 -> 4.627 | G24: =1-B24/B25 -> 0.18200514 | H24: =1-C24/C25 -> -0.15694915 | I24: =1-D24/D25 -> -0.32815534 | J24: =1-E24/E25 -> -0.322
A25: Fakturační kalorimetry | B25: ='1854'!I27-'1854'!H27 -> 3.89 | C25: ='1855'!I27-'1855'!H27 -> 2.95 | D25: ='1856'!I27-'1856'!H27 -> 3.09 | E25: ='1857'!I27-'1857'!H27 -> 3.5
A26: Elektřina -
A27: Elektroměr dům | B27: ='1854'!I25-'1854'!H25 -> 201 | C27: ='1855'!I25-'1855'!H25 -> 230 | D27: ='1856'!I25-'1856'!H25 -> 217 | E27: ='1857'!I25-'1857'!H25 -> 213

Sheet S7
A1: Sumář - spotřeba červenec | B1: ='S1'!B1 -> 2024
A3: Voda - m3 | B3: 1850 | C3: 1851 | D3: 1852 | E3: 1853
A4: Náměry bytových vodoměrů | B4: ='1850'!J4-'1850'!I4+'1850'!J6-'1850'!I6+'1850'!J8-'1850'!I8+'1850'!J10-'1850'!I10+'1850'!J12-'1850'!I12+'1850'!J14-'1850'!I14+'1850'!J16-'1850'!I16+'1850'!J18-'1850'!I18+'1850'!J20-'1850'!I20+'1850'!J22-'1850'!I22 -> 45.812 | C4: ='1851'!K4-'1851'!J4+'1851'!K6-'1851'!J6+'1851'!K8-'1851'!J8+'1851'!K10-'1851'!J10+'1851'!K12-'1851'!J12+'1851'!K14-'1851'!J14+'1851'!K16-'1851'!J16+'1851'!K18-'1851'!J18+'1851'!K20-'1851'!J20+'1851'!K22-'1851'!J22+'1851'!K33-'1851'!J33+'1851'!K34-'1851'!J34+'1851'!K35-'1851'!J35+'1851'!K36-'1851'!J36+'1851'!K37-'1851'!J37+'1851'!K40-'1851'!J40+'1851'!K41-'1851'!J41+'1851'!K42-'1851'!J42+'1851'!K43-'1851'!J43+'1851'!K44-'1851'!J44+'1851'!K45-'1851'!J45+'1851'!K46-'1851'!J46+'1851'!K47-'1851'!J47+'1851'!K48-'1851'!J48+'1851'!K49-'1851'!J49 -> 66.077 | D4: ='1852'!J4-'1852'!I4+'1852'!J6-'1852'!I6+'1852'!J8-'1852'!I8+'1852'!J10-'1852'!I10+'1852'!J12-'1852'!I12+'1852'!J14-'1852'!I14+'1852'!J16-'1852'!I16+'1852'!J18-'1852'!I18+'1852'!J20-'1852'!I20+'1852'!J22-'1852'!I22 -> 62.968 | E4: ='1853'!J4-'1853'!I4+'1853'!J6-'1853'!I6+'1853'!J8-'1853'!I8+'1853'!J10-'1853'!I10+'1853'!J12-'1853'!I12+'1853'!J14-'1853'!I14+'1853'!J16-'1853'!I16+'1853'!J18-'1853'!I18+'1853'!J20-'1853'!I20+'1853'!J22-'1853'!I22+'1853'!J26-'1853'!I26 -> 77.735 | G4: =1-B4/B5 -> 0.13234848 | H4: =1-C4/C5 -> 0.091100413 | I4: =1-D4/D5 -> 0.099170243 | J4: =1-E4/E5 -> 0.078969194
A5: Patní vodoměry | B5: ='1850'!J26-'1850'!I26 -> 52.8 | C5: ='1851'!K26-'1851'!J26 -> 72.7 | D5: ='1852'!J26-'1852'!I26 -> 69.9 | E5: ='1853'!J27-'1853'!I27 -> 84.4
A6: Součet patních vodoměrů | B6: =SUM(B5:E5) -> 279.8 | G6: =1-B6/B7 -> 0.047327205
A7: fakturační vodoměr | B7: ='1850'!J29-'1850'!I29 -> 293.7
A8: Teplo - GJ
A9: Náměry bytových kalorimetrů | B9: ='1850'!J5-'1850'!I5+'1850'!J7-'1850'!I7+'1850'!J9-'1850'!I9+'1850'!J11-'1850'!I11+'1850'!J13-'1850'!I13+'1850'!J15-'1850'!I15+'1850'!J17-'1850'!I17+'1850'!J19-'1850'!I19+'1850'!J21-'1850'!I21+'1850'!J23-'1850'!I23 -> 3.033 | C9: ='1851'!K5-'1851'!J5+'1851'!K7-'1851'!J7+'1851'!K9-'1851'!J9+'1851'!K11-'1851'!J11+'1851'!K13-'1851'!J13+'1851'!K15-'1851'!J15+'1851'!K17-'1851'!J17+'1851'!K19-'1851'!J19+'1851'!K21-'1851'!J21+'1851'!K23-'1851'!J23 -> 3.649 | D9: ='1852'!J5-'1852'!I5+'1852'!J7-'1852'!I7+'1852'!J9-'1852'!I9+'1852'!J11-'1852'!I11+'1852'!J13-'1852'!I13+'1852'!J15-'1852'!I15+'1852'!J17-'1852'!I17+'1852'!J19-'1852'!I19+'1852'!J21-'1852'!I21+'1852'!J23-'1852'!I23 -> 3.799 | E9: ='1853'!J5-'1853'!I5+'1853'!J7-'1853'!I7+'1853'!J9-'1853'!I9+'1853'!J11-'1853'!I11+'1853'!J13-'1853'!I13+'1853'!J15-'1853'!I15+'1853'!J17-'1853'!I17+'1853'!J19-'1853'!I19+'1853'!J21-'1853'!I21+'1853'!J23-'1853'!I23 -> 2.942 | G9: =1-B9/B10 -> -1.3152672 | H9: =1-C9/C10 -> 0.47344877 | I9: =1-D9/D10 -> -0.93826531 | J9: =1-E9/E10 -> -0.36203704
A10: Fakturační kalorimetry | B10: =('1850'!J27-'1850'!I27) -> 1.31 | C10: =('1851'!K27-'1851'!J27) -> 6.93 | D10: =('1852'!J27-'1852'!I27) -> 1.96 | E10: =('1853'!J28-'1853'!I28) -> 2.16
A11: Elektřina -
A12: Elektroměr dům | B12: ='1850'!J25-'1850'!I25 -> 186 | C12: ='1851'!K24-'1851'!J24 -> 201 | D12: ='1852'!J25-'1852'!I25 -> 178 | E12: ='1853'!J24-'1853'!I24 -> 181
A14: Elektroměr areál | B14: ='1853'!J25-'1853'!I25 -> 224
A15: Vodoměr areál | B15: ='1853'!J26-'1853'!I26 -> 17.829
A18: Voda - m3 | B18: 1854 | C18: 1855 | D18: 1856 | E18: 1857
A19: Náměry bytových vodoměrů | B19: ='1854'!J4-'1854'!I4+'1854'!J6-'1854'!I6+'1854'!J8-'1854'!I8+'1854'!J10-'1854'!I10+'1854'!J12-'1854'!I12+'1854'!J14-'1854'!I14+'1854'!J16-'1854'!I16+'1854'!J18-'1854'!I18+'1854'!J20-'1854'!I20+'1854'!J22-'1854'!I22 -> 43.991 | C19: ='1855'!J4-'1855'!I4+'1855'!J6-'1855'!I6+'1855'!J8-'1855'!I8+'1855'!J10-'1855'!I10+'1855'!J12-'1855'!I12+'1855'!J14-'1855'!I14+'1855'!J16-'1855'!I16+'1855'!J18-'1855'!I18+'1855'!J20-'1855'!I20+'1855'!J22-'1855'!I22 -> 51.63 | D19: ='1856'!J4-'1856'!I4+'1856'!J6-'1856'!I6+'1856'!J8-'1856'!I8+'1856'!J10-'1856'!I10+'1856'!J12-'1856'!I12+'1856'!J14-'1856'!I14+'1856'!J16-'1856'!I16+'1856'!J18-'1856'!I18+'1856'!J20-'1856'!I20+'1856'!J22-'1856'!I22 -> 57.793 | E19: ='1857'!J4-'1857'!I4+'1857'!J6-'1857'!I6+'1857'!J8-'1857'!I8+'1857'!J10-'1857'!I10+'1857'!J12-'1857'!I12+'1857'!J14-'1857'!I14+'1857'!J16-'1857'!I16+'1857'!J18-'1857'!I18+'1857'!J20-'1857'!I20+'1857'!J22-'1857'!I22 -> 67.193 | G19: =1-B19/B20 -> 0.10222449 | H19: =1-C19/C20 -> 0.15499182 | I19: =1-D19/D20 -> 0.096984375 | J19: =1-E19/E20 -> 0.10528628
A20: Patní vodoměry | B20: ='1854'!J26-'1854'!I26 -> 49 | C20: ='1855'!J26-'1855'!I26 -> 61.1 | D20: ='1856'!J26-'1856'!I26 -> 64 | E20: ='1857'!J26-'1857'!I26 -> 75.1
A21: Součet patních vodoměrů | B21: =SUM(B20:E20) -> 249.2 | G21: =1-B21/B22 -> -0.047939445
A22: fakturační vodoměr | B22: ='1854'!J29-'1854'!I29 -> 237.8
A23: Teplo - GJ
A24: Náměry bytových kalorimetrů | B24: ='1854'!J5-'1854'!I5+'1854'!J7-'1854'!I7+'1854'!J9-'1854'!I9+'1854'!J11-'1854'!I11+'1854'!J13-'1854'!I13+'1854'!J15-'1854'!I15+'1854'!J17-'1854'!I17+'1854'!J19-'1854'!I19+'1854'!J21-'1854'!I21+'1854'!J23-'1854'!I23 -> 2.402 | C24: ='1855'!J5-'1855'!I5+'1855'!J7-'1855'!I7+'1855'!J9-'1855'!I9+'1855'!J11-'1855'!I11+'1855'!J13-'1855'!I13+'1855'!J15-'1855'!I15+'1855'!J17-'1855'!I17+'1855'!J19-'1855'!I19+'1855'!J21-'1855'!I21+'1855'!J23-'1855'!I23 -> 2.636 | D24: ='1856'!J5-'1856'!I5+'1856'!J7-'1856'!I7+'1856'!J9-'1856'!I9+'1856'!J11-'1856'!I11+'1856'!J13-'1856'!I13+'1856'!J15-'1856'!I15+'1856'!J17-'1856'!I17+'1856'!J19-'1856'!I19+'1856'!J21-'1856'!I21+'1856'!J23-'1856'!I23 -> 3.173 | E24: ='1857'!J5-'1857'!I5+'1857'!J7-'1857'!I7+'1857'!J9-'1857'!I9+'1857'!J11-'1857'!I11+'1857'!J13-'1857'!I13+'1857'!J15-'1857'!I15+'1857'!J17-'1857'!I17+'1857'!J19-'1857'!I19+'1857'!J21-'1857'!I21+'1857'!J23-'1857'!I23 -> 3.419 | G24: =1-B24/B25 -> 0.11365314 | H24: =1-C24/C25 -> -0.27342995 | I24: =1-D24/D25 -> -0.42286996 | J24: =1-E24/E25 -> -0.4737069
A25: Fakturační kalorimetry | B25: ='1854'!J27-'1854'!I27 -> 2.71 | C25: ='1855'!J27-'1855'!I27 -> 2.07 | D25: ='1856'!J27-'1856'!I27 -> 2.23 | E25: ='1857'!J27-'1857'!I27 -> 2.32
A26: Elektřina -
A27: Elektroměr dům | B27: ='1854'!J25-'1854'!I25 -> 218 | C27: ='1855'!J25-'1855'!I25 -> 261 | D27: ='1856'!J25-'1856'!I25 -> 199 | E27: ='1857'!J25-'1857'!I25 -> 215

Sheet S8
A1: Sumář - spotřeba srpen | B1: ='S1'!B1 -> 2024
A3: Voda - m3 | B3: 1850 | C3: 1851 | D3: 1852 | E3: 1853
A4: Náměry bytových vodoměrů | B4: ='1850'!K4-'1850'!J4+'1850'!K6-'1850'!J6+'1850'!K8-'1850'!J8+'1850'!K10-'1850'!J10+'1850'!K12-'1850'!J12+'1850'!K14-'1850'!J14+'1850'!K16-'1850'!J16+'1850'!K18-'1850'!J18+'1850'!K20-'1850'!J20+'1850'!K22-'1850'!J22 -> 53.713 | C4: ='1851'!L4-'1851'!K4+'1851'!L6-'1851'!K6+'1851'!L8-'1851'!K8+'1851'!L10-'1851'!K10+'1851'!L12-'1851'!K12+'1851'!L14-'1851'!K14+'1851'!L16-'1851'!K16+'1851'!L18-'1851'!K18+'1851'!L20-'1851'!K20+'1851'!L22-'1851'!K22+'1851'!L33-'1851'!K33+'1851'!L34-'1851'!K34+'1851'!L35-'1851'!K35+'1851'!L36-'1851'!K36+'1851'!L37-'1851'!K37+'1851'!L40-'1851'!K40+'1851'!L41-'1851'!K41+'1851'!L42-'1851'!K42+'1851'!L43-'1851'!K43+'1851'!L44-'1851'!K44+'1851'!L45-'1851'!K45+'1851'!L46-'1851'!K46+'1851'!L47-'1851'!K47+'1851'!L48-'1851'!K48+'1851'!L49-'1851'!K49 -> 71.11 | D4: ='1852'!K4-'1852'!J4+'1852'!K6-'1852'!J6+'1852'!K8-'1852'!J8+'1852'!K10-'1852'!J10+'1852'!K12-'1852'!J12+'1852'!K14-'1852'!J14+'1852'!K16-'1852'!J16+'1852'!K18-'1852'!J18+'1852'!K20-'1852'!J20+'1852'!K22-'1852'!J22 -> 56.158 | E4: ='1853'!K4-'1853'!J4+'1853'!K6-'1853'!J6+'1853'!K8-'1853'!J8+'1853'!K10-'1853'!J10+'1853'!K12-'1853'!J12+'1853'!K14-'1853'!J14+'1853'!K16-'1853'!J16+'1853'!K18-'1853'!J18+'1853'!K20-'1853'!J20+'1853'!K22-'1853'!J22+'1853'!K26-'1853'!J26 -> 86.293 | G4: =1-B4/B5 -> 0.10328881 | H4: =1-C4/C5 -> 0.097588832 | I4: =1-D4/D5 -> 0.10718601 | J4: =1-E4/E5 -> 0.066093074
A5: Patní vodoměry | B5: ='1850'!K26-'1850'!J26 -> 59.9 | C5: ='1851'!L26-'1851'!K26 -> 78.8 | D5: ='1852'!K26-'1852'!J26 -> 62.9 | E5: ='1853'!K27-'1853'!J27 -> 92.4
A6: Součet patních vodoměrů | B6: =SUM(B5:E5) -> 294 | G6: =1-B6/B7 -> 0.048543689
A7: fakturační vodoměr | B7: ='1850'!K29-'1850'!J29 -> 309
A8: Teplo - GJ
A9: Náměry bytových kalorimetrů | B9: ='1850'!K5-'1850'!J5+'1850'!K7-'1850'!J7+'1850'!K9-'1850'!J9+'1850'!K11-'1850'!J11+'1850'!K13-'1850'!J13+'1850'!K15-'1850'!J15+'1850'!K17-'1850'!J17+'1850'!K19-'1850'!J19+'1850'!K21-'1850'!J21+'1850'!K23-'1850'!J23 -> 3.061 | C9: ='1851'!L5-'1851'!K5+'1851'!L7-'1851'!K7+'1851'!L9-'1851'!K9+'1851'!L11-'1851'!K11+'1851'!L13-'1851'!K13+'1851'!L15-'1851'!K15+'1851'!L17-'1851'!K17+'1851'!L19-'1851'!K19+'1851'!L21-'1851'!K21+'1851'!L23-'1851'!K23 -> 3.561 | D9: ='1852'!K5-'1852'!J5+'1852'!K7-'1852'!J7+'1852'!K9-'1852'!J9+'1852'!K11-'1852'!J11+'1852'!K13-'1852'!J13+'1852'!K15-'1852'!J15+'1852'!K17-'1852'!J17+'1852'!K19-'1852'!J19+'1852'!K21-'1852'!J21+'1852'!K23-'1852'!J23 -> 3.135 | E9: ='1853'!K5-'1853'!J5+'1853'!K7-'1853'!J7+'1853'!K9-'1853'!J9+'1853'!K11-'1853'!J11+'1853'!K13-'1853'!J13+'1853'!K15-'1853'!J15+'1853'!K17-'1853'!J17+'1853'!K19-'1853'!J19+'1853'!K21-'1853'!J21+'1853'!K23-'1853'!J23 -> 2.51 | G9: =1-B9/B10 -> -1.5297521 | H9: =1-C9/C10 -> 0.40251678 | I9: =1-D9/D10 -> -1.1326531 | J9: =1-E9/E10 -> -0.45930233
A10: Fakturační kalorimetry | B10: =('1850'!K27-'1850'!J27) -> 1.21 | C10: =('1851'!L27-'1851'!K27) -> 5.96 | D10: =('1852'!K27-'1852'!J27) -> 1.47 | E10: =('1853'!K28-'1853'!J28) -> 1.72
A11: Elektřina -
A12: Elektroměr dům | B12: ='1850'!K25-'1850'!J25 -> 176 | C12: ='1851'!L24-'1851'!K24 -> 236 | D12: ='1852'!K25-'1852'!J25 -> 199 | E12: ='1853'!K24-'1853'!J24 -> 196
A14: Elektroměr areál | B14: ='1853'!K25-'1853'!J25 -> 259
A15: Vodoměr areál | B15: ='1853'!K26-'1853'!J26 -> 28.312
A18: Voda - m3 | B18: 1854 | C18: 1855 | D18: 1856 | E18: 1857
A19: Náměry bytových vodoměrů | B19: ='1854'!K4-'1854'!J4+'1854'!K6-'1854'!J6+'1854'!K8-'1854'!J8+'1854'!K10-'1854'!J10+'1854'!K12-'1854'!J12+'1854'!K14-'1854'!J14+'1854'!K16-'1854'!J16+'1854'!K18-'1854'!J18+'1854'!K20-'1854'!J20+'1854'!K22-'1854'!J22 -> 52.505 | C19: ='1855'!K4-'1855'!J4+'1855'!K6-'1855'!J6+'1855'!K8-'1855'!J8+'1855'!K10-'1855'!J10+'1855'!K12-'1855'!J12+'1855'!K14-'1855'!J14+'1855'!K16-'1855'!J16+'1855'!K18-'1855'!J18+'1855'!K20-'1855'!J20+'1855'!K22-'1855'!J22 -> 58.645 | D19: ='1856'!K4-'1856'!J4+'1856'!K6-'1856'!J6+'1856'!K8-'1856'!J8+'1856'!K10-'1856'!J10+'1856'!K12-'1856'!J12+'1856'!K14-'1856'!J14+'1856'!K16-'1856'!J16+'1856'!K18-'1856'!J18+'1856'!K20-'1856'!J20+'1856'!K22-'1856'!J22 -> 68.713 | E19: ='1857'!K4-'1857'!J4+'1857'!K6-'1857'!J6+'1857'!K8-'1857'!J8+'1857'!K10-'1857'!J10+'1857'!K12-'1857'!J12+'1857'!K14-'1857'!J14+'1857'!K16-'1857'!J16+'1857'!K18-'1857'!J18+'1857'!K20-'1857'!J20+'1857'!K22-'1857'!J22 -> 71.74 | G19: =1-B19/B20 -> 0.093177893 | H19: =1-C19/C20 -> 0.16460114 | I19: =1-D19/D20 -> 0.10762338 | J19: =1-E19/E20 -> 0.10660025
A20: Patní vodoměry | B20: ='1854'!K26-'1854'!J26 -> 57.9 | C20: ='1855'!K26-'1855'!J26 -> 70.2 | D20: ='1856'!K26-'1856'!J26 -> 77 | E20: ='1857'!K26-'1857'!J26 -> 80.3
A21: Součet patních vodoměrů | B21: =SUM(B20:E20) -> 285.4 | G21: =1-B21/B22 -> -0.055473373
A22: fakturační vodoměr | B22: ='1854'!K29-'1854'!J29 -> 270.4
A23: Teplo - GJ
A24: Náměry bytových kalorimetrů | B24: ='1854'!K5-'1854'!J5+'1854'!K7-'1854'!J7+'1854'!K9-'1854'!J9+'1854'!K11-'1854'!J11+'1854'!K13-'1854'!J13+'1854'!K15-'1854'!J15+'1854'!K17-'1854'!J17+'1854'!K19-'1854'!J19+'1854'!K21-'1854'!J21+'1854'!K23-'1854'!J23 -> 2.578 | C24: ='1855'!K5-'1855'!J5+'1855'!K7-'1855'!J7+'1855'!K9-'1855'!J9+'1855'!K11-'1855'!J11+'1855'!K13-'1855'!J13+'1855'!K15-'1855'!J15+'1855'!K17-'1855'!J17+'1855'!K19-'1855'!J19+'1855'!K21-'1855'!J21+'1855'!K23-'1855'!J23 -> 2.68 | D24: ='1856'!K5-'1856'!J5+'1856'!K7-'1856'!J7+'1856'!K9-'1856'!J9+'1856'!K11-'1856'!J11+'1856'!K13-'1856'!J13+'1856'!K15-'1856'!J15+'1856'!K17-'1856'!J17+'1856'!K19-'1856'!J19+'1856'!K21-'1856'!J21+'1856'!K23-'1856'!J23 -> 3.198 | E24: ='1857'!K5-'1857'!J5+'1857'!K7-'1857'!J7+'1857'!K9-'1857'!J9+'1857'!K11-'1857'!J11+'1857'!K13-'1857'!J13+'1857'!K15-'1857'!J15+'1857'!K17-'1857'!J17+'1857'!K19-'1857'!J19+'1857'!K21-'1857'!J21+'1857'!K23-'1857'!J23 -> 3.16 | G24: =1-B24/B25 -> -0.035341365 | H24: =1-C24/C25 -> -0.28229665 | I24: =1-D24/D25 -> -0.46697248 | J24: =1-E24/E25 -> -0.47663551
A25: Fakturační kalorimetry | B25: =('1854'!K27-'1854'!J27) -> 2.49 | C25: =('1855'!K27-'1855'!J27) -> 2.09 | D25: =('1856'!K27-'1856'!J27) -> 2.18 | E25: =('1857'!K27-'1857'!J27) -> 2.14
A26: Elektřina -
A27: Elektroměr dům | B27: ='1854'!K25-'1854'!J25 -> 202 | C27: ='1855'!K25-'1855'!J25 -> 231 | D27: ='1856'!K25-'1856'!J25 -> 204 | E27: ='1857'!K25-'1857'!J25 -> 194

Sheet S9
A1: Sumář - spotřeba září | B1: ='S1'!B1 -> 2024
A3: Voda - m3 | B3: 1850 | C3: 1851 | D3: 1852 | E3: 1853
A4: Náměry bytových vodoměrů | B4: ='1850'!L4-'1850'!K4+'1850'!L6-'1850'!K6+'1850'!L8-'1850'!K8+'1850'!L10-'1850'!K10+'1850'!L12-'1850'!K12+'1850'!L14-'1850'!K14+'1850'!L16-'1850'!K16+'1850'!L18-'1850'!K18+'1850'!L20-'1850'!K20+'1850'!L22-'1850'!K22 -> 54.999 | C4: ='1851'!M4-'1851'!L4+'1851'!M6-'1851'!L6+'1851'!M8-'1851'!L8+'1851'!M10-'1851'!L10+'1851'!M12-'1851'!L12+'1851'!M14-'1851'!L14+'1851'!M16-'1851'!L16+'1851'!M18-'1851'!L18+'1851'!M20-'1851'!L20+'1851'!M22-'1851'!L22+'1851'!M33-'1851'!L33+'1851'!M34-'1851'!L34+'1851'!M35-'1851'!L35+'1851'!M36-'1851'!L36+'1851'!M37-'1851'!L37+'1851'!M40-'1851'!L40+'1851'!M41-'1851'!L41+'1851'!M42-'1851'!L42+'1851'!M43-'1851'!L43+'1851'!M44-'1851'!L44+'1851'!M45-'1851'!L45+'1851'!M46-'1851'!L46+'1851'!M47-'1851'!L47+'1851'!M48-'1851'!L48+'1851'!M49-'1851'!L49 -> 78.987 | D4: ='1852'!L4-'1852'!K4+'1852'!L6-'1852'!K6+'1852'!L8-'1852'!K8+'1852'!L10-'1852'!K10+'1852'!L12-'1852'!K12+'1852'!L14-'1852'!K14+'1852'!L16-'1852'!K16+'1852'!L18-'1852'!K18+'1852'!L20-'1852'!K20+'1852'!L22-'1852'!K22 -> 71.154 | E4: ='1853'!L4-'1853'!K4+'1853'!L6-'1853'!K6+'1853'!L8-'1853'!K8+'1853'!L10-'1853'!K10+'1853'!L12-'1853'!K12+'1853'!L14-'1853'!K14+'1853'!L16-'1853'!K16+'1853'!L18-'1853'!K18+'1853'!L20-'1853'!K20+'1853'!L22-'1853'!K22+'1853'!L26-'1853'!K26 -> 70.755 | G4: =1-B4/B5 -> 0.1157717 | H4: =1-C4/C5 -> 0.071833137 | I4: =1-D4/D5 -> 0.10159091 | J4: =1-E4/E5 -> 0.092884615
A5: Patní vodoměry | B5: ='1850'!L26-'1850'!K26 -> 62.2 | C5: ='1851'!M26-'1851'!L26 -> 85.1 | D5: ='1852'!L26-'1852'!K26 -> 79.2 | E5: ='1853'!L27-'1853'!K27 -> 78
A6: Součet patních vodoměrů | B6: =SUM(B5:E5) -> 304.5 | G6: =1-B6/B7 -> 0.035171103
A7: fakturační vodoměr | B7: ='1850'!L29-'1850'!K29 -> 315.6
A8: Teplo - GJ
A9: Náměry bytových kalorimetrů | B9: ='1850'!L5-'1850'!K5+'1850'!L7-'1850'!K7+'1850'!L9-'1850'!K9+'1850'!L11-'1850'!K11+'1850'!L13-'1850'!K13+'1850'!L15-'1850'!K15+'1850'!L17-'1850'!K17+'1850'!L19-'1850'!K19+'1850'!L21-'1850'!K21+'1850'!L23-'1850'!K23 -> 7.292 | C9: ='1851'!M5-'1851'!L5+'1851'!M7-'1851'!L7+'1851'!M9-'1851'!L9+'1851'!M11-'1851'!L11+'1851'!M13-'1851'!L13+'1851'!M15-'1851'!L15+'1851'!M17-'1851'!L17+'1851'!M19-'1851'!L19+'1851'!M21-'1851'!L21+'1851'!M23-'1851'!L23 -> 5.609 | D9: ='1852'!L5-'1852'!K5+'1852'!L7-'1852'!K7+'1852'!L9-'1852'!K9+'1852'!L11-'1852'!K11+'1852'!L13-'1852'!K13+'1852'!L15-'1852'!K15+'1852'!L17-'1852'!K17+'1852'!L19-'1852'!K19+'1852'!L21-'1852'!K21+'1852'!L23-'1852'!K23 -> 6.714 | E9: ='1853'!L5-'1853'!K5+'1853'!L7-'1853'!K7+'1853'!L9-'1853'!K9+'1853'!L11-'1853'!K11+'1853'!L13-'1853'!K13+'1853'!L15-'1853'!K15+'1853'!L17-'1853'!K17+'1853'!L19-'1853'!K19+'1853'!L21-'1853'!K21+'1853'!L23-'1853'!K23 -> 4.413 | G9: =1-B9/B10 -> -2.5921182 | H9: =1-C9/C10 -> 0.29711779 | I9: =1-D9/D10 -> -0.47236842 | J9: =1-E9/E10 -> -0.20245232
A10: Fakturační kalorimetry | B10: =('1850'!L27-'1850'!K27) -> 2.03 | C10: =('1851'!M27-'1851'!L27) -> 7.98 | D10: =('1852'!L27-'1852'!K27) -> 4.56 | E10: =('1853'!L28-'1853'!K28) -> 3.67
A11: Elektřina -
A12: Elektroměr dům | B12: ='1850'!L25-'1850'!K25 -> 174 | C12: ='1851'!M24-'1851'!L24 -> 200 | D12: ='1852'!L25-'1852'!K25 -> 178 | E12: ='1853'!L24-'1853'!K24 -> 230
A14: Elektroměr areál | B14: ='1853'!L25-'1853'!K25 -> 293
A15: Vodoměr areál | B15: ='1853'!L26-'1853'!K26 -> 9.177
A18: Voda - m3 | B18: 1854 | C18: 1855 | D18: 1856 | E18: 1857
A19: Náměry bytových vodoměrů | B19: ='1854'!L4-'1854'!K4+'1854'!L6-'1854'!K6+'1854'!L8-'1854'!K8+'1854'!L10-'1854'!K10+'1854'!L12-'1854'!K12+'1854'!L14-'1854'!K14+'1854'!L16-'1854'!K16+'1854'!L18-'1854'!K18+'1854'!L20-'1854'!K20+'1854'!L22-'1854'!K22 -> 59.316 | C19: ='1855'!L4-'1855'!K4+'1855'!L6-'1855'!K6+'1855'!L8-'1855'!K8+'1855'!L10-'1855'!K10+'1855'!L12-'1855'!K12+'1855'!L14-'1855'!K14+'1855'!L16-'1855'!K16+'1855'!L18-'1855'!K18+'1855'!L20-'1855'!K20+'1855'!L22-'1855'!K22 -> 58.222 | D19: ='1856'!L4-'1856'!K4+'1856'!L6-'1856'!K6+'1856'!L8-'1856'!K8+'1856'!L10-'1856'!K10+'1856'!L12-'1856'!K12+'1856'!L14-'1856'!K14+'1856'!L16-'1856'!K16+'1856'!L18-'1856'!K18+'1856'!L20-'1856'!K20+'1856'!L22-'1856'!K22 -> 72.7606 | E19: ='1857'!L4-'1857'!K4+'1857'!L6-'1857'!K6+'1857'!L8-'1857'!K8+'1857'!L10-'1857'!K10+'1857'!L12-'1857'!K12+'1857'!L14-'1857'!K14+'1857'!L16-'1857'!K16+'1857'!L18-'1857'!K18+'1857'!L20-'1857'!K20+'1857'!L22-'1857'!K22 -> 73.992 | G19: =1-B19/B20 -> 0.10263238 | H19: =1-C19/C20 -> 0.13745185 | I19: =1-D19/D20 -> 0.10613514 | J19: =1-E19/E20 -> 0.11704057
A20: Patní vodoměry | B20: ='1854'!L26-'1854'!K26 -> 66.1 | C20: ='1855'!L26-'1855'!K26 -> 67.5 | D20: ='1856'!L26-'1856'!K26 -> 81.4 | E20: ='1857'!L26-'1857'!K26 -> 83.8
A21: Součet patních vodoměrů | B21: =SUM(B20:E20) -> 298.8 | G21: =1-B21/B22 -> -0.054712319
A22: fakturační vodoměr | B22: ='1854'!L29-'1854'!K29 -> 283.3
A23: Teplo - GJ
A24: Náměry bytových kalorimetrů | B24: ='1854'!L5-'1854'!K5+'1854'!L7-'1854'!K7+'1854'!L9-'1854'!K9+'1854'!L11-'1854'!K11+'1854'!L13-'1854'!K13+'1854'!L15-'1854'!K15+'1854'!L17-'1854'!K17+'1854'!L19-'1854'!K19+'1854'!L21-'1854'!K21+'1854'!L23-'1854'!K23 -> 3.635 | C24: ='1855'!L5-'1855'!K5+'1855'!L7-'1855'!K7+'1855'!L9-'1855'!K9+'1855'!L11-'1855'!K11+'1855'!L13-'1855'!K13+'1855'!L15-'1855'!K15+'1855'!L17-'1855'!K17+'1855'!L19-'1855'!K19+'1855'!L21-'1855'!K21+'1855'!L23-'1855'!K23 -> 3.85 | D24: ='1856'!L5-'1856'!K5+'1856'!L7-'1856'!K7+'1856'!L9-'1856'!K9+'1856'!L11-'1856'!K11+'1856'!L13-'1856'!K13+'1856'!L15-'1856'!K15+'1856'!L17-'1856'!K17+'1856'!L19-'1856'!K19+'1856'!L21-'1856'!K21+'1856'!L23-'1856'!K23 -> 4.007 | E24: ='1857'!L5-'1857'!K5+'1857'!L7-'1857'!K7+'1857'!L9-'1857'!K9+'1857'!L11-'1857'!K11+'1857'!L13-'1857'!K13+'1857'!L15-'1857'!K15+'1857'!L17-'1857'!K17+'1857'!L19-'1857'!K19+'1857'!L21-'1857'!K21+'1857'!L23-'1857'!K23 -> 4.371 | G24: =1-B24/B25 -> 0.093516209 | H24: =1-C24/C25 -> -0.043360434 | I24: =1-D24/D25 -> -0.18550296 | J24: =1-E24/E25 -> -0.2632948
A25: Fakturační kalorimetry | B25: =('1854'!L27-'1854'!K27) -> 4.01 | C25: =('1855'!L27-'1855'!K27) -> 3.69 | D25: =('1856'!L27-'1856'!K27) -> 3.38 | E25: =('1857'!L27-'1857'!K27) -> 3.46
A26: Elektřina -
A27: Elektroměr dům | B27: ='1854'!L25-'1854'!K25 -> 180 | C27: ='1855'!L25-'1855'!K25 -> 202 | D27: ='1856'!L25-'1856'!K25 -> 193 | E27: ='1857'!L25-'1857'!K25 -> 188

Sheet S10
A1: Sumář - spotřeba říjen | B1: ='S1'!B1 -> 2024
A3: Voda - m3 | B3: 1850 | C3: 1851 | D3: 1852 | E3: 1853
A4: Náměry bytových vodoměrů | B4: ='1850'!M4-'1850'!L4+'1850'!M6-'1850'!L6+'1850'!M8-'1850'!L8+'1850'!M10-'1850'!L10+'1850'!M12-'1850'!L12+'1850'!M14-'1850'!L14+'1850'!M16-'1850'!L16+'1850'!M18-'1850'!L18+'1850'!M20-'1850'!L20+'1850'!M22-'1850'!L22 -> 59.522 | C4: ='1851'!N4-'1851'!M4+'1851'!N6-'1851'!M6+'1851'!N8-'1851'!M8+'1851'!N10-'1851'!M10+'1851'!N12-'1851'!M12+'1851'!N14-'1851'!M14+'1851'!N16-'1851'!M16+'1851'!N18-'1851'!M18+'1851'!N20-'1851'!M20+'1851'!N22-'1851'!M22+'1851'!N33-'1851'!M33+'1851'!N34-'1851'!M34+'1851'!N35-'1851'!M35+'1851'!N36-'1851'!M36+'1851'!N37-'1851'!M37+'1851'!N40-'1851'!M40+'1851'!N41-'1851'!M41+'1851'!N42-'1851'!M42+'1851'!N43-'1851'!M43+'1851'!N44-'1851'!M44+'1851'!N45-'1851'!M45+'1851'!N46-'1851'!M46+'1851'!N47-'1851'!M47+'1851'!N48-'1851'!M48+'1851'!N49-'1851'!M49 -> 83.357 | D4: ='1852'!M4-'1852'!L4+'1852'!M6-'1852'!L6+'1852'!M8-'1852'!L8+'1852'!M10-'1852'!L10+'1852'!M12-'1852'!L12+'1852'!M14-'1852'!L14+'1852'!M16-'1852'!L16+'1852'!M18-'1852'!L18+'1852'!M20-'1852'!L20+'1852'!M22-'1852'!L22 -> 72.648 | E4: ='1853'!M4-'1853'!L4+'1853'!M6-'1853'!L6+'1853'!M8-'1853'!L8+'1853'!M10-'1853'!L10+'1853'!M12-'1853'!L12+'1853'!M14-'1853'!L14+'1853'!M16-'1853'!L16+'1853'!M18-'1853'!L18+'1853'!M20-'1853'!L20+'1853'!M22-'1853'!L22+'1853'!M26-'1853'!L26 -> 67.864 | G4: =1-B4/B5 -> 0.11819259 | H4: =1-C4/C5 -> 0.079944812 | I4: =1-D4/D5 -> 0.1086135 | J4: =1-E4/E5 -> 0.09994695
A5: Patní vodoměry | B5: ='1850'!M26-'1850'!L26 -> 67.5 | C5: ='1851'!N26-'1851'!M26 -> 90.6 | D5: ='1852'!M26-'1852'!L26 -> 81.5 | E5: ='1853'!M27-'1853'!L27 -> 75.4
A6: Součet patních vodoměrů | B6: =SUM(B5:E5) -> 315 | G6: =1-B6/B7 -> 0.036991746
A7: fakturační vodoměr | B7: ='1850'!M29-'1850'!L29 -> 327.1
A8: Teplo - GJ
A9: Náměry bytových kalorimetrů | B9: ='1850'!M5-'1850'!L5+'1850'!M7-'1850'!L7+'1850'!M9-'1850'!L9+'1850'!M11-'1850'!L11+'1850'!M13-'1850'!L13+'1850'!M15-'1850'!L15+'1850'!M17-'1850'!L17+'1850'!M19-'1850'!L19+'1850'!M21-'1850'!L21+'1850'!M23-'1850'!L23 -> 8.425 | C9: ='1851'!N5-'1851'!M5+'1851'!N7-'1851'!M7+'1851'!N9-'1851'!M9+'1851'!N11-'1851'!M11+'1851'!N13-'1851'!M13+'1851'!N15-'1851'!M15+'1851'!N17-'1851'!M17+'1851'!N19-'1851'!M19+'1851'!N21-'1851'!M21+'1851'!N23-'1851'!M23 -> 13.361 | D9: ='1852'!M5-'1852'!L5+'1852'!M7-'1852'!L7+'1852'!M9-'1852'!L9+'1852'!M11-'1852'!L11+'1852'!M13-'1852'!L13+'1852'!M15-'1852'!L15+'1852'!M17-'1852'!L17+'1852'!M19-'1852'!L19+'1852'!M21-'1852'!L21+'1852'!M23-'1852'!L23 -> 15.386 | E9: ='1853'!M5-'1853'!L5+'1853'!M7-'1853'!L7+'1853'!M9-'1853'!L9+'1853'!M11-'1853'!L11+'1853'!M13-'1853'!L13+'1853'!M15-'1853'!L15+'1853'!M17-'1853'!L17+'1853'!M19-'1853'!L19+'1853'!M21-'1853'!L21+'1853'!M23-'1853'!L23 -> 8.655 | G9: =1-B9/B10 -> -0.36547812 | H9: =1-C9/C10 -> 0.11692003 | I9: =1-D9/D10 -> -0.12553036 | J9: =1-E9/E10 -> -0.056776557
A10: Fakturační kalorimetry | B10: =('1850'!M27-'1850'!L27) -> 6.17 | C10: =('1851'!N27-'1851'!M27) -> 15.13 | D10: =('1852'!M27-'1852'!L27) -> 13.67 | E10: =('1853'!M28-'1853'!L28) -> 8.19
A11: Elektřina -
A12: Elektroměr dům | B12: ='1850'!M25-'1850'!L25 -> 262 | C12: ='1851'!N24-'1851'!M24 -> 206 | D12: ='1852'!M25-'1852'!L25 -> 175 | E12: ='1853'!M24-'1853'!L24 -> 183
A14: Elektroměr areál | B14: ='1853'!M25-'1853'!L25 -> 343
A15: Vodoměr areál | B15: ='1853'!M26-'1853'!L26 -> 2.095
A18: Voda - m3 | B18: 1854 | C18: 1855 | D18: 1856 | E18: 1857
A19: Náměry bytových vodoměrů | B19: ='1854'!M4-'1854'!L4+'1854'!M6-'1854'!L6+'1854'!M8-'1854'!L8+'1854'!M10-'1854'!L10+'1854'!M12-'1854'!L12+'1854'!M14-'1854'!L14+'1854'!M16-'1854'!L16+'1854'!M18-'1854'!L18+'1854'!M20-'1854'!L20+'1854'!M22-'1854'!L22 -> 55.455 | C19: ='1855'!M4-'1855'!L4+'1855'!M6-'1855'!L6+'1855'!M8-'1855'!L8+'1855'!M10-'1855'!L10+'1855'!M12-'1855'!L12+'1855'!M14-'1855'!L14+'1855'!M16-'1855'!L16+'1855'!M18-'1855'!L18+'1855'!M20-'1855'!L20+'1855'!M22-'1855'!L22 -> 55.834 | D19: ='1856'!M4-'1856'!L4+'1856'!M6-'1856'!L6+'1856'!M8-'1856'!L8+'1856'!M10-'1856'!L10+'1856'!M12-'1856'!L12+'1856'!M14-'1856'!L14+'1856'!M16-'1856'!L16+'1856'!M18-'1856'!L18+'1856'!M20-'1856'!L20+'1856'!M22-'1856'!L22 -> 71.5174 | E19: ='1857'!M4-'1857'!L4+'1857'!M6-'1857'!L6+'1857'!M8-'1857'!L8+'1857'!M10-'1857'!L10+'1857'!M12-'1857'!L12+'1857'!M14-'1857'!L14+'1857'!M16-'1857'!L16+'1857'!M18-'1857'!L18+'1857'!M20-'1857'!L20+'1857'!M22-'1857'!L22 -> 71.651 | G19: =1-B19/B20 -> 0.089408867 | H19: =1-C19/C20 -> 0.15016743 | I19: =1-D19/D20 -> 0.10041006 | J19: =1-E19/E20 -> 0.11759852
A20: Patní vodoměry | B20: ='1854'!M26-'1854'!L26 -> 60.9 | C20: ='1855'!M26-'1855'!L26 -> 65.7 | D20: ='1856'!M26-'1856'!L26 -> 79.5 | E20: ='1857'!M26-'1857'!L26 -> 81.2
A21: Součet patních vodoměrů | B21: =SUM(B20:E20) -> 287.3 | G21: =1-B21/B22 -> -0.053152493
A22: fakturační vodoměr | B22: ='1854'!M29-'1854'!L29 -> 272.8
A23: Teplo - GJ
A24: Náměry bytových kalorimetrů | B24: ='1854'!M5-'1854'!L5+'1854'!M7-'1854'!L7+'1854'!M9-'1854'!L9+'1854'!M11-'1854'!L11+'1854'!M13-'1854'!L13+'1854'!M15-'1854'!L15+'1854'!M17-'1854'!L17+'1854'!M19-'1854'!L19+'1854'!M21-'1854'!L21+'1854'!M23-'1854'!L23 -> 11.126 | C24: ='1855'!M5-'1855'!L5+'1855'!M7-'1855'!L7+'1855'!M9-'1855'!L9+'1855'!M11-'1855'!L11+'1855'!M13-'1855'!L13+'1855'!M15-'1855'!L15+'1855'!M17-'1855'!L17+'1855'!M19-'1855'!L19+'1855'!M21-'1855'!L21+'1855'!M23-'1855'!L23 -> 10.062 | D24: ='1856'!M5-'1856'!L5+'1856'!M7-'1856'!L7+'1856'!M9-'1856'!L9+'1856'!M11-'1856'!L11+'1856'!M13-'1856'!L13+'1856'!M15-'1856'!L15+'1856'!M17-'1856'!L17+'1856'!M19-'1856'!L19+'1856'!M21-'1856'!L21+'1856'!M23-'1856'!L23 -> 8.834 | E24: ='1857'!M5-'1857'!L5+'1857'!M7-'1857'!L7+'1857'!M9-'1857'!L9+'1857'!M11-'1857'!L11+'1857'!M13-'1857'!L13+'1857'!M15-'1857'!L15+'1857'!M17-'1857'!L17+'1857'!M19-'1857'!L19+'1857'!M21-'1857'!L21+'1857'!M23-'1857'!L23 -> 10.588 | G24: =1-B24/B25 -> 0.068174204 | H24: =1-C24/C25 -> 0.11503958 | I24: =1-D24/D25 -> -0.02601626 | J24: =1-E24/E25 -> -0.010305344
A25: Fakturační kalorimetry | B25: =('1854'!M27-'1854'!L27) -> 11.94 | C25: =('1855'!M27-'1855'!L27) -> 11.37 | D25: =('1856'!M27-'1856'!L27) -> 8.61 | E25: =('1857'!M27-'1857'!L27) -> 10.48
A26: Elektřina -
A27: Elektroměr dům | B27: ='1854'!M25-'1854'!L25 -> 191 | C27: ='1855'!M25-'1855'!L25 -> 224 | D27: ='1856'!M25-'1856'!L25 -> 186 | E27: ='1857'!M25-'1857'!L25 -> 195

Sheet S11
A1: Sumář - spotřeba listopad | B1: ='S1'!B1 -> 2024
A3: Voda - m3 | B3: 1850 | C3: 1851 | D3: 1852 | E3: 1853
A4: Náměry bytových vodoměrů | B4: ='1850'!N4-'1850'!M4+'1850'!N6-'1850'!M6+'1850'!N8-'1850'!M8+'1850'!N10-'1850'!M10+'1850'!N12-'1850'!M12+'1850'!N14-'1850'!M14+'1850'!N16-'1850'!M16+'1850'!N18-'1850'!M18+'1850'!N20-'1850'!M20+'1850'!N22-'1850'!M22 -> 53.261 | C4: ='1851'!O4-'1851'!N4+'1851'!O6-'1851'!N6+'1851'!O8-'1851'!N8+'1851'!O10-'1851'!N10+'1851'!O12-'1851'!N12+'1851'!O14-'1851'!N14+'1851'!O16-'1851'!N16+'1851'!O18-'1851'!N18+'1851'!O20-'1851'!N20+'1851'!O22-'1851'!N22+'1851'!O33-'1851'!N33+'1851'!O34-'1851'!N34+'1851'!O35-'1851'!N35+'1851'!O36-'1851'!N36+'1851'!O37-'1851'!N37+'1851'!O40-'1851'!N40+'1851'!O41-'1851'!N41+'1851'!O42-'1851'!N42+'1851'!O43-'1851'!N43+'1851'!O44-'1851'!N44+'1851'!O45-'1851'!N45+'1851'!O46-'1851'!N46+'1851'!O47-'1851'!N47+'1851'!O48-'1851'!N48+'1851'!O49-'1851'!N49 -> 72.286 | D4: ='1852'!N4-'1852'!M4+'1852'!N6-'1852'!M6+'1852'!N8-'1852'!M8+'1852'!N10-'1852'!M10+'1852'!N12-'1852'!M12+'1852'!N14-'1852'!M14+'1852'!N16-'1852'!M16+'1852'!N18-'1852'!M18+'1852'!N20-'1852'!M20+'1852'!N22-'1852'!M22 -> 74.107 | E4: ='1853'!N4-'1853'!M4+'1853'!N6-'1853'!M6+'1853'!N8-'1853'!M8+'1853'!N10-'1853'!M10+'1853'!N12-'1853'!M12+'1853'!N14-'1853'!M14+'1853'!N16-'1853'!M16+'1853'!N18-'1853'!M18+'1853'!N20-'1853'!M20+'1853'!N22-'1853'!M22+'1853'!N26-'1853'!M26 -> 59.093 | G4: =1-B4/B5 -> 0.12686885 | H4: =1-C4/C5 -> 0.095294118 | I4: =1-D4/D5 -> 0.10821901 | J4: =1-E4/E5 -> 0.11004518
A5: Patní vodoměry | B5: ='1850'!N26-'1850'!M26 -> 61 | C5: ='1851'!O26-'1851'!N26 -> 79.9 | D5: ='1852'!N26-'1852'!M26 -> 83.1 | E5: ='1853'!N27-'1853'!M27 -> 66.4
A6: Součet patních vodoměrů | B6: =SUM(B5:E5) -> 290.4 | G6: =1-B6/B7 -> 0.026809651
A7: fakturační vodoměr | B7: ='1850'!N29-'1850'!M29 -> 298.4
A8: Teplo - GJ
A9: Náměry bytových kalorimetrů | B9: ='1850'!N5-'1850'!M5+'1850'!N7-'1850'!M7+'1850'!N9-'1850'!M9+'1850'!N11-'1850'!M11+'1850'!N13-'1850'!M13+'1850'!N15-'1850'!M15+'1850'!N17-'1850'!M17+'1850'!N19-'1850'!M19+'1850'!N21-'1850'!M21+'1850'!N23-'1850'!M23 -> 24.954 | C9: ='1851'!O5-'1851'!N5+'1851'!O7-'1851'!N7+'1851'!O9-'1851'!N9+'1851'!O11-'1851'!N11+'1851'!O13-'1851'!N13+'1851'!O15-'1851'!N15+'1851'!O17-'1851'!N17+'1851'!O19-'1851'!N19+'1851'!O21-'1851'!N21+'1851'!O23-'1851'!N23 -> 31.675 | D9: ='1852'!N5-'1852'!M5+'1852'!N7-'1852'!M7+'1852'!N9-'1852'!M9+'1852'!N11-'1852'!M11+'1852'!N13-'1852'!M13+'1852'!N15-'1852'!M15+'1852'!N17-'1852'!M17+'1852'!N19-'1852'!M19+'1852'!N21-'1852'!M21+'1852'!N23-'1852'!M23 -> 29.796 | E9: ='1853'!N5-'1853'!M5+'1853'!N7-'1853'!M7+'1853'!N9-'1853'!M9+'1853'!N11-'1853'!M11+'1853'!N13-'1853'!M13+'1853'!N15-'1853'!M15+'1853'!N17-'1853'!M17+'1853'!N19-'1853'!M19+'1853'!N21-'1853'!M21+'1853'!N23-'1853'!M23 -> 26.669 | G9: =1-B9/B10 -> -0.048047039 | H9: =1-C9/C10 -> 0.072745902 | I9: =1-D9/D10 -> -0.064903503 | J9: =1-E9/E10 -> 0.039992801
A10: Fakturační kalorimetry | B10: =('1850'!N27-'1850'!M27) -> 23.81 | C10: =('1851'!O27-'1851'!N27) -> 34.16 | D10: =('1852'!N27-'1852'!M27) -> 27.98 | E10: =('1853'!N28-'1853'!M28) -> 27.78
A11: Elektřina -
A12: Elektroměr dům | B12: ='1850'!N25-'1850'!M25 -> 195 | C12: ='1851'!O24-'1851'!N24 -> 201 | D12: ='1852'!N25-'1852'!M25 -> 194 | E12: ='1853'!N24-'1853'!M24 -> 200
A14: Elektroměr areál | B14: ='1853'!N25-'1853'!M25 -> 383
A15: Vodoměr areál | B15: ='1853'!N26-'1853'!M26 -> 0
M16: 2,6 m3 dopočet rozdílu
M17: po zápočtu rozddílu
A18: Voda - m3 | B18: 1854 | C18: 1855 | D18: 1856 | E18: 1857 | M18: 1855 ve skutečnosti
A19: Náměry bytových vodoměrů | B19: ='1854'!N4-'1854'!M4+'1854'!N6-'1854'!M6+'1854'!N8-'1854'!M8+'1854'!N10-'1854'!M10+'1854'!N12-'1854'!M12+'1854'!N14-'1854'!M14+'1854'!N16-'1854'!M16+'1854'!N18-'1854'!M18+'1854'!N20-'1854'!M20+'1854'!N22-'1854'!M22 -> 52.654 | C19: ='1855'!N4-'1855'!M4+'1855'!N6-'1855'!M6+'1855'!N8-'1855'!M8+'1855'!N10-'1855'!M10+'1855'!N12-'1855'!M12+'1855'!N14-'1855'!M14+'1855'!N16-'1855'!M16+'1855'!N18-'1855'!M18+'1855'!N20-'1855'!M20+'1855'!N22-'1855'!M22 -> 59.455 | D19: ='1856'!N4-'1856'!M4+'1856'!N6-'1856'!M6+'1856'!N8-'1856'!M8+'1856'!N10-'1856'!M10+'1856'!N12-'1856'!M12+'1856'!N14-'1856'!M14+'1856'!N16-'1856'!M16+'1856'!N18-'1856'!M18+'1856'!N20-'1856'!M20+'1856'!N22-'1856'!M22 -> 61.322 | E19: ='1857'!N4-'1857'!M4+'1857'!N6-'1857'!M6+'1857'!N8-'1857'!M8+'1857'!N10-'1857'!M10+'1857'!N12-'1857'!M12+'1857'!N14-'1857'!M14+'1857'!N16-'1857'!M16+'1857'!N18-'1857'!M18+'1857'!N20-'1857'!M20+'1857'!N22-'1857'!M22 -> 75.672 | G19: =1-B19/B20 -> 0.10604414 | H19: =1-C19/C20 -> 0.17423611 | I19: =1-D19/D20 -> 0.10609329 | J19: =1-E19/E20 -> 0.11598131 | M19: =1-(C19+2.6)/C20 -> 0.138125
A20: Patní vodoměry | B20: ='1854'!N26-'1854'!M26 -> 58.9 | C20: ='1855'!N26-'1855'!M26 -> 72 | D20: ='1856'!N26-'1856'!M26 -> 68.6 | E20: ='1857'!N26-'1857'!M26 -> 85.6
A21: Součet patních vodoměrů | B21: =SUM(B20:E20) -> 285.1 | G21: =1-B21/B22 -> -0.063409176
A22: fakturační vodoměr | B22: ='1854'!N29-'1854'!M29 -> 268.1
A23: Teplo - GJ
A24: Náměry bytových kalorimetrů | B24: ='1854'!N5-'1854'!M5+'1854'!N7-'1854'!M7+'1854'!N9-'1854'!M9+'1854'!N11-'1854'!M11+'1854'!N13-'1854'!M13+'1854'!N15-'1854'!M15+'1854'!N17-'1854'!M17+'1854'!N19-'1854'!M19+'1854'!N21-'1854'!M21+'1854'!N23-'1854'!M23 -> 25.829 | C24: ='1855'!N5-'1855'!M5+'1855'!N7-'1855'!M7+'1855'!N9-'1855'!M9+'1855'!N11-'1855'!M11+'1855'!N13-'1855'!M13+'1855'!N15-'1855'!M15+'1855'!N17-'1855'!M17+'1855'!N19-'1855'!M19+'1855'!N21-'1855'!M21+'1855'!N23-'1855'!M23 -> 27.825 | D24: ='1856'!N5-'1856'!M5+'1856'!N7-'1856'!M7+'1856'!N9-'1856'!M9+'1856'!N11-'1856'!M11+'1856'!N13-'1856'!M13+'1856'!N15-'1856'!M15+'1856'!N17-'1856'!M17+'1856'!N19-'1856'!M19+'1856'!N21-'1856'!M21+'1856'!N23-'1856'!M23 -> 26.935 | E24: ='1857'!N5-'1857'!M5+'1857'!N7-'1857'!M7+'1857'!N9-'1857'!M9+'1857'!N11-'1857'!M11+'1857'!N13-'1857'!M13+'1857'!N15-'1857'!M15+'1857'!N17-'1857'!M17+'1857'!N19-'1857'!M19+'1857'!N21-'1857'!M21+'1857'!N23-'1857'!M23 -> 29.391 | G24: =1-B24/B25 -> 0.089245416 | H24: =1-C24/C25 -> 0.080165289 | I24: =1-D24/D25 -> 0.075986278 | J24: =1-E24/E25 -> 0.083536015
A25: Fakturační kalorimetry | B25: =('1854'!N27-'1854'!M27) -> 28.36 | C25: =('1855'!N27-'1855'!M27) -> 30.25 | D25: =('1856'!N27-'1856'!M27) -> 29.15 | E25: =('1857'!N27-'1857'!M27) -> 32.07
A26: Elektřina -
A27: Elektroměr dům | B27: ='1854'!N25-'1854'!M25 -> 190 | C27: ='1855'!N25-'1855'!M25 -> 248 | D27: ='1856'!N25-'1856'!M25 -> 187 | E27: ='1857'!N25-'1857'!M25 -> 205

Sheet S12
A1: Sumář - spotřeba prosinec | B1: ='S1'!B1 -> 2024
N2: Původní vzorce
A3: Voda - m3 | B3: 1850 | C3: 1851 | D3: 1852 | E3: 1853
A4: Náměry bytových vodoměrů | B4: ='1850'!O4+'1850'!O6+'1850'!O8+'1850'!O10+'1850'!O12+'1850'!O14+'1850'!O16+'1850'!O18+'1850'!O20+'1850'!O22 -> 71.936 | C4: ='1851'!P4+'1851'!P6+'1851'!P8+'1851'!P10+'1851'!P12+'1851'!P14+'1851'!P16+'1851'!P18+'1851'!P20+'1851'!P22+'1851'!P33+'1851'!P34+'1851'!P35+'1851'!P36+'1851'!P37+'1851'!P40+'1851'!P41+'1851'!P42+'1851'!P43+'1851'!P44+'1851'!P45+'1851'!P46+'1851'!P47+'1851'!P48+'1851'!P49 -> 91.956 | D4: ='1852'!O4+'1852'!O6+'1852'!O8+'1852'!O10+'1852'!O12+'1852'!O14+'1852'!O16+'1852'!O18+'1852'!O20+'1852'!O22 -> 76.833 | E4: ='1853'!O4+'1853'!O6+'1853'!O8+'1853'!O10+'1853'!O12+'1853'!O14+'1853'!O16+'1853'!O18+'1853'!O20+'1853'!O22 -> 80.06 | G4: =1-B4/B5 -> 0.0905689 | H4: =1-C4/C5 -> 0.092240869 | I4: =1-D4/D5 -> 0.10136842 | J4: =1-E4/E5 -> 0.11730981 | N4: ='1850'!AA4-'1850'!Z4+'1850'!AA6-'1850'!Z6+'1850'!AA8-'1850'!Z8+'1850'!AA10-'1850'!Z10+'1850'!AA12-'1850'!Z12+'1850'!AA14-'1850'!Z14+'1850'!AA16-'1850'!Z16+'1850'!AA18-'1850'!Z18+'1850'!AA20-'1850'!Z20+'1850'!AA22-'1850'!Z22 -> -10.315 | O4: ='1851'!AB4-'1851'!AA4+'1851'!AB6-'1851'!AA6+'1851'!AB8-'1851'!AA8+'1851'!AB10-'1851'!AA10+'1851'!AB12-'1851'!AA12+'1851'!AB14-'1851'!AA14+'1851'!AB16-'1851'!AA16+'1851'!AB18-'1851'!AA18+'1851'!AB20-'1851'!AA20+'1851'!AB22-'1851'!AA22+'1851'!AB33-'1851'!AA33+'1851'!AB34-'1851'!AA34+'1851'!AB35-'1851'!AA35+'1851'!AB36-'1851'!AA36+'1851'!AB37-'1851'!AA37+'1851'!AB40-'1851'!AA40+'1851'!AB41-'1851'!AA41+'1851'!AB42-'1851'!AA42+'1851'!AB43-'1851'!AA43+'1851'!AB44-'1851'!AA44+'1851'!AB45-'1851'!AA45+'1851'!AB46-'1851'!AA46+'1851'!AB47-'1851'!AA47+'1851'!AB48-'1851'!AA48+'1851'!AB49-'1851'!AA49 -> -6.021 | P4: ='1852'!AA4-'1852'!Z4+'1852'!AA6-'1852'!Z6+'1852'!AA8-'1852'!Z8+'1852'!AA10-'1852'!Z10+'1852'!AA12-'1852'!Z12+'1852'!AA14-'1852'!Z14+'1852'!AA16-'1852'!Z16+'1852'!AA18-'1852'!Z18+'1852'!AA20-'1852'!Z20+'1852'!AA22-'1852'!Z22 -> -7.688 | Q4: ='1853'!AA4-'1853'!Z4+'1853'!AA6-'1853'!Z6+'1853'!AA8-'1853'!Z8+'1853'!AA10-'1853'!Z10+'1853'!AA12-'1853'!Z12+'1853'!AA14-'1853'!Z14+'1853'!AA16-'1853'!Z16+'1853'!AA18-'1853'!Z18+'1853'!AA20-'1853'!Z20+'1853'!AA22-'1853'!Z22+'1853'!AA26-'1853'!Z26 -> -7.622
A5: Patní vodoměry | B5: ='1850'!O26 -> 79.1 | C5: ='1851'!P26 -> 101.3 | D5: ='1852'!O26 -> 85.5 | E5: ='1853'!O27 -> 90.7 | N5: ='1850'!AA26-'1850'!Z26 -> 0 | O5: ='1851'!AB26-'1851'!AA26 -> 0 | P5: ='1852'!AA26-'1852'!Z26 -> 0 | Q5: ='1853'!AA27-'1853'!Z27 -> -7.516
A6: Součet patních vodoměrů | B6: =SUM(B5:E5) -> 356.6 | G6: =1-B6/B7 -> 0.03229308 | N6: =SUM(N5:Q5) -> -7.516
A7: fakturační vodoměr | B7: ='1850'!O29-'1850'!N29 -> 368.5
A8: Teplo - GJ
A9: Náměry bytových kalorimetrů | B9: ='1850'!O5-'1850'!N5+'1850'!O7-'1850'!N7+'1850'!O9-'1850'!N9+'1850'!O11-'1850'!N11+'1850'!O13-'1850'!N13+'1850'!O15-'1850'!N15+'1850'!O17-'1850'!N17+'1850'!O19-'1850'!N19+'1850'!O21-'1850'!N21+'1850'!O23-'1850'!N23 -> 32.922 | C9: ='1851'!P5-'1851'!O5+'1851'!P7-'1851'!O7+'1851'!P9-'1851'!O9+'1851'!P11-'1851'!O11+'1851'!P13-'1851'!O13+'1851'!P15-'1851'!O15+'1851'!P17-'1851'!O17+'1851'!P19-'1851'!O19+'1851'!P21-'1851'!O21+'1851'!P23-'1851'!O23 -> 38.073 | D9: ='1852'!O5-'1852'!N5+'1852'!O7-'1852'!N7+'1852'!O9-'1852'!N9+'1852'!O11-'1852'!N11+'1852'!O13-'1852'!N13+'1852'!O15-'1852'!N15+'1852'!O17-'1852'!N17+'1852'!O19-'1852'!N19+'1852'!O21-'1852'!N21+'1852'!O23-'1852'!N23 -> 33.709 | E9: ='1853'!O5-'1853'!N5+'1853'!O7-'1853'!N7+'1853'!O9-'1853'!N9+'1853'!O11-'1853'!N11+'1853'!O13-'1853'!N13+'1853'!O15-'1853'!N15+'1853'!O17-'1853'!N17+'1853'!O19-'1853'!N19+'1853'!O21-'1853'!N21+'1853'!O23-'1853'!N23 -> 33.105 | G9: =1-B9/B10 -> -0.0974 | H9: =1-C9/C10 -> 0.04435241 | I9: =1-D9/D10 -> -0.058699749 | J9: =1-E9/E10 -> -0.0001510574
A10: Fakturační kalorimetry | B10: =('1850'!O27-'1850'!N27) -> 30 | C10: =('1851'!P27-'1851'!O27) -> 39.84 | D10: =('1852'!O27-'1852'!N27) -> 31.84 | E10: =('1853'!O28-'1853'!N28) -> 33.1
A11: Elektřina -
A12: Elektroměr dům | B12: ='1850'!O25-'1850'!N25 -> 168 | C12: ='1851'!P24-'1851'!O24 -> 191 | D12: ='1852'!O25-'1852'!N25 -> 189 | E12: ='1853'!O24-'1853'!N24 -> 196
A14: Elektroměr areál | B14: ='1853'!O25-'1853'!N25 -> 386
A15: Vodoměr areál | B15: ='1853'!O26-'1853'!N26 -> 0
A18: Voda - m3 | B18: 1854 | C18: 1855 | D18: 1856 | E18: 1857
A19: Náměry bytových vodoměrů | B19: ='1854'!O4+'1854'!O6+'1854'!O8+'1854'!O10+'1854'!O12+'1854'!O14+'1854'!O16+'1854'!O18+'1854'!O20+'1854'!O22 -> 60.483 | C19: ='1855'!O4+'1855'!O6+'1855'!O8+'1855'!O10+'1855'!O12+'1855'!O14+'1855'!O16+'1855'!O18+'1855'!O20+'1855'!O22 -> 70.176 | D19: ='1856'!O4+'1856'!O6+'1856'!O8+'1856'!O10+'1856'!O12+'1856'!O14+'1856'!O16+'1856'!O18+'1856'!O20+'1856'!O22 -> 80.892 | E19: ='1857'!O4+'1857'!O6+'1857'!O8+'1857'!O10+'1857'!O12+'1857'!O14+'1857'!O16+'1857'!O18+'1857'!O20+'1857'!O22 -> 91.298 | G19: =1-B19/B20 -> 0.087737557 | H19: =1-C19/C20 -> 0.022618384 | I19: =1-D19/D20 -> 0.088027057 | J19: =1-E19/E20 -> 0.076865521 | N19: ='1854'!AA4-'1854'!Z4+'1854'!AA6-'1854'!Z6+'1854'!AA8-'1854'!Z8+'1854'!AA10-'1854'!Z10+'1854'!AA12-'1854'!Z12+'1854'!AA14-'1854'!Z14+'1854'!AA16-'1854'!Z16+'1854'!AA18-'1854'!Z18+'1854'!AA20-'1854'!Z20+'1854'!AA22-'1854'!Z22 -> -8.823 | O19: ='1855'!AA4-'1855'!Z4+'1855'!AA6-'1855'!Z6+'1855'!AA8-'1855'!Z8+'1855'!AA10-'1855'!Z10+'1855'!AA12-'1855'!Z12+'1855'!AA14-'1855'!Z14+'1855'!AA16-'1855'!Z16+'1855'!AA18-'1855'!Z18+'1855'!AA20-'1855'!Z20+'1855'!AA22-'1855'!Z22 -> -5.32 | P19: ='1856'!AA4-'1856'!Z4+'1856'!AA6-'1856'!Z6+'1856'!AA8-'1856'!Z8+'1856'!AA10-'1856'!Z10+'1856'!AA12-'1856'!Z12+'1856'!AA14-'1856'!Z14+'1856'!AA16-'1856'!Z16+'1856'!AA18-'1856'!Z18+'1856'!AA20-'1856'!Z20+'1856'!AA22-'1856'!Z22 -> -7.409 | Q19: ='1857'!AA4-'1857'!Z4+'1857'!AA6-'1857'!Z6+'1857'!AA8-'1857'!Z8+'1857'!AA10-'1857'!Z10+'1857'!AA12-'1857'!Z12+'1857'!AA14-'1857'!Z14+'1857'!AA16-'1857'!Z16+'1857'!AA18-'1857'!Z18+'1857'!AA20-'1857'!Z20+'1857'!AA22-'1857'!Z22 -> -13.707
A20: Patní vodoměry | B20: ='1854'!O26 -> 66.3 | C20: ='1855'!O26 -> 71.8 | D20: ='1856'!O26 -> 88.7 | E20: ='1857'!O26 -> 98.9 | N20: ='1854'!AA26-'1854'!Z26 -> 0 | O20: ='1855'!AA26-'1855'!Z26 -> 0 | P20: ='1856'!AA26-'1856'!Z26 -> 0 | Q20: ='1857'!AA26-'1857'!Z26 -> 0
A21: Součet patních vodoměrů | B21: =SUM(B20:E20) -> 325.7 | G21: =1-B21/B22 -> -0.028418061 | N21: =SUM(N20:Q20) -> 0
A22: fakturační vodoměr | B22: ='1854'!O29-'1854'!N29 -> 316.7
A23: Teplo - GJ
A24: Náměry bytových kalorimetrů | B24: ='1854'!O5-'1854'!N5+'1854'!O7-'1854'!N7+'1854'!O9-'1854'!N9+'1854'!O11-'1854'!N11+'1854'!O13-'1854'!N13+'1854'!O15-'1854'!N15+'1854'!O17-'1854'!N17+'1854'!O19-'1854'!N19+'1854'!O21-'1854'!N21+'1854'!O23-'1854'!N23 -> 31.551 | C24: ='1855'!O5-'1855'!N5+'1855'!O7-'1855'!N7+'1855'!O9-'1855'!N9+'1855'!O11-'1855'!N11+'1855'!O13-'1855'!N13+'1855'!O15-'1855'!N15+'1855'!O17-'1855'!N17+'1855'!O19-'1855'!N19+'1855'!O21-'1855'!N21+'1855'!O23-'1855'!N23 -> 31.726 | D24: ='1856'!O5-'1856'!N5+'1856'!O7-'1856'!N7+'1856'!O9-'1856'!N9+'1856'!O11-'1856'!N11+'1856'!O13-'1856'!N13+'1856'!O15-'1856'!N15+'1856'!O17-'1856'!N17+'1856'!O19-'1856'!N19+'1856'!O21-'1856'!N21+'1856'!O23-'1856'!N23 -> 31.885 | E24: ='1857'!O5-'1857'!N5+'1857'!O7-'1857'!N7+'1857'!O9-'1857'!N9+'1857'!O11-'1857'!N11+'1857'!O13-'1857'!N13+'1857'!O15-'1857'!N15+'1857'!O17-'1857'!N17+'1857'!O19-'1857'!N19+'1857'!O21-'1857'!N21+'1857'!O23-'1857'!N23 -> 33.832 | G24: =1-B24/B25 -> 0.079340531 | H24: =1-C24/C25 -> 0.07853616 | I24: =1-D24/D25 -> 0.072571262 | J24: =1-E24/E25 -> 0.087101997
A25: Fakturační kalorimetry | B25: =('1854'!O27-'1854'!N27) -> 34.27 | C25: =('1855'!O27-'1855'!N27) -> 34.43 | D25: =('1856'!O27-'1856'!N27) -> 34.38 | E25: =('1857'!O27-'1857'!N27) -> 37.06
A26: Elektřina -
A27: Elektroměr dům | B27: ='1854'!O25-'1854'!N25 -> 182 | C27: ='1855'!O25-'1855'!N25 -> 606 | D27: ='1856'!O25-'1856'!N25 -> 176 | E27: ='1857'!O25-'1857'!N25 -> 198

Sheet Rozdíly
A1: Přehled rozdílů a ztrát za teplo v GJ | F1: ='S1'!B1 -> 2024
C3: 1850 | F3: 51 | I3: 52 | L3: 53 | O3: 54 | R3: 55 | U3: 56 | X3: 57
C4: 1850 | F4: 1851 | I4: 1852 | L4: 1853 | O4: 1854 | R4: 1855 | U4: 1856 | X4: 1857
C5: odečet | D5: rozdíl [GJ] | E5: rozdíl [%] | F5: odečet | G5: rozdíl [GJ] | H5: rozdíl [%] | I5: odečet | J5: rozdíl [GJ] | K5: rozdíl [%] | L5: odečet | M5: rozdíl [GJ] | N5: rozdíl [%] | O5: odečet | P5: rozdíl [GJ] | Q5: rozdíl [%] | R5: odečet | S5: rozdíl [GJ] | T5: rozdíl [%] | U5: odečet | V5: rozdíl [GJ] | W5: rozdíl [%] | X5: odečet | Y5: rozdíl [GJ] | Z5: rozdíl [%]
A6: leden | B6: součty kal. | C6: ='S1'!B9 -> 35.789 | D6: ='S1'!B10-'S1'!B9 -> 3.531 | E6: =D6/C7 -> 0.089801628 | F6: ='S1'!C9 -> 40.862 | G6: ='S1'!C10-'S1'!C9 -> 3.298 | H6: =G6/F7 -> 0.074682971 | I6: ='S1'!D9 -> 38.766 | J6: ='S1'!D10-'S1'!D9 -> 1.974 | K6: =J6/I7 -> 0.048453608 | L6: ='S1'!E9 -> 35.855 | M6: ='S1'!E10-'S1'!E9 -> 1.815 | N6: =M6/L7 -> 0.048181577 | O6: ='S1'!B24 -> 33.747 | P6: ='S1'!B25-'S1'!B24 -> 2.453 | Q6: =P6/O7 -> 0.067762431 | R6: ='S1'!C24 -> 38.486 | S6: ='S1'!C25-'S1'!C24 -> 2.934 | T6: =S6/R7 -> 0.070835345 | U6: ='S1'!D24 -> 35.634 | V6: ='S1'!D25-'S1'!D24 -> 2.676 | W6: =V6/U7 -> 0.069851214 | X6: ='S1'!E24 -> 36.385 | Y6: ='S1'!E25-'S1'!E24 -> 3.905 | Z6: =Y6/X7 -> 0.096922313
B7: faktur.kal. | C7: ='S1'!B10 -> 39.32 | F7: ='S1'!C10 -> 44.16 | I7: ='S1'!D10 -> 40.74 | L7: ='S1'!E10 -> 37.67 | O7: ='S1'!B25 -> 36.2 | R7: ='S1'!C25 -> 41.42 | U7: ='S1'!D25 -> 38.31 | X7: ='S1'!E25 -> 40.29
A8: únor | B8: součty kal. | C8: ='S2'!B9 -> 23.655 | D8: ='S2'!B10-'S2'!B9 -> 1.905 | E8: =D8/C9 -> 0.074530516 | F8: ='S2'!C9 -> 25.409 | G8: ='S2'!C10-'S2'!C9 -> 2.171 | H8: =G8/F9 -> 0.078716461 | I8: ='S2'!D9 -> 23.459 | J8: ='S2'!D10-'S2'!D9 -> 1.121 | K8: =J8/I9 -> 0.045606184 | L8: ='S2'!E9 -> 20.874 | M8: ='S2'!E10-'S2'!E9 -> 1.136 | N8: =M8/L9 -> 0.051612903 | O8: ='S2'!B24 -> 21.614 | P8: ='S2'!B25-'S2'!B24 -> 1.616 | Q8: =P8/O9 -> 0.069565217 | R8: ='S2'!C24 -> 23.615 | S8: ='S2'!C25-'S2'!C24 -> 1.785 | T8: =S8/R9 -> 0.070275591 | U8: ='S2'!D24 -> 20.178 | V8: ='S2'!D25-'S2'!D24 -> 1.172 | W8: =V8/U9 -> 0.054894614 | X8: ='S2'!E24 -> 22.783 | Y8: ='S2'!E25-'S2'!E24 -> 2.237 | Z8: =Y8/X9 -> 0.089408473
B9: faktur.kal. | C9: ='S2'!B10 -> 25.56 | F9: ='S2'!C10 -> 27.58 | I9: ='S2'!D10 -> 24.58 | L9: ='S2'!E10 -> 22.01 | O9: ='S2'!B25 -> 23.23 | R9: ='S2'!C25 -> 25.4 | U9: ='S2'!D25 -> 21.35 | X9: ='S2'!E25 -> 25.02
A10: březen | B10: součty kal. | C10: ='S3'!B9 -> 16.748 | D10: ='S3'!B10-'S3'!B9 -> 1.092 | E10: =D10/C11 -> 0.061210762 | F10: ='S3'!C9 -> 21.266 | G10: ='S3'!C10-'S3'!C9 -> 1.724 | H10: =G10/F11 -> 0.074989126 | I10: ='S3'!D9 -> 19.237 | J10: ='S3'!D10-'S3'!D9 -> 0.953 | K10: =J10/I11 -> 0.047201585 | L10: ='S3'!E9 -> 16.244 | M10: ='S3'!E10-'S3'!E9 -> 0.956 | N10: =M10/L11 -> 0.055581395 | O10: ='S3'!B24 -> 16.996 | P10: ='S3'!B25-'S3'!B24 -> 1.154 | Q10: =P10/O11 -> 0.063581267 | R10: ='S3'!C24 -> 17.192 | S10: ='S3'!C25-'S3'!C24 -> 1.328 | T10: =S10/R11 -> 0.071706263 | U10: ='S3'!D24 -> 16.018 | V10: ='S3'!D25-'S3'!D24 -> 0.682 | W10: =V10/U11 -> 0.040838323 | X10: ='S3'!E24 -> 16.846 | Y10: ='S3'!E25-'S3'!E24 -> 0.884 | Z10: =Y10/X11 -> 0.049858996
B11: faktur.kal. | C11: ='S3'!B10 -> 17.84 | F11: ='S3'!C10 -> 22.99 | I11: ='S3'!D10 -> 20.19 | L11: ='S3'!E10 -> 17.2 | O11: ='S3'!B25 -> 18.15 | R11: ='S3'!C25 -> 18.52 | U11: ='S3'!D25 -> 16.7 | X11: ='S3'!E25 -> 17.73
A12: duben | B12: součty kal. | C12: ='S4'!B9 -> 8.702 | D12: ='S4'!B10-'S4'!B9 -> -0.592 | E12: =D12/C13 -> -0.072996301 | F12: ='S4'!C9 -> 13.082 | G12: ='S4'!C10-'S4'!C9 -> 1.848 | H12: =G12/F13 -> 0.12377763 | I12: ='S4'!D9 -> 11.436 | J12: ='S4'!D10-'S4'!D9 -> -0.126 | K12: =J12/I13 -> -0.011140584 | L12: ='S4'!E9 -> 8.405 | M12: ='S4'!E10-'S4'!E9 -> -0.185 | N12: =M12/L13 -> -0.022506083 | O12: ='S4'!B24 -> 10.105 | P12: ='S4'!B25-'S4'!B24 -> 0.595 | Q12: =P12/O13 -> 0.055607477 | R12: ='S4'!C24 -> 10.243 | S12: ='S4'!C25-'S4'!C24 -> 1.107 | T12: =S12/R13 -> 0.09753304 | U12: ='S4'!D24 -> 9.418 | V12: ='S4'!D25-'S4'!D24 -> -0.278 | W12: =V12/U13 -> -0.030415755 | X12: ='S4'!E24 -> 9.406 | Y12: ='S4'!E25-'S4'!E24 -> -0.896 | Z12: =Y12/X13 -> -0.1052879
B13: faktur.kal. | C13: ='S4'!B10 -> 8.11 | F13: ='S4'!C10 -> 14.93 | I13: ='S4'!D10 -> 11.31 | L13: ='S4'!E10 -> 8.22 | O13: ='S4'!B25 -> 10.7 | R13: ='S4'!C25 -> 11.35 | U13: ='S4'!D25 -> 9.14 | X13: ='S4'!E25 -> 8.51
A14: květen | B14: součty kal. | C14: ='S5'!B9 -> 4.586 | D14: ='S5'!B10-'S5'!B9 -> -1.536 | E14: =D14/C15 -> -0.50360656 | F14: ='S5'!C9 -> 6.418 | G14: ='S5'!C10-'S5'!C9 -> 3.432 | H14: =G14/F15 -> 0.3484264 | I14: ='S5'!D9 -> 6.453 | J14: ='S5'!D10-'S5'!D9 -> -1.343 | K14: =J14/I15 -> -0.262818 | L14: ='S5'!E9 -> 4.771 | M14: ='S5'!E10-'S5'!E9 -> -0.681 | N14: =M14/L15 -> -0.16650367 | O14: ='S5'!B24 -> 4.068 | P14: ='S5'!B25-'S5'!B24 -> 0.722 | Q14: =P14/O15 -> 0.15073069 | R14: ='S5'!C24 -> 4.757 | S14: ='S5'!C25-'S5'!C24 -> -0.217 | T14: =S14/R15 -> -0.047797357 | U14: ='S5'!D24 -> 5.341 | V14: ='S5'!D25-'S5'!D24 -> -1.011 | W14: =V14/U15 -> -0.2334873 | X14: ='S5'!E24 -> 5.26 | Y14: ='S5'!E25-'S5'!E24 -> -1.18 | Z14: =Y14/X15 -> -0.28921569
B15: faktur.kal. | C15: ='S5'!B10 -> 3.05 | F15: ='S5'!C10 -> 9.85 | I15: ='S5'!D10 -> 5.11 | L15: ='S5'!E10 -> 4.09 | O15: ='S5'!B25 -> 4.79 | R15: ='S5'!C25 -> 4.54 | U15: ='S5'!D25 -> 4.33 | X15: ='S5'!E25 -> 4.08
A16: červen | B16: součty kal. | C16: ='S6'!B9 -> 4.015 | D16: ='S6'!B10-'S6'!B9 -> -1.755 | E16: =D16/C17 -> -0.77654867 | F16: ='S6'!C9 -> 4.729 | G16: ='S6'!C10-'S6'!C9 -> 3.101 | H16: =G16/F17 -> 0.39604087 | I16: ='S6'!D9 -> 4.758 | J16: ='S6'!D10-'S6'!D9 -> -1.718 | K16: =J16/I17 -> -0.56513158 | L16: ='S6'!E9 -> 3.682 | M16: ='S6'!E10-'S6'!E9 -> -0.682 | N16: =M16/L17 -> -0.22733333 | O16: ='S6'!B24 -> 3.182 | P16: ='S6'!B25-'S6'!B24 -> 0.708 | Q16: =P16/O17 -> 0.18200514 | R16: ='S6'!C24 -> 3.413 | S16: ='S6'!C25-'S6'!C24 -> -0.463 | T16: =S16/R17 -> -0.15694915 | U16: ='S6'!D24 -> 4.104 | V16: ='S6'!D25-'S6'!D24 -> -1.014 | W16: =V16/U17 -> -0.32815534 | X16: ='S6'!E24 -> 4.627 | Y16: ='S6'!E25-'S6'!E24 -> -1.127 | Z16: =Y16/X17 -> -0.322
B17: faktur.kal. | C17: ='S6'!B10 -> 2.26 | F17: ='S6'!C10 -> 7.83 | I17: ='S6'!D10 -> 3.04 | L17: ='S6'!E10 -> 3 | O17: ='S6'!B25 -> 3.89 | R17: ='S6'!C25 -> 2.95 | U17: ='S6'!D25 -> 3.09 | X17: ='S6'!E25 -> 3.5
A18: červenec | B18: součty kal. | C18: ='S7'!B9 -> 3.033 | D18: ='S7'!B10-'S7'!B9 -> -1.723 | E18: =D18/C19 -> -1.3152672 | F18: ='S7'!C9 -> 3.649 | G18: ='S7'!C10-'S7'!C9 -> 3.281 | H18: =G18/F19 -> 0.47344877 | I18: ='S7'!D9 -> 3.799 | J18: ='S7'!D10-'S7'!D9 -> -1.839 | K18: =J18/I19 -> -0.93826531 | L18: ='S7'!E9 -> 2.942 | M18: ='S7'!E10-'S7'!E9 -> -0.782 | N18: =M18/L19 -> -0.36203704 | O18: ='S7'!B24 -> 2.402 | P18: ='S7'!B25-'S7'!B24 -> 0.308 | Q18: =P18/O19 -> 0.11365314 | R18: ='S7'!C24 -> 2.636 | S18: ='S7'!C25-'S7'!C24 -> -0.566 | T18: =S18/R19 -> -0.27342995 | U18: ='S7'!D24 -> 3.173 | V18: ='S7'!D25-'S7'!D24 -> -0.943 | W18: =V18/U19 -> -0.42286996 | X18: ='S7'!E24 -> 3.419 | Y18: ='S7'!E25-'S7'!E24 -> -1.099 | Z18: =Y18/X19 -> -0.4737069
B19: faktur.kal. | C19: ='S7'!B10 -> 1.31 | F19: ='S7'!C10 -> 6.93 | I19: ='S7'!D10 -> 1.96 | L19: ='S7'!E10 -> 2.16 | O19: ='S7'!B25 -> 2.71 | R19: ='S7'!C25 -> 2.07 | U19: ='S7'!D25 -> 2.23 | X19: ='S7'!E25 -> 2.32
A20: srpen | B20: součty kal. | C20: ='S8'!B9 -> 3.061 | D20: ='S8'!B10-'S8'!B9 -> -1.851 | E20: =D20/C21 -> -1.5297521 | F20: ='S8'!C9 -> 3.561 | G20: ='S8'!C10-'S8'!C9 -> 2.399 | H20: =G20/F21 -> 0.40251678 | I20: ='S8'!D9 -> 3.135 | J20: ='S8'!D10-'S8'!D9 -> -1.665 | K20: =J20/I21 -> -1.1326531 | L20: ='S8'!E9 -> 2.51 | M20: ='S8'!E10-'S8'!E9 -> -0.79 | N20: =M20/L21 -> -0.45930233 | O20: ='S8'!B24 -> 2.578 | P20: ='S8'!B25-'S8'!B24 -> -0.088 | Q20: =P20/O21 -> -0.035341365 | R20: ='S8'!C24 -> 2.68 | S20: ='S8'!C25-'S8'!C24 -> -0.59 | T20: =S20/R21 -> -0.28229665 | U20: ='S8'!D24 -> 3.198 | V20: ='S8'!D25-'S8'!D24 -> -1.018 | W20: =V20/U21 -> -0.46697248 | X20: ='S8'!E24 -> 3.16 | Y20: ='S8'!E25-'S8'!E24 -> -1.02 | Z20: =Y20/X21 -> -0.47663551
B21: faktur.kal. | C21: ='S8'!B10 -> 1.21 | F21: ='S8'!C10 -> 5.96 | I21: ='S8'!D10 -> 1.47 | L21: ='S8'!E10 -> 1.72 | O21: ='S8'!B25 -> 2.49 | R21: ='S8'!C25 -> 2.09 | U21: ='S8'!D25 -> 2.18 | X21: ='S8'!E25 -> 2.14
A22: září | B22: součty kal. | C22: ='S9'!B9 -> 7.292 | D22: ='S9'!B10-'S9'!B9 -> -5.262 | E22: =D22/C23 -> -2.5921182 | F22: ='S9'!C9 -> 5.609 | G22: ='S9'!C10-'S9'!C9 -> 2.371 | H22: =G22/F23 -> 0.29711779 | I22: ='S9'!D9 -> 6.714 | J22: ='S9'!D10-'S9'!D9 -> -2.154 | K22: =J22/I23 -> -0.47236842 | L22: ='S9'!E9 -> 4.413 | M22: ='S9'!E10-'S9'!E9 -> -0.743 | N22: =M22/L23 -> -0.20245232 | O22: ='S9'!B24 -> 3.635 | P22: ='S9'!B25-'S9'!B24 -> 0.375 | Q22: =P22/O23 -> 0.093516209 | R22: ='S9'!C24 -> 3.85 | S22: ='S9'!C25-'S9'!C24 -> -0.16 | T22: =S22/R23 -> -0.043360434 | U22: ='S9'!D24 -> 4.007 | V22: ='S9'!D25-'S9'!D24 -> -0.627 | W22: =V22/U23 -> -0.18550296 | X22: ='S9'!E24 -> 4.371 | Y22: ='S9'!E25-'S9'!E24 -> -0.911 | Z22: =Y22/X23 -> -0.2632948
B23: faktur.kal. | C23: ='S9'!B10 -> 2.03 | F23: ='S9'!C10 -> 7.98 | I23: ='S9'!D10 -> 4.56 | L23: ='S9'!E10 -> 3.67 | O23: ='S9'!B25 -> 4.01 | R23: ='S9'!C25 -> 3.69 | U23: ='S9'!D25 -> 3.38 | X23: ='S9'!E25 -> 3.46
A24: říjen | B24: součty kal. | C24: ='S10'!B9 -> 8.425 | D24: ='S10'!B10-'S10'!B9 -> -2.255 | E24: =D24/C25 -> -0.36547812 | F24: ='S10'!C9 -> 13.361 | G24: ='S10'!C10-'S10'!C9 -> 1.769 | H24: =G24/F25 -> 0.11692003 | I24: ='S10'!D9 -> 15.386 | J24: ='S10'!D10-'S10'!D9 -> -1.716 | K24: =J24/I25 -> -0.12553036 | L24: ='S10'!E9 -> 8.655 | M24: ='S10'!E10-'S10'!E9 -> -0.465 | N24: =M24/L25 -> -0.056776557 | O24: ='S10'!B24 -> 11.126 | P24: ='S10'!B25-'S10'!B24 -> 0.814 | Q24: =P24/O25 -> 0.068174204 | R24: ='S10'!C24 -> 10.062 | S24: ='S10'!C25-'S10'!C24 -> 1.308 | T24: =S24/R25 -> 0.11503958 | U24: ='S10'!D24 -> 8.834 | V24: ='S10'!D25-'S10'!D24 -> -0.224 | W24: =V24/U25 -> -0.02601626 | X24: ='S10'!E24 -> 10.588 | Y24: ='S10'!E25-'S10'!E24 -> -0.108 | Z24: =Y24/X25 -> -0.010305344
B25: faktur.kal. | C25: ='S10'!B10 -> 6.17 | F25: ='S10'!C10 -> 15.13 | I25: ='S10'!D10 -> 13.67 | L25: ='S10'!E10 -> 8.19 | O25: ='S10'!B25 -> 11.94 | R25: ='S10'!C25 -> 11.37 | U25: ='S10'!D25 -> 8.61 | X25: ='S10'!E25 -> 10.48
A26: listopad | B26: součty kal. | C26: ='S11'!B9 -> 24.954 | D26: ='S11'!B10-'S11'!B9 -> -1.144 | E26: =D26/C27 -> -0.048047039 | F26: ='S11'!C9 -> 31.675 | G26: ='S11'!C10-'S11'!C9 -> 2.485 | H26: =G26/F27 -> 0.072745902 | I26: ='S11'!D9 -> 29.796 | J26: ='S11'!D10-'S11'!D9 -> -1.816 | K26: =J26/I27 -> -0.064903503 | L26: ='S11'!E9 -> 26.669 | M26: ='S11'!E10-'S11'!E9 -> 1.111 | N26: =M26/L27 -> 0.039992801 | O26: ='S11'!B24 -> 25.829 | P26: ='S11'!B25-'S11'!B24 -> 2.531 | Q26: =P26/O27 -> 0.089245416 | R26: ='S11'!C24 -> 27.825 | S26: ='S11'!C25-'S11'!C24 -> 2.425 | T26: =S26/R27 -> 0.080165289 | U26: ='S11'!D24 -> 26.935 | V26: ='S11'!D25-'S11'!D24 -> 2.215 | W26: =V26/U27 -> 0.075986278 | X26: ='S11'!E24 -> 29.391 | Y26: ='S11'!E25-'S11'!E24 -> 2.679 | Z26: =Y26/X27 -> 0.083536015
B27: faktur.kal. | C27: ='S11'!B10 -> 23.81 | F27: ='S11'!C10 -> 34.16 | I27: ='S11'!D10 -> 27.98 | L27: ='S11'!E10 -> 27.78 | O27: ='S11'!B25 -> 28.36 | R27: ='S11'!C25 -> 30.25 | U27: ='S11'!D25 -> 29.15 | X27: ='S11'!E25 -> 32.07
A28: prosinec | B28: součty kal. | C28: ='S12'!B9 -> 32.922 | D28: ='S12'!B10-'S12'!B9 -> -2.922 | E28: =D28/C29 -> -0.0974 | F28: ='S12'!C9 -> 38.073 | G28: ='S12'!C10-'S12'!C9 -> 1.767 | H28: =G28/F29 -> 0.04435241 | I28: ='S12'!D9 -> 33.709 | J28: ='S12'!D10-'S12'!D9 -> -1.869 | K28: =J28/I29 -> -0.058699749 | L28: ='S12'!E9 -> 33.105 | M28: ='S12'!E10-'S12'!E9 -> -0.005 | N28: =M28/L29 -> -0.0001510574 | O28: ='S12'!B24 -> 31.551 | P28: ='S12'!B25-'S12'!B24 -> 2.719 | Q28: =P28/O29 -> 0.079340531 | R28: ='S12'!C24 -> 31.726 | S28: ='S12'!C25-'S12'!C24 -> 2.704 | T28: =S28/R29 -> 0.07853616 | U28: ='S12'!D24 -> 31.885 | V28: ='S12'!D25-'S12'!D24 -> 2.495 | W28: =V28/U29 -> 0.072571262 | X28: ='S12'!E24 -> 33.832 | Y28: ='S12'!E25-'S12'!E24 -> 3.228 | Z28: =Y28/X29 -> 0.087101997
B29: faktur.kal. | C29: ='S12'!B10 -> 30 | F29: ='S12'!C10 -> 39.84 | I29: ='S12'!D10 -> 31.84 | L29: ='S12'!E10 -> 33.1 | O29: ='S12'!B25 -> 34.27 | R29: ='S12'!C25 -> 34.43 | U29: ='S12'!D25 -> 34.38 | X29: ='S12'!E25 -> 37.06
B30: Poznámka:
A31: CELKEM ROZDÍL v GJ | D31: =SUM(D6:D29) -> -12.512 | G31: =SUM(G6:G29) -> 29.646 | J31: =SUM(J6:J29) -> -10.198 | M31: =SUM(M6:M29) -> 0.685 | P31: =SUM(P6:P29) -> 13.907 | S31: =SUM(S6:S29) -> 11.595 | V31: =SUM(V6:V29) -> 4.125 | Y31: =SUM(Y6:Y29) -> 6.592
A33: CELKEM ROZDÍL v % | D33: =(D6+D8+D10+D12+D14+D16+D18+D20+D22+D24+D26+D28)/(C7+C9+C11+C13+C15+C17+C19+C21+C23+C25+C27+C29) -> -0.077873903 | G33: =(G6+G8+G10+G12+G14+G16+G18+G20+G22+G24+G26+G28)/(F7+F9+F11+F13+F15+F17+F19+F21+F23+F25+F27+F29) -> 0.12490941 | J33: =(J6+J8+J10+J12+J14+J16+J18+J20+J22+J24+J26+J28)/(I7+I9+I11+I13+I15+I17+I19+I21+I23+I25+I27+I29) -> -0.054695629 | M33: =(M6+M8+M10+M12+M14+M16+M18+M20+M22+M24+M26+M28)/(L7+L9+L11+L13+L15+L17+L19+L21+L23+L25+L27+L29) -> 0.0040578165 | P33: =(P6+P8+P10+P12+P14+P16+P18+P20+P22+P24+P26+P28)/(O7+O9+O11+O13+O15+O17+O19+O21+O23+O25+O27+O29) -> 0.076944783 | S33: =(S6+S8+S10+S12+S14+S16+S18+S20+S22+S24+S26+S28)/(R7+R9+R11+R13+R15+R17+R19+R21+R23+R25+R27+R29) -> 0.061649298 | V33: =(V6+V8+V10+V12+V14+V16+V18+V20+V22+V24+V26+V28)/(U7+U9+U11+U13+U15+U17+U19+U21+U23+U25+U27+U29) -> 0.023864623 | Y33: =(Y6+Y8+Y10+Y12+Y14+Y16+Y18+Y20+Y22+Y24+Y26+Y28)/(X7+X9+X11+X13+X15+X17+X19+X21+X23+X25+X27+X29) -> 0.035315547
D34: 1850 | G34: 1851 | J34: 1852 | M34: 1853 | P34: 1854 | S34: 1855 | V34: 1856 | Y34: 1857

Sheet Rozdíly (2)
A1: Přehled rozdílů a ztrát za teplo v GJ
C3: 1850 | F3: 51 | I3: 52 | L3: 53 | O3: 54 | R3: 55 | U3: 56 | X3: 57
C4: 1850 | F4: 1851 | I4: 1852 | L4: 1853 | O4: 1854 | R4: 1855 | U4: 1856 | X4: 1857
C5: odečet | D5: rozdíl [GJ] | E5: rozdíl [%] | F5: odečet | G5: rozdíl [GJ] | H5: rozdíl [%] | I5: odečet | J5: rozdíl [GJ] | K5: rozdíl [%] | L5: odečet | M5: rozdíl [GJ] | N5: rozdíl [%] | O5: odečet | P5: rozdíl [GJ] | Q5: rozdíl [%] | R5: odečet | S5: rozdíl [GJ] | T5: rozdíl [%] | U5: odečet | V5: rozdíl [GJ] | W5: rozdíl [%] | X5: odečet | Y5: rozdíl [GJ] | Z5: rozdíl [%]
