Workbook

Sheet 1850
A2: 1850 | C2: 43466 | D2: 43497 | E2: 43526 | F2: 43556 | G2: 43588 | H2: 43620 | I2: 43647 | J2: 43678 | K2: 43679 | L2: 43739 | M2: 43742 | N2: 43770 | O2: 43798 | P2: 43804 | Q2: 43804 | R2: 43831 | S2: voda | T2: teplo | AA2: spotřeby po měsících starý vodoměr | AG2: spotřeby nový vodoměr
A3: byt č. | C3: prosinec | D3: leden | E3: únor | F3: březen | G3: duben | H3: květen | I3: červen | J3: červenec | K3: srpen | L3: září | M3: nový vod. | N3: říjen | O3: listopad | P3: výměna | Q3: nový vod. | R3: prosinec | S3: m3 | T3: GJ | V3: byt | W3: leden | X3: únor | Y3: březen | Z3: duben | AA3: květen | AB3: červen | AC3: červenec | AD3: srpen | AE3: září | AF3: říjen | AG3: listopad | AH3: prosinec
A4: 1 | B4: vodoměr č. 190834092 | C4: 175.254 | D4: 177.467 | E4: 178.66 | F4: 180.493 | G4: 182.101 | H4: 183.598 | I4: 185.403 | J4: 186.784 | K4: 188.368 | L4: 190.297 | M4: 0.01 | N4: 1.482 | O4: 2.843 | P4: 3.12 | Q4: 3.12 | R4: 4.304 | S4: =R4-M4+L4-C4 -> 19.337 | V4: 1 | W4: =D4-C4 -> 2.213 | X4: =E4-D4 -> 1.193 | Y4: =F4-E4 -> 1.833 | Z4: =G4-F4 -> 1.608 | AA4: =H4-G4 -> 1.497 | AB4: =I4-H4 -> 1.805 | AC4: =J4-I4 -> 1.381 | AD4: =K4-J4 -> 1.584 | AE4: =L4-K4 -> 1.929 | AF4: =N4-M4 -> 1.472 | AG4: =O4-N4 -> 1.361 | AH4: =R4-Q4 -> 1.184
B5: kalorimetr č. SN 34582391 | C5: 13.76 | D5: 18.892 | E5: 21.087 | F5: 23.087 | G5: 23.583 | H5: 23.923 | I5: 24.125 | J5: 24.322 | K5: 24.531 | L5: 24.734 | N5: 25.044 | O5: 27.231 | R5: 30.541 | T5: =R5-C5 -> 16.781
A6: 2 | B6: vodoměr č. 190834090 | C6: 373.825 | D6: 387.744 | E6: 402.145 | F6: 415.597 | G6: 433.189 | H6: 448.464 | I6: 461.572 | J6: 470.444 | K6: 481.046 | L6: 497.636 | M6: 0.01 | N6: 13.278 | O6: 29.182 | P6: 32.055 | Q6: 32.055 | R6: 45.39 | S6: =R6-M6+L6-C6 -> 169.191 | V6: 2 | W6: =D6-C6 -> 13.919 | X6: =E6-D6 -> 14.401 | Y6: =F6-E6 -> 13.452 | Z6: =G6-F6 -> 17.592 | AA6: =H6-G6 -> 15.275 | AB6: =I6-H6 -> 13.108 | AC6: =J6-I6 -> 8.872 | AD6: =K6-J6 -> 10.602 | AE6: =L6-K6 -> 16.59 | AF6: =N6-M6 -> 13.268 | AG6: =O6-N6 -> 15.904 | AH6: =R6-Q6 -> 13.335
B7: kalorimetr č. SN 34582401 | C7: 39.697 | D7: 44.624 | E7: 49.731 | F7: 52.946 | G7: 54.717 | H7: 55.634 | I7: 56.083 | J7: 56.304 | K7: 56.581 | L7: 57.129 | N7: 58.239 | O7: 61.064 | R7: 64.938 | T7: =R7-C7 -> 25.241
A8: 3 | B8: vodoměr č. 190834097 | C8: 191.484 | D8: 198.757 | E8: 205.998 | F8: 211.22 | G8: 218.546 | H8: 224.282 | I8: 230.78 | J8: 237.245 | K8: 242.462 | L8: 249.597 | M8: 0.01 | N8: 5.261 | O8: 10.754 | P8: 12.434 | Q8: 12.434 | R8: 17.889 | S8: =R8-M8+L8-C8 -> 75.992 | V8: 3 | W8: =D8-C8 -> 7.273 | X8: =E8-D8 -> 7.241 | Y8: =F8-E8 -> 5.222 | Z8: =G8-F8 -> 7.326 | AA8: =H8-G8 -> 5.736 | AB8: =I8-H8 -> 6.498 | AC8: =J8-I8 -> 6.465 | AD8: =K8-J8 -> 5.217 | AE8: =L8-K8 -> 7.135 | AF8: =N8-M8 -> 5.251 | AG8: =O8-N8 -> 5.493 | AH8: =R8-Q8 -> 5.455
B9: kalorimetr č. SN 34582385 | C9: 30.742 | D9: 34.789 | E9: 38.153 | F9: 40.468 | G9: 41.649 | H9: 42.881 | I9: 43.296 | J9: 43.75 | K9: 44.134 | L9: 44.645 | N9: 45.681 | O9: 48.024 | R9: 51.991 | T9: =R9-C9 -> 21.249
A10: 4 | B10: vodoměr č. 190834098 | C10: 314.132 | D10: 321.426 | E10: 328.303 | F10: 335.384 | G10: 342.256 | H10: 350.058 | I10: 356.521 | J10: 362.345 | K10: 369.312 | L10: 376.912 | M10: 0.03 | N10: 7.299 | O10: 14.347 | P10: 15.707 | Q10: 15.707 | R10: 22.895 | S10: =R10-M10+L10-C10 -> 85.645 | V10: 4 | W10: =D10-C10 -> 7.294 | X10: =E10-D10 -> 6.877 | Y10: =F10-E10 -> 7.081 | Z10: =G10-F10 -> 6.872 | AA10: =H10-G10 -> 7.802 | AB10: =I10-H10 -> 6.463 | AC10: =J10-I10 -> 5.824 | AD10: =K10-J10 -> 6.967 | AE10: =L10-K10 -> 7.6 | AF10: =N10-M10 -> 7.269 | AG10: =O10-N10 -> 7.048 | AH10: =R10-Q10 -> 7.188
B11: kalorimetr č. SN 34582414 | C11: 18.881 | D11: 20.576 | E11: 21.9 | F11: 22.851 | G11: 23.544 | H11: 24.269 | I11: 24.687 | J11: 25.077 | K11: 25.551 | L11: 26.119 | N11: 26.89 | O11: 27.891 | R11: 29.628 | T11: =R11-C11 -> 10.747
A12: 5 | B12: vodoměr č. 190834095 | C12: 305.997 | D12: 310.015 | E12: 310.656 | F12: 311.374 | G12: 314.137 | H12: 321.878 | I12: 327.035 | J12: 333.407 | K12: 341.287 | L12: 346.382 | M12: 0.01 | N12: 5.497 | O12: 11.533 | P12: 13.242 | Q12: 13.242 | R12: 17.328 | S12: =R12-M12+L12-C12 -> 57.703 | V12: 5 | W12: =D12-C12 -> 4.018 | X12: =E12-D12 -> 0.641 | Y12: =F12-E12 -> 0.718 | Z12: =G12-F12 -> 2.763 | AA12: =H12-G12 -> 7.741 | AB12: =I12-H12 -> 5.157 | AC12: =J12-I12 -> 6.372 | AD12: =K12-J12 -> 7.88 | AE12: =L12-K12 -> 5.095 | AF12: =N12-M12 -> 5.487 | AG12: =O12-N12 -> 6.036 | AH12: =R12-Q12 -> 4.086
B13: kalorimetr č. SN 34582396 | C13: 38.17 | D13: 40.139 | E13: 40.277 | F13: 40.438 | G13: 40.768 | H13: 41.493 | I13: 41.772 | J13: 42.126 | K13: 42.532 | L13: 42.863 | N13: 43.642 | O13: 45.249 | R13: 47.614 | T13: =R13-C13 -> 9.444
A14: 6 | B14: vodoměr č. 190834099 | C14: 417.208 | D14: 427.773 | E14: 437.434 | F14: 446.484 | G14: 454.515 | H14: 463.863 | I14: 470.451 | J14: 475.448 | K14: 475.899 | L14: 479.795 | M14: 0.04 | N14: 6 | O14: 11.401 | P14: 12.045 | Q14: 12.045 | R14: 16.014 | S14: =R14-M14+L14-C14 -> 78.561 | V14: 6 | W14: =D14-C14 -> 10.565 | X14: =E14-D14 -> 9.661 | Y14: =F14-E14 -> 9.05 | Z14: =G14-F14 -> 8.031 | AA14: =H14-G14 -> 9.348 | AB14: =I14-H14 -> 6.588 | AC14: =J14-I14 -> 4.997 | AD14: =K14-J14 -> 0.451 | AE14: =L14-K14 -> 3.896 | AF14: =N14-M14 -> 5.96 | AG14: =O14-N14 -> 5.401 | AH14: =R14-Q14 -> 3.969
B15: kalorimetr č. SN 34582416 | C15: 45.094 | D15: 51.147 | E15: 54.938 | F15: 58.169 | G15: 59.961 | H15: 60.881 | I15: 61.331 | J15: 61.67 | K15: 61.764 | L15: 62.033 | N15: 63.326 | O15: 66.078 | R15: 69.496 | T15: =R15-C15 -> 24.402
A16: 7 | B16: vodoměr č. 190834102 | C16: 160.267 | D16: 163.231 | E16: 165.95 | F16: 168.634 | G16: 171.664 | H16: 174.647 | I16: 176.965 | J16: 180.076 | K16: 182.82 | L16: 185.68 | M16: 0.02 | N16: 2.348 | O16: 4.327 | P16: 4.707 | Q16: 4.707 | R16: 6.197 | S16: =R16-M16+L16-C16 -> 31.59 | V16: 7 | W16: =D16-C16 -> 2.964 | X16: =E16-D16 -> 2.719 | Y16: =F16-E16 -> 2.684 | Z16: =G16-F16 -> 3.03 | AA16: =H16-G16 -> 2.983 | AB16: =I16-H16 -> 2.318 | AC16: =J16-I16 -> 3.111 | AD16: =K16-J16 -> 2.744 | AE16: =L16-K16 -> 2.86 | AF16: =N16-M16 -> 2.328 | AG16: =O16-N16 -> 1.979 | AH16: =R16-Q16 -> 1.49
B17: kalorimetr č. SN 34582423 | C17: 9.55 | D17: 11.201 | E17: 12.29 | F17: 13.048 | G17: 13.292 | H17: 13.577 | I17: 13.668 | J17: 13.798 | K17: 13.901 | L17: 14.028 | N17: 14.214 | O17: 14.837 | R17: 15.908 | T17: =R17-C17 -> 6.358
A18: 8 | B18: vodoměr č. 190834104 | C18: 361.082 | D18: 370.204 | E18: 375.533 | F18: 383.627 | G18: 390.811 | H18: 398.234 | I18: 405.032 | J18: 409.72 | K18: 412.736 | L18: 413.049 | M18: 0.09 | N18: 0.793 | O18: 1.517 | P18: 1.657 | Q18: 1.657 | R18: 1.897 | S18: =R18-M18+L18-C18 -> 53.774 | V18: 8 | W18: =D18-C18 -> 9.122 | X18: =E18-D18 -> 5.329 | Y18: =F18-E18 -> 8.094 | Z18: =G18-F18 -> 7.184 | AA18: =H18-G18 -> 7.423 | AB18: =I18-H18 -> 6.798 | AC18: =J18-I18 -> 4.688 | AD18: =K18-J18 -> 3.016 | AE18: =L18-K18 -> 0.313 | AF18: =N18-M18 -> 0.703 | AG18: =O18-N18 -> 0.724 | AH18: =R18-Q18 -> 0.24
B19: kalorimetr č. SN 34582408 | C19: 28.884 | D19: 33.296 | E19: 34.64 | F19: 36.615 | G19: 37.716 | H19: 38.842 | I19: 39.228 | J19: 39.533 | K19: 39.68 | L19: 39.711 | N19: 40.098 | O19: 42.214 | R19: 46.048 | T19: =R19-C19 -> 17.164
A20: 9 | B20: vodoměr č. 190834109 | C20: 5.049 | D20: 5.101 | E20: 5.232 | F20: 5.511 | G20: 6.038 | H20: 6.073 | I20: 6.108 | J20: 6.137 | K20: 6.163 | L20: 6.322 | M20: 0.01 | N20: 0.032 | O20: 0.049 | P20: 0.055 | Q20: 0.055 | R20: 0.07 | S20: =R20-M20+L20-C20 -> 1.333 | V20: 9 | W20: =D20-C20 -> 0.052 | X20: =E20-D20 -> 0.131 | Y20: =F20-E20 -> 0.279 | Z20: =G20-F20 -> 0.527 | AA20: =H20-G20 -> 0.035 | AB20: =I20-H20 -> 0.035 | AC20: =J20-I20 -> 0.029 | AD20: =K20-J20 -> 0.026 | AE20: =L20-K20 -> 0.159 | AF20: =N20-M20 -> 0.022 | AG20: =O20-N20 -> 0.017 | AH20: =R20-Q20 -> 0.015
B21: kalorimetr č. SN 34582410 | C21: 2.71 | D21: 3.427 | E21: 3.628 | F21: 3.826 | G21: 4.03 | H21: 4.214 | I21: 4.335 | J21: 4.481 | K21: 4.642 | L21: 4.808 | N21: 4.998 | O21: 5.181 | R21: 5.485 | T21: =R21-C21 -> 2.775
A22: 10 | B22: vodoměr č. 191519263 | C22: 98.599 | D22: 106.557 | E22: 112.685 | F22: 120.256 | G22: 123.882 | H22: 130.603 | I22: 136.288 | J22: 142.323 | K22: 149.228 | L22: 156.732 | M22: 0.03 | N22: 3.971 | O22: 5.614 | P22: 5.838 | Q22: 0.024 | R22: 7.188 | S22: =R22-Q22+P22-M22+L22-C22 -> 71.105 | V22: 10 | W22: =D22-C22 -> 7.958 | X22: =E22-D22 -> 6.128 | Y22: =F22-E22 -> 7.571 | Z22: =G22-F22 -> 3.626 | AA22: =H22-G22 -> 6.721 | AB22: =I22-H22 -> 5.685 | AC22: =J22-I22 -> 6.035 | AD22: =K22-J22 -> 6.905 | AE22: =L22-K22 -> 7.504 | AF22: =N22-M22 -> 3.941 | AG22: =O22-N22 -> 1.643 | AH22: =R22-Q22 -> 7.164
B23: kalorimetr č. SN 34582413 | C23: 26.443 | D23: 30.237 | E23: 33.432 | F23: 34.911 | G23: 35.544 | H23: 36.136 | I23: 36.395 | J23: 36.674 | K23: 36.971 | L23: 37.338 | N23: 37.839 | O23: 39.352 | R23: 41.987 | T23: =R23-C23 -> 15.544
S24: =SUM(S4:S23) -> 644.231 | T24: =SUM(T4:T23) -> 149.705
A25: spol.spotř. | B25: elektroměr č. 18972503 | C25: 66129 | D25: 66665 | E25: 67172 | F25: 67452 | G25: 67745 | H25: 68037 | I25: 68314 | J25: 68585 | K25: 68860 | L25: 69156 | N25: 69418 | O25: 69655 | R25: 69969 | U25: =R25-C25 -> 3840 | V25: kWh
B26: patní vodoměr č. 190976787 | C26: 2548.7 | D26: 2618.6 | E26: 2676.3 | F26: 2736.4 | G26: 2799.9 | H26: 2870.3 | I26: 2928.3 | J26: 2980.9 | K26: 3030.4 | L26: 3087.5 | M26: 0 | N26: 54 | O26: 114.1 | P26: 127.4 | Q26: 127.4 | R26: 179.6 | S26: =R26+L26-C26 -> 718.4
B27: patní kalorimetr č./MWh | C27: 206.07 | D27: 217.15 | E27: 224.44 | F27: 230.07 | G27: 233.37 | H27: 236.19 | I27: 0.49 | J27: 1.91 | K27: 3.29 | L27: 4.8 | N27: 7.45 | O27: 13.54 | R27: 22.27 | T27: =(R27-M33+M32-C27)*3.6 -> 191.268 | U27: GJ
B28: patní kalorimetr č./kub.m | C28: 10345 | D28: 10815 | E28: 11098 | F28: 11335 | G28: 11502 | H28: 11650 | I28: 32 | J28: 129 | K28: 228 | L28: 327 | N28: 471 | O28: 761 | R28: 1071
A29: fakturační vodoměr č. 110109308 | C29: 12400 | D29: 12741.6 | E29: 4358.2 | F29: 4677.5 | G29: 5038.2 | H29: 5389.7 | I29: 5691.3 | J29: 6012.6 | K29: 6313.8 | L29: 6605.1 | N29: 6922.5 | O29: 7232.3 | R29: 7593.2 | S29: =R29-E33+E32-C29 -> 3894.2
D31: modře - žádný nárůst
B32: Výměna fakturač. vodoměru | C32: 110109308 | D32: starý | E32: 12875 | H32: Dne 17.6.2019 odpojen kalor. (cejchování), | L32: stav: | M32: 236.93 | N32: MWh
B33: dne 14.2.2019 | C33: 63796 | D33: nový | E33: 4174 | H33: Dne 20.6.2019 zapojen znovuzapojení, | L33: stav: | M33: 0 | N33: MWh
H34: Dne 4.10.2019 výměna vodoměrů - byty + pata
H35: Odečty vody za září jsou ze dne výměny 4.10.
H36: Dne 5.12.2019 výměna vadných vodoměrů

Sheet 1851
AE1: Vytipování vadných vodoměrů
A2: Nové | B2: 1851 | D2: ='1850'!C2 -> 43466 | E2: ='1850'!D2 -> 43497 | F2: ='1850'!E2 -> 43526 | G2: ='1850'!F2 -> 43556 | H2: ='1850'!G2 -> 43588 | I2: ='1850'!H2 -> 43620 | J2: ='1850'!I2 -> 43647 | K2: ='1850'!J2 -> 43678 | ... P2: ='1850'!O2 -> 43798 | Q2: ='1850'!R2 -> 43831 | R2: voda | S2: teplo | Z2: spotřeby po měsících starý vodoměr SV | AF2: spotřeby nový vodoměr
A3: číslování | B3: byt č. | D3: prosinec | E3: leden | F3: únor | G3: březen | H3: duben | I3: květen | J3: červen | K3: červenec | L3: srpen | M3: září | N3: nový vod. | O3: říjen | P3: listopad | Q3: prosinec | R3: m3 | S3: GJ | U3: byt | V3: leden | W3: únor | X3: březen | Y3: duben | Z3: květen | AA3: červen | AB3: červenec | AC3: srpen | AD3: září | AE3: říjen | AF3: listopad | AG3: prosinec
A4: 1 | B4: 1 | C4: vodoměr č. 190834116 | D4: 154.068 | E4: 166.163 | F4: 177.797 | G4: 188.778 | H4: 201.256 | I4: 214.268 | J4: 224.42 | K4: 237.35 | L4: 248.394 | M4: 261.215 | N4: 0.01 | O4: 11.76 | P4: 24.046 | Q4: 38.561 | R4: =Q4-N4+M4-D4 -> 145.698 | U4: 1 | V4: =E4-D4 -> 12.095 | W4: =F4-E4 -> 11.634 | X4: =G4-F4 -> 10.981 | Y4: =H4-G4 -> 12.478 | Z4: =I4-H4 -> 13.012 | AA4: =J4-I4 -> 10.152 | AB4: =K4-J4 -> 12.93 | AC4: =L4-K4 -> 11.044 | AD4: =M4-L4 -> 12.821 | AE4: =O4-N4 -> 11.75 | AF4: =P4-O4 -> 12.286 | AG4: =Q4-P4 -> 14.515
C5: kalorimetr č. SN 34582402 | D5: 39.425 | E5: 45.014 | F5: 48.781 | G5: 51.14 | H5: 52.317 | I5: 53.301 | J5: 53.678 | K5: 54.133 | L5: 54.524 | M5: 55.177 | O5: 56.925 | P5: 60.107 | Q5: 64.528 | S5: =Q5-D5 -> 25.103 | U5: xx
A6: 2 | B6: 2 | C6: vodoměr SV č. 190834120 | D6: 310.179 | E6: 315.243 | F6: 319.625 | G6: 324.787 | H6: 330.63 | I6: 335.912 | J6: 339.899 | K6: 344.085 | L6: 349.535 | M6: 355.025 | N6: 0.08 | O6: 5.738 | P6: 10.043 | Q6: 14.612 | R6: =Q6-N6+M6-D6 -> 59.378 | U6: 2 | V6: =E6-D6 -> 5.064 | W6: =F6-E6 -> 4.382 | X6: =G6-F6 -> 5.162 | Y6: =H6-G6 -> 5.843 | Z6: =I6-H6 -> 5.282 | AA6: =J6-I6 -> 3.987 | AB6: =K6-J6 -> 4.186 | AC6: =L6-K6 -> 5.45 | AD6: =M6-L6 -> 5.49 | AE6: =O6-N6 -> 5.658 | AF6: =P6-O6 -> 4.305 | AG6: =Q6-P6 -> 4.569
A7: 2 a 3 | C7: kalorimetr č. SN 34582400 | D7: 66.535 | E7: 76.097 | F7: 84.32 | G7: 91.127 | H7: 97.289 | I7: 101.965 | J7: 102.967 | K7: 104.239 | L7: 105.661 | M7: 108.044 | O7: 111.716 | P7: 116.329 | Q7: 122.646 | S7: =Q7-D7 -> 56.111 | U7: TV | V7: 5.984 | W7: 5.226 | X7: 4.879 | Y7: 5.985 | Z7: 5.112 | AA7: 2.632 | AB7: 2.896 | AC7: 3.117 | AD7: 4.039 | AE7: 1.757 | AF7: 0.999 | AG7: 0.607
A8: 5 | B8: 3 | C8: vodoměr SV č. 190834093 | D8: 5.9 | E8: 6.715 | F8: 7.707 | G8: 8.503 | H8: 9.398 | I8: 10.398 | J8: 11.103 | K8: 12.093 | L8: 13.196 | M8: 14.362 | N8: 0.01 | O8: 1.033 | P8: 1.887 | Q8: 2.74 | R8: =Q8-N8+M8-D8 -> 11.192 | U8: 5 | V8: =E8-D8 -> 0.815 | W8: =F8-E8 -> 0.992 | X8: =G8-F8 -> 0.796 | Y8: =H8-G8 -> 0.895 | Z8: =I8-H8 -> 1 | AA8: =J8-I8 -> 0.705 | AB8: =K8-J8 -> 0.99 | AC8: =L8-K8 -> 1.103 | AD8: =M8-L8 -> 1.166 | AE8: =O8-N8 -> 1.023 | AF8: =P8-O8 -> 0.854 | AG8: =Q8-P8 -> 0.853
A9: 5 a 6 | C9: kalorimetr č. SN 34582398 | D9: 36.186 | E9: 42.293 | F9: 46.884 | G9: 51.059 | H9: 53.236 | I9: 55.037 | J9: 55.8 | K9: 56.763 | L9: 57.805 | M9: 58.698 | O9: 60.208 | P9: 63.485 | Q9: 69.353 | S9: =Q9-D9 -> 33.167 | U9: TV | V9: 0.404 | W9: 0.43 | X9: 0.402 | Y9: 0.4 | Z9: 0.37 | AA9: 0.262 | AB9: 0.318 | AC9: 0.323 | AD9: 0.432 | AE9: 0.423 | AF9: 0.388 | AG9: 0.43
A10: 4 | B10: 4 | C10: vodoměr č. 190834126 | D10: 241.55 | E10: 246.558 | F10: 251.388 | G10: 257.474 | H10: 263.726 | I10: 270.407 | J10: 276.628 | K10: 282.716 | L10: 289.123 | M10: 294.986 | N10: 0.01 | O10: 4.918 | P10: 9.427 | Q10: 15.637 | R10: =Q10-N10+M10-D10 -> 69.063 | U10: 4 | V10: =E10-D10 -> 5.008 | W10: =F10-E10 -> 4.83 | X10: =G10-F10 -> 6.086 | Y10: =H10-G10 -> 6.252 | Z10: =I10-H10 -> 6.681 | AA10: =J10-I10 -> 6.221 | AB10: =K10-J10 -> 6.088 | AC10: =L10-K10 -> 6.407 | AD10: =M10-L10 -> 5.863 | AE10: =O10-N10 -> 4.908 | AF10: =P10-O10 -> 4.509 | AG10: =Q10-P10 -> 6.21
C11: kalorimetr č. SN 34582419 | D11: 5.797 | E11: 6.946 | F11: 7.635 | G11: 8.14 | H11: 8.526 | I11: 8.916 | J11: 9.164 | K11: 9.384 | L11: 9.642 | M11: 9.863 | O11: 10.163 | P11: 10.648 | Q11: 11.452 | S11: =Q11-D11 -> 5.655 | U11: xx
A12: 9 | B12: 5 | C12: vodoměr SV č. 190834122 | D12: 64.252 | E12: 69.076 | F12: 73.173 | G12: 77.987 | H12: 83.571 | I12: 87.531 | J12: 90.06 | K12: 95.92 | L12: 100.447 | M12: 106.843 | N12: 0.01 | O12: 5.278 | P12: 9.495 | Q12: 14.348 | R12: =Q12-N12+M12-D12 -> 56.929 | U12: 9 | V12: =E12-D12 -> 4.824 | W12: =F12-E12 -> 4.097 | X12: =G12-F12 -> 4.814 | Y12: =H12-G12 -> 5.584 | Z12: =I12-H12 -> 3.96 | AA12: =J12-I12 -> 2.529 | AB12: =K12-J12 -> 5.86 | AC12: =L12-K12 -> 4.527 | AD12: =M12-L12 -> 6.396 | AE12: =O12-N12 -> 5.268 | AF12: =P12-O12 -> 4.217 | AG12: =Q12-P12 -> 4.853
A13: 8 a 9 | C13: kalorimetr č. SN 34582384 | D13: 33.709 | E13: 40.175 | F13: 44.967 | G13: 48.255 | H13: 50.898 | I13: 52.533 | J13: 53.183 | K13: 54.336 | L13: 55.13 | M13: 56.415 | O13: 58.024 | P13: 61.345 | Q13: 65.843 | S13: =Q13-D13 -> 32.134 | U13: TV | V13: 12.761 | W13: 10.679 | X13: 3.111 | Y13: 3.355 | Z13: 1.856 | AA13: 0.959 | AB13: 3.41 | AC13: 2.595 | AD13: 3.738 | AE13: 2.132 | AF13: 1.996 | AG13: 1.939
A14: 15 | B14: 6 | C14: vodoměr SV č. 190834125 | D14: 126.174 | E14: 127.507 | F14: 128.382 | G14: 129.07 | H14: 131.445 | I14: 133.437 | J14: 134.95 | K14: 138.039 | L14: 140.617 | M14: 141.313 | N14: 0.02 | O14: 1.17 | P14: 1.598 | Q14: 2.529 | R14: =Q14-N14+M14-D14 -> 17.648 | U14: 15 | V14: =E14-D14 -> 1.333 | W14: =F14-E14 -> 0.875 | X14: =G14-F14 -> 0.688 | Y14: =H14-G14 -> 2.375 | Z14: =I14-H14 -> 1.992 | AA14: =J14-I14 -> 1.513 | AB14: =K14-J14 -> 3.089 | AC14: =L14-K14 -> 2.578 | AD14: =M14-L14 -> 0.696 | AE14: =O14-N14 -> 1.15 | AF14: =P14-O14 -> 0.428 | AG14: =Q14-P14 -> 0.931
A15: 11 a 15 | C15: kalorimetr č. SN 34582397 | D15: 27.5 | E15: 30.45 | F15: 32.171 | G15: 33.533 | H15: 34.127 | I15: 34.475 | J15: 34.665 | K15: 34.985 | L15: 35.305 | O15: 37.211 | P15: 39.072 | Q15: 43.561 | S15: =Q15-D15 -> 16.061 | U15: TV | V15: 0.694 | W15: 0.393 | X15: 0.463 | Y15: 1.272 | Z15: 0.93 | AA15: 0.492 | AB15: 1.006 | AC15: 0.94 | AD15: 0.411 | AE15: 1.032 | AF15: 0.644 | AG15: 3.06
A16: 7 | B16: 7 | C16: vodoměr č. 190834119 | D16: 372.778 | E16: 380.666 | F16: 387.531 | G16: 394.199 | H16: 400.324 | I16: 406.731 | J16: 412.935 | K16: 417.78 | L16: 421.71 | M16: 429.24 | N16: 0.03 | O16: 5.773 | P16: 12.331 | Q16: 20.11 | R16: =Q16-N16+M16-D16 -> 76.542 | U16: 7 | V16: =E16-D16 -> 7.888 | W16: =F16-E16 -> 6.865 | X16: =G16-F16 -> 6.668 | Y16: =H16-G16 -> 6.125 | Z16: =I16-H16 -> 6.407 | AA16: =J16-I16 -> 6.204 | AB16: =K16-J16 -> 4.845 | AC16: =L16-K16 -> 3.93 | AD16: =M16-L16 -> 7.53 | AE16: =O16-N16 -> 5.743 | AF16: =P16-O16 -> 6.558 | AG16: =Q16-P16 -> 7.779
C17: kalorimetr č. SN 34582417 | D17: 5.693 | E17: 6.532 | F17: 7.234 | G17: 7.905 | H17: 8.508 | I17: 9.072 | J17: 9.481 | K17: 9.791 | L17: 10.069 | M17: 10.546 | O17: 11.089 | P17: 11.628 | Q17: 12.307 | S17: =Q17-D17 -> 6.614 | U17: xx
A18: 13 | B18: 8 | C18: vodoměr SV č. 190834112 | D18: 44.54 | E18: 47.288 | F18: 49.811 | G18: 52.139 | H18: 54.378 | I18: 57.176 | J18: 59.766 | K18: 61.115 | L18: 64.44 | M18: 67.227 | N18: 0.08 | O18: 2.596 | P18: 5.281 | Q18: 9.147 | R18: =Q18-N18+M18-D18 -> 31.754 | U18: 13 | V18: =E18-D18 -> 2.748 | W18: =F18-E18 -> 2.523 | X18: =G18-F18 -> 2.328 | Y18: =H18-G18 -> 2.239 | Z18: =I18-H18 -> 2.798 | AA18: =J18-I18 -> 2.59 | AB18: =K18-J18 -> 1.349 | AC18: =L18-K18 -> 3.325 | AD18: =M18-L18 -> 2.787 | AE18: =O18-N18 -> 2.516 | AF18: =P18-O18 -> 2.685 | AG18: =Q18-P18 -> 3.866
A19: 12 a 13 | C19: kalorimetr č. SN 34582392 | D19: 42.133 | E19: 47.494 | F19: 51.055 | G19: 54.313 | H19: 56.337 | I19: 57.825 | J19: 58.218 | K19: 58.513 | L19: 59.198 | M19: 59.507 | O19: 61.169 | P19: 64.594 | Q19: 69.751 | S19: =Q19-D19 -> 27.618 | U19: TV | V19: 1.869 | W19: 1.608 | X19: 1.249 | Y19: 1.303 | Z19: 1.605 | AA19: 0.851 | AB19: 0.312 | AC19: 1.201 | AD19: 1.363 | AE19: 1.303 | AF19: 1.392 | AG19: 1.892
A20: 14 | B20: 9 | C20: vodoměr č. 190834124 | D20: 215.44 | E20: 221.206 | F20: 228.962 | G20: 235.23 | H20: 244.279 | I20: 252.751 | J20: 259.729 | K20: 263.819 | L20: 270.84 | M20: 278.425 | N20: 0.03 | O20: 6.363 | P20: 13.869 | Q20: 22.085 | R20: =Q20-N20+M20-D20 -> 85.04 | U20: 14 | V20: =E20-D20 -> 5.766 | W20: =F20-E20 -> 7.756 | X20: =G20-F20 -> 6.268 | Y20: =H20-G20 -> 9.049 | Z20: =I20-H20 -> 8.472 | AA20: =J20-I20 -> 6.978 | AB20: =K20-J20 -> 4.09 | AC20: =L20-K20 -> 7.021 | AD20: =M20-L20 -> 7.585 | AE20: =O20-N20 -> 6.333 | AF20: =P20-O20 -> 7.506 | AG20: =Q20-P20 -> 8.216
C21: kalorimetr č. SN 34582418 | D21: 37.831 | E21: 42.725 | F21: 46.437 | G21: 48.715 | H21: 49.995 | I21: 51.184 | J21: 51.517 | K21: 51.802 | L21: 52.189 | M21: 52.577 | O21: 53.781 | P21: 56.948 | Q21: 61.354 | S21: =Q21-D21 -> 23.523 | U21: xx
A22: 10 | B22: 10 | C22: vodoměr č. 190834091 | D22: 196.393 | E22: 199.719 | F22: 202.527 | G22: 205.374 | H22: 207.936 | I22: 210.484 | J22: 213.397 | K22: 216.116 | L22: 218.12 | M22: 222.5 | N22: 0.01 | O22: 1.777 | P22: 3.736 | Q22: 5.619 | R22: =Q22-N22+M22-D22 -> 31.716 | U22: 10 | V22: =E22-D22 -> 3.326 | W22: =F22-E22 -> 2.808 | X22: =G22-F22 -> 2.847 | Y22: =H22-G22 -> 2.562 | Z22: =I22-H22 -> 2.548 | AA22: =J22-I22 -> 2.913 | AB22: =K22-J22 -> 2.719 | AC22: =L22-K22 -> 2.004 | AD22: =M22-L22 -> 4.38 | AE22: =O22-N22 -> 1.767 | AF22: =P22-O22 -> 1.959 | AG22: =Q22-P22 -> 1.883
C23: kalorimetr č. SN 34582411 | D23: 23.343 | E23: 27.011 | F23: 28.815 | G23: 29.914 | H23: 30.425 | I23: 30.764 | J23: 31.011 | K23: 31.298 | L23: 31.562 | M23: 31.909 | O23: 32.769 | P23: 34.853 | Q23: 38.191 | S23: =Q23-D23 -> 14.848 | U23: xx
B24: spol.spotř. | C24: elektroměr č. 72350116 | D24: 53946 | E24: 54207 | F24: 54499 | G24: 54773 | H24: 55043 | I24: 55297 | J24: 55723 | K24: 56017 | L24: 56321 | M24: 56589 | O24: 56898 | P24: 57243 | Q24: 57596 | R24: =SUM(R4:R23)+SUM(R33:R49) -> 1046.561 | S24: =SUM(S4:S23) -> 240.834 | T24: =Q24-D24 -> 3650 | U24: kWh
C26: patní vodoměr č. 190976791 | D26: 3412.3 | E26: 3523.6 | F26: 3621.9 | G26: 3715.9 | H26: 3821.3 | I26: 3921.5 | J26: 3995.1 | K26: 4084.1 | L26: 4174.1 | M26: 4274.5 | N26: 0 | O26: 82.4 | P26: 171.3 | Q26: 286.5 | R26: =Q26-N26+M26-D26 -> 1148.7
C27: patní kalorimetr č. /MWh | D27: 239.7 | E27: 253.91 | F27: 264.35 | G27: 272.76 | H27: 278.95 | I27: 284.01 | J27: 0.97 | K27: 3.71 | L27: 6.51 | M27: 9.84 | O27: 15.14 | P27: 23.57 | Q27: 36.19 | S27: =(Q27-N52+N51-D27)*3.6 -> 293.832 | T27: GJ
C28: patní kalorimetr č./kub.m | D28: 22298 | E28: 24176 | F28: 25585 | G28: 26966 | H28: 28362 | I28: 29733 | J28: 440 | K28: 1657 | L28: 2887 | M28: 4004 | O28: 5308 | P28: 6451 | Q28: 7699
B29: ='1850'!A29 -> fakturační vodoměr č. 110109308 | D29: ='1850'!C29 -> 12400 | E29: ='1850'!D29 -> 12741.6 | F29: ='1850'!E29 -> 4358.2 | G29: ='1850'!F29 -> 4677.5 | H29: ='1850'!G29 -> 5038.2 | I29: ='1850'!H29 -> 5389.7 | J29: ='1850'!I29 -> 5691.3 | K29: ='1850'!J29 -> 6012.6 | ... M29: ='1850'!L29 -> 6605.1 | O29: ='1850'!N29 -> 6922.5 | P29: ='1850'!O29 -> 7232.3 | Q29: ='1850'!R29 -> 7593.2 | R29: ='1850'!S29 -> 3894.2 | V29: studená voda
E31: modře - žádný nárůst | U31: byt | V31: leden | W31: únor | X31: březen | Y31: duben | Z31: květen | AA31: červen | AB31: červenec | AC31: srpen | AD31: září | AE31: říjen | AF31: listopad | AG31: prosinec
A33: 3 | B33: 2B | C33: vodoměr SV č. 190834114 | D33: 328.415 | E33: 336.214 | F33: 343.523 | G33: 350.737 | H33: 358.76 | I33: 367.002 | J33: 372.332 | K33: 380.472 | L33: 390.859 | M33: 400.813 | N33: 0.02 | O33: 5.853 | P33: 13.174 | Q33: 20.499 | R33: =Q33-N33+M33-D33 -> 92.877 | U33: 3 | V33: =E33-D33 -> 7.799 | W33: =F33-E33 -> 7.309 | X33: =G33-F33 -> 7.214 | Y33: =H33-G33 -> 8.023 | Z33: =I33-H33 -> 8.242 | AA33: =J33-I33 -> 5.33 | AB33: =K33-J33 -> 8.14 | AC33: =L33-K33 -> 10.387 | AD33: =M33-L33 -> 9.954 | AE33: =O33-N33 -> 5.833 | AF33: =P33-O33 -> 7.321 | AG33: =Q33-P33 -> 7.325
A34: 6 | B34: 3B | C34: vodoměr SV č. 190834107 | D34: 109.497 | E34: 113.895 | F34: 116.347 | G34: 120.486 | H34: 124.799 | I34: 128.459 | J34: 129.023 | K34: 131.153 | L34: 133.734 | M34: 134.027 | N34: 0.03 | O34: 0.14 | P34: 1.148 | Q34: 6.391 | R34: =Q34-N34+M34-D34 -> 30.891 | U34: 6 | V34: =E34-D34 -> 4.398 | W34: =F34-E34 -> 2.452 | X34: =G34-F34 -> 4.139 | Y34: =H34-G34 -> 4.313 | Z34: =I34-H34 -> 3.66 | AA34: =J34-I34 -> 0.564 | AB34: =K34-J34 -> 2.13 | AC34: =L34-K34 -> 2.581 | AD34: =M34-L34 -> 0.293 | AE34: =O34-N34 -> 0.11 | AF34: =P34-O34 -> 1.008 | AG34: =Q34-P34 -> 5.243
A35: 8 | B35: 5B | C35: vodoměr SV č. 190834094 | D35: 88.561 | E35: 93.88 | F35: 98.164 | G35: 103.197 | H35: 108.667 | I35: 114.359 | J35: 119.51 | K35: 125.858 | L35: 130.087 | M35: 136.07 | N35: 0.01 | O35: 4.482 | P35: 10.331 | Q35: 16.906 | R35: =Q35-N35+M35-D35 -> 64.405 | U35: 8 | V35: =E35-D35 -> 5.319 | W35: =F35-E35 -> 4.284 | X35: =G35-F35 -> 5.033 | Y35: =H35-G35 -> 5.47 | Z35: =I35-H35 -> 5.692 | AA35: =J35-I35 -> 5.151 | AB35: =K35-J35 -> 6.348 | AC35: =L35-K35 -> 4.229 | AD35: =M35-L35 -> 5.983 | AE35: =O35-N35 -> 4.472 | AF35: =P35-O35 -> 5.849 | AG35: =Q35-P35 -> 6.575
A36: 11 | B36: 6B | C36: vodoměr SV č. 190834111 | D36: 6.406 | E36: 6.62 | F36: 6.905 | G36: 7.194 | H36: 7.416 | I36: 7.623 | J36: 7.871 | K36: 8.949 | L36: 9.72 | M36: 10.315 | N36: 0.01 | O36: 0.65 | P36: 1.171 | Q36: 1.985 | R36: =Q36-N36+M36-D36 -> 5.884 | U36: 11 | V36: =E36-D36 -> 0.214 | W36: =F36-E36 -> 0.285 | X36: =G36-F36 -> 0.289 | Y36: =H36-G36 -> 0.222 | Z36: =I36-H36 -> 0.207 | AA36: =J36-I36 -> 0.248 | AB36: =K36-J36 -> 1.078 | AC36: =L36-K36 -> 0.771 | AD36: =M36-L36 -> 0.595 | AE36: =O36-N36 -> 0.64 | AF36: =P36-O36 -> 0.521 | AG36: =Q36-P36 -> 0.814
A37: 12 | B37: 8B | C37: vodoměr SV č. 190834128 | D37: 130.086 | E37: 132.336 | F37: 134.166 | G37: 136.195 | H37: 138.489 | I37: 140.622 | J37: 142.826 | K37: 145.045 | L37: 146.855 | M37: 149.302 | N37: 0.04 | O37: 1.835 | P37: 3.651 | Q37: 5.869 | R37: =Q37-N37+M37-D37 -> 25.045 | U37: 12 | V37: =E37-D37 -> 2.25 | W37: =F37-E37 -> 1.83 | X37: =G37-F37 -> 2.029 | Y37: =H37-G37 -> 2.294 | Z37: =I37-H37 -> 2.133 | AA37: =J37-I37 -> 2.204 | AB37: =K37-J37 -> 2.219 | AC37: =L37-K37 -> 1.81 | AD37: =M37-L37 -> 2.447 | AE37: =O37-N37 -> 1.795 | AF37: =P37-O37 -> 1.816 | AG37: =Q37-P37 -> 2.218
C39: VODOMĚRY TEPLÁ VODA | V39: teplá voda
A40: 2 | B40: 2 | C40: vodoměr TUV č. 190049257 | D40: 181.039 | E40: 187.023 | F40: 192.249 | G40: 197.128 | H40: 203.113 | I40: 208.225 | J40: 210.857 | K40: 213.753 | L40: 216.87 | M40: 220.909 | N40: 0.01 | O40: 1.767 | P40: 2.766 | Q40: 3.373 | R40: =Q40-N40+M40-D40 -> 43.233 | U40: 2 | V40: =E40-D40 -> 5.984 | W40: =F40-E40 -> 5.226 | X40: =G40-F40 -> 4.879 | Y40: =H40-G40 -> 5.985 | Z40: =I40-H40 -> 5.112 | AA40: =J40-I40 -> 2.632 | AB40: =K40-J40 -> 2.896 | AC40: =L40-K40 -> 3.117 | AD40: =M40-L40 -> 4.039 | AE40: =O40-N40 -> 1.757 | AF40: =P40-O40 -> 0.999 | AG40: =Q40-P40 -> 0.607
A41: 3 | B41: 2B | C41: vodoměr TUV č. 190049252 | D41: 220.129 | E41: 225.252 | F41: 230.48 | G41: 235.529 | H41: 241.055 | I41: 246.046 | J41: 248.091 | K41: 251.655 | L41: 255.718 | M41: 260.218 | N41: 0.01 | O41: 3.068 | P41: 5.832 | Q41: 7.554 | R41: =Q41-N41+M41-D41 -> 47.633 | U41: 3 | V41: =E41-D41 -> 5.123 | W41: =F41-E41 -> 5.228 | X41: =G41-F41 -> 5.049 | Y41: =H41-G41 -> 5.526 | Z41: =I41-H41 -> 4.991 | AA41: =J41-I41 -> 2.045 | AB41: =K41-J41 -> 3.564 | AC41: =L41-K41 -> 4.063 | AD41: =M41-L41 -> 4.5 | AE41: =O41-N41 -> 3.058 | AF41: =P41-O41 -> 2.764 | AG41: =Q41-P41 -> 1.722
A42: 5 | B42: 3 | C42: vodoměr TUV č. 190049448 | D42: 2.776 | E42: 3.18 | F42: 3.61 | G42: 4.012 | H42: 4.412 | I42: 4.782 | J42: 5.044 | K42: 5.362 | L42: 5.685 | M42: 6.117 | N42: 0.01 | O42: 0.433 | P42: 0.821 | Q42: 1.251 | R42: =Q42-N42+M42-D42 -> 4.582 | U42: 5 | V42: =E42-D42 -> 0.404 | W42: =F42-E42 -> 0.43 | X42: =G42-F42 -> 0.402 | Y42: =H42-G42 -> 0.4 | Z42: =I42-H42 -> 0.37 | AA42: =J42-I42 -> 0.262 | AB42: =K42-J42 -> 0.318 | AC42: =L42-K42 -> 0.323 | AD42: =M42-L42 -> 0.432 | AE42: =O42-N42 -> 0.423 | AF42: =P42-O42 -> 0.388 | AG42: =Q42-P42 -> 0.43
A43: 6 | B43: 3B | C43: vodoměr TUV č. 190049255 | D43: 56.51 | E43: 58.84 | F43: 60.285 | G43: 62.378 | H43: 64.074 | I43: 65.411 | J43: 65.591 | K43: 66.435 | L43: 67.578 | M43: 67.699 | N43: 0.01 | O43: 0.14 | P43: 0.773 | Q43: 5.46 | R43: =Q43-N43+M43-D43 -> 16.639 | U43: 6 | V43: =E43-D43 -> 2.33 | W43: =F43-E43 -> 1.445 | X43: =G43-F43 -> 2.093 | Y43: =H43-G43 -> 1.696 | Z43: =I43-H43 -> 1.337 | AA43: =J43-I43 -> 0.18 | AB43: =K43-J43 -> 0.844 | AC43: =L43-K43 -> 1.143 | AD43: =M43-L43 -> 0.121 | AE43: =O43-N43 -> 0.13 | AF43: =P43-O43 -> 0.633 | AG43: =Q43-P43 -> 4.687
A44: 9 | B44: 5 | C44: vodoměr TUV č. 190049254 | D44: 55.226 | E44: 67.987 | F44: 78.666 | G44: 81.777 | H44: 85.132 | I44: 86.988 | J44: 87.947 | K44: 91.357 | L44: 93.952 | M44: 97.69 | N44: 0.01 | O44: 2.142 | P44: 4.138 | Q44: 6.077 | R44: =Q44-N44+M44-D44 -> 48.531 | U44: 9 | V44: =E44-D44 -> 12.761 | W44: =F44-E44 -> 10.679 | X44: =G44-F44 -> 3.111 | Y44: =H44-G44 -> 3.355 | Z44: =I44-H44 -> 1.856 | AA44: =J44-I44 -> 0.959 | AB44: =K44-J44 -> 3.41 | AC44: =L44-K44 -> 2.595 | AD44: =M44-L44 -> 3.738 | AE44: =O44-N44 -> 2.132 | AF44: =P44-O44 -> 1.996 | AG44: =Q44-P44 -> 1.939
A45: 8 | B45: 5B | C45: vodoměr TUV č. 190049449 | D45: 34.472 | E45: 37.118 | F45: 39.17 | G45: 41.7 | H45: 44.385 | I45: 47.331 | J45: 49.395 | K45: 52.23 | L45: 53.909 | M45: 56.647 | N45: 0.01 | O45: 2.268 | P45: 5.39 | Q45: 8.928 | R45: =Q45-N45+M45-D45 -> 31.093 | U45: 8 | V45: =E45-D45 -> 2.646 | W45: =F45-E45 -> 2.052 | X45: =G45-F45 -> 2.53 | Y45: =H45-G45 -> 2.685 | Z45: =I45-H45 -> 2.946 | AA45: =J45-I45 -> 2.064 | AB45: =K45-J45 -> 2.835 | AC45: =L45-K45 -> 1.679 | AD45: =M45-L45 -> 2.738 | AE45: =O45-N45 -> 2.258 | AF45: =P45-O45 -> 3.122 | AG45: =Q45-P45 -> 3.538
A46: 15 | B46: 6 | C46: vodoměr TUV č. 190049234 | D46: 92.363 | E46: 93.057 | F46: 93.45 | G46: 93.913 | H46: 95.185 | I46: 96.115 | J46: 96.607 | K46: 97.613 | L46: 98.553 | M46: 98.964 | N46: 0.01 | O46: 1.042 | P46: 1.686 | Q46: 4.746 | R46: =Q46-N46+M46-D46 -> 11.337 | U46: 15 | V46: =E46-D46 -> 0.694 | W46: =F46-E46 -> 0.393 | X46: =G46-F46 -> 0.463 | Y46: =H46-G46 -> 1.272 | Z46: =I46-H46 -> 0.93 | AA46: =J46-I46 -> 0.492 | AB46: =K46-J46 -> 1.006 | AC46: =L46-K46 -> 0.94 | AD46: =M46-L46 -> 0.411 | AE46: =O46-N46 -> 1.032 | AF46: =P46-O46 -> 0.644 | AG46: =Q46-P46 -> 3.06
A47: 11 | B47: 6B | C47: vodoměr TUV č. 190049258 | D47: 3.234 | E47: 3.399 | F47: 3.588 | G47: 3.774 | H47: 3.919 | I47: 4.1 | J47: 4.214 | K47: 4.645 | L47: 5.037 | M47: 5.396 | N47: 0.01 | O47: 0.453 | P47: 0.804 | Q47: 1.436 | R47: =Q47-N47+M47-D47 -> 3.588 | U47: 11 | V47: =E47-D47 -> 0.165 | W47: =F47-E47 -> 0.189 | X47: =G47-F47 -> 0.186 | Y47: =H47-G47 -> 0.145 | Z47: =I47-H47 -> 0.181 | AA47: =J47-I47 -> 0.114 | AB47: =K47-J47 -> 0.431 | AC47: =L47-K47 -> 0.392 | AD47: =M47-L47 -> 0.359 | AE47: =O47-N47 -> 0.443 | AF47: =P47-O47 -> 0.351 | AG47: =Q47-P47 -> 0.632
A48: 13 | B48: 8 | C48: vodoměr TUV č. 190049444 | D48: 27.569 | E48: 29.438 | F48: 31.046 | G48: 32.295 | H48: 33.598 | I48: 35.203 | J48: 36.054 | K48: 36.366 | L48: 37.567 | M48: 38.93 | N48: 0.01 | O48: 1.313 | P48: 2.705 | Q48: 4.597 | R48: =Q48-N48+M48-D48 -> 15.948 | U48: 13 | V48: =E48-D48 -> 1.869 | W48: =F48-E48 -> 1.608 | X48: =G48-F48 -> 1.249 | Y48: =H48-G48 -> 1.303 | Z48: =I48-H48 -> 1.605 | AA48: =J48-I48 -> 0.851 | AB48: =K48-J48 -> 0.312 | AC48: =L48-K48 -> 1.201 | AD48: =M48-L48 -> 1.363 | AE48: =O48-N48 -> 1.303 | AF48: =P48-O48 -> 1.392 | AG48: =Q48-P48 -> 1.892
A49: 12 | B49: 8B | C49: vodoměr TUV č. 190049253 | D49: 123.982 | E49: 126.501 | F49: 128.234 | G49: 130.048 | H49: 132.107 | I49: 134.092 | J49: 135.37 | K49: 136.438 | L49: 137.42 | M49: 139.232 | N49: 0.01 | O49: 1.367 | P49: 2.96 | Q49: 4.675 | R49: =Q49-N49+M49-D49 -> 19.915 | U49: 12 | V49: =E49-D49 -> 2.519 | W49: =F49-E49 -> 1.733 | X49: =G49-F49 -> 1.814 | Y49: =H49-G49 -> 2.059 | Z49: =I49-H49 -> 1.985 | AA49: =J49-I49 -> 1.278 | AB49: =K49-J49 -> 1.068 | AC49: =L49-K49 -> 0.982 | AD49: =M49-L49 -> 1.812 | AE49: =O49-N49 -> 1.357 | AF49: =P49-O49 -> 1.593 | AG49: =Q49-P49 -> 1.715
I51: Dne 17.6.2019 odpojen kalor. (cejchování), | M51: stav: | N51: 285.13 | O51: MWh
C52: Výměna fakturač. vodoměru | D52: 110109308 | E52: starý | F52: 12875 | I52: Dne 20.6.2019 zapojen znovuzapojení, | M52: stav: | N52: 0 | O52: MWh | V52: SROVNÁVACÍ TABULKA ZBYTKU DĚLENÝCH BYTŮ - spotřeby SV a TV
C53: dne 14.2.2019 | D53: 63796 | E53: nový | F53: 4174 | I53: Dne 4.10.2019 výměna vodoměrů - byty + pata | T53: byt | U53: Vodom. | V53: leden | W53: únor | X53: březen | Y53: duben | Z53: květen | AA53: červen | AB53: červenec | AC53: srpen | AD53: září | AE53: říjen | AF53: listopad | AG53: prosinec
I54: Odečty vody za září jsou ze dne výměny 4.10. | T54: 3 | U54: SV | V54: 7.799 | W54: 7.309 | X54: 7.214 | Y54: 8.023 | Z54: 8.242 | AA54: 5.33 | AB54: 8.14 | AC54: 10.387 | AD54: 9.954 | AE54: 5.833 | AF54: 7.321 | AG54: 7.325
U55: TV | V55: 5.123 | W55: 5.228 | X55: 5.049 | Y55: 5.526 | Z55: 4.991 | AA55: 2.045 | AB55: 3.564 | AC55: 4.063 | AD55: 4.5 | AE55: 3.058 | AF55: 2.764 | AG55: 1.722
T56: 6 | U56: SV | V56: 4.398 | W56: 2.452 | X56: 4.139 | Y56: 4.313 | Z56: 3.66 | AA56: 0.564 | AB56: 2.13 | AC56: 2.581 | AD56: 0.293 | AE56: 0.11 | AF56: 1.008 | AG56: 5.243
U57: TV | V57: 2.33 | W57: 1.445 | X57: 2.093 | Y57: 1.696 | Z57: 1.337 | AA57: 0.18 | AB57: 0.844 | AC57: 1.143 | AD57: 0.121 | AE57: 0.13 | AF57: 0.633 | AG57: 4.687
T58: 8 | U58: SV | V58: 5.319 | W58: 4.284 | X58: 5.033 | Y58: 5.47 | Z58: 5.692 | AA58: 5.151 | AB58: 6.348 | AC58: 4.229 | AD58: 5.983 | AE58: 4.472 | AF58: 5.849 | AG58: 6.575
U59: TV | V59: 2.646 | W59: 2.052 | X59: 2.53 | Y59: 2.685 | Z59: 2.946 | AA59: 2.064 | AB59: 2.835 | AC59: 1.679 | AD59: 2.738 | AE59: 2.258 | AF59: 3.122 | AG59: 3.538
T60: 11 | U60: SV | V60: 0.214 | W60: 0.285 | X60: 0.289 | Y60: 0.222 | Z60: 0.207 | AA60: 0.248 | AB60: 1.078 | AC60: 0.771 | AD60: 0.595 | AE60: 0.64 | AF60: 0.521 | AG60: 0.814
U61: TV | V61: 0.165 | W61: 0.189 | X61: 0.186 | Y61: 0.145 | Z61: 0.181 | AA61: 0.114 | AB61: 0.431 | AC61: 0.392 | AD61: 0.359 | AE61: 0.443 | AF61: 0.351 | AG61: 0.632
T62: 12 | U62: SV | V62: 2.25 | W62: 1.83 | X62: 2.029 | Y62: 2.294 | Z62: 2.133 | AA62: 2.204 | AB62: 2.219 | AC62: 1.81 | AD62: 2.447 | AE62: 1.795 | AF62: 1.816 | AG62: 2.218
U63: TV | V63: 2.519 | W63: 1.733 | X63: 1.814 | Y63: 2.059 | Z63: 1.985 | AA63: 1.278 | AB63: 1.068 | AC63: 0.982 | AD63: 1.812 | AE63: 1.357 | AF63: 1.593 | AG63: 1.715

Sheet 1852
A2: 1852 | C2: ='1850'!C2 -> 43466 | D2: ='1850'!D2 -> 43497 | E2: ='1850'!E2 -> 43526 | F2: ='1850'!F2 -> 43556 | G2: ='1850'!G2 -> 43588 | H2: ='1850'!H2 -> 43620 | I2: ='1850'!I2 -> 43647 | J2: ='1850'!J2 -> 43678 | ... O2: ='1850'!O2 -> 43798 | P2: ='1850'!R2 -> 43831 | Q2: voda | R2: teplo | Y2: spotřeby po měsících starý vodoměr | AE2: spotřeby nový vodoměr
A3: byt č. | C3: prosinec | D3: leden | E3: únor | F3: březen | G3: duben | H3: květen | I3: červen | J3: červenec | K3: srpen | L3: září | M3: nový vod. | N3: říjen | O3: listopad | P3: prosinec | Q3: m3 | R3: GJ | T3: byt | U3: leden | V3: únor | W3: březen | X3: duben | Y3: květen | Z3: červen | AA3: červenec | AB3: srpen | AC3: září | AD3: říjen | AE3: listopad | AF3: prosinec
A4: 1 | B4: vodoměr č. 190834115 | C4: 150.122 | D4: 161.988 | E4: 174.722 | F4: 184.196 | G4: 195.424 | H4: 204.124 | I4: 211.184 | J4: 215.703 | K4: 220.132 | L4: 221.617 | M4: 0.04 | N4: 11.192 | O4: 22.304 | P4: 35.466 | Q4: =P4-M4+L4-C4 -> 106.921 | T4: 1 | U4: =D4-C4 -> 11.866 | V4: =E4-D4 -> 12.734 | W4: =F4-E4 -> 9.474 | X4: =G4-F4 -> 11.228 | Y4: =H4-G4 -> 8.7 | Z4: =I4-H4 -> 7.06 | AA4: =J4-I4 -> 4.519 | AB4: =K4-J4 -> 4.429 | AC4: =L4-K4 -> 1.485 | AD4: =N4-M4 -> 11.152 | AE4: =O4-N4 -> 11.112 | AF4: =P4-O4 -> 13.162
B5: kalorimetr č. SN 34582388 | C5: 23.478 | D5: 27.993 | E5: 31.939 | F5: 34.979 | G5: 36.96 | H5: 38.266 | I5: 38.959 | J5: 39.653 | K5: 40.395 | L5: 41.152 | N5: 43.062 | O5: 46.131 | P5: 51.01 | R5: =P5-C5 -> 27.532
A6: 2 | B6: vodoměr č. 190834121 | C6: 303.408 | D6: 310.543 | E6: 317.569 | F6: 324.967 | G6: 332.308 | H6: 338.601 | I6: 345.262 | J6: 345.703 | K6: 347.351 | L6: 349.32 | M6: 0.03 | N6: 0.906 | O6: 2.241 | P6: 4.361 | Q6: =P6-M6+L6-C6 -> 50.243 | T6: 2 | U6: =D6-C6 -> 7.135 | V6: =E6-D6 -> 7.026 | W6: =F6-E6 -> 7.398 | X6: =G6-F6 -> 7.341 | Y6: =H6-G6 -> 6.293 | Z6: =I6-H6 -> 6.661 | AA6: =J6-I6 -> 0.441 | AB6: =K6-J6 -> 1.648 | AC6: =L6-K6 -> 1.969 | AD6: =N6-M6 -> 0.876 | AE6: =O6-N6 -> 1.335 | AF6: =P6-O6 -> 2.12
B7: kalorimetr č. SN 34582394 | C7: 29.867 | D7: 33.272 | E7: 35.974 | F7: 37.677 | G7: 38.913 | H7: 40.049 | I7: 40.444 | J7: 40.766 | K7: 41.016 | L7: 41.273 | N7: 41.595 | O7: 43.19 | P7: 45.521 | R7: =P7-C7 -> 15.654
A8: 3 | B8: vodoměr č. 190834117 | C8: 425.877 | D8: 433.536 | E8: 440.637 | F8: 450.442 | G8: 459.746 | H8: 469.987 | I8: 478.441 | J8: 491.684 | K8: 499.915 | L8: 510.366 | M8: 0.03 | N8: 5.615 | O8: 10.707 | P8: 16.535 | Q8: =P8-M8+L8-C8 -> 100.994 | T8: 3 | U8: =D8-C8 -> 7.659 | V8: =E8-D8 -> 7.101 | W8: =F8-E8 -> 9.805 | X8: =G8-F8 -> 9.304 | Y8: =H8-G8 -> 10.241 | Z8: =I8-H8 -> 8.454 | AA8: =J8-I8 -> 13.243 | AB8: =K8-J8 -> 8.231 | AC8: =L8-K8 -> 10.451 | AD8: =N8-M8 -> 5.585 | AE8: =O8-N8 -> 5.092 | AF8: =P8-O8 -> 5.828
B9: kalorimetr č. SN 34582389 | C9: 35.464 | D9: 40.722 | E9: 44.925 | F9: 48.267 | G9: 50.368 | H9: 51.233 | I9: 51.647 | J9: 52.201 | K9: 52.597 | L9: 53.482 | N9: 55.128 | O9: 58.238 | P9: 63.801 | R9: =P9-C9 -> 28.337
A10: 4 | B10: vodoměr č. 190834096 | C10: 270.277 | D10: 282.066 | E10: 294.316 | F10: 306.341 | G10: 317.993 | H10: 329.428 | I10: 338.481 | J10: 342.834 | K10: 345.441 | L10: 358.565 | M10: 0.01 | N10: 12.567 | O10: 24.829 | P10: 40.108 | Q10: =P10-M10+L10-C10 -> 128.386 | T10: 4 | U10: =D10-C10 -> 11.789 | V10: =E10-D10 -> 12.25 | W10: =F10-E10 -> 12.025 | X10: =G10-F10 -> 11.652 | Y10: =H10-G10 -> 11.435 | Z10: =I10-H10 -> 9.053 | AA10: =J10-I10 -> 4.353 | AB10: =K10-J10 -> 2.607 | AC10: =L10-K10 -> 13.124 | AD10: =N10-M10 -> 12.557 | AE10: =O10-N10 -> 12.262 | AF10: =P10-O10 -> 15.279
B11: kalorimetr č. SN 34582395 | C11: 49.415 | D11: 55.182 | E11: 59.449 | F11: 62.282 | G11: 63.7 | H11: 65.408 | I11: 65.971 | J11: 66.278 | K11: 66.54 | L11: 67.44 | N11: 69.55 | O11: 73.129 | P11: 77.768 | R11: =P11-C11 -> 28.353
A12: 5 | B12: vodoměr č. 190834110 | C12: 362.584 | D12: 362.855 | E12: 363.442 | F12: 364.019 | G12: 365.091 | H12: 365.36 | I12: 365.439 | J12: 365.45 | K12: 365.539 | L12: 365.61 | M12: 0.01 | N12: 0.026 | O12: 0.035 | P12: 0.247 | Q12: =P12-M12+L12-C12 -> 3.263 | T12: 5 | U12: =D12-C12 -> 0.271 | V12: =E12-D12 -> 0.587 | W12: =F12-E12 -> 0.577 | X12: =G12-F12 -> 1.072 | Y12: =H12-G12 -> 0.269 | Z12: =I12-H12 -> 0.079 | AA12: =J12-I12 -> 0.011 | AB12: =K12-J12 -> 0.089 | AC12: =L12-K12 -> 0.071 | AD12: =N12-M12 -> 0.016 | AE12: =O12-N12 -> 0.009 | AF12: =P12-O12 -> 0.212
B13: kalorimetr č. SN 34582393 | C13: 13.955 | D13: 14.129 | E13: 14.319 | F13: 14.466 | G13: 14.658 | H13: 14.838 | I13: 14.966 | J13: 15.114 | K13: 15.276 | L13: 15.446 | N13: 15.619 | O13: 15.777 | P13: 15.984 | R13: =P13-C13 -> 2.029
A14: 6 | B14: vodoměr č. 190834127 | C14: 186.038 | D14: 194.162 | E14: 201.71 | F14: 210.23 | G14: 221.467 | H14: 229.359 | I14: 236.596 | J14: 243.085 | K14: 249.649 | L14: 259.685 | M14: 0.04 | N14: 7.17 | O14: 12.179 | P14: 21.617 | Q14: =P14-M14+L14-C14 -> 95.224 | T14: 6 | U14: =D14-C14 -> 8.124 | V14: =E14-D14 -> 7.548 | W14: =F14-E14 -> 8.52 | X14: =G14-F14 -> 11.237 | Y14: =H14-G14 -> 7.892 | Z14: =I14-H14 -> 7.237 | AA14: =J14-I14 -> 6.489 | AB14: =K14-J14 -> 6.564 | AC14: =L14-K14 -> 10.036 | AD14: =N14-M14 -> 7.13 | AE14: =O14-N14 -> 5.009 | AF14: =P14-O14 -> 9.438
B15: kalorimetr č. SN 34582399 | C15: 70.872 | D15: 76.12 | E15: 81.016 | F15: 84.797 | G15: 87.609 | H15: 89.696 | I15: 90.443 | J15: 91.176 | K15: 92.003 | L15: 93.423 | N15: 95.925 | O15: 100.227 | P15: 105.191 | R15: =P15-C15 -> 34.319
A16: 7 | B16: vodoměr č. 190834123 | C16: 70.861 | D16: 71.552 | E16: 72.382 | F16: 73.019 | G16: 75.209 | H16: 75.892 | I16: 76.315 | J16: 79.423 | K16: 82.857 | L16: 83.687 | M16: 0.03 | N16: 1.091 | O16: 1.916 | P16: 2.368 | Q16: =P16-M16+L16-C16 -> 15.164 | T16: 7 | U16: =D16-C16 -> 0.691 | V16: =E16-D16 -> 0.83 | W16: =F16-E16 -> 0.637 | X16: =G16-F16 -> 2.19 | Y16: =H16-G16 -> 0.683 | Z16: =I16-H16 -> 0.423 | AA16: =J16-I16 -> 3.108 | AB16: =K16-J16 -> 3.434 | AC16: =L16-K16 -> 0.83 | AD16: =N16-M16 -> 1.061 | AE16: =O16-N16 -> 0.825 | AF16: =P16-O16 -> 0.452
B17: kalorimetr č. SN 34582404 | C17: 18.161 | D17: 21.532 | E17: 22.74 | F17: 23.56 | G17: 23.739 | H17: 23.883 | I17: 23.887 | J17: 23.941 | K17: 24.005 | L17: 24.027 | N17: 24.582 | O17: 26.215 | P17: 29.122 | R17: =P17-C17 -> 10.961
A18: 8 | B18: vodoměr č. 190834118 | C18: 73.238 | D18: 81.477 | E18: 88.047 | F18: 97.629 | G18: 104.911 | H18: 112.354 | I18: 118.181 | J18: 127.159 | K18: 133.3 | L18: 138.281 | M18: 0.02 | N18: 7.237 | O18: 14.352 | P18: 21.516 | Q18: =P18-M18+L18-C18 -> 86.539 | T18: 8 | U18: =D18-C18 -> 8.239 | V18: =E18-D18 -> 6.57 | W18: =F18-E18 -> 9.582 | X18: =G18-F18 -> 7.282 | Y18: =H18-G18 -> 7.443 | Z18: =I18-H18 -> 5.827 | AA18: =J18-I18 -> 8.978 | AB18: =K18-J18 -> 6.141 | AC18: =L18-K18 -> 4.981 | AD18: =N18-M18 -> 7.217 | AE18: =O18-N18 -> 7.115 | AF18: =P18-O18 -> 7.164
B19: kalorimetr č. SN 34582406 | C19: 12.081 | D19: 17.082 | E19: 20.425 | F19: 22.184 | G19: 23.077 | H19: 23.941 | I19: 24.293 | J19: 24.804 | K19: 25.208 | L19: 25.545 | N19: 26.263 | O19: 29.256 | P19: 32.916 | R19: =P19-C19 -> 20.835
A20: 9 | B20: vodoměr č. 190834113 | C20: 402.999 | D20: 413.769 | E20: 424.913 | F20: 434.923 | G20: 443.842 | H20: 452.956 | I20: 459.258 | J20: 465.19 | K20: 472.358 | L20: 476.65 | M20: 0.01 | N20: 6.332 | O20: 14.502 | P20: 23.265 | Q20: =P20-M20+L20-C20 -> 96.906 | T20: 9 | U20: =D20-C20 -> 10.77 | V20: =E20-D20 -> 11.144 | W20: =F20-E20 -> 10.01 | X20: =G20-F20 -> 8.919 | Y20: =H20-G20 -> 9.114 | Z20: =I20-H20 -> 6.302 | AA20: =J20-I20 -> 5.932 | AB20: =K20-J20 -> 7.168 | AC20: =L20-K20 -> 4.292 | AD20: =N20-M20 -> 6.322 | AE20: =O20-N20 -> 8.17 | AF20: =P20-O20 -> 8.763
B21: kalorimetr č. SN 34582405 | C21: 42.544 | D21: 48.626 | E21: 52.829 | F21: 55.862 | G21: 57.477 | H21: 59.138 | I21: 59.542 | J21: 59.936 | K21: 60.41 | L21: 62.095 | N21: 63.82 | O21: 67.8 | P21: 74.263 | R21: =P21-C21 -> 31.719
A22: 10 | B22: vodoměr č. 190834129 | C22: 121.043 | D22: 126.056 | E22: 129.652 | F22: 135.184 | G22: 141.327 | H22: 147.362 | I22: 152.704 | J22: 158.529 | K22: 163.983 | L22: 170.751 | M22: 0.01 | N22: 6.267 | O22: 12.955 | P22: 19.413 | Q22: =P22-M22+L22-C22 -> 69.111 | T22: 10 | U22: =D22-C22 -> 5.013 | V22: =E22-D22 -> 3.596 | W22: =F22-E22 -> 5.532 | X22: =G22-F22 -> 6.143 | Y22: =H22-G22 -> 6.035 | Z22: =I22-H22 -> 5.342 | AA22: =J22-I22 -> 5.825 | AB22: =K22-J22 -> 5.454 | AC22: =L22-K22 -> 6.768 | AD22: =N22-M22 -> 6.257 | AE22: =O22-N22 -> 6.688 | AF22: =P22-O22 -> 6.458
B23: kalorimetr č. SN 34582407 | C23: 18.304 | D23: 20.658 | E23: 22.128 | F23: 23.471 | G23: 24.156 | H23: 24.648 | I23: 24.987 | J23: 25.352 | K23: 25.81 | L23: 26.266 | N23: 27.151 | O23: 29.248 | P23: 32.152 | R23: =P23-C23 -> 13.848
Q24: =SUM(Q4:Q23) -> 752.751 | R24: =SUM(R4:R23) -> 213.587
A25: spol.spotř. | B25: elektroměr č. 723 50117 | C25: 59017 | D25: 59288 | E25: 59509 | F25: 59730 | G25: 59975 | H25: 60202 | I25: 60430 | J25: 60650 | K25: 60886 | L25: 61108 | N25: 61350 | O25: 61566 | P25: 61952 | S25: =P25-C25 -> 2935
B26: patní vodoměr č. 190976792 | C26: 2584.9 | D26: 2664.1 | E26: 2739.7 | F26: 2824.7 | G26: 2911.9 | H26: 2991.5 | I26: 3059.6 | J26: 3125 | K26: 3187.6 | L26: 3259.2 | M26: 0 | N26: 67 | O26: 135.8 | P26: 218.7 | Q26: =P26-M26+L26-C26 -> 893
B27: patní kalorimetr č./MWh | C27: 216.39 | D27: 228.75 | E27: 238.01 | F27: 244.88 | G27: 249.13 | H27: 252.85 | I27: 0.75 | J27: 2.73 | K27: 4.74 | L27: 7.5 | N27: 11.69 | O27: 19.4 | P27: 30.68 | R27: =(P27-M32+M31-C27)*3.6 -> 245.052 | S27: GJ
B28: patní kalorimetr č./kub.m | C28: 13941 | D28: 14909 | E28: 15538 | F28: 16064 | G28: 16392 | H28: 16879 | I28: 181 | J28: 670 | K28: 1168 | L28: 1654 | N28: 1989 | O28: 2319 | P28: 2747
A29: ='1850'!A29 -> fakturační vodoměr č. 110109308 | C29: ='1850'!C29 -> 12400 | D29: ='1850'!D29 -> 12741.6 | E29: ='1850'!E29 -> 4358.2 | F29: ='1850'!F29 -> 4677.5 | G29: ='1850'!G29 -> 5038.2 | H29: ='1850'!H29 -> 5389.7 | I29: ='1850'!I29 -> 5691.3 | J29: ='1850'!J29 -> 6012.6 | ... L29: ='1850'!L29 -> 6605.1 | N29: ='1850'!N29 -> 6922.5 | O29: ='1850'!O29 -> 7232.3 | P29: ='1850'!R29 -> 7593.2 | Q29: ='1850'!S29 -> 3894.2
D31: modře - žádný nárůst | H31: Dne 17.6.2019 odpojen kalor. (cejchování), | L31: stav: | M31: 253.78 | N31: MWh
B32: Výměna fakturač. vodoměru | C32: 110109308 | D32: starý | E32: 12875 | H32: Dne 20.6.2019 zapojen znovuzapojení, | L32: stav: | M32: 0 | N32: MWh
B33: dne 14.2.2019 | C33: 63796 | D33: nový | E33: 4174 | H33: Dne 4.10.2019 výměna vodoměrů - byty + pata
H34: Odečty vody za září jsou ze dne výměny 4.10.

Sheet 1853
A2: 1853 | C2: ='1850'!C2 -> 43466 | D2: ='1850'!D2 -> 43497 | E2: ='1850'!E2 -> 43526 | F2: ='1850'!F2 -> 43556 | G2: ='1850'!G2 -> 43588 | H2: ='1850'!H2 -> 43620 | I2: ='1850'!I2 -> 43647 | J2: ='1850'!J2 -> 43678 | ... O2: ='1850'!O2 -> 43798 | P2: ='1850'!R2 -> 43831 | Q2: Voda | R2: Teplo | S2: Elektr | Y2: spotřeby po měsících starý vodoměr | AE2: spotřeby nový vodoměr
A3: byt č. | C3: prosinec | D3: leden | E3: únor | F3: březen | G3: duben | H3: květen | I3: červen | J3: červenec | K3: srpen | L3: září | M3: nový vod. | N3: říjen | O3: listopad | P3: prosinec | Q3: m3 | R3: GJ | S3: KWh | T3: byt | U3: leden | V3: únor | W3: březen | X3: duben | Y3: květen | Z3: červen | AA3: červenec | AB3: srpen | AC3: září | AD3: říjen | AE3: listopad | AF3: prosinec
A4: 1 | B4: vodoměr č. 190834100 | C4: 198.054 | D4: 210.55 | E4: 222.067 | F4: 233.708 | G4: 246.728 | H4: 260.85 | I4: 270.446 | J4: 282.653 | K4: 297.135 | L4: 309.135 | M4: 0.03 | N4: 13.225 | O4: 26.066 | P4: 40.011 | Q4: =P4-M4+L4-C4 -> 151.062 | T4: 1 | U4: =D4-C4 -> 12.496 | V4: =E4-D4 -> 11.517 | W4: =F4-E4 -> 11.641 | X4: =G4-F4 -> 13.02 | Y4: =H4-G4 -> 14.122 | Z4: =I4-H4 -> 9.596 | AA4: =J4-I4 -> 12.207 | AB4: =K4-J4 -> 14.482 | AC4: =L4-K4 -> 12 | AD4: =N4-M4 -> 13.195 | AE4: =O4-N4 -> 12.841 | AF4: =P4-O4 -> 13.945
B5: kalorimetr č. SN 34582390 | C5: 56.023 | D5: 62.737 | E5: 68.158 | F5: 72.67 | G5: 75.286 | H5: 77.03 | I5: 77.694 | J5: 78.528 | K5: 79.534 | L5: 80.54 | N5: 82.368 | O5: 85.023 | P5: 89.812 | R5: =P5-C5 -> 33.789
A6: 2 | B6: vodoměr č. 190906789 | C6: 405.487 | D6: 413.831 | E6: 421.36 | F6: 428.694 | G6: 437.347 | H6: 446.908 | I6: 452.459 | J6: 459.796 | K6: 467.755 | L6: 475.257 | M6: 0.01 | N6: 6.843 | O6: 10.087 | P6: 19.397 | Q6: =P6-M6+L6-C6 -> 89.157 | T6: 2 | U6: =D6-C6 -> 8.344 | V6: =E6-D6 -> 7.529 | W6: =F6-E6 -> 7.334 | X6: =G6-F6 -> 8.653 | Y6: =H6-G6 -> 9.561 | Z6: =I6-H6 -> 5.551 | AA6: =J6-I6 -> 7.337 | AB6: =K6-J6 -> 7.959 | AC6: =L6-K6 -> 7.502 | AD6: =N6-M6 -> 6.833 | AE6: =O6-N6 -> 3.244 | AF6: =P6-O6 -> 9.31
B7: kalorimetr č. SN 34582422 | C7: 14.737 | D7: 17.045 | E7: 18.755 | F7: 19.968 | G7: 20.698 | H7: 21.402 | I7: 21.761 | J7: 22.277 | K7: 22.745 | L7: 23.234 | N7: 23.808 | O7: 24.466 | P7: 26.576 | R7: =P7-C7 -> 11.839
A8: 3 | B8: vodoměr č. 190906786 | C8: 44.09 | D8: 45.156 | E8: 46.059 | F8: 47.481 | G8: 48.445 | H8: 49.455 | I8: 50.339 | J8: 51.344 | K8: 52.635 | L8: 54.63 | M8: 0.01 | N8: 0.922 | O8: 1.522 | P8: 2.407 | Q8: =P8-M8+L8-C8 -> 12.937 | T8: 3 | U8: =D8-C8 -> 1.066 | V8: =E8-D8 -> 0.903 | W8: =F8-E8 -> 1.422 | X8: =G8-F8 -> 0.964 | Y8: =H8-G8 -> 1.01 | Z8: =I8-H8 -> 0.884 | AA8: =J8-I8 -> 1.005 | AB8: =K8-J8 -> 1.291 | AC8: =L8-K8 -> 1.995 | AD8: =N8-M8 -> 0.912 | AE8: =O8-N8 -> 0.6 | AF8: =P8-O8 -> 0.885
B9: kalorimetr č. SN 34582386 | C9: 10.391 | D9: 13.032 | E9: 15.04 | F9: 15.938 | G9: 15.967 | H9: 15.983 | I9: 16.006 | J9: 16.029 | K9: 16.054 | L9: 16.081 | N9: 16.094 | O9: 16.401 | P9: 17.361 | R9: =P9-C9 -> 6.97
A10: 4 | B10: vodoměr č. 190834105 | C10: 107.926 | D10: 117.365 | E10: 126.842 | F10: 136.492 | G10: 144.354 | H10: 152.207 | I10: 156.755 | J10: 161.873 | K10: 167.548 | L10: 171.26 | M10: 0.04 | N10: 9.608 | O10: 17.795 | P10: 23.053 | Q10: =P10-M10+L10-C10 -> 86.347 | T10: 4 | U10: =D10-C10 -> 9.439 | V10: =E10-D10 -> 9.477 | W10: =F10-E10 -> 9.65 | X10: =G10-F10 -> 7.862 | Y10: =H10-G10 -> 7.853 | Z10: =I10-H10 -> 4.548 | AA10: =J10-I10 -> 5.118 | AB10: =K10-J10 -> 5.675 | AC10: =L10-K10 -> 3.712 | AD10: =N10-M10 -> 9.568 | AE10: =O10-N10 -> 8.187 | AF10: =P10-O10 -> 5.258
B11: kalorimetr č. SN 34582421 | C11: 28.359 | D11: 32.476 | E11: 34.833 | F11: 36.308 | G11: 36.854 | H11: 37.336 | I11: 37.564 | J11: 37.813 | K11: 38.099 | L11: 38.26 | N11: 39.125 | O11: 40.684 | P11: 42.628 | R11: =P11-C11 -> 14.269
A12: 5 | B12: vodoměr č. 190906792 | C12: 283.13 | D12: 296.614 | E12: 311.206 | F12: 315.479 | G12: 323.783 | H12: 331.953 | I12: 339.429 | J12: 347.223 | K12: 353.342 | L12: 359.83 | M12: 0.01 | N12: 7.031 | O12: 14.98 | P12: 24.351 | Q12: =P12-M12+L12-C12 -> 101.041 | T12: 5 | U12: =D12-C12 -> 13.484 | V12: =E12-D12 -> 14.592 | W12: =F12-E12 -> 4.273 | X12: =G12-F12 -> 8.304 | Y12: =H12-G12 -> 8.17 | Z12: =I12-H12 -> 7.476 | AA12: =J12-I12 -> 7.794 | AB12: =K12-J12 -> 6.119 | AC12: =L12-K12 -> 6.488 | AD12: =N12-M12 -> 7.021 | AE12: =O12-N12 -> 7.949 | AF12: =P12-O12 -> 9.371
B13: kalorimetr č. SN 34582387 | C13: 21.785 | D13: 24.501 | E13: 26.415 | F13: 27.165 | G13: 27.773 | H13: 28.362 | I13: 28.674 | J13: 29.052 | K13: 29.269 | L13: 29.526 | N13: 30.045 | O13: 32.179 | P13: 34.753 | R13: =P13-C13 -> 12.968
A14: 6 | B14: vodoměr č. 190906795 | C14: 306.416 | D14: 311.347 | E14: 316.121 | F14: 320.16 | G14: 324.479 | H14: 329.227 | I14: 333.532 | J14: 337.27 | K14: 340.919 | L14: 345.45 | M14: 0.01 | N14: 3.882 | O14: 7.955 | P14: 13.147 | Q14: =P14-M14+L14-C14 -> 52.171 | T14: 6 | U14: =D14-C14 -> 4.931 | V14: =E14-D14 -> 4.774 | W14: =F14-E14 -> 4.039 | X14: =G14-F14 -> 4.319 | Y14: =H14-G14 -> 4.748 | Z14: =I14-H14 -> 4.305 | AA14: =J14-I14 -> 3.738 | AB14: =K14-J14 -> 3.649 | AC14: =L14-K14 -> 4.531 | AD14: =N14-M14 -> 3.872 | AE14: =O14-N14 -> 4.073 | AF14: =P14-O14 -> 5.192
B15: kalorimetr č. SN 34582420 | C15: 38.582 | D15: 41.668 | E15: 43.31 | F15: 44.197 | G15: 44.738 | H15: 45.231 | I15: 45.332 | J15: 45.414 | K15: 45.507 | L15: 45.601 | N15: 46.263 | O15: 48.009 | P15: 50.337 | R15: =P15-C15 -> 11.755
A16: 7 | B16: vodoměr č. 190834103 | C16: 33.134 | D16: 45.347 | E16: 54.18 | F16: 62.238 | G16: 70.933 | H16: 79.531 | I16: 86.322 | J16: 91.548 | K16: 98.542 | L16: 108.673 | M16: 0.05 | N16: 9.012 | O16: 17.613 | P16: 27.944 | Q16: =P16-M16+L16-C16 -> 103.433 | T16: 7 | U16: =D16-C16 -> 12.213 | V16: =E16-D16 -> 8.833 | W16: =F16-E16 -> 8.058 | X16: =G16-F16 -> 8.695 | Y16: =H16-G16 -> 8.598 | Z16: =I16-H16 -> 6.791 | AA16: =J16-I16 -> 5.226 | AB16: =K16-J16 -> 6.994 | AC16: =L16-K16 -> 10.131 | AD16: =N16-M16 -> 8.962 | AE16: =O16-N16 -> 8.601 | AF16: =P16-O16 -> 10.331
B17: kalorimetr č. SN 34582412 | C17: 20.053 | D17: 24.544 | E17: 27.323 | F17: 29.141 | G17: 30.22 | H17: 31.364 | I17: 31.813 | J17: 32.182 | K17: 32.663 | L17: 33.31 | N17: 34.282 | O17: 36.978 | P17: 40.87 | R17: =P17-C17 -> 20.817
A18: 8 | B18: vodoměr č. 190834101 | C18: 34.36 | D18: 40.868 | E18: 47.973 | F18: 54.286 | G18: 60.886 | H18: 67.83 | I18: 73.377 | J18: 79.469 | K18: 83.792 | L18: 90.976 | M18: 0.01 | N18: 5.87 | O18: 12.04 | P18: 19.689 | Q18: =P18-M18+L18-C18 -> 76.295 | T18: 8 | U18: =D18-C18 -> 6.508 | V18: =E18-D18 -> 7.105 | W18: =F18-E18 -> 6.313 | X18: =G18-F18 -> 6.6 | Y18: =H18-G18 -> 6.944 | Z18: =I18-H18 -> 5.547 | AA18: =J18-I18 -> 6.092 | AB18: =K18-J18 -> 4.323 | AC18: =L18-K18 -> 7.184 | AD18: =N18-M18 -> 5.86 | AE18: =O18-N18 -> 6.17 | AF18: =P18-O18 -> 7.649
B19: kalorimetr č. SN 34582403 | C19: 10.563 | D19: 15.605 | E19: 18.59 | F19: 20.594 | G19: 21.508 | H19: 22.237 | I19: 22.452 | J19: 22.738 | K19: 22.951 | L19: 23.281 | N19: 24.316 | O19: 27.257 | P19: 31.264 | R19: =P19-C19 -> 20.701
A20: 9 | B20: vodoměr č. 190834108 | C20: 130.44 | D20: 134.015 | E20: 137.277 | F20: 140.916 | G20: 145.336 | H20: 149.546 | I20: 153.197 | J20: 156.776 | K20: 160.31 | L20: 163.56 | M20: 0.07 | N20: 3.22 | O20: 6.518 | P20: 10.416 | Q20: =P20-M20+L20-C20 -> 43.466 | T20: 9 | U20: =D20-C20 -> 3.575 | V20: =E20-D20 -> 3.262 | W20: =F20-E20 -> 3.639 | X20: =G20-F20 -> 4.42 | Y20: =H20-G20 -> 4.21 | Z20: =I20-H20 -> 3.651 | AA20: =J20-I20 -> 3.579 | AB20: =K20-J20 -> 3.534 | AC20: =L20-K20 -> 3.25 | AD20: =N20-M20 -> 3.15 | AE20: =O20-N20 -> 3.298 | AF20: =P20-O20 -> 3.898
B21: kalorimetr č. SN 34582409 | C21: 33.065 | D21: 37.776 | E21: 40.696 | F21: 42.877 | G21: 43.697 | H21: 44.639 | I21: 44.918 | J21: 45.215 | K21: 45.512 | L21: 45.8 | N21: 46.584 | O21: 49.057 | P21: 52.977 | R21: =P21-C21 -> 19.912
A22: 10 | B22: vodoměr č. 190906953 | C22: 325.426 | D22: 330.743 | E22: 336.555 | F22: 342.738 | G22: 347.096 | H22: 352.902 | I22: 356.703 | J22: 362.214 | K22: 367.09 | L22: 373.696 | M22: 0.01 | N22: 5.041 | O22: 10.269 | P22: 17.996 | Q22: =P22-M22+L22-C22 -> 66.256 | T22: 10 | U22: =D22-C22 -> 5.317 | V22: =E22-D22 -> 5.812 | W22: =F22-E22 -> 6.183 | X22: =G22-F22 -> 4.358 | Y22: =H22-G22 -> 5.806 | Z22: =I22-H22 -> 3.801 | AA22: =J22-I22 -> 5.511 | AB22: =K22-J22 -> 4.876 | AC22: =L22-K22 -> 6.606 | AD22: =N22-M22 -> 5.031 | AE22: =O22-N22 -> 5.228 | AF22: =P22-O22 -> 7.727
B23: kalorimetr č. SN 34582415 | C23: 37.373 | D23: 41.192 | E23: 44.471 | F23: 47.12 | G23: 48.94 | H23: 50.293 | I23: 50.381 | J23: 50.535 | K23: 50.637 | L23: 50.937 | N23: 52.43 | O23: 55.327 | P23: 59.152 | R23: =P23-C23 -> 21.779
B24: elektroměr č. 72350114 dům | C24: 47097 | D24: 47423 | E24: 47693 | F24: 47934 | G24: 48250 | H24: 48524 | I24: 48741 | J24: 49037 | K24: 49257 | L24: 49494 | N24: 49862 | O24: 50127 | P24: 50383 | Q24: =SUM(Q4:Q23) -> 782.165 | R24: =SUM(R4:R23) -> 174.799 | S24: =P24-C24 -> 3286
A25: spol.spotř. | B25: elektroměr č. 72325367 VO | C25: 40137 | D25: 40582 | E25: 40964 | F25: 41310 | G25: 41628 | H25: 41902 | I25: 42109 | J25: 42354 | K25: 42653 | L25: 42973 | N25: 43391 | O25: 43833 | P25: 44564 | S25: =P25-C25 -> 4427
B26: vodoměr areál č.10282180 | C26: 527 | D26: 527 | E26: 527 | F26: 527 | G26: 542.426 | H26: 551.438 | I26: 583.556 | J26: 614.16 | K26: 632.318 | L26: 641.817 | N26: 643.691 | O26: 655.348 | P26: 655.348 | Q26: =P26-C26 -> 128.348
B27: patní vodoměr č. 190976789 | C27: 2431.3 | D27: 2514.5 | E27: 2593.4 | F27: 2661.2 | G27: 2749.4 | H27: 2834.9 | I27: 2924.9 | J27: 3016.4 | K27: 3097.7 | L27: 3174.4 | M27: 0 | N27: 71.7 | O27: 149.5 | P27: 230.5 | Q27: =P27-M27+L27-C27 -> 973.6
B28: patní kalorimetr č./ MWh | C28: 188.01 | D28: 200.55 | E28: 209.52 | F28: 215.91 | G28: 219.87 | H28: 223.36 | I28: 0.62 | J28: 2.44 | K28: 4.33 | L28: 6.28 | N28: 9.88 | O28: 16.7 | P28: 26.72 | R28: =(P28-M33+M32-C28)*3.6 -> 226.404 | S28: GJ
B29: patní kalorimetr č. /kub.m | C29: 9883 | D29: 10839 | E29: 11613 | F29: 12360 | G29: 13086 | H29: 13789 | I29: 218 | J29: 812 | K29: 1404 | L29: 1937 | N29: 2604 | O29: 3212 | P29: 3872
A30: ='1850'!A29 -> fakturační vodoměr č. 110109308 | C30: ='1850'!C29 -> 12400 | D30: ='1850'!D29 -> 12741.6 | E30: ='1850'!E29 -> 4358.2 | F30: ='1850'!F29 -> 4677.5 | G30: ='1850'!G29 -> 5038.2 | H30: ='1850'!H29 -> 5389.7 | I30: ='1850'!I29 -> 5691.3 | J30: ='1850'!J29 -> 6012.6 | ... L30: ='1850'!L29 -> 6605.1 | N30: ='1850'!N29 -> 6922.5 | O30: ='1850'!O29 -> 7232.3 | P30: ='1850'!R29 -> 7593.2 | Q30: ='1850'!S29 -> 3894.2
D32: modře - žádný nárůst | H32: Dne 17.6.2019 odpojen kalor. (cejchování), | L32: stav: | M32: 224.18 | N32: MWh
B33: Výměna fakturač. vodoměru | C33: 110109308 | D33: starý | E33: 12875 | H33: Dne 20.6.2019 zapojen znovuzapojení, | L33: stav: | M33: 0 | N33: MWh
B34: dne 14.2.2019 | C34: 63796 | D34: nový | E34: 4174 | H34: Dne 4.10.2019 výměna vodoměrů - byty + pata
H35: Odečty vody za září jsou ze dne výměny 4.10.

Sheet 1854
A2: 1854 | C2: ='1850'!C2 -> 43466 | D2: ='1850'!D2 -> 43497 | E2: ='1850'!E2 -> 43526 | F2: ='1850'!F2 -> 43556 | G2: ='1850'!G2 -> 43588 | H2: ='1850'!H2 -> 43620 | I2: ='1850'!I2 -> 43647 | J2: ='1850'!J2 -> 43678 | ... R2: ='1850'!R2 -> 43831 | S2: voda | T2: teplo | AA2: spotřeby po měsících starý vodoměr | AG2: spotřeby nový vodoměr
A3: byt č. | C3: prosinec | D3: leden | E3: únor | F3: březen | G3: duben | H3: květen | I3: červen | J3: červenec | K3: srpen | L3: září | M3: nový vod. | N3: říjen | O3: listopad | P3: výměna | Q3: nový vod. | R3: prosinec | S3: m3 | T3: GJ | V3: byt | W3: leden | X3: únor | Y3: březen | Z3: duben | AA3: květen | AB3: červen | AC3: červenec | AD3: srpen | AE3: září | AF3: říjen | AG3: listopad | AH3: prosinec
A4: 1 | B4: vodoměr č. 190906992 | C4: 36.996 | D4: 41.875 | E4: 48.538 | F4: 56.049 | G4: 61.1 | H4: 68.297 | I4: 72.546 | J4: 77.14 | K4: 82.606 | L4: 89.54 | M4: 0.01 | N4: 7.251 | O4: 14.459 | P4: 16.087 | Q4: 16.087 | R4: 21.315 | S4: =R4-M4+L4-C4 -> 73.849 | V4: 1 | W4: =D4-C4 -> 4.879 | X4: =E4-D4 -> 6.663 | Y4: =F4-E4 -> 7.511 | Z4: =G4-F4 -> 5.051 | AA4: =H4-G4 -> 7.197 | AB4: =I4-H4 -> 4.249 | AC4: =J4-I4 -> 4.594 | AD4: =K4-J4 -> 5.466 | AE4: =L4-K4 -> 6.934 | AF4: =N4-M4 -> 7.241 | AG4: =O4-N4 -> 7.208 | AH4: =R4-Q4 -> 5.228
B5: kalorimetr č. SN 34672835 | C5: 10.937 | D5: 15.779 | E5: 19.433 | F5: 22.365 | G5: 23.857 | H5: 25.115 | I5: 25.373 | J5: 25.651 | K5: 25.981 | L5: 26.367 | N5: 27.694 | O5: 30.342 | R5: 34.212 | T5: =R5-C5 -> 23.275
A6: 2 | B6: vodoměr č. 190906991 | C6: 138.59 | D6: 143.059 | E6: 147.736 | F6: 153.427 | G6: 158.725 | H6: 164.119 | I6: 168.708 | J6: 174.561 | K6: 177.641 | L6: 182.34 | M6: 0.01 | N6: 4.795 | O6: 9.481 | P6: 10.473 | Q6: 10.473 | R6: 13.675 | S6: =R6-M6+L6-C6 -> 57.415 | V6: 2 | W6: =D6-C6 -> 4.469 | X6: =E6-D6 -> 4.677 | Y6: =F6-E6 -> 5.691 | Z6: =G6-F6 -> 5.298 | AA6: =H6-G6 -> 5.394 | AB6: =I6-H6 -> 4.589 | AC6: =J6-I6 -> 5.853 | AD6: =K6-J6 -> 3.08 | AE6: =L6-K6 -> 4.699 | AF6: =N6-M6 -> 4.785 | AG6: =O6-N6 -> 4.686 | AH6: =R6-Q6 -> 3.202
B7: kalorimetr č. SN 34672801 | C7: 58.263 | D7: 65.114 | E7: 70.327 | F7: 74.451 | G7: 77.513 | H7: 79.797 | I7: 80.118 | J7: 80.501 | K7: 80.785 | L7: 81.183 | N7: 82.591 | O7: 86.247 | R7: 91.287 | T7: =R7-C7 -> 33.024
A8: 3 | B8: vodoměr č. 190906988 | C8: 212.784 | D8: 219.228 | E8: 226.474 | F8: 232.422 | G8: 239.232 | H8: 246.965 | I8: 254.201 | J8: 260.309 | K8: 268.083 | L8: 274.89 | M8: 0.01 | N8: 5.963 | O8: 12.108 | P8: 13.379 | Q8: 13.379 | R8: 18.036 | S8: =R8-M8+L8-C8 -> 80.132 | V8: 3 | W8: =D8-C8 -> 6.444 | X8: =E8-D8 -> 7.246 | Y8: =F8-E8 -> 5.948 | Z8: =G8-F8 -> 6.81 | AA8: =H8-G8 -> 7.733 | AB8: =I8-H8 -> 7.236 | AC8: =J8-I8 -> 6.108 | AD8: =K8-J8 -> 7.774 | AE8: =L8-K8 -> 6.807 | AF8: =N8-M8 -> 5.953 | AG8: =O8-N8 -> 6.145 | AH8: =R8-Q8 -> 4.657
B9: kalorimetr č. SN 34672802 | C9: 50.313 | D9: 56.107 | E9: 60.783 | F9: 64.885 | G9: 67.768 | H9: 70.123 | I9: 70.38 | J9: 70.558 | K9: 70.789 | L9: 71.678 | N9: 73.772 | O9: 77.453 | R9: 83.194 | T9: =R9-C9 -> 32.881
A10: 4 | B10: vodoměr č. 190906987 | C10: 214.857 | D10: 220.083 | E10: 224.596 | F10: 228.69 | G10: 233.716 | H10: 238.217 | I10: 241.996 | J10: 247.323 | K10: 251.005 | L10: 255.83 | M10: 0.01 | N10: 4.191 | O10: 8.355 | P10: 9.396 | Q10: 9.396 | R10: 14.048 | S10: =R10-M10+L10-C10 -> 55.011 | V10: 4 | W10: =D10-C10 -> 5.226 | X10: =E10-D10 -> 4.513 | Y10: =F10-E10 -> 4.094 | Z10: =G10-F10 -> 5.026 | AA10: =H10-G10 -> 4.501 | AB10: =I10-H10 -> 3.779 | AC10: =J10-I10 -> 5.327 | AD10: =K10-J10 -> 3.682 | AE10: =L10-K10 -> 4.825 | AF10: =N10-M10 -> 4.181 | AG10: =O10-N10 -> 4.164 | AH10: =R10-Q10 -> 4.652
B11: kalorimetr č. SN 69067316 | C11: 15.817 | D11: 20.15 | E11: 23.696 | F11: 26.217 | G11: 27.913 | H11: 29.106 | I11: 29.452 | J11: 29.833 | K11: 30.125 | L11: 30.797 | N11: 31.751 | O11: 33.379 | R11: 35.905 | T11: =R11-C11 -> 20.088
A12: 5 | B12: vodoměr č. 190907002 | C12: 3.306 | D12: 3.332 | E12: 3.335 | F12: 3.335 | G12: 3.335 | H12: 3.335 | I12: 3.335 | J12: 3.335 | K12: 3.335 | L12: 3.335 | M12: 0.01 | N12: 0.071 | O12: 0.091 | P12: 0.091 | Q12: 0.091 | R12: 0.116 | S12: =R12-M12+L12-C12 -> 0.135 | V12: 5 | W12: =D12-C12 -> 0.026 | X12: =E12-D12 -> 0.003 | Y12: =F12-E12 -> 0 | Z12: =G12-F12 -> 0 | AA12: =H12-G12 -> 0 | AB12: =I12-H12 -> 0 | AC12: =J12-I12 -> 0 | AD12: =K12-J12 -> 0 | AE12: =L12-K12 -> 0 | AF12: =N12-M12 -> 0.061 | AG12: =O12-N12 -> 0.02 | AH12: =R12-Q12 -> 0.025
B13: kalorimetr č. SN 34672814 | C13: 6.899 | D13: 8.571 | E13: 9.161 | F13: 9.937 | G13: 10.093 | H13: 10.825 | I13: 10.957 | J13: 11.089 | K13: 11.223 | L13: 11.353 | N13: 11.661 | O13: 11.787 | R13: 11.969 | T13: =R13-C13 -> 5.07
A14: 6 | B14: vodoměr č. 190906994 | C14: 332.309 | D14: 340.852 | E14: 350.129 | F14: 359.191 | G14: 369.095 | H14: 380 | I14: 388.595 | J14: 395.392 | K14: 404.039 | L14: 412.15 | M14: 0.01 | N14: 7.142 | O14: 14.146 | P14: 16.214 | Q14: 16.214 | R14: 24.468 | S14: =R14-M14+L14-C14 -> 104.299 | V14: 6 | W14: =D14-C14 -> 8.543 | X14: =E14-D14 -> 9.277 | Y14: =F14-E14 -> 9.062 | Z14: =G14-F14 -> 9.904 | AA14: =H14-G14 -> 10.905 | AB14: =I14-H14 -> 8.595 | AC14: =J14-I14 -> 6.797 | AD14: =K14-J14 -> 8.647 | AE14: =L14-K14 -> 8.111 | AF14: =N14-M14 -> 7.132 | AG14: =O14-N14 -> 7.004 | AH14: =R14-Q14 -> 8.254
B15: kalorimetr č. SN 34672815 | C15: 44.447 | D15: 49.274 | E15: 51.79 | F15: 53.374 | G15: 54.542 | H15: 55.856 | I15: 56.307 | J15: 56.684 | K15: 57.114 | L15: 57.802 | N15: 58.812 | O15: 60.942 | R15: 63.795 | T15: =R15-C15 -> 19.348
A16: 7 | B16: vodoměr č. 190906986 | C16: 80.791 | D16: 82.363 | E16: 84.154 | F16: 86.37 | G16: 89.326 | H16: 91.446 | I16: 93.96 | J16: 97.419 | K16: 100.678 | L16: 104.21 | M16: 0.02 | N16: 3.43 | O16: 6.275 | P16: 7.098 | Q16: 7.098 | R16: 9.679 | S16: =R16-M16+L16-C16 -> 33.078 | V16: 7 | W16: =D16-C16 -> 1.572 | X16: =E16-D16 -> 1.791 | Y16: =F16-E16 -> 2.216 | Z16: =G16-F16 -> 2.956 | AA16: =H16-G16 -> 2.12 | AB16: =I16-H16 -> 2.514 | AC16: =J16-I16 -> 3.459 | AD16: =K16-J16 -> 3.259 | AE16: =L16-K16 -> 3.532 | AF16: =N16-M16 -> 3.41 | AG16: =O16-N16 -> 2.845 | AH16: =R16-Q16 -> 2.581
B17: kalorimetr č. SN 34672806 | C17: 8.655 | D17: 9.397 | E17: 9.836 | F17: 10.164 | G17: 10.591 | H17: 10.903 | I17: 11.165 | J17: 11.439 | K17: 11.694 | L17: 12.013 | N17: 12.445 | O17: 12.952 | R17: 13.728 | T17: =R17-C17 -> 5.073
A18: 8 | B18: vodoměr č. 191519281 | C18: 167 | D18: 172.665 | E18: 178.201 | F18: 184.605 | G18: 190.851 | H18: 197.39 | I18: 203.256 | J18: 210.107 | K18: 217.397 | L18: 225.27 | M18: 0.01 | N18: 0.568 | O18: 0.622 | P18: 0.63 | Q18: 0.085 | R18: 5.763 | S18: =R18-Q18+P18-M18+L18-C18 -> 64.568 | V18: 8 | W18: =D18-C18 -> 5.665 | X18: =E18-D18 -> 5.536 | Y18: =F18-E18 -> 6.404 | Z18: =G18-F18 -> 6.246 | AA18: =H18-G18 -> 6.539 | AB18: =I18-H18 -> 5.866 | AC18: =J18-I18 -> 6.851 | AD18: =K18-J18 -> 7.29 | AE18: =L18-K18 -> 7.873 | AF18: =N18-M18 -> 0.558 | AG18: =O18-N18 -> 0.054 | AH18: =R18-Q18 -> 5.678
B19: kalorimetr č. SN 34672809 | C19: 41.639 | D19: 47.233 | E19: 51.353 | F19: 53.822 | G19: 55.037 | H19: 55.944 | I19: 56.315 | J19: 56.748 | K19: 57.214 | L19: 57.686 | N19: 59.225 | O19: 63.059 | R19: 68.834 | T19: =R19-C19 -> 27.195
A20: 9 | B20: vodoměr č. 190906990 | C20: 625.147 | D20: 635.562 | E20: 647.02 | F20: 657.54 | G20: 671.301 | H20: 682.728 | I20: 694.865 | J20: 706.618 | K20: 718.636 | L20: 731.5 | M20: 0.01 | N20: 9.936 | O20: 20.51 | P20: 21.341 | Q20: 21.341 | R20: 30.728 | S20: =R20-M20+L20-C20 -> 137.071 | V20: 9 | W20: =D20-C20 -> 10.415 | X20: =E20-D20 -> 11.458 | Y20: =F20-E20 -> 10.52 | Z20: =G20-F20 -> 13.761 | AA20: =H20-G20 -> 11.427 | AB20: =I20-H20 -> 12.137 | AC20: =J20-I20 -> 11.753 | AD20: =K20-J20 -> 12.018 | AE20: =L20-K20 -> 12.864 | AF20: =N20-M20 -> 9.926 | AG20: =O20-N20 -> 10.574 | AH20: =R20-Q20 -> 9.387
B21: kalorimetr č. SN 34672804 | C21: 48.294 | D21: 55.206 | E21: 60.2 | F21: 64.386 | G21: 66.753 | H21: 68.391 | I21: 69.044 | J21: 69.739 | K21: 70.501 | L21: 71.205 | N21: 72.774 | O21: 76.818 | R21: 82.401 | T21: =R21-C21 -> 34.107
A22: 10 | B22: vodoměr č. 190906995 | C22: 4.122 | D22: 4.26 | E22: 4.4 | F22: 4.522 | G22: 4.663 | H22: 4.824 | I22: 4.839 | J22: 4.855 | K22: 4.87 | L22: 4.92 | M22: 0.01 | N22: 0.024 | O22: 0.038 | P22: 0.04 | Q22: 0.04 | R22: 0.048 | S22: =R22-M22+L22-C22 -> 0.836 | V22: 10 | W22: =D22-C22 -> 0.138 | X22: =E22-D22 -> 0.14 | Y22: =F22-E22 -> 0.122 | Z22: =G22-F22 -> 0.141 | AA22: =H22-G22 -> 0.161 | AB22: =I22-H22 -> 0.015 | AC22: =J22-I22 -> 0.016 | AD22: =K22-J22 -> 0.015 | AE22: =L22-K22 -> 0.05 | AF22: =N22-M22 -> 0.014 | AG22: =O22-N22 -> 0.014 | AH22: =R22-Q22 -> 0.008
B23: kalorimetr č. SN 34672829 | C23: 0.441 | D23: 0.52 | E23: 0.568 | F23: 0.614 | G23: 0.672 | H23: 0.729 | I23: 0.746 | J23: 0.749 | K23: 0.754 | L23: 0.792 | N23: 0.866 | O23: 0.909 | R23: 0.96 | T23: =R23-C23 -> 0.519
S24: =SUM(S4:S23) -> 606.394 | T24: =SUM(T4:T23) -> 200.58
A25: spol.spotř. | B25: elektroměr č. 72370871 | C25: 44119 | D25: 44428 | E25: 44828 | F25: 45102 | G25: 45403 | H25: 45694 | I25: 45951 | J25: 46226 | K25: 46546 | L25: 46809 | N25: 47075 | O25: 47303 | R25: 47567 | U25: =R25-C25 -> 3448
B26: patní vodoměr č. 190976793 | C26: 2122.8 | D26: 2174.3 | E26: 2228.8 | F26: 2283.7 | G26: 2342.7 | H26: 2402.8 | I26: 2455.1 | J26: 2509.2 | K26: 2564 | L26: 2624.1 | M26: 0 | N26: 54 | O26: 106.4 | P26: 117.2 | Q26: 117.2 | R26: 163.9 | S26: =R26-M26+L26-C26 -> 665.2
B27: patní kalorimetr č. / MWh | C27: 152.54 | D27: 165.19 | E27: 174.31 | F27: 181.43 | G27: 186.18 | H27: 190.22 | I27: 191.44 | J27: 192.81 | K27: 194.22 | L27: 195.98 | N27: 199.56 | O27: 206.42 | R27: 216.31 | T27: =(R27-C27)*3.6 -> 229.572
B28: patní kalorimetr č. / kub.m | C28: 6779 | D28: 7316 | E28: 7645 | F28: 7882 | G28: 8072 | H28: 8249 | I28: 8324 | J28: 8407 | K28: 8492 | L28: 8584 | N28: 8727 | O28: 8942 | R28: 9249
A29: Fakturační vodoměr: 02343759 | C29: 18371 | D29: 18663.4 | E29: 18931.2 | F29: 19208.5 | G29: 19505.5 | H29: 19795.5 | I29: 20033.7 | J29: 20265 | K29: 20525.1 | L29: 20786.5 | N29: 21062.5 | O29: 21335.6 | R29: 21658.9 | S29: =R29-C29 -> 3287.9
D31: modře - žádný nárůst | I31: Dne 4.10.2019 výměna vodoměrů - byty + pata
I32: Odečty vody za září jsou ze dne výměny 4.10.
I33: Dne 5.12.2019 výměna vadných vodoměrů

Sheet 1855
A2: 1855 | C2: ='1850'!C2 -> 43466 | D2: ='1850'!D2 -> 43497 | E2: ='1850'!E2 -> 43526 | F2: ='1850'!F2 -> 43556 | G2: ='1850'!G2 -> 43588 | H2: ='1850'!H2 -> 43620 | I2: ='1850'!I2 -> 43647 | J2: ='1850'!J2 -> 43678 | ... R2: ='1850'!R2 -> 43831 | S2: voda | T2: teplo | U2: elektr | AA2: spotřeby po měsících starý vodoměr | AG2: spotřeby nový vodoměr
A3: byt č. | C3: prosinec | D3: leden | E3: únor | F3: březen | G3: duben | H3: květen | I3: červen | J3: červenec | K3: srpen | L3: září | M3: nové vod. | N3: říjen | O3: listopad | P3: výměna | Q3: nový vod. | R3: prosinec | S3: m3 | T3: GJ | U3: KWh | V3: byt | W3: leden | X3: únor | Y3: březen | Z3: duben | AA3: květen | AB3: červen | AC3: červenec | AD3: srpen | AE3: září | AF3: říjen | AG3: listopad | AH3: prosinec
A4: 1 | B4: vodoměr č. 191519259 | C4: 74.405 | D4: 82.629 | E4: 88.895 | F4: 94.794 | G4: 102.958 | H4: 108.507 | I4: 112.088 | J4: 115.375 | K4: 120.479 | L4: 126.916 | M4: 0.01 | N4: 0.917 | O4: 1.325 | P4: 1.388 | Q4: 0.46 | R4: 11.516 | S4: =R4-Q4+P4-M4+L4-C4 -> 64.945 | V4: 1 | W4: =D4-C4 -> 8.224 | X4: =E4-D4 -> 6.266 | Y4: =F4-E4 -> 5.899 | Z4: =G4-F4 -> 8.164 | AA4: =H4-G4 -> 5.549 | AB4: =I4-H4 -> 3.581 | AC4: =J4-I4 -> 3.287 | AD4: =K4-J4 -> 5.104 | AE4: =L4-K4 -> 6.437 | AF4: =N4-M4 -> 0.907 | AG4: =O4-N4 -> 0.408 | AH4: =R4-Q4 -> 11.056
B5: kalorimetr č. SN 34672816 | C5: 19.446 | D5: 26.633 | E5: 31.434 | F5: 35.921 | G5: 38.803 | H5: 41.393 | I5: 41.767 | J5: 42.132 | K5: 42.633 | L5: 43.626 | N5: 49.263 | O5: 55.215 | R5: 62.574 | T5: =R5-C5 -> 43.128
A6: 2 | B6: vodoměr č. 191519283 | C6: 774.428 | D6: 791.817 | E6: 808.996 | F6: 825.913 | G6: 843.835 | H6: 862.783 | I6: 874.367 | J6: 882.155 | K6: 897.835 | L6: 916.964 | M6: 0.01 | N6: 3.47 | O6: 4.484 | P6: 4.608 | Q6: 0.027 | R6: 14.963 | S6: =R6-Q6+P6-M6+L6-C6 -> 162.07 | V6: 2 | W6: =D6-C6 -> 17.389 | X6: =E6-D6 -> 17.179 | Y6: =F6-E6 -> 16.917 | Z6: =G6-F6 -> 17.922 | AA6: =H6-G6 -> 18.948 | AB6: =I6-H6 -> 11.584 | AC6: =J6-I6 -> 7.788 | AD6: =K6-J6 -> 15.68 | AE6: =L6-K6 -> 19.129 | AF6: =N6-M6 -> 3.46 | AG6: =O6-N6 -> 1.014 | AH6: =R6-Q6 -> 14.936
B7: kalorimetr č. SN 34672822 | C7: 54.899 | D7: 62.085 | E7: 67.738 | F7: 71.492 | G7: 75.109 | H7: 78.015 | I7: 78.773 | J7: 79.301 | K7: 80.212 | L7: 81.526 | N7: 84.126 | O7: 87.985 | R7: 94.039 | T7: =R7-C7 -> 39.14
A8: 3 | B8: vodoměr č. 190907001 | C8: 142.167 | D8: 147.454 | E8: 153.482 | F8: 159.601 | G8: 165.446 | H8: 170.425 | I8: 173.051 | J8: 177.479 | K8: 182.328 | L8: 187.272 | M8: 0.01 | N8: 4.191 | O8: 9.045 | P8: 9.899 | Q8: 9.899 | R8: 12.461 | S8: =R8-M8+L8-C8 -> 57.556 | V8: 3 | W8: =D8-C8 -> 5.287 | X8: =E8-D8 -> 6.028 | Y8: =F8-E8 -> 6.119 | Z8: =G8-F8 -> 5.845 | AA8: =H8-G8 -> 4.979 | AB8: =I8-H8 -> 2.626 | AC8: =J8-I8 -> 4.428 | AD8: =K8-J8 -> 4.849 | AE8: =L8-K8 -> 4.944 | AF8: =N8-M8 -> 4.181 | AG8: =O8-N8 -> 4.854 | AH8: =R8-Q8 -> 2.562
B9: kalorimetr č. SN 34672827 | C9: 37.082 | D9: 42.498 | E9: 47.3 | F9: 51.236 | G9: 54.204 | H9: 56.124 | I9: 56.372 | J9: 56.755 | K9: 57.156 | L9: 57.593 | N9: 59.112 | O9: 62.638 | R9: 65.921 | T9: =R9-C9 -> 28.839
A10: 4 | B10: vodoměr č. 190907005 | C10: 117.207 | D10: 119.526 | E10: 121.15 | F10: 122.806 | G10: 123.885 | H10: 124.984 | I10: 125.807 | J10: 126.69 | K10: 127.77 | L10: 129.589 | M10: 0.01 | N10: 0.945 | O10: 1.979 | P10: 2.104 | Q10: 2.104 | R10: 2.912 | S10: =R10-M10+L10-C10 -> 15.284 | V10: 4 | W10: =D10-C10 -> 2.319 | X10: =E10-D10 -> 1.624 | Y10: =F10-E10 -> 1.656 | Z10: =G10-F10 -> 1.079 | AA10: =H10-G10 -> 1.099 | AB10: =I10-H10 -> 0.823 | AC10: =J10-I10 -> 0.883 | AD10: =K10-J10 -> 1.08 | AE10: =L10-K10 -> 1.819 | AF10: =N10-M10 -> 0.935 | AG10: =O10-N10 -> 1.034 | AH10: =R10-Q10 -> 0.808
B11: kalorimetr č. SN 34672837 | C11: 5.505 | D11: 6.405 | E11: 6.665 | F11: 6.733 | G11: 6.787 | H11: 6.855 | I11: 6.896 | J11: 6.938 | K11: 6.978 | L11: 7.06 | N11: 7.101 | O11: 7.474 | R11: 7.805 | T11: =R11-C11 -> 2.3
A12: 5 | B12: vodoměr č. 190907004 | C12: 300.063 | D12: 305.285 | E12: 310.956 | F12: 314.596 | G12: 322.04 | H12: 328.77 | I12: 334.594 | J12: 339.961 | K12: 346.379 | L12: 352.982 | M12: 0.01 | N12: 4.289 | O12: 9.787 | P12: 10.875 | Q12: 10.875 | R12: 15.999 | S12: =R12-M12+L12-C12 -> 68.908 | V12: 5 | W12: =D12-C12 -> 5.222 | X12: =E12-D12 -> 5.671 | Y12: =F12-E12 -> 3.64 | Z12: =G12-F12 -> 7.444 | AA12: =H12-G12 -> 6.73 | AB12: =I12-H12 -> 5.824 | AC12: =J12-I12 -> 5.367 | AD12: =K12-J12 -> 6.418 | AE12: =L12-K12 -> 6.603 | AF12: =N12-M12 -> 4.279 | AG12: =O12-N12 -> 5.498 | AH12: =R12-Q12 -> 5.124
B13: kalorimetr č. SN 34672834 | C13: 15.702 | D13: 17.97 | E13: 19.516 | F13: 20.192 | G13: 20.728 | H13: 21.115 | I13: 21.317 | J13: 21.493 | K13: 21.707 | L13: 21.984 | N13: 22.271 | O13: 23.3 | R13: 24.883 | T13: =R13-C13 -> 9.181
A14: 6 | B14: vodoměr č. 190045692 | C14: 80.274 | D14: 86.065 | E14: 91.012 | F14: 96.426 | G14: 98.423 | H14: 103.159 | I14: 107.834 | J14: 112.45 | K14: 117.243 | L14: 121.99 | M14: 0.01 | N14: 0.214 | O14: 0.217 | P14: 0.218 | Q14: 0.014 | R14: 4.247 | S14: =R14-Q14+P14-M14+L14-C14 -> 46.157 | V14: 6 | W14: =D14-C14 -> 5.791 | X14: =E14-D14 -> 4.947 | Y14: =F14-E14 -> 5.414 | Z14: =G14-F14 -> 1.997 | AA14: =H14-G14 -> 4.736 | AB14: =I14-H14 -> 4.675 | AC14: =J14-I14 -> 4.616 | AD14: =K14-J14 -> 4.793 | AE14: =L14-K14 -> 4.747 | AF14: =N14-M14 -> 0.204 | AG14: =O14-N14 -> 0.003 | AH14: =R14-Q14 -> 4.233
B15: kalorimetr č. SN 34672819 | C15: 31.926 | D15: 37.73 | E15: 41.51 | F15: 44.494 | G15: 44.907 | H15: 46.568 | I15: 46.858 | J15: 47.154 | K15: 47.44 | L15: 48.167 | N15: 50.394 | O15: 53.403 | R15: 58.193 | T15: =R15-C15 -> 26.267
A16: 7 | B16: vodoměr č. 190906998 | C16: 42.172 | D16: 43.614 | E16: 45.408 | F16: 47.143 | G16: 49.244 | H16: 51.408 | I16: 53.215 | J16: 55.053 | K16: 57.11 | L16: 58.515 | M16: 0.01 | N16: 1.64 | O16: 2.932 | P16: 3.474 | Q16: 3.474 | R16: 5.336 | S16: =R16-M16+L16-C16 -> 21.669 | V16: 7 | W16: =D16-C16 -> 1.442 | X16: =E16-D16 -> 1.794 | Y16: =F16-E16 -> 1.735 | Z16: =G16-F16 -> 2.101 | AA16: =H16-G16 -> 2.164 | AB16: =I16-H16 -> 1.807 | AC16: =J16-I16 -> 1.838 | AD16: =K16-J16 -> 2.057 | AE16: =L16-K16 -> 1.405 | AF16: =N16-M16 -> 1.63 | AG16: =O16-N16 -> 1.292 | AH16: =R16-Q16 -> 1.862
B17: kalorimetr č. SN 34672826 | C17: 3.131 | D17: 3.257 | E17: 3.361 | F17: 3.45 | G17: 3.532 | H17: 3.608 | I17: 3.621 | J17: 3.769 | K17: 3.923 | L17: 4.044 | N17: 4.181 | O17: 4.298 | R17: 4.516 | T17: =R17-C17 -> 1.385
A18: 8 | B18: vodoměr č. 191519269 | C18: 293.926 | D18: 302.966 | E18: 310.644 | F18: 318.667 | G18: 327.069 | H18: 334.273 | I18: 340.001 | J18: 346.508 | K18: 353.289 | L18: 359.575 | M18: 0.01 | N18: 0.182 | O18: 0.258 | P18: 0.279 | Q18: 0.035 | R18: 4.8 | S18: =R18-Q18+P18-M18+L18-C18 -> 70.683 | V18: 8 | W18: =D18-C18 -> 9.04 | X18: =E18-D18 -> 7.678 | Y18: =F18-E18 -> 8.023 | Z18: =G18-F18 -> 8.402 | AA18: =H18-G18 -> 7.204 | AB18: =I18-H18 -> 5.728 | AC18: =J18-I18 -> 6.507 | AD18: =K18-J18 -> 6.781 | AE18: =L18-K18 -> 6.286 | AF18: =N18-M18 -> 0.172 | AG18: =O18-N18 -> 0.076 | AH18: =R18-Q18 -> 4.765
B19: kalorimetr č. SN 34672818 | C19: 38.799 | D19: 46.413 | E19: 51.853 | F19: 57.198 | G19: 60.693 | H19: 63.127 | I19: 63.47 | J19: 63.858 | K19: 64.245 | L19: 65.904 | N19: 70.386 | O19: 76.007 | R19: 83.439 | T19: =R19-C19 -> 44.64
A20: 9 | B20: vodoměr č. 191519268 | C20: 347.761 | D20: 355.023 | E20: 360.302 | F20: 367.284 | G20: 374.823 | H20: 380.953 | I20: 388.082 | J20: 396.217 | K20: 405.106 | L20: 408.902 | M20: 0.01 | N20: 2.95 | O20: 4.345 | P20: 4.54 | Q20: 0.067 | R20: 6.423 | S20: =R20-Q20+P20-M20+L20-C20 -> 72.027 | V20: 9 | W20: =D20-C20 -> 7.262 | X20: =E20-D20 -> 5.279 | Y20: =F20-E20 -> 6.982 | Z20: =G20-F20 -> 7.539 | AA20: =H20-G20 -> 6.13 | AB20: =I20-H20 -> 7.129 | AC20: =J20-I20 -> 8.135 | AD20: =K20-J20 -> 8.889 | AE20: =L20-K20 -> 3.796 | AF20: =N20-M20 -> 2.94 | AG20: =O20-N20 -> 1.395 | AH20: =R20-Q20 -> 6.356
B21: kalorimetr č. SN 34672812 | C21: 33.91 | D21: 39.231 | E21: 42.135 | F21: 44.109 | G21: 44.94 | H21: 45.627 | I21: 45.977 | J21: 46.369 | K21: 46.787 | L21: 47.147 | N21: 48.936 | O21: 52.353 | R21: 57.123 | T21: =R21-C21 -> 23.213
A22: 10 | B22: vodoměr č. 190906996 | C22: 920.55 | D22: 939.674 | E22: 955.249 | F22: 972.77 | G22: 990.867 | H22: 1009 | I22: 1024.665 | J22: 1039.147 | K22: 1054.53 | L22: 1071.766 | M22: 0.01 | N22: 15.431 | O22: 32.264 | P22: 36.147 | Q22: 36.147 | R22: 53.96 | S22: =R22-M22+L22-C22 -> 205.166 | V22: 10 | W22: =D22-C22 -> 19.124 | X22: =E22-D22 -> 15.575 | Y22: =F22-E22 -> 17.521 | Z22: =G22-F22 -> 18.097 | AA22: =H22-G22 -> 18.133 | AB22: =I22-H22 -> 15.665 | AC22: =J22-I22 -> 14.482 | AD22: =K22-J22 -> 15.383 | AE22: =L22-K22 -> 17.236 | AF22: =N22-M22 -> 15.421 | AG22: =O22-N22 -> 16.833 | AH22: =R22-Q22 -> 17.813
B23: kalorimetr č. SN 34672823 | C23: 34.756 | D23: 39.807 | E23: 42.844 | F23: 44.976 | G23: 46.505 | H23: 47.957 | I23: 48.819 | J23: 49.567 | K23: 50.326 | L23: 51.29 | N23: 52.455 | O23: 54.564 | R23: 58.206 | T23: =R23-C23 -> 23.45
S24: =SUM(S4:S23) -> 784.465 | T24: =SUM(T4:T23) -> 241.543
A25: spol.spotř. | B25: elektroměr č. 72370870 | C25: 31723 | D25: 31982 | E25: 32406 | F25: 32659 | G25: 32945 | H25: 33223 | I25: 33439 | J25: 33668 | K25: 33944 | L25: 34179 | N25: 34438 | O25: 34654 | R25: 34912 | U25: =R25-C25 -> 3189
B26: patní vodoměr č. 190544822 | C26: 3310 | D26: 3396.9 | E26: 3475.2 | F26: 3554.5 | G26: 3639.2 | H26: 3721.4 | I26: 3785.3 | J26: 3847.5 | K26: 3924.3 | L26: 4002.8 | M26: 0 | N26: 71.7 | O26: 152.8 | P26: 171.4 | Q26: 171.4 | R26: 247.5 | S26: =R26-M26+L26-C26 -> 940.3
B27: patní kalorimetr č./MWh | C27: 144.29 | D27: 155.83 | E27: 166.98 | F27: 175.76 | G27: 181.52 | H27: 186.59 | I27: 187.85 | J27: 189.19 | K27: 190.71 | L27: 193.27 | N27: 200.22 | O27: 210.27 | R27: 223.94 | T27: =(R27-C27)*3.6 -> 286.74
B28: patní kalorimetr č./kub.m | C28: 6355 | D28: 6910 | E28: 7264 | F28: 7530 | G28: 7712 | H28: 7883 | I28: 7943 | J28: 8007 | K28: 8076 | L28: 8180 | N28: 8425 | O28: 8758 | R28: 9198
A29: ='1854'!A29 -> Fakturační vodoměr: 02343759 | C29: ='1854'!C29 -> 18371 | D29: ='1854'!D29 -> 18663.4 | E29: ='1854'!E29 -> 18931.2 | F29: ='1854'!F29 -> 19208.5 | G29: ='1854'!G29 -> 19505.5 | H29: ='1854'!H29 -> 19795.5 | I29: ='1854'!I29 -> 20033.7 | J29: ='1854'!J29 -> 20265 | ... L29: ='1854'!L29 -> 20786.5 | N29: ='1854'!N29 -> 21062.5 | O29: ='1854'!O29 -> 21335.6 | R29: ='1854'!R29 -> 21658.9 | S29: =R29-C29 -> 3287.9
D31: modře - žádný nárůst | I31: Dne 4.10.2019 výměna vodoměrů - byty + pata
I32: Odečty vody za září jsou ze dne výměny 4.10.
I33: Dne 5.12.2019 výměna vadných vodoměrů

Sheet 1856
A2: 1856 | C2: ='1850'!C2 -> 43466 | D2: ='1850'!D2 -> 43497 | E2: ='1850'!E2 -> 43526 | F2: ='1850'!F2 -> 43556 | G2: ='1850'!G2 -> 43588 | H2: ='1850'!H2 -> 43620 | I2: ='1850'!I2 -> 43647 | J2: ='1850'!J2 -> 43678 | ... R2: ='1850'!R2 -> 43831 | S2: Voda | T2: Teplo | U2: Elektr | AA2: spotřeby po měsících starý vodoměr | AG2: spotřeby nový vodoměr
A3: byt č. | C3: prosinec | D3: leden | E3: únor | F3: březen | G3: duben | H3: květen | I3: červen | J3: červenec | K3: srpen | L3: září | M3: nový vod. | N3: říjen | O3: listopad | P3: výměna | Q3: nový vod. | R3: prosinec | S3: m3 | T3: GJ | U3: KWh | V3: byt | W3: leden | X3: únor | Y3: březen | Z3: duben | AA3: květen | AB3: červen | AC3: červenec | AD3: srpen | AE3: září | AF3: říjen | AG3: listopad | AH3: prosinec
A4: 1 | B4: vodoměr č. 190907008 | C4: 171.597 | D4: 186.056 | E4: 199.189 | F4: 214.344 | G4: 230.9 | H4: 243.287 | I4: 250.788 | J4: 261.795 | K4: 276.851 | L4: 291.941 | M4: 0.01 | N4: 10.864 | O4: 21.554 | P4: 23.995 | Q4: 23.995 | R4: 36.044 | S4: =R4-M4+L4-C4 -> 156.378 | V4: 1 | W4: =D4-C4 -> 14.459 | X4: =E4-D4 -> 13.133 | Y4: =F4-E4 -> 15.155 | Z4: =G4-F4 -> 16.556 | AA4: =H4-G4 -> 12.387 | AB4: =I4-H4 -> 7.501 | AC4: =J4-I4 -> 11.007 | AD4: =K4-J4 -> 15.056 | AE4: =L4-K4 -> 15.09 | AF4: =N4-M4 -> 10.854 | AG4: =O4-N4 -> 10.69 | AH4: =R4-Q4 -> 12.049
B5: kalorimetr č. SN 34672813 | C5: 38.137 | D5: 44.756 | E5: 49.287 | F5: 52.529 | G5: 54.229 | H5: 55.824 | I5: 56.217 | J5: 56.752 | K5: 57.432 | L5: 58.239 | N5: 60.53 | O5: 64.218 | R5: 70.006 | T5: =R5-C5 -> 31.869
A6: 2 | B6: vodoměr č. 191519260 | C6: 263.293 | D6: 268.182 | E6: 272.444 | F6: 277.535 | G6: 281.922 | H6: 286.751 | I6: 292.219 | J6: 298.112 | K6: 304.756 | L6: 310.487 | M6: 0.01 | N6: 1.57 | O6: 3.162 | P6: 3.445 | Q6: 0.043 | R6: 5.575 | S6: =R6-Q6+P6-M6+L6-C6 -> 56.161 | V6: 2 | W6: =D6-C6 -> 4.889 | X6: =E6-D6 -> 4.262 | Y6: =F6-E6 -> 5.091 | Z6: =G6-F6 -> 4.387 | AA6: =H6-G6 -> 4.829 | AB6: =I6-H6 -> 5.468 | AC6: =J6-I6 -> 5.893 | AD6: =K6-J6 -> 6.644 | AE6: =L6-K6 -> 5.731 | AF6: =N6-M6 -> 1.56 | AG6: =O6-N6 -> 1.592 | AH6: =R6-Q6 -> 5.532
B7: kalorimetr č. SN 34672830 | C7: 12.442 | D7: 14.448 | E7: 15.859 | F7: 16.689 | G7: 17.127 | H7: 17.538 | I7: 17.881 | J7: 18.24 | K7: 18.636 | L7: 19.008 | N7: 19.541 | O7: 20.985 | R7: 22.991 | T7: =R7-C7 -> 10.549
A8: 3 | B8: vodoměr č. 190907023 | C8: 334.697 | D8: 342.332 | E8: 349.402 | F8: 355.704 | G8: 362.636 | H8: 370.077 | I8: 374.257 | J8: 374.824 | K8: 374.855 | L8: 374.918 | M8: 0.01 | N8: 1.009 | O8: 4.843 | P8: 5.701 | Q8: 5.701 | R8: 9.721 | S8: =R8-M8+L8-C8 -> 49.932 | V8: 3 | W8: =D8-C8 -> 7.635 | X8: =E8-D8 -> 7.07 | Y8: =F8-E8 -> 6.302 | Z8: =G8-F8 -> 6.932 | AA8: =H8-G8 -> 7.441 | AB8: =I8-H8 -> 4.18 | AC8: =J8-I8 -> 0.567 | AD8: =K8-J8 -> 0.031 | AE8: =L8-K8 -> 0.063 | AF8: =N8-M8 -> 0.999 | AG8: =O8-N8 -> 3.834 | AH8: =R8-Q8 -> 4.02
B9: kalorimetr č. SN 34672808 | C9: 41.606 | D9: 47.103 | E9: 51.64 | F9: 54.785 | G9: 56.835 | H9: 58.519 | I9: 58.933 | J9: 59.1 | K9: 59.235 | L9: 59.367 | N9: 60.299 | O9: 63.438 | R9: 67.147 | T9: =R9-C9 -> 25.541
A10: 4 | B10: vodoměr č. 190907015 | C10: 188.352 | D10: 195.361 | E10: 201.354 | F10: 207.335 | G10: 214.481 | H10: 221.318 | I10: 227.432 | J10: 232.669 | K10: 237.205 | L10: 244.944 | M10: 0.01 | N10: 6.452 | O10: 12.615 | P10: 14.199 | Q10: 14.199 | R10: 20.273 | S10: =R10-M10+L10-C10 -> 76.855 | V10: 4 | W10: =D10-C10 -> 7.009 | X10: =E10-D10 -> 5.993 | Y10: =F10-E10 -> 5.981 | Z10: =G10-F10 -> 7.146 | AA10: =H10-G10 -> 6.837 | AB10: =I10-H10 -> 6.114 | AC10: =J10-I10 -> 5.237 | AD10: =K10-J10 -> 4.536 | AE10: =L10-K10 -> 7.739 | AF10: =N10-M10 -> 6.442 | AG10: =O10-N10 -> 6.163 | AH10: =R10-Q10 -> 6.074
B11: kalorimetr č. SN 34672836 | C11: 23.813 | D11: 26.949 | E11: 28.941 | F11: 30.543 | G11: 31.709 | H11: 32.705 | I11: 33.297 | J11: 33.718 | K11: 34.102 | L11: 34.725 | N11: 35.934 | O11: 37.542 | R11: 39.926 | T11: =R11-C11 -> 16.113
A12: 5 | B12: vodoměr č. 190907020 | C12: 121.384 | D12: 122.939 | E12: 124.656 | F12: 126.838 | G12: 128.525 | H12: 129.818 | I12: 131.679 | J12: 133.416 | K12: 135.066 | L12: 137.472 | M12: 0.01 | N12: 1.476 | O12: 2.184 | P12: 2.26 | Q12: 2.26 | R12: 3.221 | S12: =R12-M12+L12-C12 -> 19.299 | V12: 5 | W12: =D12-C12 -> 1.555 | X12: =E12-D12 -> 1.717 | Y12: =F12-E12 -> 2.182 | Z12: =G12-F12 -> 1.687 | AA12: =H12-G12 -> 1.293 | AB12: =I12-H12 -> 1.861 | AC12: =J12-I12 -> 1.737 | AD12: =K12-J12 -> 1.65 | AE12: =L12-K12 -> 2.406 | AF12: =N12-M12 -> 1.466 | AG12: =O12-N12 -> 0.708 | AH12: =R12-Q12 -> 0.961
B13: kalorimetr č. SN 34672800 | C13: 7.142 | D13: 8.051 | E13: 8.624 | F13: 9.168 | G13: 9.303 | H13: 9.418 | I13: 9.478 | J13: 9.523 | K13: 9.565 | L13: 9.648 | N13: 9.756 | O13: 9.923 | R13: 10.252 | T13: =R13-C13 -> 3.11
A14: 6 | B14: vodoměr č. 190907016 | C14: 48.514 | D14: 54.98 | E14: 60.529 | F14: 66.383 | G14: 72.638 | H14: 78.895 | I14: 84.097 | J14: 90.065 | K14: 95.889 | L14: 101.81 | M14: 0.01 | N14: 5.897 | O14: 10.919 | P14: 11.889 | Q14: 11.889 | R14: 17.566 | S14: =R14-M14+L14-C14 -> 70.852 | V14: 6 | W14: =D14-C14 -> 6.466 | X14: =E14-D14 -> 5.549 | Y14: =F14-E14 -> 5.854 | Z14: =G14-F14 -> 6.255 | AA14: =H14-G14 -> 6.257 | AB14: =I14-H14 -> 5.202 | AC14: =J14-I14 -> 5.968 | AD14: =K14-J14 -> 5.824 | AE14: =L14-K14 -> 5.921 | AF14: =N14-M14 -> 5.887 | AG14: =O14-N14 -> 5.022 | AH14: =R14-Q14 -> 5.677
B15: kalorimetr č. SN 34672833 | C15: 6.887 | D15: 9.666 | E15: 11.938 | F15: 13.408 | G15: 14.468 | H15: 15.443 | I15: 15.741 | J15: 16.089 | K15: 16.422 | L15: 16.733 | N15: 17.273 | O15: 18.621 | R15: 20.887 | T15: =R15-C15 -> 14
A16: 7 | B16: vodoměr č. 191519256 | C16: 194.543 | D16: 199.596 | E16: 204.274 | F16: 209.305 | G16: 214.088 | H16: 218.572 | I16: 222.294 | J16: 226.659 | K16: 230.921 | L16: 235.321 | M16: 0.01 | N16: 1.664 | O16: 2.526 | P16: 2.781 | Q16: 0.052 | R16: 4.419 | S16: =R16-Q16+P16-M16+L16-C16 -> 47.916 | V16: 7 | W16: =D16-C16 -> 5.053 | X16: =E16-D16 -> 4.678 | Y16: =F16-E16 -> 5.031 | Z16: =G16-F16 -> 4.783 | AA16: =H16-G16 -> 4.484 | AB16: =I16-H16 -> 3.722 | AC16: =J16-I16 -> 4.365 | AD16: =K16-J16 -> 4.262 | AE16: =L16-K16 -> 4.4 | AF16: =N16-M16 -> 1.654 | AG16: =O16-N16 -> 0.862 | AH16: =R16-Q16 -> 4.367
B17: kalorimetr č. SN 34672817 | C17: 9.756 | D17: 13.894 | E17: 15.755 | F17: 17.314 | G17: 17.877 | H17: 18.416 | I17: 18.703 | J17: 19.032 | K17: 19.339 | L17: 19.655 | N17: 20.159 | O17: 21.982 | R17: 25.278 | T17: =R17-C17 -> 15.522
A18: 8 | B18: vodoměr č. 190907024 | C18: 197.581 | D18: 205.242 | E18: 212.35 | F18: 221.441 | G18: 231.491 | H18: 241.181 | I18: 250.099 | J18: 261.313 | K18: 272.972 | L18: 284.155 | M18: 0.01 | N18: 8.431 | O18: 18.282 | P18: 20.514 | Q18: 20.514 | R18: 29.399 | S18: =R18-M18+L18-C18 -> 115.963 | V18: 8 | W18: =D18-C18 -> 7.661 | X18: =E18-D18 -> 7.108 | Y18: =F18-E18 -> 9.091 | Z18: =G18-F18 -> 10.05 | AA18: =H18-G18 -> 9.69 | AB18: =I18-H18 -> 8.918 | AC18: =J18-I18 -> 11.214 | AD18: =K18-J18 -> 11.659 | AE18: =L18-K18 -> 11.183 | AF18: =N18-M18 -> 8.421 | AG18: =O18-N18 -> 9.851 | AH18: =R18-Q18 -> 8.885
B19: kalorimetr č. SN 34672810 | C19: 63.1 | D19: 69.347 | E19: 72.121 | F19: 73.796 | G19: 75.206 | H19: 76.017 | I19: 76.45 | J19: 76.974 | K19: 77.536 | L19: 78.214 | N19: 81.528 | O19: 86.447 | R19: 92.554 | T19: =R19-C19 -> 29.454
A20: 9 | B20: vodoměr č. 191519266 | C20: 324.33 | D20: 331.755 | E20: 338.952 | F20: 344.767 | G20: 351.689 | H20: 359.51 | I20: 363.303 | J20: 367.733 | K20: 372.119 | L20: 378.481 | M20: 0.01 | N20: 3.613 | O20: 6.464 | P20: 7.007 | Q20: 0.046 | R20: 7.814 | S20: =R20-Q20+P20-M20+L20-C20 -> 68.916 | V20: 9 | W20: =D20-C20 -> 7.425 | X20: =E20-D20 -> 7.197 | Y20: =F20-E20 -> 5.815 | Z20: =G20-F20 -> 6.922 | AA20: =H20-G20 -> 7.821 | AB20: =I20-H20 -> 3.793 | AC20: =J20-I20 -> 4.43 | AD20: =K20-J20 -> 4.386 | AE20: =L20-K20 -> 6.362 | AF20: =N20-M20 -> 3.603 | AG20: =O20-N20 -> 2.851 | AH20: =R20-Q20 -> 7.768
B21: kalorimetr č. SN 34672824 | C21: 36.144 | D21: 41.286 | E21: 44.518 | F21: 46.87 | G21: 48.014 | H21: 49.194 | I21: 49.409 | J21: 49.652 | K21: 49.911 | L21: 50.296 | N21: 51.973 | O21: 55.082 | R21: 59.373 | T21: =R21-C21 -> 23.229
A22: 10 | B22: vodoměr č. 190907019 | C22: 361.08 | D22: 368.473 | E22: 374.703 | F22: 381.582 | G22: 387.164 | H22: 394.669 | I22: 402.411 | J22: 407.328 | K22: 413.416 | L22: 421.007 | M22: 0.01 | N22: 7.148 | O22: 13.144 | P22: 14.391 | Q22: 14.391 | R22: 24.46 | S22: =R22-M22+L22-C22 -> 84.377 | V22: 10 | W22: =D22-C22 -> 7.393 | X22: =E22-D22 -> 6.23 | Y22: =F22-E22 -> 6.879 | Z22: =G22-F22 -> 5.582 | AA22: =H22-G22 -> 7.505 | AB22: =I22-H22 -> 7.742 | AC22: =J22-I22 -> 4.917 | AD22: =K22-J22 -> 6.088 | AE22: =L22-K22 -> 7.591 | AF22: =N22-M22 -> 7.138 | AG22: =O22-N22 -> 5.996 | AH22: =R22-Q22 -> 10.069
B23: kalorimetr č. SN 34672832 | C23: 25.95 | D23: 30.409 | E23: 33.592 | F23: 35.704 | G23: 36.518 | H23: 37.078 | I23: 37.414 | J23: 37.588 | K23: 37.825 | L23: 38.202 | N23: 38.979 | O23: 41.569 | R23: 45.445 | T23: =R23-C23 -> 19.495
S24: =SUM(S4:S23) -> 746.649 | T24: =SUM(T4:T23) -> 188.882
A25: spol.spotř. | B25: elektroměr č. 72371793 | C25: 34280 | D25: 34511 | E25: 34748 | F25: 34968 | G25: 35199 | H25: 35433 | I25: 35625 | J25: 35845 | K25: 36086 | L25: 36295 | N25: 36527 | O25: 36740 | R25: 37015 | U25: =R25-C25 -> 2735
B26: patní vodoměr č. 190976786 | C26: 2352.2 | D26: 2426.5 | E26: 2493.7 | F26: 2565.4 | G26: 2640.6 | H26: 2714 | I26: 2772.1 | J26: 2831 | K26: 2895.3 | L26: 2966.1 | M26: 0 | N26: 61.4 | O26: 125.8 | P26: 139.4 | Q26: 139.4 | R26: 210.3 | S26: =R26-M26+L26-C26 -> 824.2
B27: patní kalorimetr č. / MWh | C27: 157.47 | D27: 170.11 | E27: 178.27 | F27: 184.1 | G27: 187.63 | H27: 190.67 | I27: 191.92 | J27: 193.15 | K27: 194.41 | L27: 195.91 | N27: 199.75 | O27: 207.09 | R27: 217.63 | T27: =(R27-C27)*3.6 -> 216.576
B28: patní kalorimetr č./kub.m | C28: 8991 | D28: 9472 | E28: 9744 | F28: 9934 | G28: 10066 | H28: 10189 | I28: 10250 | J28: 10314 | K28: 10380 | L28: 10450 | N28: 10589 | O28: 10820 | R28: 11150
A29: ='1854'!A29 -> Fakturační vodoměr: 02343759 | C29: ='1854'!C29 -> 18371 | D29: ='1854'!D29 -> 18663.4 | E29: ='1854'!E29 -> 18931.2 | F29: ='1854'!F29 -> 19208.5 | G29: ='1854'!G29 -> 19505.5 | H29: ='1854'!H29 -> 19795.5 | I29: ='1854'!I29 -> 20033.7 | J29: ='1854'!J29 -> 20265 | ... L29: ='1854'!L29 -> 20786.5 | N29: ='1854'!N29 -> 21062.5 | O29: ='1854'!O29 -> 21335.6 | R29: ='1854'!R29 -> 21658.9 | S29: =R29-C29 -> 3287.9
D31: modře - žádný nárůst | I31: Dne 4.10.2019 výměna vodoměrů - byty + pata
I32: Odečty vody za září jsou ze dne výměny 4.10.
I33: Dne 5.12.2019 výměna vadných vodoměrů

Sheet 1857
A2: 1857 | C2: ='1850'!C2 -> 43466 | D2: ='1850'!D2 -> 43497 | E2: ='1850'!E2 -> 43526 | F2: ='1850'!F2 -> 43556 | G2: ='1850'!G2 -> 43588 | H2: ='1850'!H2 -> 43620 | I2: ='1850'!I2 -> 43647 | J2: ='1850'!J2 -> 43678 | ... R2: ='1850'!R2 -> 43831 | S2: voda | T2: teplo | U2: elektr | AA2: spotřeby po měsících starý vodoměr | AG2: spotřeby nový vodoměr
A3: byt č. | C3: prosinec | D3: leden | E3: únor | F3: březen | G3: duben | H3: květen | I3: červen | J3: červenec | K3: srpen | L3: září | M3: nový vod. | N3: říjen | O3: listopad | P3: výměna | Q3: nový vod. | R3: prosinec | S3: m3 | T3: GJ | U3: KWh | V3: byt | W3: leden | X3: únor | Y3: březen | Z3: duben | AA3: květen | AB3: červen | AC3: červenec | AD3: srpen | AE3: září | AF3: říjen | AG3: listopad | AH3: prosinec
A4: 1 | B4: vodoměr č. 190907022 | C4: 108.895 | D4: 112.835 | E4: 117.65 | F4: 122.55 | G4: 128.129 | H4: 132.344 | I4: 135.558 | J4: 141.24 | K4: 146.724 | L4: 150.403 | M4: 0.02 | N4: 3.414 | O4: 7.77 | P4: 8.386 | Q4: 8.386 | R4: 12.876 | S4: =R4-M4+L4-C4 -> 54.364 | V4: 1 | W4: =D4-C4 -> 3.94 | X4: =E4-D4 -> 4.815 | Y4: =F4-E4 -> 4.9 | Z4: =G4-F4 -> 5.579 | AA4: =H4-G4 -> 4.215 | AB4: =I4-H4 -> 3.214 | AC4: =J4-I4 -> 5.682 | AD4: =K4-J4 -> 5.484 | AE4: =L4-K4 -> 3.679 | AF4: =N4-M4 -> 3.394 | AG4: =O4-N4 -> 4.356 | AH4: =R4-Q4 -> 4.49
B5: kalorimetr č. SN 34672828 | C5: 46.679 | D5: 53.718 | E5: 59 | F5: 62.622 | G5: 64.976 | H5: 66.739 | I5: 67.019 | J5: 67.44 | K5: 67.824 | L5: 68.362 | N5: 70.617 | O5: 74.176 | R5: 79.221 | T5: =R5-C5 -> 32.542
A6: 2 | B6: vodoměr č. 191519284 | C6: 272.278 | D6: 275.584 | E6: 278.654 | F6: 281.892 | G6: 285.422 | H6: 288.618 | I6: 291.565 | J6: 294.569 | K6: 298.063 | L6: 301.557 | M6: 0.01 | N6: 0.53 | O6: 0.692 | P6: 0.711 | Q6: 0.028 | R6: 3.015 | S6: =R6-Q6+P6-M6+L6-C6 -> 32.967 | V6: 2 | W6: =D6-C6 -> 3.306 | X6: =E6-D6 -> 3.07 | Y6: =F6-E6 -> 3.238 | Z6: =G6-F6 -> 3.53 | AA6: =H6-G6 -> 3.196 | AB6: =I6-H6 -> 2.947 | AC6: =J6-I6 -> 3.004 | AD6: =K6-J6 -> 3.494 | AE6: =L6-K6 -> 3.494 | AF6: =N6-M6 -> 0.52 | AG6: =O6-N6 -> 0.162 | AH6: =R6-Q6 -> 2.987
B7: kalorimetr č. SN 34672811 | C7: 8.945 | D7: 10.364 | E7: 11.173 | F7: 11.726 | G7: 12.111 | H7: 12.434 | I7: 12.647 | J7: 12.885 | K7: 13.147 | L7: 13.388 | N7: 13.781 | O7: 14.69 | R7: 15.776 | T7: =R7-C7 -> 6.831
A8: 3 | B8: vodoměr č. 191519282 | C8: 827.078 | D8: 845.377 | E8: 862.158 | F8: 878.909 | G8: 894.424 | H8: 911.179 | I8: 927.281 | J8: 934.996 | K8: 944.328 | L8: 962.37 | M8: 0.01 | N8: 1.513 | O8: 1.791 | P8: 1.834 | Q8: 0.056 | R8: 16.167 | S8: =R8-Q8+P8-M8+L8-C8 -> 153.227 | V8: 3 | W8: =D8-C8 -> 18.299 | X8: =E8-D8 -> 16.781 | Y8: =F8-E8 -> 16.751 | Z8: =G8-F8 -> 15.515 | AA8: =H8-G8 -> 16.755 | AB8: =I8-H8 -> 16.102 | AC8: =J8-I8 -> 7.715 | AD8: =K8-J8 -> 9.332 | AE8: =L8-K8 -> 18.042 | AF8: =N8-M8 -> 1.503 | AG8: =O8-N8 -> 0.278 | AH8: =R8-Q8 -> 16.111
B9: kalorimetr č. SN 34672803 | C9: 41.55 | D9: 47.134 | E9: 51.75 | F9: 55.148 | G9: 57.773 | H9: 59.954 | I9: 60.39 | J9: 60.568 | K9: 60.746 | L9: 61.42 | N9: 63.749 | O9: 66.861 | R9: 71.879 | T9: =R9-C9 -> 30.329
A10: 4 | B10: vodoměr č. 190907009 | C10: 87.105 | D10: 90.436 | E10: 92.516 | F10: 96.229 | G10: 99.24 | H10: 101.734 | I10: 105.212 | J10: 107.845 | K10: 110.57 | L10: 114.61 | M10: 0.01 | N10: 3.7 | O10: 6.433 | P10: 6.873 | Q10: 6.873 | R10: 8.033 | S10: =R10-M10+L10-C10 -> 35.528 | V10: 4 | W10: =D10-C10 -> 3.331 | X10: =E10-D10 -> 2.08 | Y10: =F10-E10 -> 3.713 | Z10: =G10-F10 -> 3.011 | AA10: =H10-G10 -> 2.494 | AB10: =I10-H10 -> 3.478 | AC10: =J10-I10 -> 2.633 | AD10: =K10-J10 -> 2.725 | AE10: =L10-K10 -> 4.04 | AF10: =N10-M10 -> 3.69 | AG10: =O10-N10 -> 2.733 | AH10: =R10-Q10 -> 1.16
B11: kalorimetr č. SN 34672807 | C11: 16.425 | D11: 19.17 | E11: 20.189 | F11: 21.573 | G11: 21.899 | H11: 22.075 | I11: 22.251 | J11: 22.364 | K11: 22.466 | L11: 22.698 | N11: 23.356 | O11: 24.842 | R11: 26.682 | T11: =R11-C11 -> 10.257
A12: 5 | B12: vodoměr č. 191519276 | C12: 339.539 | D12: 346.486 | E12: 353.333 | F12: 359.622 | G12: 367.282 | H12: 373.955 | I12: 380.634 | J12: 389.087 | K12: 397.963 | L12: 406.35 | M12: 0.01 | N12: 0.695 | O12: 0.697 | P12: 0.697 | Q12: 0.045 | R12: 7.065 | S12: =R12-Q12+P12-M12+L12-C12 -> 74.518 | V12: 5 | W12: =D12-C12 -> 6.947 | X12: =E12-D12 -> 6.847 | Y12: =F12-E12 -> 6.289 | Z12: =G12-F12 -> 7.66 | AA12: =H12-G12 -> 6.673 | AB12: =I12-H12 -> 6.679 | AC12: =J12-I12 -> 8.453 | AD12: =K12-J12 -> 8.876 | AE12: =L12-K12 -> 8.387 | AF12: =N12-M12 -> 0.685 | AG12: =O12-N12 -> 0.002 | AH12: =R12-Q12 -> 7.02
B13: kalorimetr č. SN 34672838 | C13: 23.441 | D13: 26.498 | E13: 28.245 | F13: 29.574 | G13: 30.45 | H13: 31.318 | I13: 31.731 | J13: 32.218 | K13: 32.708 | L13: 33.287 | N13: 34.341 | O13: 36.256 | R13: 39.087 | T13: =R13-C13 -> 15.646
A14: 6 | B14: vodoměr č. 191519285 | C14: 57.308 | D14: 64.547 | E14: 69.663 | F14: 75.59 | G14: 83.095 | H14: 89.459 | I14: 95.029 | J14: 103.789 | K14: 112.787 | L14: 118.097 | M14: 0.01 | N14: 0.141 | O14: 0.146 | P14: 0.144 | Q14: 0.037 | R14: 6.471 | S14: =R14-Q14+P14-M14+L14-C14 -> 67.357 | V14: 6 | W14: =D14-C14 -> 7.239 | X14: =E14-D14 -> 5.116 | Y14: =F14-E14 -> 5.927 | Z14: =G14-F14 -> 7.505 | AA14: =H14-G14 -> 6.364 | AB14: =I14-H14 -> 5.57 | AC14: =J14-I14 -> 8.76 | AD14: =K14-J14 -> 8.998 | AE14: =L14-K14 -> 5.31 | AF14: =N14-M14 -> 0.131 | AG14: =O14-N14 -> 0.005 | AH14: =R14-Q14 -> 6.434
B15: kalorimetr č. SN 34672805 | C15: 19.413 | D15: 22.697 | E15: 25.222 | F15: 27.023 | G15: 27.622 | H15: 28.098 | I15: 28.445 | J15: 28.952 | K15: 29.495 | L15: 29.85 | N15: 30.399 | O15: 33.035 | R15: 35.508 | T15: =R15-C15 -> 16.095
A16: 7 | B16: vodoměr č. 191519267 | C16: 564.628 | D16: 576.208 | E16: 586.068 | F16: 597.65 | G16: 611.799 | H16: 623.608 | I16: 635.211 | J16: 644.28 | K16: 654.146 | L16: 666.806 | M16: 0.01 | N16: 2.687 | O16: 4.453 | P16: 4.894 | Q16: 0.017 | R16: 11.163 | S16: =R16-Q16+P16-M16+L16-C16 -> 118.208 | V16: 7 | W16: =D16-C16 -> 11.58 | X16: =E16-D16 -> 9.86 | Y16: =F16-E16 -> 11.582 | Z16: =G16-F16 -> 14.149 | AA16: =H16-G16 -> 11.809 | AB16: =I16-H16 -> 11.603 | AC16: =J16-I16 -> 9.069 | AD16: =K16-J16 -> 9.866 | AE16: =L16-K16 -> 12.66 | AF16: =N16-M16 -> 2.677 | AG16: =O16-N16 -> 1.766 | AH16: =R16-Q16 -> 11.146
B17: kalorimetr č. SN 34672821 | C17: 49.595 | D17: 57.559 | E17: 62.668 | F17: 67.312 | G17: 69.676 | H17: 71.492 | I17: 72.199 | J17: 72.716 | K17: 73.317 | L17: 74.229 | N17: 77.098 | O17: 82.423 | R17: 88.898 | T17: =R17-C17 -> 39.303
A18: 8 | B18: vodoměr č. 190907014 | C18: 458.094 | D18: 468.501 | E18: 477.462 | F18: 485.633 | G18: 494.265 | H18: 502.995 | I18: 509.031 | J18: 512.835 | K18: 519.29 | L18: 525.799 | M18: 0.01 | N18: 7.05 | O18: 14.737 | P18: 16.383 | Q18: 16.383 | R18: 23.711 | S18: =R18-M18+L18-C18 -> 91.406 | V18: 8 | W18: =D18-C18 -> 10.407 | X18: =E18-D18 -> 8.961 | Y18: =F18-E18 -> 8.171 | Z18: =G18-F18 -> 8.632 | AA18: =H18-G18 -> 8.73 | AB18: =I18-H18 -> 6.036 | AC18: =J18-I18 -> 3.804 | AD18: =K18-J18 -> 6.455 | AE18: =L18-K18 -> 6.509 | AF18: =N18-M18 -> 7.04 | AG18: =O18-N18 -> 7.687 | AH18: =R18-Q18 -> 7.328
B19: kalorimetr č. SN 34672820 | C19: 18.349 | D19: 20.798 | E19: 22.155 | F19: 22.953 | G19: 23.536 | H19: 24.035 | I19: 24.27 | J19: 24.442 | K19: 24.685 | L19: 24.915 | N19: 25.277 | O19: 26.345 | R19: 28.47 | T19: =R19-C19 -> 10.121
A20: 9 | B20: vodoměr č. 190907021 | C20: 130.3 | D20: 132.486 | E20: 134.338 | F20: 135.819 | G20: 137.967 | H20: 140.086 | I20: 141.808 | J20: 143.983 | K20: 145.741 | L20: 147.712 | M20: 0.01 | N20: 1.75 | O20: 3.423 | P20: 3.683 | Q20: 3.683 | R20: 5.692 | S20: =R20-M20+L20-C20 -> 23.094 | V20: 9 | W20: =D20-C20 -> 2.186 | X20: =E20-D20 -> 1.852 | Y20: =F20-E20 -> 1.481 | Z20: =G20-F20 -> 2.148 | AA20: =H20-G20 -> 2.119 | AB20: =I20-H20 -> 1.722 | AC20: =J20-I20 -> 2.175 | AD20: =K20-J20 -> 1.758 | AE20: =L20-K20 -> 1.971 | AF20: =N20-M20 -> 1.74 | AG20: =O20-N20 -> 1.673 | AH20: =R20-Q20 -> 2.009
B21: kalorimetr č. SN 34672831 | C21: 24.648 | D21: 28.194 | E21: 30.184 | F21: 31.51 | G21: 31.857 | H21: 32.186 | I21: 32.282 | J21: 32.377 | K21: 32.561 | L21: 32.755 | N21: 33.42 | O21: 35.47 | R21: 38.611 | T21: =R21-C21 -> 13.963
A22: 10 | B22: vodoměr č. 190907025 | C22: 493.807 | D22: 503.797 | E22: 511.701 | F22: 519.63 | G22: 529.913 | H22: 539.529 | I22: 545.459 | J22: 549.255 | K22: 557.179 | L22: 567.679 | M22: 0.01 | N22: 8.521 | O22: 16.061 | P22: 17.084 | Q22: 17.084 | R22: 23.395 | S22: =R22-M22+L22-C22 -> 97.257 | V22: 10 | W22: =D22-C22 -> 9.99 | X22: =E22-D22 -> 7.904 | Y22: =F22-E22 -> 7.929 | Z22: =G22-F22 -> 10.283 | AA22: =H22-G22 -> 9.616 | AB22: =I22-H22 -> 5.93 | AC22: =J22-I22 -> 3.796 | AD22: =K22-J22 -> 7.924 | AE22: =L22-K22 -> 10.5 | AF22: =N22-M22 -> 8.511 | AG22: =O22-N22 -> 7.54 | AH22: =R22-Q22 -> 6.311
B23: kalorimetr č. SN 34672825 | C23: 33.129 | D23: 38.566 | E23: 41.93 | F23: 44.257 | G23: 45.275 | H23: 45.788 | I23: 45.955 | J23: 46.038 | K23: 46.197 | L23: 46.72 | N23: 48.031 | O23: 51.06 | R23: 55.504 | T23: =R23-C23 -> 22.375
S24: =SUM(S4:S23) -> 747.926 | T24: =SUM(T4:T23) -> 197.462
A25: spol.spotř. | B25: elektroměr č. 72370868 | C25: 38231 | D25: 38532 | E25: 38952 | F25: 39289 | G25: 39600 | H25: 39950 | I25: 40211 | J25: 40496 | K25: 40815 | L25: 41079 | N25: 41339 | O25: 41564 | R25: 41829 | U25: =R25-C25 -> 3598
B26: patní vodoměr č. 190976785 | C26: 3520.4 | D26: 3603.1 | E26: 3675.1 | F26: 3750.6 | G26: 3834 | H26: 3911.8 | I26: 3980.1 | J26: 4040.2 | K26: 4110.5 | L26: 4191.2 | M26: 0 | N26: 70.9 | O26: 147.3 | P26: 162.8 | Q26: 162.8 | R26: 235.4 | S26: =R26-M26+L26-C26 -> 906.2
B27: patní kalorimetr č./MWh | C27: 172.06 | D27: 185.32 | E27: 194 | F27: 200.74 | G27: 204.88 | H27: 208.34 | I27: 209.92 | J27: 211.61 | K27: 213.33 | L27: 215.36 | N27: 219.56 | O27: 226.96 | R27: 237.45 | T27: =(R27-C27)*3.6 -> 235.404
B28: patní kalorimetr č./kub.m | C28: 9743 | D28: 10374 | E28: 10743 | F28: 11042 | G28: 11304 | H28: 11553 | I28: 11739 | J28: 11951 | K28: 12165 | L28: 12370 | N28: 12628 | O28: 12893 | R28: 13249
A29: ='1854'!A29 -> Fakturační vodoměr: 02343759 | C29: ='1854'!C29 -> 18371 | D29: ='1854'!D29 -> 18663.4 | E29: ='1854'!E29 -> 18931.2 | F29: ='1854'!F29 -> 19208.5 | G29: ='1854'!G29 -> 19505.5 | H29: ='1854'!H29 -> 19795.5 | I29: ='1854'!I29 -> 20033.7 | J29: ='1854'!J29 -> 20265 | ... L29: ='1854'!L29 -> 20786.5 | N29: ='1854'!N29 -> 21062.5 | O29: ='1854'!O29 -> 21335.6 | R29: ='1854'!R29 -> 21658.9 | S29: =R29-C29 -> 3287.9
D31: modře - žádný nárůst | I31: Dne 4.10.2019 výměna vodoměrů - byty + pata
I32: Odečty vody za září jsou ze dne výměny 4.10.
I33: Dne 5.12.2019 výměna vadných vodoměrů

Sheet S1
A1: Sumář - spotřeba leden | B1: 2019
A3: Voda - m3 | B3: 1850 | C3: 1851 | D3: 1852 | E3: 1853
A4: Náměry bytových vodoměrů | B4: ='1850'!D4-'1850'!C4+'1850'!D6-'1850'!C6+'1850'!D8-'1850'!C8+'1850'!D10-'1850'!C10+'1850'!D12-'1850'!C12+'1850'!D14-'1850'!C14+'1850'!D16-'1850'!C16+'1850'!D18-'1850'!C18+'1850'!D20-'1850'!C20+'1850'!D22-'1850'!C22 -> 65.378 | C4: ='1851'!E4-'1851'!D4+'1851'!E6-'1851'!D6+'1851'!E8-'1851'!D8+'1851'!E10-'1851'!D10+'1851'!E12-'1851'!D12+'1851'!E14-'1851'!D14+'1851'!E16-'1851'!D16+'1851'!E18-'1851'!D18+'1851'!E20-'1851'!D20+'1851'!E22-'1851'!D22+'1851'!E33-'1851'!D33+'1851'!E34-'1851'!D34+'1851'!E35-'1851'!D35+'1851'!E36-'1851'!D36+'1851'!E37-'1851'!D37+'1851'!E40-'1851'!D40+'1851'!E41-'1851'!D41+'1851'!E42-'1851'!D42+'1851'!E43-'1851'!D43+'1851'!E44-'1851'!D44+'1851'!E45-'1851'!D45+'1851'!E46-'1851'!D46+'1851'!E47-'1851'!D47+'1851'!E48-'1851'!D48+'1851'!E49-'1851'!D49 -> 103.342 | D4: ='1852'!D4-'1852'!C4+'1852'!D6-'1852'!C6+'1852'!D8-'1852'!C8+'1852'!D10-'1852'!C10+'1852'!D12-'1852'!C12+'1852'!D14-'1852'!C14+'1852'!D16-'1852'!C16+'1852'!D18-'1852'!C18+'1852'!D20-'1852'!C20+'1852'!D22-'1852'!C22 -> 71.557 | E4: ='1853'!D4-'1853'!C4+'1853'!D6-'1853'!C6+'1853'!D8-'1853'!C8+'1853'!D10-'1853'!C10+'1853'!D12-'1853'!C12+'1853'!D14-'1853'!C14+'1853'!D16-'1853'!C16+'1853'!D18-'1853'!C18+'1853'!D20-'1853'!C20+'1853'!D22-'1853'!C22+'1853'!D26-'1853'!C26 -> 77.373 | G4: =1-B4/B5 -> 0.064692418 | H4: =1-C4/C5 -> 0.071500449 | I4: =1-D4/D5 -> 0.096502525 | J4: =1-E4/E5 -> 0.070036058
A5: Patní vodoměry | B5: ='1850'!D26-'1850'!C26 -> 69.9 | C5: ='1851'!E26-'1851'!D26 -> 111.3 | D5: ='1852'!D26-'1852'!C26 -> 79.2 | E5: ='1853'!D27-'1853'!C27 -> 83.2
A6: Součet patních vodoměrů | B6: =B5+C5+D5+E5 -> 343.6 | G6: =1-B6/B7 -> -0.0058548009
A7: fakturační vodoměr | B7: ='1850'!D29-'1850'!C29 -> 341.6
A8: Teplo - GJ
A9: Náměry bytových kalorimetrů | B9: ='1850'!D5-'1850'!C5+'1850'!D7-'1850'!C7+'1850'!D9-'1850'!C9+'1850'!D11-'1850'!C11+'1850'!D13-'1850'!C13+'1850'!D15-'1850'!C15+'1850'!D17-'1850'!C17+'1850'!D19-'1850'!C19+'1850'!D21-'1850'!C21+'1850'!D23-'1850'!C23 -> 34.397 | C9: ='1851'!E5-'1851'!D5+'1851'!E7-'1851'!D7+'1851'!E9-'1851'!D9+'1851'!E11-'1851'!D11+'1851'!E13-'1851'!D13+'1851'!E15-'1851'!D15+'1851'!E17-'1851'!D17+'1851'!E19-'1851'!D19+'1851'!E21-'1851'!D21+'1851'!E23-'1851'!D23 -> 46.585 | D9: ='1852'!D5-'1852'!C5+'1852'!D7-'1852'!C7+'1852'!D9-'1852'!C9+'1852'!D11-'1852'!C11+'1852'!D13-'1852'!C13+'1852'!D15-'1852'!C15+'1852'!D17-'1852'!C17+'1852'!D19-'1852'!C19+'1852'!D21-'1852'!C21+'1852'!D23-'1852'!C23 -> 41.175 | E9: ='1853'!D5-'1853'!C5+'1853'!D7-'1853'!C7+'1853'!D9-'1853'!C9+'1853'!D11-'1853'!C11+'1853'!D13-'1853'!C13+'1853'!D15-'1853'!C15+'1853'!D17-'1853'!C17+'1853'!D19-'1853'!C19+'1853'!D21-'1853'!C21+'1853'!D23-'1853'!C23 -> 39.645 | G9: =1-B9/B10 -> 0.13766045 | H9: =1-C9/C10 -> 0.089354132 | I9: =1-D9/D10 -> 0.074635922 | J9: =1-E9/E10 -> 0.12181021
A10: Fakturační kalorimetry | B10: =('1850'!D27-'1850'!C27)*3.6 -> 39.888 | C10: =('1851'!E27-'1851'!D27)*3.6 -> 51.156 | D10: =('1852'!D27-'1852'!C27)*3.6 -> 44.496 | E10: =('1853'!D28-'1853'!C28)*3.6 -> 45.144
A11: Elektřina - kWh
A12: Elektroměr dům | B12: ='1850'!D25-'1850'!C25 -> 536 | C12: ='1851'!E24-'1851'!D24 -> 261 | D12: ='1852'!D25-'1852'!C25 -> 271 | E12: ='1853'!D24-'1853'!C24 -> 326
A14: Elektroměr areál | B14: ='1853'!D25-'1853'!C25 -> 445
A15: Vodoměr areál | B15: ='1853'!D26-'1853'!C26 -> 0
A18: Voda - m3 | B18: 1854 | C18: 1855 | D18: 1856 | E18: 1857
A19: Náměry bytových vodoměrů | B19: ='1854'!D4-'1854'!C4+'1854'!D6-'1854'!C6+'1854'!D8-'1854'!C8+'1854'!D10-'1854'!C10+'1854'!D12-'1854'!C12+'1854'!D14-'1854'!C14+'1854'!D16-'1854'!C16+'1854'!D18-'1854'!C18+'1854'!D20-'1854'!C20+'1854'!D22-'1854'!C22 -> 47.377 | C19: ='1855'!D4-'1855'!C4+'1855'!D6-'1855'!C6+'1855'!D8-'1855'!C8+'1855'!D10-'1855'!C10+'1855'!D12-'1855'!C12+'1855'!D14-'1855'!C14+'1855'!D16-'1855'!C16+'1855'!D18-'1855'!C18+'1855'!D20-'1855'!C20+'1855'!D22-'1855'!C22 -> 81.1 | D19: ='1856'!D4-'1856'!C4+'1856'!D6-'1856'!C6+'1856'!D8-'1856'!C8+'1856'!D10-'1856'!C10+'1856'!D12-'1856'!C12+'1856'!D14-'1856'!C14+'1856'!D16-'1856'!C16+'1856'!D18-'1856'!C18+'1856'!D20-'1856'!C20+'1856'!D22-'1856'!C22 -> 69.545 | E19: ='1857'!D4-'1857'!C4+'1857'!D6-'1857'!C6+'1857'!D8-'1857'!C8+'1857'!D10-'1857'!C10+'1857'!D12-'1857'!C12+'1857'!D14-'1857'!C14+'1857'!D16-'1857'!C16+'1857'!D18-'1857'!C18+'1857'!D20-'1857'!C20+'1857'!D22-'1857'!C22 -> 77.225 | G19: =1-B19/B20 -> 0.080058252 | H19: =1-C19/C20 -> 0.066743383 | I19: =1-D19/D20 -> 0.063997308 | J19: =1-E19/E20 -> 0.066203144
A20: Patní vodoměry | B20: ='1854'!D26-'1854'!C26 -> 51.5 | C20: ='1855'!D26-'1855'!C26 -> 86.9 | D20: ='1856'!D26-'1856'!C26 -> 74.3 | E20: ='1857'!D26-'1857'!C26 -> 82.7
A21: Součet patních vodoměrů | B21: =B20+C20+D20+E20 -> 295.4 | G21: =1-B21/B22 -> -0.010259918
A22: fakturační vodoměr | B22: ='1854'!D29-'1854'!C29 -> 292.4
A23: Teplo - GJ
A24: Náměry bytových kalorimetrů | B24: ='1854'!D5-'1854'!C5+'1854'!D7-'1854'!C7+'1854'!D9-'1854'!C9+'1854'!D11-'1854'!C11+'1854'!D13-'1854'!C13+'1854'!D15-'1854'!C15+'1854'!D17-'1854'!C17+'1854'!D19-'1854'!C19+'1854'!D21-'1854'!C21+'1854'!D23-'1854'!C23 -> 41.646 | C24: ='1855'!D5-'1855'!C5+'1855'!D7-'1855'!C7+'1855'!D9-'1855'!C9+'1855'!D11-'1855'!C11+'1855'!D13-'1855'!C13+'1855'!D15-'1855'!C15+'1855'!D17-'1855'!C17+'1855'!D19-'1855'!C19+'1855'!D21-'1855'!C21+'1855'!D23-'1855'!C23 -> 46.873 | D24: ='1856'!D5-'1856'!C5+'1856'!D7-'1856'!C7+'1856'!D9-'1856'!C9+'1856'!D11-'1856'!C11+'1856'!D13-'1856'!C13+'1856'!D15-'1856'!C15+'1856'!D17-'1856'!C17+'1856'!D19-'1856'!C19+'1856'!D21-'1856'!C21+'1856'!D23-'1856'!C23 -> 40.932 | E24: ='1857'!D5-'1857'!C5+'1857'!D7-'1857'!C7+'1857'!D9-'1857'!C9+'1857'!D11-'1857'!C11+'1857'!D13-'1857'!C13+'1857'!D15-'1857'!C15+'1857'!D17-'1857'!C17+'1857'!D19-'1857'!C19+'1857'!D21-'1857'!C21+'1857'!D23-'1857'!C23 -> 42.524 | G24: =1-B24/B25 -> 0.085507246 | H24: =1-C24/C25 -> -0.12827364 | I24: =1-D24/D25 -> 0.10047468 | J24: =1-E24/E25 -> 0.10918384
A25: Fakturační kalorimetry | B25: =('1854'!D27-'1854'!C27)*3.6 -> 45.54 | C25: =('1855'!D27-'1855'!C27)*3.6 -> 41.544 | D25: =('1856'!D27-'1856'!C27)*3.6 -> 45.504 | E25: =('1857'!D27-'1857'!C27)*3.6 -> 47.736
A26: Elektřina - kWh
A27: Elektroměr dům | B27: ='1854'!D25-'1854'!C25 -> 309 | C27: ='1855'!D25-'1855'!C25 -> 259 | D27: ='1856'!D25-'1856'!C25 -> 231 | E27: ='1857'!D25-'1857'!C25 -> 301

Sheet S2
A1: Sumář - spotřeba únor | B1: ='S1'!B1 -> 2019
A3: Voda - m3 | B3: 1850 | C3: 1851 | D3: 1852 | E3: 1853
A4: Náměry bytových vodoměrů | B4: ='1850'!E4-'1850'!D4+'1850'!E6-'1850'!D6+'1850'!E8-'1850'!D8+'1850'!E10-'1850'!D10+'1850'!E12-'1850'!D12+'1850'!E14-'1850'!D14+'1850'!E16-'1850'!D16+'1850'!E18-'1850'!D18+'1850'!E20-'1850'!D20+'1850'!E22-'1850'!D22 -> 54.321 | C4: ='1851'!F4-'1851'!E4+'1851'!F6-'1851'!E6+'1851'!F8-'1851'!E8+'1851'!F10-'1851'!E10+'1851'!F12-'1851'!E12+'1851'!F14-'1851'!E14+'1851'!F16-'1851'!E16+'1851'!F18-'1851'!E18+'1851'!F20-'1851'!E20+'1851'!F22-'1851'!E22+'1851'!F33-'1851'!E33+'1851'!F34-'1851'!E34+'1851'!F35-'1851'!E35+'1851'!F36-'1851'!E36+'1851'!F37-'1851'!E37+'1851'!F40-'1851'!E40+'1851'!F41-'1851'!E41+'1851'!F42-'1851'!E42+'1851'!F43-'1851'!E43+'1851'!F44-'1851'!E44+'1851'!F45-'1851'!E45+'1851'!F46-'1851'!E46+'1851'!F47-'1851'!E47+'1851'!F48-'1851'!E48+'1851'!F49-'1851'!E49 -> 91.905 | D4: ='1852'!E4-'1852'!D4+'1852'!E6-'1852'!D6+'1852'!E8-'1852'!D8+'1852'!E10-'1852'!D10+'1852'!E12-'1852'!D12+'1852'!E14-'1852'!D14+'1852'!E16-'1852'!D16+'1852'!E18-'1852'!D18+'1852'!E20-'1852'!D20+'1852'!E22-'1852'!D22 -> 69.386 | E4: ='1853'!E4-'1853'!D4+'1853'!E6-'1853'!D6+'1853'!E8-'1853'!D8+'1853'!E10-'1853'!D10+'1853'!E12-'1853'!D12+'1853'!E14-'1853'!D14+'1853'!E16-'1853'!D16+'1853'!E18-'1853'!D18+'1853'!E20-'1853'!D20+'1853'!E22-'1853'!D22+'1853'!E26-'1853'!D26 -> 73.804 | G4: =1-B4/B5 -> 0.058561525 | H4: =1-C4/C5 -> 0.065055951 | I4: =1-D4/D5 -> 0.082195767 | J4: =1-E4/E5 -> 0.064588086
A5: Patní vodoměry | B5: ='1850'!E26-'1850'!D26 -> 57.7 | C5: ='1851'!F26-'1851'!E26 -> 98.3 | D5: ='1852'!E26-'1852'!D26 -> 75.6 | E5: ='1853'!E27-'1853'!D27 -> 78.9
A6: Součet patních vodoměrů | B6: =SUM(B5:E5) -> 310.5 | G6: =1-B6/B7 -> 0.022355164
A7: fakturační vodoměr | B7: ='1850'!E29-'1850'!E33+'1850'!E32-'1850'!D29 -> 317.6
A8: Teplo - GJ
A9: Náměry bytových kalorimetrů | B9: ='1850'!E5-'1850'!D5+'1850'!E7-'1850'!D7+'1850'!E9-'1850'!D9+'1850'!E11-'1850'!D11+'1850'!E13-'1850'!D13+'1850'!E15-'1850'!D15+'1850'!E17-'1850'!D17+'1850'!E19-'1850'!D19+'1850'!E21-'1850'!D21+'1850'!E23-'1850'!D23 -> 21.748 | C9: ='1851'!F5-'1851'!E5+'1851'!F7-'1851'!E7+'1851'!F9-'1851'!E9+'1851'!F11-'1851'!E11+'1851'!F13-'1851'!E13+'1851'!F15-'1851'!E15+'1851'!F17-'1851'!E17+'1851'!F19-'1851'!E19+'1851'!F21-'1851'!E21+'1851'!F23-'1851'!E23 -> 33.562 | D9: ='1852'!E5-'1852'!D5+'1852'!E7-'1852'!D7+'1852'!E9-'1852'!D9+'1852'!E11-'1852'!D11+'1852'!E13-'1852'!D13+'1852'!E15-'1852'!D15+'1852'!E17-'1852'!D17+'1852'!E19-'1852'!D19+'1852'!E21-'1852'!D21+'1852'!E23-'1852'!D23 -> 30.428 | E9: ='1853'!E5-'1853'!D5+'1853'!E7-'1853'!D7+'1853'!E9-'1853'!D9+'1853'!E11-'1853'!D11+'1853'!E13-'1853'!D13+'1853'!E15-'1853'!D15+'1853'!E17-'1853'!D17+'1853'!E19-'1853'!D19+'1853'!E21-'1853'!D21+'1853'!E23-'1853'!D23 -> 27.015 | G9: =1-B9/B10 -> 0.17131535 | H9: =1-C9/C10 -> 0.10701362 | I9: =1-D9/D10 -> 0.087233021 | J9: =1-E9/E10 -> 0.16341509
A10: Fakturační kalorimetry | B10: =('1850'!E27-'1850'!D27)*3.6 -> 26.244 | C10: =('1851'!F27-'1851'!E27)*3.6 -> 37.584 | D10: =('1852'!E27-'1852'!D27)*3.6 -> 33.336 | E10: =('1853'!E28-'1853'!D28)*3.6 -> 32.292
A11: Elektřina -
A12: Elektroměr dům | B12: ='1850'!E25-'1850'!D25 -> 507 | C12: ='1851'!F24-'1851'!E24 -> 292 | D12: ='1852'!E25-'1852'!D25 -> 221 | E12: ='1853'!E24-'1853'!D24 -> 270
A14: Elektroměr areál | B14: ='1853'!E25-'1853'!D25 -> 382
A15: Vodoměr areál | B15: ='1853'!E26-'1853'!D26 -> 0
A18: Voda - m3 | B18: 1854 | C18: 1855 | D18: 1856 | E18: 1857
A19: Náměry bytových vodoměrů | B19: ='1854'!E4-'1854'!D4+'1854'!E6-'1854'!D6+'1854'!E8-'1854'!D8+'1854'!E10-'1854'!D10+'1854'!E12-'1854'!D12+'1854'!E14-'1854'!D14+'1854'!E16-'1854'!D16+'1854'!E18-'1854'!D18+'1854'!E20-'1854'!D20+'1854'!E22-'1854'!D22 -> 51.304 | C19: ='1855'!E4-'1855'!D4+'1855'!E6-'1855'!D6+'1855'!E8-'1855'!D8+'1855'!E10-'1855'!D10+'1855'!E12-'1855'!D12+'1855'!E14-'1855'!D14+'1855'!E16-'1855'!D16+'1855'!E18-'1855'!D18+'1855'!E20-'1855'!D20+'1855'!E22-'1855'!D22 -> 72.041 | D19: ='1856'!E4-'1856'!D4+'1856'!E6-'1856'!D6+'1856'!E8-'1856'!D8+'1856'!E10-'1856'!D10+'1856'!E12-'1856'!D12+'1856'!E14-'1856'!D14+'1856'!E16-'1856'!D16+'1856'!E18-'1856'!D18+'1856'!E20-'1856'!D20+'1856'!E22-'1856'!D22 -> 62.937 | E19: ='1857'!E4-'1857'!D4+'1857'!E6-'1857'!D6+'1857'!E8-'1857'!D8+'1857'!E10-'1857'!D10+'1857'!E12-'1857'!D12+'1857'!E14-'1857'!D14+'1857'!E16-'1857'!D16+'1857'!E18-'1857'!D18+'1857'!E20-'1857'!D20+'1857'!E22-'1857'!D22 -> 67.286 | G19: =1-B19/B20 -> 0.058642202 | H19: =1-C19/C20 -> 0.079936143 | I19: =1-D19/D20 -> 0.0634375 | J19: =1-E19/E20 -> 0.065472222
A20: Patní vodoměry | B20: ='1854'!E26-'1854'!D26 -> 54.5 | C20: ='1855'!E26-'1855'!D26 -> 78.3 | D20: ='1856'!E26-'1856'!D26 -> 67.2 | E20: ='1857'!E26-'1857'!D26 -> 72
A21: Součet patních vodoměrů | B21: =SUM(B20:E20) -> 272 | G21: =1-B21/B22 -> -0.015683346
A22: fakturační vodoměr | B22: ='1854'!E29-'1854'!D29 -> 267.8
A23: Teplo - GJ
A24: Náměry bytových kalorimetrů | B24: ='1854'!E5-'1854'!D5+'1854'!E7-'1854'!D7+'1854'!E9-'1854'!D9+'1854'!E11-'1854'!D11+'1854'!E13-'1854'!D13+'1854'!E15-'1854'!D15+'1854'!E17-'1854'!D17+'1854'!E19-'1854'!D19+'1854'!E21-'1854'!D21+'1854'!E23-'1854'!D23 -> 29.796 | C24: ='1855'!E5-'1855'!D5+'1855'!E7-'1855'!D7+'1855'!E9-'1855'!D9+'1855'!E11-'1855'!D11+'1855'!E13-'1855'!D13+'1855'!E15-'1855'!D15+'1855'!E17-'1855'!D17+'1855'!E19-'1855'!D19+'1855'!E21-'1855'!D21+'1855'!E23-'1855'!D23 -> 32.327 | D24: ='1856'!E5-'1856'!D5+'1856'!E7-'1856'!D7+'1856'!E9-'1856'!D9+'1856'!E11-'1856'!D11+'1856'!E13-'1856'!D13+'1856'!E15-'1856'!D15+'1856'!E17-'1856'!D17+'1856'!E19-'1856'!D19+'1856'!E21-'1856'!D21+'1856'!E23-'1856'!D23 -> 26.366 | E24: ='1857'!E5-'1857'!D5+'1857'!E7-'1857'!D7+'1857'!E9-'1857'!D9+'1857'!E11-'1857'!D11+'1857'!E13-'1857'!D13+'1857'!E15-'1857'!D15+'1857'!E17-'1857'!D17+'1857'!E19-'1857'!D19+'1857'!E21-'1857'!D21+'1857'!E23-'1857'!D23 -> 27.818 | G24: =1-B24/B25 -> 0.09247076 | H24: =1-C24/C25 -> 0.19464375 | I24: =1-D24/D25 -> 0.1024646 | J24: =1-E24/E25 -> 0.10976703
A25: Fakturační kalorimetry | B25: =('1854'!E27-'1854'!D27)*3.6 -> 32.832 | C25: =('1855'!E27-'1855'!D27)*3.6 -> 40.14 | D25: =('1856'!E27-'1856'!D27)*3.6 -> 29.376 | E25: =('1857'!E27-'1857'!D27)*3.6 -> 31.248
A26: Elektřina -
A27: Elektroměr dům | B27: ='1854'!E25-'1854'!D25 -> 400 | C27: ='1855'!E25-'1855'!D25 -> 424 | D27: ='1856'!E25-'1856'!D25 -> 237 | E27: ='1857'!E25-'1857'!D25 -> 420

Sheet S3
A1: Sumář - spotřeba březen | B1: ='S1'!B1 -> 2019
A3: Voda - m3 | B3: 1850 | C3: 1851 | D3: 1852 | E3: 1853
A4: Náměry bytových vodoměrů | B4: ='1850'!F4-'1850'!E4+'1850'!F6-'1850'!E6+'1850'!F8-'1850'!E8+'1850'!F10-'1850'!E10+'1850'!F12-'1850'!E12+'1850'!F14-'1850'!E14+'1850'!F16-'1850'!E16+'1850'!F18-'1850'!E18+'1850'!F20-'1850'!E20+'1850'!F22-'1850'!E22 -> 55.984 | C4: ='1851'!G4-'1851'!F4+'1851'!G6-'1851'!F6+'1851'!G8-'1851'!F8+'1851'!G10-'1851'!F10+'1851'!G12-'1851'!F12+'1851'!G14-'1851'!F14+'1851'!G16-'1851'!F16+'1851'!G18-'1851'!F18+'1851'!G20-'1851'!F20+'1851'!G22-'1851'!F22+'1851'!G33-'1851'!F33+'1851'!G34-'1851'!F34+'1851'!G35-'1851'!F35+'1851'!G36-'1851'!F36+'1851'!G37-'1851'!F37+'1851'!G40-'1851'!F40+'1851'!G41-'1851'!F41+'1851'!G42-'1851'!F42+'1851'!G43-'1851'!F43+'1851'!G44-'1851'!F44+'1851'!G45-'1851'!F45+'1851'!G46-'1851'!F46+'1851'!G47-'1851'!F47+'1851'!G48-'1851'!F48+'1851'!G49-'1851'!F49 -> 87.118 | D4: ='1852'!F4-'1852'!E4+'1852'!F6-'1852'!E6+'1852'!F8-'1852'!E8+'1852'!F10-'1852'!E10+'1852'!F12-'1852'!E12+'1852'!F14-'1852'!E14+'1852'!F16-'1852'!E16+'1852'!F18-'1852'!E18+'1852'!F20-'1852'!E20+'1852'!F22-'1852'!E22 -> 73.56 | E4: ='1853'!F4-'1853'!E4+'1853'!F6-'1853'!E6+'1853'!F8-'1853'!E8+'1853'!F10-'1853'!E10+'1853'!F12-'1853'!E12+'1853'!F14-'1853'!E14+'1853'!F16-'1853'!E16+'1853'!F18-'1853'!E18+'1853'!F20-'1853'!E20+'1853'!F22-'1853'!E22+'1853'!F26-'1853'!E26 -> 62.552 | G4: =1-B4/B5 -> 0.068485857 | H4: =1-C4/C5 -> 0.073212766 | I4: =1-D4/D5 -> 0.13458824 | J4: =1-E4/E5 -> 0.07740413
A5: Patní vodoměry | B5: ='1850'!F26-'1850'!E26 -> 60.1 | C5: ='1851'!G26-'1851'!F26 -> 94 | D5: ='1852'!F26-'1852'!E26 -> 85 | E5: ='1853'!F27-'1853'!E27 -> 67.8
A6: Součet patních vodoměrů | B6: =SUM(B5:E5) -> 306.9 | G6: =1-B6/B7 -> 0.038834951
A7: fakturační vodoměr | B7: ='1850'!F29-'1850'!E29 -> 319.3
A8: Teplo - GJ
A9: Náměry bytových kalorimetrů | B9: ='1850'!F5-'1850'!E5+'1850'!F7-'1850'!E7+'1850'!F9-'1850'!E9+'1850'!F11-'1850'!E11+'1850'!F13-'1850'!E13+'1850'!F15-'1850'!E15+'1850'!F17-'1850'!E17+'1850'!F19-'1850'!E19+'1850'!F21-'1850'!E21+'1850'!F23-'1850'!E23 -> 16.283 | C9: ='1851'!G5-'1851'!F5+'1851'!G7-'1851'!F7+'1851'!G9-'1851'!F9+'1851'!G11-'1851'!F11+'1851'!G13-'1851'!F13+'1851'!G15-'1851'!F15+'1851'!G17-'1851'!F17+'1851'!G19-'1851'!F19+'1851'!G21-'1851'!F21+'1851'!G23-'1851'!F23 -> 25.802 | D9: ='1852'!F5-'1852'!E5+'1852'!F7-'1852'!E7+'1852'!F9-'1852'!E9+'1852'!F11-'1852'!E11+'1852'!F13-'1852'!E13+'1852'!F15-'1852'!E15+'1852'!F17-'1852'!E17+'1852'!F19-'1852'!E19+'1852'!F21-'1852'!E21+'1852'!F23-'1852'!E23 -> 21.801 | E9: ='1853'!F5-'1853'!E5+'1853'!F7-'1853'!E7+'1853'!F9-'1853'!E9+'1853'!F11-'1853'!E11+'1853'!F13-'1853'!E13+'1853'!F15-'1853'!E15+'1853'!F17-'1853'!E17+'1853'!F19-'1853'!E19+'1853'!F21-'1853'!E21+'1853'!F23-'1853'!E23 -> 18.387 | G9: =1-B9/B10 -> 0.19661535 | H9: =1-C9/C10 -> 0.14777381 | I9: =1-D9/D10 -> 0.11851043 | J9: =1-E9/E10 -> 0.20070423
A10: Fakturační kalorimetry | B10: =('1850'!F27-'1850'!E27)*3.6 -> 20.268 | C10: =('1851'!G27-'1851'!F27)*3.6 -> 30.276 | D10: =('1852'!F27-'1852'!E27)*3.6 -> 24.732 | E10: =('1853'!F28-'1853'!E28)*3.6 -> 23.004
A11: Elektřina -
A12: Elektroměr dům | B12: ='1850'!F25-'1850'!E25 -> 280 | C12: ='1851'!G24-'1851'!F24 -> 274 | D12: ='1852'!F25-'1852'!E25 -> 221 | E12: ='1853'!F24-'1853'!E24 -> 241
A14: Elektroměr areál | B14: ='1853'!F25-'1853'!E25 -> 346
A15: Vodoměr areál | B15: ='1853'!F26-'1853'!E26 -> 0
A18: Voda - m3 | B18: 1854 | C18: 1855 | D18: 1856 | E18: 1857
A19: Náměry bytových vodoměrů | B19: ='1854'!F4-'1854'!E4+'1854'!F6-'1854'!E6+'1854'!F8-'1854'!E8+'1854'!F10-'1854'!E10+'1854'!F12-'1854'!E12+'1854'!F14-'1854'!E14+'1854'!F16-'1854'!E16+'1854'!F18-'1854'!E18+'1854'!F20-'1854'!E20+'1854'!F22-'1854'!E22 -> 51.568 | C19: ='1855'!F4-'1855'!E4+'1855'!F6-'1855'!E6+'1855'!F8-'1855'!E8+'1855'!F10-'1855'!E10+'1855'!F12-'1855'!E12+'1855'!F14-'1855'!E14+'1855'!F16-'1855'!E16+'1855'!F18-'1855'!E18+'1855'!F20-'1855'!E20+'1855'!F22-'1855'!E22 -> 73.906 | D19: ='1856'!F4-'1856'!E4+'1856'!F6-'1856'!E6+'1856'!F8-'1856'!E8+'1856'!F10-'1856'!E10+'1856'!F12-'1856'!E12+'1856'!F14-'1856'!E14+'1856'!F16-'1856'!E16+'1856'!F18-'1856'!E18+'1856'!F20-'1856'!E20+'1856'!F22-'1856'!E22 -> 67.381 | E19: ='1857'!F4-'1857'!E4+'1857'!F6-'1857'!E6+'1857'!F8-'1857'!E8+'1857'!F10-'1857'!E10+'1857'!F12-'1857'!E12+'1857'!F14-'1857'!E14+'1857'!F16-'1857'!E16+'1857'!F18-'1857'!E18+'1857'!F20-'1857'!E20+'1857'!F22-'1857'!E22 -> 69.981 | G19: =1-B19/B20 -> 0.060692168 | H19: =1-C19/C20 -> 0.068020177 | I19: =1-D19/D20 -> 0.060237099 | J19: =1-E19/E20 -> 0.073099338
A20: Patní vodoměry | B20: ='1854'!F26-'1854'!E26 -> 54.9 | C20: ='1855'!F26-'1855'!E26 -> 79.3 | D20: ='1856'!F26-'1856'!E26 -> 71.7 | E20: ='1857'!F26-'1857'!E26 -> 75.5
A21: Součet patních vodoměrů | B21: =SUM(B20:E20) -> 281.4 | G21: =1-B21/B22 -> -0.014785431
A22: fakturační vodoměr | B22: ='1854'!F29-'1854'!E29 -> 277.3
A23: Teplo - GJ
A24: Náměry bytových kalorimetrů | B24: ='1854'!F5-'1854'!E5+'1854'!F7-'1854'!E7+'1854'!F9-'1854'!E9+'1854'!F11-'1854'!E11+'1854'!F13-'1854'!E13+'1854'!F15-'1854'!E15+'1854'!F17-'1854'!E17+'1854'!F19-'1854'!E19+'1854'!F21-'1854'!E21+'1854'!F23-'1854'!E23 -> 23.068 | C24: ='1855'!F5-'1855'!E5+'1855'!F7-'1855'!E7+'1855'!F9-'1855'!E9+'1855'!F11-'1855'!E11+'1855'!F13-'1855'!E13+'1855'!F15-'1855'!E15+'1855'!F17-'1855'!E17+'1855'!F19-'1855'!E19+'1855'!F21-'1855'!E21+'1855'!F23-'1855'!E23 -> 25.445 | D24: ='1856'!F5-'1856'!E5+'1856'!F7-'1856'!E7+'1856'!F9-'1856'!E9+'1856'!F11-'1856'!E11+'1856'!F13-'1856'!E13+'1856'!F15-'1856'!E15+'1856'!F17-'1856'!E17+'1856'!F19-'1856'!E19+'1856'!F21-'1856'!E21+'1856'!F23-'1856'!E23 -> 18.531 | E24: ='1857'!F5-'1857'!E5+'1857'!F7-'1857'!E7+'1857'!F9-'1857'!E9+'1857'!F11-'1857'!E11+'1857'!F13-'1857'!E13+'1857'!F15-'1857'!E15+'1857'!F17-'1857'!E17+'1857'!F19-'1857'!E19+'1857'!F21-'1857'!E21+'1857'!F23-'1857'!E23 -> 21.182 | G24: =1-B24/B25 -> 0.10003121 | H24: =1-C24/C25 -> 0.19498228 | I24: =1-D24/D25 -> 0.1170669 | J24: =1-E24/E25 -> 0.12701945
A25: Fakturační kalorimetry | B25: =('1854'!F27-'1854'!E27)*3.6 -> 25.632 | C25: =('1855'!F27-'1855'!E27)*3.6 -> 31.608 | D25: =('1856'!F27-'1856'!E27)*3.6 -> 20.988 | E25: =('1857'!F27-'1857'!E27)*3.6 -> 24.264
A26: Elektřina -
A27: Elektroměr dům | B27: ='1854'!F25-'1854'!E25 -> 274 | C27: ='1855'!F25-'1855'!E25 -> 253 | D27: ='1856'!F25-'1856'!E25 -> 220 | E27: ='1857'!F25-'1857'!E25 -> 337

Sheet S4
A1: Sumář - spotřeba duben | B1: ='S1'!B1 -> 2019
A3: Voda - m3 | B3: 1850 | C3: 1851 | D3: 1852 | E3: 1853
A4: Náměry bytových vodoměrů | B4: ='1850'!G4-'1850'!F4+'1850'!G6-'1850'!F6+'1850'!G8-'1850'!F8+'1850'!G10-'1850'!F10+'1850'!G12-'1850'!F12+'1850'!G14-'1850'!F14+'1850'!G16-'1850'!F16+'1850'!G18-'1850'!F18+'1850'!G20-'1850'!F20+'1850'!G22-'1850'!F22 -> 58.559 | C4: ='1851'!H4-'1851'!G4+'1851'!H6-'1851'!G6+'1851'!H8-'1851'!G8+'1851'!H10-'1851'!G10+'1851'!H12-'1851'!G12+'1851'!H14-'1851'!G14+'1851'!H16-'1851'!G16+'1851'!H18-'1851'!G18+'1851'!H20-'1851'!G20+'1851'!H22-'1851'!G22+'1851'!H33-'1851'!G33+'1851'!H34-'1851'!G34+'1851'!H35-'1851'!G35+'1851'!H36-'1851'!G36+'1851'!H37-'1851'!G37+'1851'!H40-'1851'!G40+'1851'!H41-'1851'!G41+'1851'!H42-'1851'!G42+'1851'!H43-'1851'!G43+'1851'!H44-'1851'!G44+'1851'!H45-'1851'!G45+'1851'!H46-'1851'!G46+'1851'!H47-'1851'!G47+'1851'!H48-'1851'!G48+'1851'!H49-'1851'!G49 -> 98.15 | D4: ='1852'!G4-'1852'!F4+'1852'!G6-'1852'!F6+'1852'!G8-'1852'!F8+'1852'!G10-'1852'!F10+'1852'!G12-'1852'!F12+'1852'!G14-'1852'!F14+'1852'!G16-'1852'!F16+'1852'!G18-'1852'!F18+'1852'!G20-'1852'!F20+'1852'!G22-'1852'!F22 -> 76.368 | E4: ='1853'!G4-'1853'!F4+'1853'!G6-'1853'!F6+'1853'!G8-'1853'!F8+'1853'!G10-'1853'!F10+'1853'!G12-'1853'!F12+'1853'!G14-'1853'!F14+'1853'!G16-'1853'!F16+'1853'!G18-'1853'!F18+'1853'!G20-'1853'!F20+'1853'!G22-'1853'!F22+'1853'!G26-'1853'!F26 -> 82.621 | G4: =1-B4/B5 -> 0.077811024 | H4: =1-C4/C5 -> 0.068785579 | I4: =1-D4/D5 -> 0.12422018 | J4: =1-E4/E5 -> 0.063253968
A5: Patní vodoměry | B5: ='1850'!G26-'1850'!F26 -> 63.5 | C5: ='1851'!H26-'1851'!G26 -> 105.4 | D5: ='1852'!G26-'1852'!F26 -> 87.2 | E5: ='1853'!G27-'1853'!F27 -> 88.2
A6: Součet patních vodoměrů | B6: =SUM(B5:E5) -> 344.3 | G6: =1-B6/B7 -> 0.045467147
A7: fakturační vodoměr | B7: ='1850'!G29-'1850'!F29 -> 360.7
A8: Teplo - GJ
A9: Náměry bytových kalorimetrů | B9: ='1850'!G5-'1850'!F5+'1850'!G7-'1850'!F7+'1850'!G9-'1850'!F9+'1850'!G11-'1850'!F11+'1850'!G13-'1850'!F13+'1850'!G15-'1850'!F15+'1850'!G17-'1850'!F17+'1850'!G19-'1850'!F19+'1850'!G21-'1850'!F21+'1850'!G23-'1850'!F23 -> 8.445 | C9: ='1851'!H5-'1851'!G5+'1851'!H7-'1851'!G7+'1851'!H9-'1851'!G9+'1851'!H11-'1851'!G11+'1851'!H13-'1851'!G13+'1851'!H15-'1851'!G15+'1851'!H17-'1851'!G17+'1851'!H19-'1851'!G19+'1851'!H21-'1851'!G21+'1851'!H23-'1851'!G23 -> 17.557 | D9: ='1852'!G5-'1852'!F5+'1852'!G7-'1852'!F7+'1852'!G9-'1852'!F9+'1852'!G11-'1852'!F11+'1852'!G13-'1852'!F13+'1852'!G15-'1852'!F15+'1852'!G17-'1852'!F17+'1852'!G19-'1852'!F19+'1852'!G21-'1852'!F21+'1852'!G23-'1852'!F23 -> 13.112 | E9: ='1853'!G5-'1853'!F5+'1853'!G7-'1853'!F7+'1853'!G9-'1853'!F9+'1853'!G11-'1853'!F11+'1853'!G13-'1853'!F13+'1853'!G15-'1853'!F15+'1853'!G17-'1853'!F17+'1853'!G19-'1853'!F19+'1853'!G21-'1853'!F21+'1853'!G23-'1853'!F23 -> 9.703 | G9: =1-B9/B10 -> 0.28914141 | H9: =1-C9/C10 -> 0.21212529 | I9: =1-D9/D10 -> 0.14300654 | J9: =1-E9/E10 -> 0.3193743
A10: Fakturační kalorimetry | B10: =('1850'!G27-'1850'!F27)*3.6 -> 11.88 | C10: =('1851'!H27-'1851'!G27)*3.6 -> 22.284 | D10: =('1852'!G27-'1852'!F27)*3.6 -> 15.3 | E10: =('1853'!G28-'1853'!F28)*3.6 -> 14.256
A11: Elektřina -
A12: Elektroměr dům | B12: ='1850'!G25-'1850'!F25 -> 293 | C12: ='1851'!H24-'1851'!G24 -> 270 | D12: ='1852'!G25-'1852'!F25 -> 245 | E12: ='1853'!G24-'1853'!F24 -> 316
A14: Elektroměr areál | B14: ='1853'!G25-'1853'!F25 -> 318
A15: Vodoměr areál | B15: ='1853'!G26-'1853'!F26 -> 15.426
A18: Voda - m3 | B18: 1854 | C18: 1855 | D18: 1856 | E18: 1857
A19: Náměry bytových vodoměrů | B19: ='1854'!G4-'1854'!F4+'1854'!G6-'1854'!F6+'1854'!G8-'1854'!F8+'1854'!G10-'1854'!F10+'1854'!G12-'1854'!F12+'1854'!G14-'1854'!F14+'1854'!G16-'1854'!F16+'1854'!G18-'1854'!F18+'1854'!G20-'1854'!F20+'1854'!G22-'1854'!F22 -> 55.193 | C19: ='1855'!G4-'1855'!F4+'1855'!G6-'1855'!F6+'1855'!G8-'1855'!F8+'1855'!G10-'1855'!F10+'1855'!G12-'1855'!F12+'1855'!G14-'1855'!F14+'1855'!G16-'1855'!F16+'1855'!G18-'1855'!F18+'1855'!G20-'1855'!F20+'1855'!G22-'1855'!F22 -> 78.59 | D19: ='1856'!G4-'1856'!F4+'1856'!G6-'1856'!F6+'1856'!G8-'1856'!F8+'1856'!G10-'1856'!F10+'1856'!G12-'1856'!F12+'1856'!G14-'1856'!F14+'1856'!G16-'1856'!F16+'1856'!G18-'1856'!F18+'1856'!G20-'1856'!F20+'1856'!G22-'1856'!F22 -> 70.3 | E19: ='1857'!G4-'1857'!F4+'1857'!G6-'1857'!F6+'1857'!G8-'1857'!F8+'1857'!G10-'1857'!F10+'1857'!G12-'1857'!F12+'1857'!G14-'1857'!F14+'1857'!G16-'1857'!F16+'1857'!G18-'1857'!F18+'1857'!G20-'1857'!F20+'1857'!G22-'1857'!F22 -> 78.012 | G19: =1-B19/B20 -> 0.064525424 | H19: =1-C19/C20 -> 0.072136954 | I19: =1-D19/D20 -> 0.065159574 | J19: =1-E19/E20 -> 0.064604317
A20: Patní vodoměry | B20: ='1854'!G26-'1854'!F26 -> 59 | C20: ='1855'!G26-'1855'!F26 -> 84.7 | D20: ='1856'!G26-'1856'!F26 -> 75.2 | E20: ='1857'!G26-'1857'!F26 -> 83.4
A21: Součet patních vodoměrů | B21: =SUM(B20:E20) -> 302.3 | G21: =1-B21/B22 -> -0.017845118
A22: fakturační vodoměr | B22: ='1854'!G29-'1854'!F29 -> 297
A23: Teplo - GJ
A24: Náměry bytových kalorimetrů | B24: ='1854'!G5-'1854'!F5+'1854'!G7-'1854'!F7+'1854'!G9-'1854'!F9+'1854'!G11-'1854'!F11+'1854'!G13-'1854'!F13+'1854'!G15-'1854'!F15+'1854'!G17-'1854'!F17+'1854'!G19-'1854'!F19+'1854'!G21-'1854'!F21+'1854'!G23-'1854'!F23 -> 14.524 | C24: ='1855'!G5-'1855'!F5+'1855'!G7-'1855'!F7+'1855'!G9-'1855'!F9+'1855'!G11-'1855'!F11+'1855'!G13-'1855'!F13+'1855'!G15-'1855'!F15+'1855'!G17-'1855'!F17+'1855'!G19-'1855'!F19+'1855'!G21-'1855'!F21+'1855'!G23-'1855'!F23 -> 16.407 | D24: ='1856'!G5-'1856'!F5+'1856'!G7-'1856'!F7+'1856'!G9-'1856'!F9+'1856'!G11-'1856'!F11+'1856'!G13-'1856'!F13+'1856'!G15-'1856'!F15+'1856'!G17-'1856'!F17+'1856'!G19-'1856'!F19+'1856'!G21-'1856'!F21+'1856'!G23-'1856'!F23 -> 10.48 | E24: ='1857'!G5-'1857'!F5+'1857'!G7-'1857'!F7+'1857'!G9-'1857'!F9+'1857'!G11-'1857'!F11+'1857'!G13-'1857'!F13+'1857'!G15-'1857'!F15+'1857'!G17-'1857'!F17+'1857'!G19-'1857'!F19+'1857'!G21-'1857'!F21+'1857'!G23-'1857'!F23 -> 11.477 | G24: =1-B24/B25 -> 0.15064327 | H24: =1-C24/C25 -> 0.20876736 | I24: =1-D24/D25 -> 0.17532263 | J24: =1-E24/E25 -> 0.22993827
A25: Fakturační kalorimetry | B25: =('1854'!G27-'1854'!F27)*3.6 -> 17.1 | C25: =('1855'!G27-'1855'!F27)*3.6 -> 20.736 | D25: =('1856'!G27-'1856'!F27)*3.6 -> 12.708 | E25: =('1857'!G27-'1857'!F27)*3.6 -> 14.904
A26: Elektřina -
A27: Elektroměr dům | B27: ='1854'!G25-'1854'!F25 -> 301 | C27: ='1855'!G25-'1855'!F25 -> 286 | D27: ='1856'!G25-'1856'!F25 -> 231 | E27: ='1857'!G25-'1857'!F25 -> 311

Sheet S5
A1: Sumář - spotřeba květen | B1: ='S1'!B1 -> 2019
A3: Voda - m3 | B3: 1850 | C3: 1851 | D3: 1852 | E3: 1853
A4: Náměry bytových vodoměrů | B4: ='1850'!H4-'1850'!G4+'1850'!H6-'1850'!G6+'1850'!H8-'1850'!G8+'1850'!H10-'1850'!G10+'1850'!H12-'1850'!G12+'1850'!H14-'1850'!G14+'1850'!H16-'1850'!G16+'1850'!H18-'1850'!G18+'1850'!H20-'1850'!G20+'1850'!H22-'1850'!G22 -> 64.561 | C4: ='1851'!I4-'1851'!H4+'1851'!I6-'1851'!H6+'1851'!I8-'1851'!H8+'1851'!I10-'1851'!H10+'1851'!I12-'1851'!H12+'1851'!I14-'1851'!H14+'1851'!I16-'1851'!H16+'1851'!I18-'1851'!H18+'1851'!I20-'1851'!H20+'1851'!I22-'1851'!H22+'1851'!I33-'1851'!H33+'1851'!I34-'1851'!H34+'1851'!I35-'1851'!H35+'1851'!I36-'1851'!H36+'1851'!I37-'1851'!H37+'1851'!I40-'1851'!H40+'1851'!I41-'1851'!H41+'1851'!I42-'1851'!H42+'1851'!I43-'1851'!H43+'1851'!I44-'1851'!H44+'1851'!I45-'1851'!H45+'1851'!I46-'1851'!H46+'1851'!I47-'1851'!H47+'1851'!I48-'1851'!H48+'1851'!I49-'1851'!H49 -> 93.399 | D4: ='1852'!H4-'1852'!G4+'1852'!H6-'1852'!G6+'1852'!H8-'1852'!G8+'1852'!H10-'1852'!G10+'1852'!H12-'1852'!G12+'1852'!H14-'1852'!G14+'1852'!H16-'1852'!G16+'1852'!H18-'1852'!G18+'1852'!H20-'1852'!G20+'1852'!H22-'1852'!G22 -> 68.105 | E4: ='1853'!H4-'1853'!G4+'1853'!H6-'1853'!G6+'1853'!H8-'1853'!G8+'1853'!H10-'1853'!G10+'1853'!H12-'1853'!G12+'1853'!H14-'1853'!G14+'1853'!H16-'1853'!G16+'1853'!H18-'1853'!G18+'1853'!H20-'1853'!G20+'1853'!H22-'1853'!G22+'1853'!H26-'1853'!G26 -> 80.034 | G4: =1-B4/B5 -> 0.082940341 | H4: =1-C4/C5 -> 0.067874251 | I4: =1-D4/D5 -> 0.14440955 | J4: =1-E4/E5 -> 0.063929825
A5: Patní vodoměry | B5: ='1850'!H26-'1850'!G26 -> 70.4 | C5: ='1851'!I26-'1851'!H26 -> 100.2 | D5: ='1852'!H26-'1852'!G26 -> 79.6 | E5: ='1853'!H27-'1853'!G27 -> 85.5
A6: Součet patních vodoměrů | B6: =SUM(B5:E5) -> 335.7 | G6: =1-B6/B7 -> 0.044950213
A7: fakturační vodoměr | B7: ='1850'!H29-'1850'!G29 -> 351.5
A8: Teplo - GJ
A9: Náměry bytových kalorimetrů | B9: ='1850'!H5-'1850'!G5+'1850'!H7-'1850'!G7+'1850'!H9-'1850'!G9+'1850'!H11-'1850'!G11+'1850'!H13-'1850'!G13+'1850'!H15-'1850'!G15+'1850'!H17-'1850'!G17+'1850'!H19-'1850'!G19+'1850'!H21-'1850'!G21+'1850'!H23-'1850'!G23 -> 7.046 | C9: ='1851'!I5-'1851'!H5+'1851'!I7-'1851'!H7+'1851'!I9-'1851'!H9+'1851'!I11-'1851'!H11+'1851'!I13-'1851'!H13+'1851'!I15-'1851'!H15+'1851'!I17-'1851'!H17+'1851'!I19-'1851'!H19+'1851'!I21-'1851'!H21+'1851'!I23-'1851'!H23 -> 13.414 | D9: ='1852'!H5-'1852'!G5+'1852'!H7-'1852'!G7+'1852'!H9-'1852'!G9+'1852'!H11-'1852'!G11+'1852'!H13-'1852'!G13+'1852'!H15-'1852'!G15+'1852'!H17-'1852'!G17+'1852'!H19-'1852'!G19+'1852'!H21-'1852'!G21+'1852'!H23-'1852'!G23 -> 10.443 | E9: ='1853'!H5-'1853'!G5+'1853'!H7-'1853'!G7+'1853'!H9-'1853'!G9+'1853'!H11-'1853'!G11+'1853'!H13-'1853'!G13+'1853'!H15-'1853'!G15+'1853'!H17-'1853'!G17+'1853'!H19-'1853'!G19+'1853'!H21-'1853'!G21+'1853'!H23-'1853'!G23 -> 8.196 | G9: =1-B9/B10 -> 0.30594957 | H9: =1-C9/C10 -> 0.2636144 | I9: =1-D9/D10 -> 0.22020609 | J9: =1-E9/E10 -> 0.34765998
A10: Fakturační kalorimetry | B10: =('1850'!H27-'1850'!G27)*3.6 -> 10.152 | C10: =('1851'!I27-'1851'!H27)*3.6 -> 18.216 | D10: =('1852'!H27-'1852'!G27)*3.6 -> 13.392 | E10: =('1853'!H28-'1853'!G28)*3.6 -> 12.564
A11: Elektřina -
A12: Elektroměr dům | B12: ='1850'!H25-'1850'!G25 -> 292 | C12: ='1851'!I24-'1851'!H24 -> 254 | D12: ='1852'!H25-'1852'!G25 -> 227 | E12: ='1853'!H24-'1853'!G24 -> 274
A14: Elektroměr areál | B14: ='1853'!H25-'1853'!G25 -> 274
A15: Vodoměr areál | B15: ='1853'!H26-'1853'!G26 -> 9.012
A18: Voda - m3 | B18: 1854 | C18: 1855 | D18: 1856 | E18: 1857
A19: Náměry bytových vodoměrů | B19: ='1854'!H4-'1854'!G4+'1854'!H6-'1854'!G6+'1854'!H8-'1854'!G8+'1854'!H10-'1854'!G10+'1854'!H12-'1854'!G12+'1854'!H14-'1854'!G14+'1854'!H16-'1854'!G16+'1854'!H18-'1854'!G18+'1854'!H20-'1854'!G20+'1854'!H22-'1854'!G22 -> 55.977 | C19: ='1855'!H4-'1855'!G4+'1855'!H6-'1855'!G6+'1855'!H8-'1855'!G8+'1855'!H10-'1855'!G10+'1855'!H12-'1855'!G12+'1855'!H14-'1855'!G14+'1855'!H16-'1855'!G16+'1855'!H18-'1855'!G18+'1855'!H20-'1855'!G20+'1855'!H22-'1855'!G22 -> 75.672 | D19: ='1856'!H4-'1856'!G4+'1856'!H6-'1856'!G6+'1856'!H8-'1856'!G8+'1856'!H10-'1856'!G10+'1856'!H12-'1856'!G12+'1856'!H14-'1856'!G14+'1856'!H16-'1856'!G16+'1856'!H18-'1856'!G18+'1856'!H20-'1856'!G20+'1856'!H22-'1856'!G22 -> 68.544 | E19: ='1857'!H4-'1857'!G4+'1857'!H6-'1857'!G6+'1857'!H8-'1857'!G8+'1857'!H10-'1857'!G10+'1857'!H12-'1857'!G12+'1857'!H14-'1857'!G14+'1857'!H16-'1857'!G16+'1857'!H18-'1857'!G18+'1857'!H20-'1857'!G20+'1857'!H22-'1857'!G22 -> 71.971 | G19: =1-B19/B20 -> 0.068602329 | H19: =1-C19/C20 -> 0.079416058 | I19: =1-D19/D20 -> 0.066158038 | J19: =1-E19/E20 -> 0.074922879
A20: Patní vodoměry | B20: ='1854'!H26-'1854'!G26 -> 60.1 | C20: ='1855'!H26-'1855'!G26 -> 82.2 | D20: ='1856'!H26-'1856'!G26 -> 73.4 | E20: ='1857'!H26-'1857'!G26 -> 77.8
A21: Součet patních vodoměrů | B21: =SUM(B20:E20) -> 293.5 | G21: =1-B21/B22 -> -0.012068966
A22: fakturační vodoměr | B22: ='1854'!H29-'1854'!G29 -> 290
A23: Teplo - GJ
A24: Náměry bytových kalorimetrů | B24: ='1854'!H5-'1854'!G5+'1854'!H7-'1854'!G7+'1854'!H9-'1854'!G9+'1854'!H11-'1854'!G11+'1854'!H13-'1854'!G13+'1854'!H15-'1854'!G15+'1854'!H17-'1854'!G17+'1854'!H19-'1854'!G19+'1854'!H21-'1854'!G21+'1854'!H23-'1854'!G23 -> 12.05 | C24: ='1855'!H5-'1855'!G5+'1855'!H7-'1855'!G7+'1855'!H9-'1855'!G9+'1855'!H11-'1855'!G11+'1855'!H13-'1855'!G13+'1855'!H15-'1855'!G15+'1855'!H17-'1855'!G17+'1855'!H19-'1855'!G19+'1855'!H21-'1855'!G21+'1855'!H23-'1855'!G23 -> 14.181 | D24: ='1856'!H5-'1856'!G5+'1856'!H7-'1856'!G7+'1856'!H9-'1856'!G9+'1856'!H11-'1856'!G11+'1856'!H13-'1856'!G13+'1856'!H15-'1856'!G15+'1856'!H17-'1856'!G17+'1856'!H19-'1856'!G19+'1856'!H21-'1856'!G21+'1856'!H23-'1856'!G23 -> 8.866 | E24: ='1857'!H5-'1857'!G5+'1857'!H7-'1857'!G7+'1857'!H9-'1857'!G9+'1857'!H11-'1857'!G11+'1857'!H13-'1857'!G13+'1857'!H15-'1857'!G15+'1857'!H17-'1857'!G17+'1857'!H19-'1857'!G19+'1857'!H21-'1857'!G21+'1857'!H23-'1857'!G23 -> 8.944 | G24: =1-B24/B25 -> 0.17147965 | H24: =1-C24/C25 -> 0.22304405 | I24: =1-D24/D25 -> 0.18987573 | J24: =1-E24/E25 -> 0.28195247
A25: Fakturační kalorimetry | B25: =('1854'!H27-'1854'!G27)*3.6 -> 14.544 | C25: =('1855'!H27-'1855'!G27)*3.6 -> 18.252 | D25: =('1856'!H27-'1856'!G27)*3.6 -> 10.944 | E25: =('1857'!H27-'1857'!G27)*3.6 -> 12.456
A26: Elektřina -
A27: Elektroměr dům | B27: ='1854'!H25-'1854'!G25 -> 291 | C27: ='1855'!H25-'1855'!G25 -> 278 | D27: ='1856'!H25-'1856'!G25 -> 234 | E27: ='1857'!H25-'1857'!G25 -> 350

Sheet S6
A1: Sumář - spotřeba červen | B1: ='S1'!B1 -> 2019
A3: Voda - m3 | B3: 1850 | C3: 1851 | D3: 1852 | E3: 1853
A4: Náměry bytových vodoměrů | B4: ='1850'!I4-'1850'!H4+'1850'!I6-'1850'!H6+'1850'!I8-'1850'!H8+'1850'!I10-'1850'!H10+'1850'!I12-'1850'!H12+'1850'!I14-'1850'!H14+'1850'!I16-'1850'!H16+'1850'!I18-'1850'!H18+'1850'!I20-'1850'!H20+'1850'!I22-'1850'!H22 -> 54.455 | C4: ='1851'!J4-'1851'!I4+'1851'!J6-'1851'!I6+'1851'!J8-'1851'!I8+'1851'!J10-'1851'!I10+'1851'!J12-'1851'!I12+'1851'!J14-'1851'!I14+'1851'!J16-'1851'!I16+'1851'!J18-'1851'!I18+'1851'!J20-'1851'!I20+'1851'!J22-'1851'!I22+'1851'!J33-'1851'!I33+'1851'!J34-'1851'!I34+'1851'!J35-'1851'!I35+'1851'!J36-'1851'!I36+'1851'!J37-'1851'!I37+'1851'!J40-'1851'!I40+'1851'!J41-'1851'!I41+'1851'!J42-'1851'!I42+'1851'!J43-'1851'!I43+'1851'!J44-'1851'!I44+'1851'!J45-'1851'!I45+'1851'!J46-'1851'!I46+'1851'!J47-'1851'!I47+'1851'!J48-'1851'!I48+'1851'!J49-'1851'!I49 -> 68.166 | D4: ='1852'!I4-'1852'!H4+'1852'!I6-'1852'!H6+'1852'!I8-'1852'!H8+'1852'!I10-'1852'!H10+'1852'!I12-'1852'!H12+'1852'!I14-'1852'!H14+'1852'!I16-'1852'!H16+'1852'!I18-'1852'!H18+'1852'!I20-'1852'!H20+'1852'!I22-'1852'!H22 -> 56.438 | E4: ='1853'!I4-'1853'!H4+'1853'!I6-'1853'!H6+'1853'!I8-'1853'!H8+'1853'!I10-'1853'!H10+'1853'!I12-'1853'!H12+'1853'!I14-'1853'!H14+'1853'!I16-'1853'!H16+'1853'!I18-'1853'!H18+'1853'!I20-'1853'!H20+'1853'!I22-'1853'!H22+'1853'!I26-'1853'!H26 -> 84.268 | G4: =1-B4/B5 -> 0.06112069 | H4: =1-C4/C5 -> 0.073831522 | I4: =1-D4/D5 -> 0.17124816 | J4: =1-E4/E5 -> 0.063688889
A5: Patní vodoměry | B5: ='1850'!I26-'1850'!H26 -> 58 | C5: ='1851'!J26-'1851'!I26 -> 73.6 | D5: ='1852'!I26-'1852'!H26 -> 68.1 | E5: ='1853'!I27-'1853'!H27 -> 90
A6: Součet patních vodoměrů | B6: =SUM(B5:E5) -> 289.7 | G6: =1-B6/B7 -> 0.039456233
A7: fakturační vodoměr | B7: ='1850'!I29-'1850'!H29 -> 301.6
A8: Teplo - GJ
A9: Náměry bytových kalorimetrů | B9: ='1850'!I5-'1850'!H5+'1850'!I7-'1850'!H7+'1850'!I9-'1850'!H9+'1850'!I11-'1850'!H11+'1850'!I13-'1850'!H13+'1850'!I15-'1850'!H15+'1850'!I17-'1850'!H17+'1850'!I19-'1850'!H19+'1850'!I21-'1850'!H21+'1850'!I23-'1850'!H23 -> 3.07 | C9: ='1851'!J5-'1851'!I5+'1851'!J7-'1851'!I7+'1851'!J9-'1851'!I9+'1851'!J11-'1851'!I11+'1851'!J13-'1851'!I13+'1851'!J15-'1851'!I15+'1851'!J17-'1851'!I17+'1851'!J19-'1851'!I19+'1851'!J21-'1851'!I21+'1851'!J23-'1851'!I23 -> 4.612 | D9: ='1852'!I5-'1852'!H5+'1852'!I7-'1852'!H7+'1852'!I9-'1852'!H9+'1852'!I11-'1852'!H11+'1852'!I13-'1852'!H13+'1852'!I15-'1852'!H15+'1852'!I17-'1852'!H17+'1852'!I19-'1852'!H19+'1852'!I21-'1852'!H21+'1852'!I23-'1852'!H23 -> 4.039 | E9: ='1853'!I5-'1853'!H5+'1853'!I7-'1853'!H7+'1853'!I9-'1853'!H9+'1853'!I11-'1853'!H11+'1853'!I13-'1853'!H13+'1853'!I15-'1853'!H15+'1853'!I17-'1853'!H17+'1853'!I19-'1853'!H19+'1853'!I21-'1853'!H21+'1853'!I23-'1853'!H23 -> 2.718 | G9: =1-B9/B10 -> 0.30668473 | H9: =1-C9/C10 -> 0.38702818 | I9: =1-D9/D10 -> 0.33217593 | J9: =1-E9/E10 -> 0.47569444
A10: Fakturační kalorimetry | B10: =('1850'!I27+'1850'!M32-'1850'!H27)*3.6 -> 4.428 | C10: =('1851'!J27+'1851'!N51-'1851'!I27)*3.6 -> 7.524 | D10: =('1852'!I27+'1852'!M31-'1852'!H27)*3.6 -> 6.048 | E10: =('1853'!I28+'1853'!M32-'1853'!H28)*3.6 -> 5.184
A11: Elektřina -
A12: Elektroměr dům | B12: ='1850'!I25-'1850'!H25 -> 277 | C12: ='1851'!J24-'1851'!I24 -> 426 | D12: ='1852'!I25-'1852'!H25 -> 228 | E12: ='1853'!I24-'1853'!H24 -> 217
A14: Elektroměr areál | B14: ='1853'!I25-'1853'!H25 -> 207
A15: Vodoměr areál | B15: ='1853'!I26-'1853'!H26 -> 32.118
A18: Voda - m3 | B18: 1854 | C18: 1855 | D18: 1856 | E18: 1857
A19: Náměry bytových vodoměrů | B19: ='1854'!I4-'1854'!H4+'1854'!I6-'1854'!H6+'1854'!I8-'1854'!H8+'1854'!I10-'1854'!H10+'1854'!I12-'1854'!H12+'1854'!I14-'1854'!H14+'1854'!I16-'1854'!H16+'1854'!I18-'1854'!H18+'1854'!I20-'1854'!H20+'1854'!I22-'1854'!H22 -> 48.98 | C19: ='1855'!I4-'1855'!H4+'1855'!I6-'1855'!H6+'1855'!I8-'1855'!H8+'1855'!I10-'1855'!H10+'1855'!I12-'1855'!H12+'1855'!I14-'1855'!H14+'1855'!I16-'1855'!H16+'1855'!I18-'1855'!H18+'1855'!I20-'1855'!H20+'1855'!I22-'1855'!H22 -> 59.442 | D19: ='1856'!I4-'1856'!H4+'1856'!I6-'1856'!H6+'1856'!I8-'1856'!H8+'1856'!I10-'1856'!H10+'1856'!I12-'1856'!H12+'1856'!I14-'1856'!H14+'1856'!I16-'1856'!H16+'1856'!I18-'1856'!H18+'1856'!I20-'1856'!H20+'1856'!I22-'1856'!H22 -> 54.501 | E19: ='1857'!I4-'1857'!H4+'1857'!I6-'1857'!H6+'1857'!I8-'1857'!H8+'1857'!I10-'1857'!H10+'1857'!I12-'1857'!H12+'1857'!I14-'1857'!H14+'1857'!I16-'1857'!H16+'1857'!I18-'1857'!H18+'1857'!I20-'1857'!H20+'1857'!I22-'1857'!H22 -> 63.281 | G19: =1-B19/B20 -> 0.063479924 | H19: =1-C19/C20 -> 0.069765258 | I19: =1-D19/D20 -> 0.061944923 | J19: =1-E19/E20 -> 0.073484627
A20: Patní vodoměry | B20: ='1854'!I26-'1854'!H26 -> 52.3 | C20: ='1855'!I26-'1855'!H26 -> 63.9 | D20: ='1856'!I26-'1856'!H26 -> 58.1 | E20: ='1857'!I26-'1857'!H26 -> 68.3
A21: Součet patních vodoměrů | B21: =SUM(B20:E20) -> 242.6 | G21: =1-B21/B22 -> -0.018471872
A22: fakturační vodoměr | B22: ='1854'!I29-'1854'!H29 -> 238.2
A23: Teplo - GJ
A24: Náměry bytových kalorimetrů | B24: ='1854'!I5-'1854'!H5+'1854'!I7-'1854'!H7+'1854'!I9-'1854'!H9+'1854'!I11-'1854'!H11+'1854'!I13-'1854'!H13+'1854'!I15-'1854'!H15+'1854'!I17-'1854'!H17+'1854'!I19-'1854'!H19+'1854'!I21-'1854'!H21+'1854'!I23-'1854'!H23 -> 3.068 | C24: ='1855'!I5-'1855'!H5+'1855'!I7-'1855'!H7+'1855'!I9-'1855'!H9+'1855'!I11-'1855'!H11+'1855'!I13-'1855'!H13+'1855'!I15-'1855'!H15+'1855'!I17-'1855'!H17+'1855'!I19-'1855'!H19+'1855'!I21-'1855'!H21+'1855'!I23-'1855'!H23 -> 3.481 | D24: ='1856'!I5-'1856'!H5+'1856'!I7-'1856'!H7+'1856'!I9-'1856'!H9+'1856'!I11-'1856'!H11+'1856'!I13-'1856'!H13+'1856'!I15-'1856'!H15+'1856'!I17-'1856'!H17+'1856'!I19-'1856'!H19+'1856'!I21-'1856'!H21+'1856'!I23-'1856'!H23 -> 3.371 | E24: ='1857'!I5-'1857'!H5+'1857'!I7-'1857'!H7+'1857'!I9-'1857'!H9+'1857'!I11-'1857'!H11+'1857'!I13-'1857'!H13+'1857'!I15-'1857'!H15+'1857'!I17-'1857'!H17+'1857'!I19-'1857'!H19+'1857'!I21-'1857'!H21+'1857'!I23-'1857'!H23 -> 3.07 | G24: =1-B24/B25 -> 0.30145719 | H24: =1-C24/C25 -> 0.23258377 | I24: =1-D24/D25 -> 0.25088889 | J24: =1-E24/E25 -> 0.46026723
A25: Fakturační kalorimetry | B25: =('1854'!I27-'1854'!H27)*3.6 -> 4.392 | C25: =('1855'!I27-'1855'!H27)*3.6 -> 4.536 | D25: =('1856'!I27-'1856'!H27)*3.6 -> 4.5 | E25: =('1857'!I27-'1857'!H27)*3.6 -> 5.688
A26: Elektřina -
A27: Elektroměr dům | B27: ='1854'!I25-'1854'!H25 -> 257 | C27: ='1855'!I25-'1855'!H25 -> 216 | D27: ='1856'!I25-'1856'!H25 -> 192 | E27: ='1857'!I25-'1857'!H25 -> 261

Sheet S7
A1: Sumář - spotřeba červenec | B1: ='S1'!B1 -> 2019
A3: Voda - m3 | B3: 1850 | C3: 1851 | D3: 1852 | E3: 1853
A4: Náměry bytových vodoměrů | B4: ='1850'!J4-'1850'!I4+'1850'!J6-'1850'!I6+'1850'!J8-'1850'!I8+'1850'!J10-'1850'!I10+'1850'!J12-'1850'!I12+'1850'!J14-'1850'!I14+'1850'!J16-'1850'!I16+'1850'!J18-'1850'!I18+'1850'!J20-'1850'!I20+'1850'!J22-'1850'!I22 -> 47.774 | C4: ='1851'!K4-'1851'!J4+'1851'!K6-'1851'!J6+'1851'!K8-'1851'!J8+'1851'!K10-'1851'!J10+'1851'!K12-'1851'!J12+'1851'!K14-'1851'!J14+'1851'!K16-'1851'!J16+'1851'!K18-'1851'!J18+'1851'!K20-'1851'!J20+'1851'!K22-'1851'!J22+'1851'!K33-'1851'!J33+'1851'!K34-'1851'!J34+'1851'!K35-'1851'!J35+'1851'!K36-'1851'!J36+'1851'!K37-'1851'!J37+'1851'!K40-'1851'!J40+'1851'!K41-'1851'!J41+'1851'!K42-'1851'!J42+'1851'!K43-'1851'!J43+'1851'!K44-'1851'!J44+'1851'!K45-'1851'!J45+'1851'!K46-'1851'!J46+'1851'!K47-'1851'!J47+'1851'!K48-'1851'!J48+'1851'!K49-'1851'!J49 -> 82.745 | D4: ='1852'!J4-'1852'!I4+'1852'!J6-'1852'!I6+'1852'!J8-'1852'!I8+'1852'!J10-'1852'!I10+'1852'!J12-'1852'!I12+'1852'!J14-'1852'!I14+'1852'!J16-'1852'!I16+'1852'!J18-'1852'!I18+'1852'!J20-'1852'!I20+'1852'!J22-'1852'!I22 -> 52.899 | E4: ='1853'!J4-'1853'!I4+'1853'!J6-'1853'!I6+'1853'!J8-'1853'!I8+'1853'!J10-'1853'!I10+'1853'!J12-'1853'!I12+'1853'!J14-'1853'!I14+'1853'!J16-'1853'!I16+'1853'!J18-'1853'!I18+'1853'!J20-'1853'!I20+'1853'!J22-'1853'!I22+'1853'!J26-'1853'!I26 -> 88.211 | G4: =1-B4/B5 -> 0.091749049 | H4: =1-C4/C5 -> 0.070280899 | I4: =1-D4/D5 -> 0.19114679 | J4: =1-E4/E5 -> 0.035945355
A5: Patní vodoměry | B5: ='1850'!J26-'1850'!I26 -> 52.6 | C5: ='1851'!K26-'1851'!J26 -> 89 | D5: ='1852'!J26-'1852'!I26 -> 65.4 | E5: ='1853'!J27-'1853'!I27 -> 91.5
A6: Součet patních vodoměrů | B6: =SUM(B5:E5) -> 298.5 | G6: =1-B6/B7 -> 0.070961718
A7: fakturační vodoměr | B7: ='1850'!J29-'1850'!I29 -> 321.3
A8: Teplo - GJ
A9: Náměry bytových kalorimetrů | B9: ='1850'!J5-'1850'!I5+'1850'!J7-'1850'!I7+'1850'!J9-'1850'!I9+'1850'!J11-'1850'!I11+'1850'!J13-'1850'!I13+'1850'!J15-'1850'!I15+'1850'!J17-'1850'!I17+'1850'!J19-'1850'!I19+'1850'!J21-'1850'!I21+'1850'!J23-'1850'!I23 -> 2.815 | C9: ='1851'!K5-'1851'!J5+'1851'!K7-'1851'!J7+'1851'!K9-'1851'!J9+'1851'!K11-'1851'!J11+'1851'!K13-'1851'!J13+'1851'!K15-'1851'!J15+'1851'!K17-'1851'!J17+'1851'!K19-'1851'!J19+'1851'!K21-'1851'!J21+'1851'!K23-'1851'!J23 -> 5.56 | D9: ='1852'!J5-'1852'!I5+'1852'!J7-'1852'!I7+'1852'!J9-'1852'!I9+'1852'!J11-'1852'!I11+'1852'!J13-'1852'!I13+'1852'!J15-'1852'!I15+'1852'!J17-'1852'!I17+'1852'!J19-'1852'!I19+'1852'!J21-'1852'!I21+'1852'!J23-'1852'!I23 -> 4.082 | E9: ='1853'!J5-'1853'!I5+'1853'!J7-'1853'!I7+'1853'!J9-'1853'!I9+'1853'!J11-'1853'!I11+'1853'!J13-'1853'!I13+'1853'!J15-'1853'!I15+'1853'!J17-'1853'!I17+'1853'!J19-'1853'!I19+'1853'!J21-'1853'!I21+'1853'!J23-'1853'!I23 -> 3.188 | G9: =1-B9/B10 -> 0.4493349 | H9: =1-C9/C10 -> 0.43633414 | I9: =1-D9/D10 -> 0.42732884 | J9: =1-E9/E10 -> 0.51343101
A10: Fakturační kalorimetry | B10: =('1850'!J27-'1850'!I27)*3.6 -> 5.112 | C10: =('1851'!K27-'1851'!J27)*3.6 -> 9.864 | D10: =('1852'!J27-'1852'!I27)*3.6 -> 7.128 | E10: =('1853'!J28-'1853'!I28)*3.6 -> 6.552
A11: Elektřina -
A12: Elektroměr dům | B12: ='1850'!J25-'1850'!I25 -> 271 | C12: ='1851'!K24-'1851'!J24 -> 294 | D12: ='1852'!J25-'1852'!I25 -> 220 | E12: ='1853'!J24-'1853'!I24 -> 296
A14: Elektroměr areál | B14: ='1853'!J25-'1853'!I25 -> 245
A15: Vodoměr areál | B15: ='1853'!J26-'1853'!I26 -> 30.604
A18: Voda - m3 | B18: 1854 | C18: 1855 | D18: 1856 | E18: 1857
A19: Náměry bytových vodoměrů | B19: ='1854'!J4-'1854'!I4+'1854'!J6-'1854'!I6+'1854'!J8-'1854'!I8+'1854'!J10-'1854'!I10+'1854'!J12-'1854'!I12+'1854'!J14-'1854'!I14+'1854'!J16-'1854'!I16+'1854'!J18-'1854'!I18+'1854'!J20-'1854'!I20+'1854'!J22-'1854'!I22 -> 50.758 | C19: ='1855'!J4-'1855'!I4+'1855'!J6-'1855'!I6+'1855'!J8-'1855'!I8+'1855'!J10-'1855'!I10+'1855'!J12-'1855'!I12+'1855'!J14-'1855'!I14+'1855'!J16-'1855'!I16+'1855'!J18-'1855'!I18+'1855'!J20-'1855'!I20+'1855'!J22-'1855'!I22 -> 57.331 | D19: ='1856'!J4-'1856'!I4+'1856'!J6-'1856'!I6+'1856'!J8-'1856'!I8+'1856'!J10-'1856'!I10+'1856'!J12-'1856'!I12+'1856'!J14-'1856'!I14+'1856'!J16-'1856'!I16+'1856'!J18-'1856'!I18+'1856'!J20-'1856'!I20+'1856'!J22-'1856'!I22 -> 55.335 | E19: ='1857'!J4-'1857'!I4+'1857'!J6-'1857'!I6+'1857'!J8-'1857'!I8+'1857'!J10-'1857'!I10+'1857'!J12-'1857'!I12+'1857'!J14-'1857'!I14+'1857'!J16-'1857'!I16+'1857'!J18-'1857'!I18+'1857'!J20-'1857'!I20+'1857'!J22-'1857'!I22 -> 55.091 | G19: =1-B19/B20 -> 0.061774492 | H19: =1-C19/C20 -> 0.078279743 | I19: =1-D19/D20 -> 0.060526316 | J19: =1-E19/E20 -> 0.083344426
A20: Patní vodoměry | B20: ='1854'!J26-'1854'!I26 -> 54.1 | C20: ='1855'!J26-'1855'!I26 -> 62.2 | D20: ='1856'!J26-'1856'!I26 -> 58.9 | E20: ='1857'!J26-'1857'!I26 -> 60.1
A21: Součet patních vodoměrů | B21: =SUM(B20:E20) -> 235.3 | G21: =1-B21/B22 -> -0.017293558
A22: fakturační vodoměr | B22: ='1854'!J29-'1854'!I29 -> 231.3
A23: Teplo - GJ
A24: Náměry bytových kalorimetrů | B24: ='1854'!J5-'1854'!I5+'1854'!J7-'1854'!I7+'1854'!J9-'1854'!I9+'1854'!J11-'1854'!I11+'1854'!J13-'1854'!I13+'1854'!J15-'1854'!I15+'1854'!J17-'1854'!I17+'1854'!J19-'1854'!I19+'1854'!J21-'1854'!I21+'1854'!J23-'1854'!I23 -> 3.134 | C24: ='1855'!J5-'1855'!I5+'1855'!J7-'1855'!I7+'1855'!J9-'1855'!I9+'1855'!J11-'1855'!I11+'1855'!J13-'1855'!I13+'1855'!J15-'1855'!I15+'1855'!J17-'1855'!I17+'1855'!J19-'1855'!I19+'1855'!J21-'1855'!I21+'1855'!J23-'1855'!I23 -> 3.466 | D24: ='1856'!J5-'1856'!I5+'1856'!J7-'1856'!I7+'1856'!J9-'1856'!I9+'1856'!J11-'1856'!I11+'1856'!J13-'1856'!I13+'1856'!J15-'1856'!I15+'1856'!J17-'1856'!I17+'1856'!J19-'1856'!I19+'1856'!J21-'1856'!I21+'1856'!J23-'1856'!I23 -> 3.145 | E24: ='1857'!J5-'1857'!I5+'1857'!J7-'1857'!I7+'1857'!J9-'1857'!I9+'1857'!J11-'1857'!I11+'1857'!J13-'1857'!I13+'1857'!J15-'1857'!I15+'1857'!J17-'1857'!I17+'1857'!J19-'1857'!I19+'1857'!J21-'1857'!I21+'1857'!J23-'1857'!I23 -> 2.811 | G24: =1-B24/B25 -> 0.36455799 | H24: =1-C24/C25 -> 0.28150912 | I24: =1-D24/D25 -> 0.28974706 | J24: =1-E24/E25 -> 0.53796844
A25: Fakturační kalorimetry | B25: =('1854'!J27-'1854'!I27)*3.6 -> 4.932 | C25: =('1855'!J27-'1855'!I27)*3.6 -> 4.824 | D25: =('1856'!J27-'1856'!I27)*3.6 -> 4.428 | E25: =('1857'!J27-'1857'!I27)*3.6 -> 6.084
A26: Elektřina -
A27: Elektroměr dům | B27: ='1854'!J25-'1854'!I25 -> 275 | C27: ='1855'!J25-'1855'!I25 -> 229 | D27: ='1856'!J25-'1856'!I25 -> 220 | E27: ='1857'!J25-'1857'!I25 -> 285

Sheet S8
A1: Sumář - spotřeba srpen | B1: ='S1'!B1 -> 2019
A3: Voda - m3 | B3: 1850 | C3: 1851 | D3: 1852 | E3: 1853
A4: Náměry bytových vodoměrů | B4: ='1850'!K4-'1850'!J4+'1850'!K6-'1850'!J6+'1850'!K8-'1850'!J8+'1850'!K10-'1850'!J10+'1850'!K12-'1850'!J12+'1850'!K14-'1850'!J14+'1850'!K16-'1850'!J16+'1850'!K18-'1850'!J18+'1850'!K20-'1850'!J20+'1850'!K22-'1850'!J22 -> 45.392 | C4: ='1851'!L4-'1851'!K4+'1851'!L6-'1851'!K6+'1851'!L8-'1851'!K8+'1851'!L10-'1851'!K10+'1851'!L12-'1851'!K12+'1851'!L14-'1851'!K14+'1851'!L16-'1851'!K16+'1851'!L18-'1851'!K18+'1851'!L20-'1851'!K20+'1851'!L22-'1851'!K22+'1851'!L33-'1851'!K33+'1851'!L34-'1851'!K34+'1851'!L35-'1851'!K35+'1851'!L36-'1851'!K36+'1851'!L37-'1851'!K37+'1851'!L40-'1851'!K40+'1851'!L41-'1851'!K41+'1851'!L42-'1851'!K42+'1851'!L43-'1851'!K43+'1851'!L44-'1851'!K44+'1851'!L45-'1851'!K45+'1851'!L46-'1851'!K46+'1851'!L47-'1851'!K47+'1851'!L48-'1851'!K48+'1851'!L49-'1851'!K49 -> 83.602 | D4: ='1852'!K4-'1852'!J4+'1852'!K6-'1852'!J6+'1852'!K8-'1852'!J8+'1852'!K10-'1852'!J10+'1852'!K12-'1852'!J12+'1852'!K14-'1852'!J14+'1852'!K16-'1852'!J16+'1852'!K18-'1852'!J18+'1852'!K20-'1852'!J20+'1852'!K22-'1852'!J22 -> 45.765 | E4: ='1853'!K4-'1853'!J4+'1853'!K6-'1853'!J6+'1853'!K8-'1853'!J8+'1853'!K10-'1853'!J10+'1853'!K12-'1853'!J12+'1853'!K14-'1853'!J14+'1853'!K16-'1853'!J16+'1853'!K18-'1853'!J18+'1853'!K20-'1853'!J20+'1853'!K22-'1853'!J22+'1853'!K26-'1853'!J26 -> 77.06 | G4: =1-B4/B5 -> 0.082989899 | H4: =1-C4/C5 -> 0.071088889 | I4: =1-D4/D5 -> 0.26892971 | J4: =1-E4/E5 -> 0.052152522
A5: Patní vodoměry | B5: ='1850'!K26-'1850'!J26 -> 49.5 | C5: ='1851'!L26-'1851'!K26 -> 90 | D5: ='1852'!K26-'1852'!J26 -> 62.6 | E5: ='1853'!K27-'1853'!J27 -> 81.3
A6: Součet patních vodoměrů | B6: =SUM(B5:E5) -> 283.4 | G6: =1-B6/B7 -> 0.059096946
A7: fakturační vodoměr | B7: ='1850'!K29-'1850'!J29 -> 301.2
A8: Teplo - GJ
A9: Náměry bytových kalorimetrů | B9: ='1850'!K5-'1850'!J5+'1850'!K7-'1850'!J7+'1850'!K9-'1850'!J9+'1850'!K11-'1850'!J11+'1850'!K13-'1850'!J13+'1850'!K15-'1850'!J15+'1850'!K17-'1850'!J17+'1850'!K19-'1850'!J19+'1850'!K21-'1850'!J21+'1850'!K23-'1850'!J23 -> 2.552 | C9: ='1851'!L5-'1851'!K5+'1851'!L7-'1851'!K7+'1851'!L9-'1851'!K9+'1851'!L11-'1851'!K11+'1851'!L13-'1851'!K13+'1851'!L15-'1851'!K15+'1851'!L17-'1851'!K17+'1851'!L19-'1851'!K19+'1851'!L21-'1851'!K21+'1851'!L23-'1851'!K23 -> 5.841 | D9: ='1852'!K5-'1852'!J5+'1852'!K7-'1852'!J7+'1852'!K9-'1852'!J9+'1852'!K11-'1852'!J11+'1852'!K13-'1852'!J13+'1852'!K15-'1852'!J15+'1852'!K17-'1852'!J17+'1852'!K19-'1852'!J19+'1852'!K21-'1852'!J21+'1852'!K23-'1852'!J23 -> 4.039 | E9: ='1853'!K5-'1853'!J5+'1853'!K7-'1853'!J7+'1853'!K9-'1853'!J9+'1853'!K11-'1853'!J11+'1853'!K13-'1853'!J13+'1853'!K15-'1853'!J15+'1853'!K17-'1853'!J17+'1853'!K19-'1853'!J19+'1853'!K21-'1853'!J21+'1853'!K23-'1853'!J23 -> 3.188 | G9: =1-B9/B10 -> 0.4863124 | H9: =1-C9/C10 -> 0.42053571 | I9: =1-D9/D10 -> 0.44181868 | J9: =1-E9/E10 -> 0.53145209
A10: Fakturační kalorimetry | B10: =('1850'!K27-'1850'!J27)*3.6 -> 4.968 | C10: =('1851'!L27-'1851'!K27)*3.6 -> 10.08 | D10: =('1852'!K27-'1852'!J27)*3.6 -> 7.236 | E10: =('1853'!K28-'1853'!J28)*3.6 -> 6.804
A11: Elektřina -
A12: Elektroměr dům | B12: ='1850'!K25-'1850'!J25 -> 275 | C12: ='1851'!L24-'1851'!K24 -> 304 | D12: ='1852'!K25-'1852'!J25 -> 236 | E12: ='1853'!K24-'1853'!J24 -> 220
A14: Elektroměr areál | B14: ='1853'!K25-'1853'!J25 -> 299
A15: Vodoměr areál | B15: ='1853'!K26-'1853'!J26 -> 18.158
A18: Voda - m3 | B18: 1854 | C18: 1855 | D18: 1856 | E18: 1857
A19: Náměry bytových vodoměrů | B19: ='1854'!K4-'1854'!J4+'1854'!K6-'1854'!J6+'1854'!K8-'1854'!J8+'1854'!K10-'1854'!J10+'1854'!K12-'1854'!J12+'1854'!K14-'1854'!J14+'1854'!K16-'1854'!J16+'1854'!K18-'1854'!J18+'1854'!K20-'1854'!J20+'1854'!K22-'1854'!J22 -> 51.231 | C19: ='1855'!K4-'1855'!J4+'1855'!K6-'1855'!J6+'1855'!K8-'1855'!J8+'1855'!K10-'1855'!J10+'1855'!K12-'1855'!J12+'1855'!K14-'1855'!J14+'1855'!K16-'1855'!J16+'1855'!K18-'1855'!J18+'1855'!K20-'1855'!J20+'1855'!K22-'1855'!J22 -> 71.034 | D19: ='1856'!K4-'1856'!J4+'1856'!K6-'1856'!J6+'1856'!K8-'1856'!J8+'1856'!K10-'1856'!J10+'1856'!K12-'1856'!J12+'1856'!K14-'1856'!J14+'1856'!K16-'1856'!J16+'1856'!K18-'1856'!J18+'1856'!K20-'1856'!J20+'1856'!K22-'1856'!J22 -> 60.136 | E19: ='1857'!K4-'1857'!J4+'1857'!K6-'1857'!J6+'1857'!K8-'1857'!J8+'1857'!K10-'1857'!J10+'1857'!K12-'1857'!J12+'1857'!K14-'1857'!J14+'1857'!K16-'1857'!J16+'1857'!K18-'1857'!J18+'1857'!K20-'1857'!J20+'1857'!K22-'1857'!J22 -> 64.912 | G19: =1-B19/B20 -> 0.065127737 | H19: =1-C19/C20 -> 0.075078125 | I19: =1-D19/D20 -> 0.064758942 | J19: =1-E19/E20 -> 0.076642959
A20: Patní vodoměry | B20: ='1854'!K26-'1854'!J26 -> 54.8 | C20: ='1855'!K26-'1855'!J26 -> 76.8 | D20: ='1856'!K26-'1856'!J26 -> 64.3 | E20: ='1857'!K26-'1857'!J26 -> 70.3
A21: Součet patních vodoměrů | B21: =SUM(B20:E20) -> 266.2 | G21: =1-B21/B22 -> -0.023452518
A22: fakturační vodoměr | B22: ='1854'!K29-'1854'!J29 -> 260.1
A23: Teplo - GJ
A24: Náměry bytových kalorimetrů | B24: ='1854'!K5-'1854'!J5+'1854'!K7-'1854'!J7+'1854'!K9-'1854'!J9+'1854'!K11-'1854'!J11+'1854'!K13-'1854'!J13+'1854'!K15-'1854'!J15+'1854'!K17-'1854'!J17+'1854'!K19-'1854'!J19+'1854'!K21-'1854'!J21+'1854'!K23-'1854'!J23 -> 3.189 | C24: ='1855'!K5-'1855'!J5+'1855'!K7-'1855'!J7+'1855'!K9-'1855'!J9+'1855'!K11-'1855'!J11+'1855'!K13-'1855'!J13+'1855'!K15-'1855'!J15+'1855'!K17-'1855'!J17+'1855'!K19-'1855'!J19+'1855'!K21-'1855'!J21+'1855'!K23-'1855'!J23 -> 4.071 | D24: ='1856'!K5-'1856'!J5+'1856'!K7-'1856'!J7+'1856'!K9-'1856'!J9+'1856'!K11-'1856'!J11+'1856'!K13-'1856'!J13+'1856'!K15-'1856'!J15+'1856'!K17-'1856'!J17+'1856'!K19-'1856'!J19+'1856'!K21-'1856'!J21+'1856'!K23-'1856'!J23 -> 3.335 | E24: ='1857'!K5-'1857'!J5+'1857'!K7-'1857'!J7+'1857'!K9-'1857'!J9+'1857'!K11-'1857'!J11+'1857'!K13-'1857'!J13+'1857'!K15-'1857'!J15+'1857'!K17-'1857'!J17+'1857'!K19-'1857'!J19+'1857'!K21-'1857'!J21+'1857'!K23-'1857'!J23 -> 3.146 | G24: =1-B24/B25 -> 0.37174941 | H24: =1-C24/C25 -> 0.2560307 | I24: =1-D24/D25 -> 0.26477072 | J24: =1-E24/E25 -> 0.49192506
A25: Fakturační kalorimetry | B25: =('1854'!K27-'1854'!J27)*3.6 -> 5.076 | C25: =('1855'!K27-'1855'!J27)*3.6 -> 5.472 | D25: =('1856'!K27-'1856'!J27)*3.6 -> 4.536 | E25: =('1857'!K27-'1857'!J27)*3.6 -> 6.192
A26: Elektřina -
A27: Elektroměr dům | B27: ='1854'!K25-'1854'!J25 -> 320 | C27: ='1855'!K25-'1855'!J25 -> 276 | D27: ='1856'!K25-'1856'!J25 -> 241 | E27: ='1857'!K25-'1857'!J25 -> 319

Sheet S9
A1: Sumář - spotřeba září | B1: ='S1'!B1 -> 2019
A3: Voda - m3 | B3: 1850 | C3: 1851 | D3: 1852 | E3: 1853
A4: Náměry bytových vodoměrů | B4: ='1850'!L4-'1850'!K4+'1850'!L6-'1850'!K6+'1850'!L8-'1850'!K8+'1850'!L10-'1850'!K10+'1850'!L12-'1850'!K12+'1850'!L14-'1850'!K14+'1850'!L16-'1850'!K16+'1850'!L18-'1850'!K18+'1850'!L20-'1850'!K20+'1850'!L22-'1850'!K22 -> 53.081 | C4: ='1851'!M4-'1851'!L4+'1851'!M6-'1851'!L6+'1851'!M8-'1851'!L8+'1851'!M10-'1851'!L10+'1851'!M12-'1851'!L12+'1851'!M14-'1851'!L14+'1851'!M16-'1851'!L16+'1851'!M18-'1851'!L18+'1851'!M20-'1851'!L20+'1851'!M22-'1851'!L22+'1851'!M33-'1851'!L33+'1851'!M34-'1851'!L34+'1851'!M35-'1851'!L35+'1851'!M36-'1851'!L36+'1851'!M37-'1851'!L37+'1851'!M40-'1851'!L40+'1851'!M41-'1851'!L41+'1851'!M42-'1851'!L42+'1851'!M43-'1851'!L43+'1851'!M44-'1851'!L44+'1851'!M45-'1851'!L45+'1851'!M46-'1851'!L46+'1851'!M47-'1851'!L47+'1851'!M48-'1851'!L48+'1851'!M49-'1851'!L49 -> 93.499 | D4: ='1852'!L4-'1852'!K4+'1852'!L6-'1852'!K6+'1852'!L8-'1852'!K8+'1852'!L10-'1852'!K10+'1852'!L12-'1852'!K12+'1852'!L14-'1852'!K14+'1852'!L16-'1852'!K16+'1852'!L18-'1852'!K18+'1852'!L20-'1852'!K20+'1852'!L22-'1852'!K22 -> 54.007 | E4: ='1853'!L4-'1853'!K4+'1853'!L6-'1853'!K6+'1853'!L8-'1853'!K8+'1853'!L10-'1853'!K10+'1853'!L12-'1853'!K12+'1853'!L14-'1853'!K14+'1853'!L16-'1853'!K16+'1853'!L18-'1853'!K18+'1853'!L20-'1853'!K20+'1853'!L22-'1853'!K22+'1853'!L26-'1853'!K26 -> 72.898 | G4: =1-B4/B5 -> 0.070385289 | H4: =1-C4/C5 -> 0.06873506 | I4: =1-D4/D5 -> 0.24571229 | J4: =1-E4/E5 -> 0.049569752
A5: Patní vodoměry | B5: ='1850'!L26-'1850'!K26 -> 57.1 | C5: ='1851'!M26-'1851'!L26 -> 100.4 | D5: ='1852'!L26-'1852'!K26 -> 71.6 | E5: ='1853'!L27-'1853'!K27 -> 76.7
A6: Součet patních vodoměrů | B6: =SUM(B5:E5) -> 305.8 | G6: =1-B6/B7 -> -0.049776862
A7: fakturační vodoměr | B7: ='1850'!L29-'1850'!K29 -> 291.3
A8: Teplo - GJ
A9: Náměry bytových kalorimetrů | B9: ='1850'!L5-'1850'!K5+'1850'!L7-'1850'!K7+'1850'!L9-'1850'!K9+'1850'!L11-'1850'!K11+'1850'!L13-'1850'!K13+'1850'!L15-'1850'!K15+'1850'!L17-'1850'!K17+'1850'!L19-'1850'!K19+'1850'!L21-'1850'!K21+'1850'!L23-'1850'!K23 -> 3.121 | C9: ='1851'!M5-'1851'!L5+'1851'!M7-'1851'!L7+'1851'!M9-'1851'!L9+'1851'!M11-'1851'!L11+'1851'!M13-'1851'!L13+'1851'!M15-'1851'!L15+'1851'!M17-'1851'!L17+'1851'!M19-'1851'!L19+'1851'!M21-'1851'!L21+'1851'!M23-'1851'!L23 -> -28.349 | D9: ='1852'!L5-'1852'!K5+'1852'!L7-'1852'!K7+'1852'!L9-'1852'!K9+'1852'!L11-'1852'!K11+'1852'!L13-'1852'!K13+'1852'!L15-'1852'!K15+'1852'!L17-'1852'!K17+'1852'!L19-'1852'!K19+'1852'!L21-'1852'!K21+'1852'!L23-'1852'!K23 -> 6.889 | E9: ='1853'!L5-'1853'!K5+'1853'!L7-'1853'!K7+'1853'!L9-'1853'!K9+'1853'!L11-'1853'!K11+'1853'!L13-'1853'!K13+'1853'!L15-'1853'!K15+'1853'!L17-'1853'!K17+'1853'!L19-'1853'!K19+'1853'!L21-'1853'!K21+'1853'!L23-'1853'!K23 -> 3.599 | G9: =1-B9/B10 -> 0.42586461 | H9: =1-C9/C10 -> 3.3647814 | I9: =1-D9/D10 -> 0.30666264 | J9: =1-E9/E10 -> 0.48732194
A10: Fakturační kalorimetry | B10: =('1850'!L27-'1850'!K27)*3.6 -> 5.436 | C10: =('1851'!M27-'1851'!L27)*3.6 -> 11.988 | D10: =('1852'!L27-'1852'!K27)*3.6 -> 9.936 | E10: =('1853'!L28-'1853'!K28)*3.6 -> 7.02
A11: Elektřina -
A12: Elektroměr dům | B12: ='1850'!L25-'1850'!K25 -> 296 | C12: ='1851'!M24-'1851'!L24 -> 268 | D12: ='1852'!L25-'1852'!K25 -> 222 | E12: ='1853'!L24-'1853'!K24 -> 237
A14: Elektroměr areál | B14: ='1853'!L25-'1853'!K25 -> 320
A15: Vodoměr areál | B15: ='1853'!L26-'1853'!K26 -> 9.499
A18: Voda - m3 | B18: 1854 | C18: 1855 | D18: 1856 | E18: 1857
A19: Náměry bytových vodoměrů | B19: ='1854'!L4-'1854'!K4+'1854'!L6-'1854'!K6+'1854'!L8-'1854'!K8+'1854'!L10-'1854'!K10+'1854'!L12-'1854'!K12+'1854'!L14-'1854'!K14+'1854'!L16-'1854'!K16+'1854'!L18-'1854'!K18+'1854'!L20-'1854'!K20+'1854'!L22-'1854'!K22 -> 55.695 | C19: ='1855'!L4-'1855'!K4+'1855'!L6-'1855'!K6+'1855'!L8-'1855'!K8+'1855'!L10-'1855'!K10+'1855'!L12-'1855'!K12+'1855'!L14-'1855'!K14+'1855'!L16-'1855'!K16+'1855'!L18-'1855'!K18+'1855'!L20-'1855'!K20+'1855'!L22-'1855'!K22 -> 72.402 | D19: ='1856'!L4-'1856'!K4+'1856'!L6-'1856'!K6+'1856'!L8-'1856'!K8+'1856'!L10-'1856'!K10+'1856'!L12-'1856'!K12+'1856'!L14-'1856'!K14+'1856'!L16-'1856'!K16+'1856'!L18-'1856'!K18+'1856'!L20-'1856'!K20+'1856'!L22-'1856'!K22 -> 66.486 | E19: ='1857'!L4-'1857'!K4+'1857'!L6-'1857'!K6+'1857'!L8-'1857'!K8+'1857'!L10-'1857'!K10+'1857'!L12-'1857'!K12+'1857'!L14-'1857'!K14+'1857'!L16-'1857'!K16+'1857'!L18-'1857'!K18+'1857'!L20-'1857'!K20+'1857'!L22-'1857'!K22 -> 74.592 | G19: =1-B19/B20 -> 0.073294509 | H19: =1-C19/C20 -> 0.077681529 | I19: =1-D19/D20 -> 0.060932203 | J19: =1-E19/E20 -> 0.075687732
A20: Patní vodoměry | B20: ='1854'!L26-'1854'!K26 -> 60.1 | C20: ='1855'!L26-'1855'!K26 -> 78.5 | D20: ='1856'!L26-'1856'!K26 -> 70.8 | E20: ='1857'!L26-'1857'!K26 -> 80.7
A21: Součet patních vodoměrů | B21: =SUM(B20:E20) -> 290.1 | G21: =1-B21/B22 -> -0.10979342
A22: fakturační vodoměr | B22: ='1854'!L29-'1854'!K29 -> 261.4
A23: Teplo - GJ
A24: Náměry bytových kalorimetrů | B24: ='1854'!L5-'1854'!K5+'1854'!L7-'1854'!K7+'1854'!L9-'1854'!K9+'1854'!L11-'1854'!K11+'1854'!L13-'1854'!K13+'1854'!L15-'1854'!K15+'1854'!L17-'1854'!K17+'1854'!L19-'1854'!K19+'1854'!L21-'1854'!K21+'1854'!L23-'1854'!K23 -> 4.696 | C24: ='1855'!L5-'1855'!K5+'1855'!L7-'1855'!K7+'1855'!L9-'1855'!K9+'1855'!L11-'1855'!K11+'1855'!L13-'1855'!K13+'1855'!L15-'1855'!K15+'1855'!L17-'1855'!K17+'1855'!L19-'1855'!K19+'1855'!L21-'1855'!K21+'1855'!L23-'1855'!K23 -> 6.934 | D24: ='1856'!L5-'1856'!K5+'1856'!L7-'1856'!K7+'1856'!L9-'1856'!K9+'1856'!L11-'1856'!K11+'1856'!L13-'1856'!K13+'1856'!L15-'1856'!K15+'1856'!L17-'1856'!K17+'1856'!L19-'1856'!K19+'1856'!L21-'1856'!K21+'1856'!L23-'1856'!K23 -> 4.084 | E24: ='1857'!L5-'1857'!K5+'1857'!L7-'1857'!K7+'1857'!L9-'1857'!K9+'1857'!L11-'1857'!K11+'1857'!L13-'1857'!K13+'1857'!L15-'1857'!K15+'1857'!L17-'1857'!K17+'1857'!L19-'1857'!K19+'1857'!L21-'1857'!K21+'1857'!L23-'1857'!K23 -> 4.478 | G24: =1-B24/B25 -> 0.25883838 | H24: =1-C24/C25 -> 0.24761285 | I24: =1-D24/D25 -> 0.2437037 | J24: =1-E24/E25 -> 0.38724685
A25: Fakturační kalorimetry | B25: =('1854'!L27-'1854'!K27)*3.6 -> 6.336 | C25: =('1855'!L27-'1855'!K27)*3.6 -> 9.216 | D25: =('1856'!L27-'1856'!K27)*3.6 -> 5.4 | E25: =('1857'!L27-'1857'!K27)*3.6 -> 7.308
A26: Elektřina -
A27: Elektroměr dům | B27: ='1854'!L25-'1854'!K25 -> 263 | C27: ='1855'!L25-'1855'!K25 -> 235 | D27: ='1856'!L25-'1856'!K25 -> 209 | E27: ='1857'!L25-'1857'!K25 -> 264

Sheet S10
A1: Sumář - spotřeba říjen | B1: ='S1'!B1 -> 2019
A3: Voda - m3 | B3: 1850 | C3: 1851 | D3: 1852 | E3: 1853 | G3: tady také něco nehraje
A4: Náměry bytových vodoměrů | B4: ='1850'!N4-'1850'!M4+'1850'!N6-'1850'!M6+'1850'!N8-'1850'!M8+'1850'!N10-'1850'!M10+'1850'!N12-'1850'!M12+'1850'!N14-'1850'!M14+'1850'!N16-'1850'!M16+'1850'!N18-'1850'!M18+'1850'!N20-'1850'!M20+'1850'!N22-'1850'!M22 -> 45.701 | C4: ='1851'!O4-'1851'!N4+'1851'!O6-'1851'!N6+'1851'!O8-'1851'!N8+'1851'!O10-'1851'!N10+'1851'!O12-'1851'!N12+'1851'!O14-'1851'!N14+'1851'!O16-'1851'!N16+'1851'!O18-'1851'!N18+'1851'!O20-'1851'!N20+'1851'!O22-'1851'!N22+'1851'!O33-'1851'!N33+'1851'!O34-'1851'!N34+'1851'!O35-'1851'!N35+'1851'!O36-'1851'!N36+'1851'!O37-'1851'!N37+'1851'!O40-'1851'!N40+'1851'!O41-'1851'!N41+'1851'!O42-'1851'!N42+'1851'!O43-'1851'!N43+'1851'!O44-'1851'!N44+'1851'!O45-'1851'!N45+'1851'!O46-'1851'!N46+'1851'!O47-'1851'!N47+'1851'!O48-'1851'!N48+'1851'!O49-'1851'!N49 -> 72.859 | D4: ='1852'!N4-'1852'!M4+'1852'!N6-'1852'!M6+'1852'!N8-'1852'!M8+'1852'!N10-'1852'!M10+'1852'!N12-'1852'!M12+'1852'!N14-'1852'!M14+'1852'!N16-'1852'!M16+'1852'!N18-'1852'!M18+'1852'!N20-'1852'!M20+'1852'!N22-'1852'!M22 -> 58.173 | E4: ='1853'!N4-'1853'!M4+'1853'!N6-'1853'!M6+'1853'!N8-'1853'!M8+'1853'!N10-'1853'!M10+'1853'!N12-'1853'!M12+'1853'!N14-'1853'!M14+'1853'!N16-'1853'!M16+'1853'!N18-'1853'!M18+'1853'!N20-'1853'!M20+'1853'!N22-'1853'!M22+'1853'!N26-'1853'!L26 -> 66.278 | G4: =1-B4/B5 -> 0.15368519 | H4: =1-C4/C5 -> 0.11578883 | I4: =1-D4/D5 -> 0.13174627 | J4: =1-E4/E5 -> 0.075620642
A5: Patní vodoměry | B5: ='1850'!N26-'1850'!M26 -> 54 | C5: ='1851'!O26-'1851'!N26 -> 82.4 | D5: ='1852'!N26-'1852'!M26 -> 67 | E5: ='1853'!N27-'1853'!M27 -> 71.7
A6: Součet patních vodoměrů | B6: =SUM(B5:E5) -> 275.1 | G6: =1-B6/B7 -> 0.13327032
A7: fakturační vodoměr | B7: ='1850'!N29-'1850'!L29 -> 317.4
A8: Teplo - GJ
A9: Náměry bytových kalorimetrů | B9: ='1850'!N5-'1850'!L5+'1850'!N7-'1850'!L7+'1850'!N9-'1850'!L9+'1850'!N11-'1850'!L11+'1850'!N13-'1850'!L13+'1850'!N15-'1850'!L15+'1850'!N17-'1850'!L17+'1850'!N19-'1850'!L19+'1850'!N21-'1850'!L21+'1850'!N23-'1850'!L23 -> 6.563 | C9: ='1851'!O5-'1851'!M5+'1851'!O7-'1851'!M7+'1851'!O9-'1851'!M9+'1851'!O11-'1851'!M11+'1851'!O13-'1851'!M13+'1851'!O15-'1851'!M15+'1851'!O17-'1851'!M17+'1851'!O19-'1851'!M19+'1851'!O21-'1851'!M21+'1851'!O23-'1851'!M23 -> 50.319 | D9: ='1852'!N5-'1852'!L5+'1852'!N7-'1852'!L7+'1852'!N9-'1852'!L9+'1852'!N11-'1852'!L11+'1852'!N13-'1852'!L13+'1852'!N15-'1852'!L15+'1852'!N17-'1852'!L17+'1852'!N19-'1852'!L19+'1852'!N21-'1852'!L21+'1852'!N23-'1852'!L23 -> 12.546 | E9: ='1853'!N5-'1853'!L5+'1853'!N7-'1853'!L7+'1853'!N9-'1853'!L9+'1853'!N11-'1853'!L11+'1853'!N13-'1853'!L13+'1853'!N15-'1853'!L15+'1853'!N17-'1853'!L17+'1853'!N19-'1853'!L19+'1853'!N21-'1853'!L21+'1853'!N23-'1853'!L23 -> 8.745 | G9: =1-B9/B10 -> 0.31205451 | H9: =1-C9/C10 -> -1.6372642 | I9: =1-D9/D10 -> 0.16825776 | J9: =1-E9/E10 -> 0.32523148
A10: Fakturační kalorimetry | B10: =('1850'!N27-'1850'!L27)*3.6 -> 9.54 | C10: =('1851'!O27-'1851'!M27)*3.6 -> 19.08 | D10: =('1852'!N27-'1852'!L27)*3.6 -> 15.084 | E10: =('1853'!N28-'1853'!L28)*3.6 -> 12.96
A11: Elektřina -
A12: Elektroměr dům | B12: ='1850'!N25-'1850'!L25 -> 262 | C12: ='1851'!O24-'1851'!M24 -> 309 | D12: ='1852'!N25-'1852'!L25 -> 242 | E12: ='1853'!N24-'1853'!L24 -> 368
A14: Elektroměr areál | B14: ='1853'!N25-'1853'!L25 -> 418
A15: Vodoměr areál | B15: ='1853'!N26-'1853'!L26 -> 1.874
A18: Voda - m3 | B18: 1854 | C18: 1855 | D18: 1856 | E18: 1857 | G18: na 100% vadné kusy (viz. list domu)
A19: Náměry bytových vodoměrů | B19: ='1854'!N4-'1854'!M4+'1854'!N6-'1854'!M6+'1854'!N8-'1854'!M8+'1854'!N10-'1854'!M10+'1854'!N12-'1854'!M12+'1854'!N14-'1854'!M14+'1854'!N16-'1854'!M16+'1854'!N18-'1854'!M18+'1854'!N20-'1854'!M20+'1854'!N22-'1854'!M22 -> 43.261 | C19: ='1855'!N4-'1855'!M4+'1855'!N6-'1855'!M6+'1855'!N8-'1855'!M8+'1855'!N10-'1855'!M10+'1855'!N12-'1855'!M12+'1855'!N14-'1855'!M14+'1855'!N16-'1855'!M16+'1855'!N18-'1855'!M18+'1855'!N20-'1855'!M20+'1855'!N22-'1855'!M22 -> 34.129 | D19: ='1856'!N4-'1856'!M4+'1856'!N6-'1856'!M6+'1856'!N8-'1856'!M8+'1856'!N10-'1856'!M10+'1856'!N12-'1856'!M12+'1856'!N14-'1856'!M14+'1856'!N16-'1856'!M16+'1856'!N18-'1856'!M18+'1856'!N20-'1856'!M20+'1856'!N22-'1856'!M22 -> 48.024 | E19: ='1857'!N4-'1857'!M4+'1857'!N6-'1857'!M6+'1857'!N8-'1857'!M8+'1857'!N10-'1857'!M10+'1857'!N12-'1857'!M12+'1857'!N14-'1857'!M14+'1857'!N16-'1857'!M16+'1857'!N18-'1857'!M18+'1857'!N20-'1857'!M20+'1857'!N22-'1857'!M22 -> 29.891 | G19: =1-B19/B20 -> 0.19887037 | H19: =1-C19/C20 -> 0.52400279 | I19: =1-D19/D20 -> 0.21785016 | J19: =1-E19/E20 -> 0.57840621
A20: Patní vodoměry | B20: ='1854'!N26-'1854'!M26 -> 54 | C20: ='1855'!N26-'1855'!M26 -> 71.7 | D20: ='1856'!N26-'1856'!M26 -> 61.4 | E20: ='1857'!N26-'1857'!M26 -> 70.9
A21: Součet patních vodoměrů | B21: =SUM(B20:E20) -> 258 | G21: =1-B21/B22 -> 0.065217391
A22: fakturační vodoměr | B22: ='1854'!N29-'1854'!L29 -> 276
A23: Teplo - GJ
A24: Náměry bytových kalorimetrů | B24: ='1854'!N5-'1854'!L5+'1854'!N7-'1854'!L7+'1854'!N9-'1854'!L9+'1854'!N11-'1854'!L11+'1854'!N13-'1854'!L13+'1854'!N15-'1854'!L15+'1854'!N17-'1854'!L17+'1854'!N19-'1854'!L19+'1854'!N21-'1854'!L21+'1854'!N23-'1854'!L23 -> 10.715 | C24: ='1855'!N5-'1855'!L5+'1855'!N7-'1855'!L7+'1855'!N9-'1855'!L9+'1855'!N11-'1855'!L11+'1855'!N13-'1855'!L13+'1855'!N15-'1855'!L15+'1855'!N17-'1855'!L17+'1855'!N19-'1855'!L19+'1855'!N21-'1855'!L21+'1855'!N23-'1855'!L23 -> 19.884 | D24: ='1856'!N5-'1856'!L5+'1856'!N7-'1856'!L7+'1856'!N9-'1856'!L9+'1856'!N11-'1856'!L11+'1856'!N13-'1856'!L13+'1856'!N15-'1856'!L15+'1856'!N17-'1856'!L17+'1856'!N19-'1856'!L19+'1856'!N21-'1856'!L21+'1856'!N23-'1856'!L23 -> 11.885 | E24: ='1857'!N5-'1857'!L5+'1857'!N7-'1857'!L7+'1857'!N9-'1857'!L9+'1857'!N11-'1857'!L11+'1857'!N13-'1857'!L13+'1857'!N15-'1857'!L15+'1857'!N17-'1857'!L17+'1857'!N19-'1857'!L19+'1857'!N21-'1857'!L21+'1857'!N23-'1857'!L23 -> 12.445 | G24: =1-B24/B25 -> 0.16860646 | H24: =1-C24/C25 -> 0.20527578 | I24: =1-D24/D25 -> 0.14026331 | J24: =1-E24/E25 -> 0.17691799
A25: Fakturační kalorimetry | B25: =('1854'!N27-'1854'!L27)*3.6 -> 12.888 | C25: =('1855'!N27-'1855'!L27)*3.6 -> 25.02 | D25: =('1856'!N27-'1856'!L27)*3.6 -> 13.824 | E25: =('1857'!N27-'1857'!L27)*3.6 -> 15.12
A26: Elektřina -
A27: Elektroměr dům | B27: ='1854'!N25-'1854'!L25 -> 266 | C27: ='1855'!N25-'1855'!L25 -> 259 | D27: ='1856'!N25-'1856'!L25 -> 232 | E27: ='1857'!N25-'1857'!L25 -> 260

Sheet S11
A1: Sumář - spotřeba listopad | B1: ='S1'!B1 -> 2019
A3: Voda - m3 | B3: 1850 | C3: 1851 | D3: 1852 | E3: 1853 | G3: vadné | H3: tady něco nehraje
A4: Náměry bytových vodoměrů | B4: ='1850'!O4-'1850'!N4+'1850'!O6-'1850'!N6+'1850'!O8-'1850'!N8+'1850'!O10-'1850'!N10+'1850'!O12-'1850'!N12+'1850'!O14-'1850'!N14+'1850'!O16-'1850'!N16+'1850'!O18-'1850'!N18+'1850'!O20-'1850'!N20+'1850'!O22-'1850'!N22 -> 45.606 | C4: ='1851'!P4-'1851'!O4+'1851'!P6-'1851'!O6+'1851'!P8-'1851'!O8+'1851'!P10-'1851'!O10+'1851'!P12-'1851'!O12+'1851'!P14-'1851'!O14+'1851'!P16-'1851'!O16+'1851'!P18-'1851'!O18+'1851'!P20-'1851'!O20+'1851'!P22-'1851'!O22+'1851'!P33-'1851'!O33+'1851'!P34-'1851'!O34+'1851'!P35-'1851'!O35+'1851'!P36-'1851'!O36+'1851'!P37-'1851'!O37+'1851'!P40-'1851'!O40+'1851'!P41-'1851'!O41+'1851'!P42-'1851'!O42+'1851'!P43-'1851'!O43+'1851'!P44-'1851'!O44+'1851'!P45-'1851'!O45+'1851'!P46-'1851'!O46+'1851'!P47-'1851'!O47+'1851'!P48-'1851'!O48+'1851'!P49-'1851'!O49 -> 75.704 | D4: ='1852'!O4-'1852'!N4+'1852'!O6-'1852'!N6+'1852'!O8-'1852'!N8+'1852'!O10-'1852'!N10+'1852'!O12-'1852'!N12+'1852'!O14-'1852'!N14+'1852'!O16-'1852'!N16+'1852'!O18-'1852'!N18+'1852'!O20-'1852'!N20+'1852'!O22-'1852'!N22 -> 57.617 | E4: ='1853'!O4-'1853'!N4+'1853'!O6-'1853'!N6+'1853'!O8-'1853'!N8+'1853'!O10-'1853'!N10+'1853'!O12-'1853'!N12+'1853'!O14-'1853'!N14+'1853'!O16-'1853'!N16+'1853'!O18-'1853'!N18+'1853'!O20-'1853'!N20+'1853'!O22-'1853'!N22+'1853'!O26-'1853'!N26 -> 71.848 | G4: =1-B4/B5 -> 0.24116473 | H4: =1-C4/C5 -> 0.14843645 | I4: =1-D4/D5 -> 0.1625436 | J4: =1-E4/E5 -> 0.076503856
A5: Patní vodoměry | B5: ='1850'!O26-'1850'!N26 -> 60.1 | C5: ='1851'!P26-'1851'!O26 -> 88.9 | D5: ='1852'!O26-'1852'!N26 -> 68.8 | E5: ='1853'!O27-'1853'!N27 -> 77.8
A6: Součet patních vodoměrů | B6: =SUM(B5:E5) -> 295.6 | G6: =1-B6/B7 -> 0.045836023
A7: fakturační vodoměr | B7: ='1850'!O29-'1850'!N29 -> 309.8
A8: Teplo - GJ
A9: Náměry bytových kalorimetrů | B9: ='1850'!O5-'1850'!N5+'1850'!O7-'1850'!N7+'1850'!O9-'1850'!N9+'1850'!O11-'1850'!N11+'1850'!O13-'1850'!N13+'1850'!O15-'1850'!N15+'1850'!O17-'1850'!N17+'1850'!O19-'1850'!N19+'1850'!O21-'1850'!N21+'1850'!O23-'1850'!N23 -> 17.15 | C9: ='1851'!P5-'1851'!O5+'1851'!P7-'1851'!O7+'1851'!P9-'1851'!O9+'1851'!P11-'1851'!O11+'1851'!P13-'1851'!O13+'1851'!P15-'1851'!O15+'1851'!P17-'1851'!O17+'1851'!P19-'1851'!O19+'1851'!P21-'1851'!O21+'1851'!P23-'1851'!O23 -> 25.954 | D9: ='1852'!O5-'1852'!N5+'1852'!O7-'1852'!N7+'1852'!O9-'1852'!N9+'1852'!O11-'1852'!N11+'1852'!O13-'1852'!N13+'1852'!O15-'1852'!N15+'1852'!O17-'1852'!N17+'1852'!O19-'1852'!N19+'1852'!O21-'1852'!N21+'1852'!O23-'1852'!N23 -> 26.516 | E9: ='1853'!O5-'1853'!N5+'1853'!O7-'1853'!N7+'1853'!O9-'1853'!N9+'1853'!O11-'1853'!N11+'1853'!O13-'1853'!N13+'1853'!O15-'1853'!N15+'1853'!O17-'1853'!N17+'1853'!O19-'1853'!N19+'1853'!O21-'1853'!N21+'1853'!O23-'1853'!N23 -> 20.066 | G9: =1-B9/B10 -> 0.21775223 | H9: =1-C9/C10 -> 0.14478714 | I9: =1-D9/D10 -> 0.044675025 | J9: =1-E9/E10 -> 0.18271424
A10: Fakturační kalorimetry | B10: =('1850'!O27-'1850'!N27)*3.6 -> 21.924 | C10: =('1851'!P27-'1851'!O27)*3.6 -> 30.348 | D10: =('1852'!O27-'1852'!N27)*3.6 -> 27.756 | E10: =('1853'!O28-'1853'!N28)*3.6 -> 24.552
A11: Elektřina -
A12: Elektroměr dům | B12: ='1850'!O25-'1850'!N25 -> 237 | C12: ='1851'!P24-'1851'!O24 -> 345 | D12: ='1852'!O25-'1852'!N25 -> 216 | E12: ='1853'!O24-'1853'!N24 -> 265
A14: Elektroměr areál | B14: ='1853'!O25-'1853'!N25 -> 442
A15: Vodoměr areál | B15: ='1853'!O26-'1853'!N26 -> 11.657
A18: Voda - m3 | B18: 1854 | C18: 1855 | D18: 1856 | E18: 1857 | G18: na 100% vadné kusy (viz. list domu)
A19: Náměry bytových vodoměrů | B19: ='1854'!O4-'1854'!N4+'1854'!O6-'1854'!N6+'1854'!O8-'1854'!N8+'1854'!O10-'1854'!N10+'1854'!O12-'1854'!N12+'1854'!O14-'1854'!N14+'1854'!O16-'1854'!N16+'1854'!O18-'1854'!N18+'1854'!O20-'1854'!N20+'1854'!O22-'1854'!N22 -> 42.714 | C19: ='1855'!O4-'1855'!N4+'1855'!O6-'1855'!N6+'1855'!O8-'1855'!N8+'1855'!O10-'1855'!N10+'1855'!O12-'1855'!N12+'1855'!O14-'1855'!N14+'1855'!O16-'1855'!N16+'1855'!O18-'1855'!N18+'1855'!O20-'1855'!N20+'1855'!O22-'1855'!N22 -> 32.407 | D19: ='1856'!O4-'1856'!N4+'1856'!O6-'1856'!N6+'1856'!O8-'1856'!N8+'1856'!O10-'1856'!N10+'1856'!O12-'1856'!N12+'1856'!O14-'1856'!N14+'1856'!O16-'1856'!N16+'1856'!O18-'1856'!N18+'1856'!O20-'1856'!N20+'1856'!O22-'1856'!N22 -> 47.569 | E19: ='1857'!O4-'1857'!N4+'1857'!O6-'1857'!N6+'1857'!O8-'1857'!N8+'1857'!O10-'1857'!N10+'1857'!O12-'1857'!N12+'1857'!O14-'1857'!N14+'1857'!O16-'1857'!N16+'1857'!O18-'1857'!N18+'1857'!O20-'1857'!N20+'1857'!O22-'1857'!N22 -> 26.202 | G19: =1-B19/B20 -> 0.18484733 | H19: =1-C19/C20 -> 0.60040691 | I19: =1-D19/D20 -> 0.26135093 | J19: =1-E19/E20 -> 0.65704188
A20: Patní vodoměry | B20: ='1854'!O26-'1854'!N26 -> 52.4 | C20: ='1855'!O26-'1855'!N26 -> 81.1 | D20: ='1856'!O26-'1856'!N26 -> 64.4 | E20: ='1857'!O26-'1857'!N26 -> 76.4
A21: Součet patních vodoměrů | B21: =SUM(B20:E20) -> 274.3 | G21: =1-B21/B22 -> -0.0043939949
A22: fakturační vodoměr | B22: ='1854'!O29-'1854'!N29 -> 273.1
A23: Teplo - GJ
A24: Náměry bytových kalorimetrů | B24: ='1854'!O5-'1854'!N5+'1854'!O7-'1854'!N7+'1854'!O9-'1854'!N9+'1854'!O11-'1854'!N11+'1854'!O13-'1854'!N13+'1854'!O15-'1854'!N15+'1854'!O17-'1854'!N17+'1854'!O19-'1854'!N19+'1854'!O21-'1854'!N21+'1854'!O23-'1854'!N23 -> 22.297 | C24: ='1855'!O5-'1855'!N5+'1855'!O7-'1855'!N7+'1855'!O9-'1855'!N9+'1855'!O11-'1855'!N11+'1855'!O13-'1855'!N13+'1855'!O15-'1855'!N15+'1855'!O17-'1855'!N17+'1855'!O19-'1855'!N19+'1855'!O21-'1855'!N21+'1855'!O23-'1855'!N23 -> 29.012 | D24: ='1856'!O5-'1856'!N5+'1856'!O7-'1856'!N7+'1856'!O9-'1856'!N9+'1856'!O11-'1856'!N11+'1856'!O13-'1856'!N13+'1856'!O15-'1856'!N15+'1856'!O17-'1856'!N17+'1856'!O19-'1856'!N19+'1856'!O21-'1856'!N21+'1856'!O23-'1856'!N23 -> 23.835 | E24: ='1857'!O5-'1857'!N5+'1857'!O7-'1857'!N7+'1857'!O9-'1857'!N9+'1857'!O11-'1857'!N11+'1857'!O13-'1857'!N13+'1857'!O15-'1857'!N15+'1857'!O17-'1857'!N17+'1857'!O19-'1857'!N19+'1857'!O21-'1857'!N21+'1857'!O23-'1857'!N23 -> 25.089 | G24: =1-B24/B25 -> 0.097141237 | H24: =1-C24/C25 -> 0.19812051 | I24: =1-D24/D25 -> 0.09797911 | J24: =1-E24/E25 -> 0.058220721
A25: Fakturační kalorimetry | B25: =('1854'!O27-'1854'!N27)*3.6 -> 24.696 | C25: =('1855'!O27-'1855'!N27)*3.6 -> 36.18 | D25: =('1856'!O27-'1856'!N27)*3.6 -> 26.424 | E25: =('1857'!O27-'1857'!N27)*3.6 -> 26.64
A26: Elektřina -
A27: Elektroměr dům | B27: ='1854'!O25-'1854'!N25 -> 228 | C27: ='1855'!O25-'1855'!N25 -> 216 | D27: ='1856'!O25-'1856'!N25 -> 213 | E27: ='1857'!O25-'1857'!N25 -> 225

Sheet S 29.11.-5.12.
A1: Sumář - spotřeba 29.11. - 5.12. | C1: ='S1'!B1 -> 2019 | H1: Ztráty v procentech
G2: vadné | I2: bez výměny
A3: Voda - m3 | B3: 1850 | C3: 1851 | D3: 1852 | E3: 1853 | G3: 1850 | H3: 1851 | I3: 1852 | J3: 1853
A4: Náměry bytových vodoměrů | B4: ='1850'!P4-'1850'!O4+'1850'!P6-'1850'!O6+'1850'!P8-'1850'!O8+'1850'!P10-'1850'!O10+'1850'!P12-'1850'!O12+'1850'!P14-'1850'!O14+'1850'!P16-'1850'!O16+'1850'!P18-'1850'!O18+'1850'!P20-'1850'!O20+'1850'!P22-'1850'!O22 -> 9.293 | C4: - | D4: - | E4: - | G4: =1-B4/B5 -> 0.3012782
A5: Patní vodoměry | B5: ='1850'!P26-'1850'!O26 -> 13.3 | C5: - | D5: - | E5: -
G7: na 100% vadné kusy (viz. list domu)
A8: Voda - m3 | B8: 1854 | C8: 1855 | D8: 1856 | E8: 1857 | G8: 1854 | H8: 1855 | I8: 1856 | J8: 1857
A9: Náměry bytových vodoměrů | B9: ='1854'!P4-'1854'!O4+'1854'!P6-'1854'!O6+'1854'!P8-'1854'!O8+'1854'!P10-'1854'!O10+'1854'!P12-'1854'!O12+'1854'!P14-'1854'!O14+'1854'!P16-'1854'!O16+'1854'!P18-'1854'!O18+'1854'!P20-'1854'!O20+'1854'!P22-'1854'!O22 -> 8.664 | C9: ='1854'!P4-'1854'!O4+'1854'!P6-'1854'!O6+'1854'!P8-'1854'!O8+'1854'!P10-'1854'!O10+'1854'!P12-'1854'!O12+'1854'!P14-'1854'!O14+'1854'!P16-'1854'!O16+'1854'!P18-'1854'!O18+'1854'!P20-'1854'!O20+'1854'!P22-'1854'!O22 -> 8.664 | D9: ='1856'!P4-'1856'!O4+'1856'!P6-'1856'!O6+'1856'!P8-'1856'!O8+'1856'!P10-'1856'!O10+'1856'!P12-'1856'!O12+'1856'!P14-'1856'!O14+'1856'!P16-'1856'!O16+'1856'!P18-'1856'!O18+'1856'!P20-'1856'!O20+'1856'!P22-'1856'!O22 -> 10.489 | E9: ='1857'!P4-'1857'!O4+'1857'!P6-'1857'!O6+'1857'!P8-'1857'!O8+'1857'!P10-'1857'!O10+'1857'!P12-'1857'!O12+'1857'!P14-'1857'!O14+'1857'!P16-'1857'!O16+'1857'!P18-'1857'!O18+'1857'!P20-'1857'!O20+'1857'!P22-'1857'!O22 -> 4.486 | G9: =1-B9/B10 -> 0.19777778 | H9: =1-C9/C10 -> 0.53419355 | I9: =1-D9/D10 -> 0.22875 | J9: =1-E9/E10 -> 0.71058065
A10: Patní vodoměry | B10: ='1854'!P26-'1854'!O26 -> 10.8 | C10: ='1855'!P26-'1855'!O26 -> 18.6 | D10: ='1856'!P26-'1856'!O26 -> 13.6 | E10: ='1857'!P26-'1857'!O26 -> 15.5

Sheet S12
A1: Sumář - spotřeba prosinec | B1: ='S1'!B1 -> 2019 | G1: Po druhém kole výměny - lepší,
G2: ale stejně ještě něco nehraje
A3: Voda - m3 | B3: 1850 | C3: 1851 | D3: 1852 | E3: 1853
A4: Náměry bytových vodoměrů | B4: ='1850'!R4-'1850'!Q4+'1850'!R6-'1850'!Q6+'1850'!R8-'1850'!Q8+'1850'!R10-'1850'!Q10+'1850'!R12-'1850'!Q12+'1850'!R14-'1850'!Q14+'1850'!R16-'1850'!Q16+'1850'!R18-'1850'!Q18+'1850'!R20-'1850'!Q20+'1850'!R22-'1850'!Q22 -> 44.126 | C4: ='1851'!Q4-'1851'!P4+'1851'!Q6-'1851'!P6+'1851'!Q8-'1851'!P8+'1851'!Q10-'1851'!P10+'1851'!Q12-'1851'!P12+'1851'!Q14-'1851'!P14+'1851'!Q16-'1851'!P16+'1851'!Q18-'1851'!P18+'1851'!Q20-'1851'!P20+'1851'!Q22-'1851'!P22+'1851'!Q33-'1851'!P33+'1851'!Q34-'1851'!P34+'1851'!Q35-'1851'!P35+'1851'!Q36-'1851'!P36+'1851'!Q37-'1851'!P37+'1851'!Q40-'1851'!P40+'1851'!Q41-'1851'!P41+'1851'!Q42-'1851'!P42+'1851'!Q43-'1851'!P43+'1851'!Q44-'1851'!P44+'1851'!Q45-'1851'!P45+'1851'!Q46-'1851'!P46+'1851'!Q47-'1851'!P47+'1851'!Q48-'1851'!P48+'1851'!Q49-'1851'!P49 -> 96.072 | D4: ='1852'!P4-'1852'!O4+'1852'!P6-'1852'!O6+'1852'!P8-'1852'!O8+'1852'!P10-'1852'!O10+'1852'!P12-'1852'!O12+'1852'!P14-'1852'!O14+'1852'!P16-'1852'!O16+'1852'!P18-'1852'!O18+'1852'!P20-'1852'!O20+'1852'!P22-'1852'!O22 -> 68.876 | E4: ='1853'!P4-'1853'!O4+'1853'!P6-'1853'!O6+'1853'!P8-'1853'!O8+'1853'!P10-'1853'!O10+'1853'!P12-'1853'!O12+'1853'!P14-'1853'!O14+'1853'!P16-'1853'!O16+'1853'!P18-'1853'!O18+'1853'!P20-'1853'!O20+'1853'!P22-'1853'!O22+'1853'!P26-'1853'!O26 -> 73.566 | G4: =1-B4/B5 -> 0.15467433 | H4: =1-C4/C5 -> 0.16604167 | I4: =1-D4/D5 -> 0.16916767 | J4: =1-E4/E5 -> 0.091777778
A5: Patní vodoměry | B5: ='1850'!R26-'1850'!Q26 -> 52.2 | C5: ='1851'!Q26-'1851'!P26 -> 115.2 | D5: ='1852'!P26-'1852'!O26 -> 82.9 | E5: ='1853'!P27-'1853'!O27 -> 81
A6: Součet patních vodoměrů | B6: =SUM(B5:E5)+'S 29.11.-5.12.'!B5 -> 344.6 | G6: =1-B6/B7 -> 0.045164866
A7: fakturační vodoměr | B7: ='1850'!R29-'1850'!O29 -> 360.9
A8: Teplo - GJ
A9: Náměry bytových kalorimetrů | B9: ='1850'!R5-'1850'!O5+'1850'!R7-'1850'!O7+'1850'!R9-'1850'!O9+'1850'!R11-'1850'!O11+'1850'!R13-'1850'!O13+'1850'!R15-'1850'!O15+'1850'!R17-'1850'!O17+'1850'!R19-'1850'!O19+'1850'!R21-'1850'!O21+'1850'!R23-'1850'!O23 -> 26.515 | C9: ='1851'!Q5-'1851'!P5+'1851'!Q7-'1851'!P7+'1851'!Q9-'1851'!P9+'1851'!Q11-'1851'!P11+'1851'!Q13-'1851'!P13+'1851'!Q15-'1851'!P15+'1851'!Q17-'1851'!P17+'1851'!Q19-'1851'!P19+'1851'!Q21-'1851'!P21+'1851'!Q23-'1851'!P23 -> 39.977 | D9: ='1852'!P5-'1852'!O5+'1852'!P7-'1852'!O7+'1852'!P9-'1852'!O9+'1852'!P11-'1852'!O11+'1852'!P13-'1852'!O13+'1852'!P15-'1852'!O15+'1852'!P17-'1852'!O17+'1852'!P19-'1852'!O19+'1852'!P21-'1852'!O21+'1852'!P23-'1852'!O23 -> 38.517 | E9: ='1853'!P5-'1853'!O5+'1853'!P7-'1853'!O7+'1853'!P9-'1853'!O9+'1853'!P11-'1853'!O11+'1853'!P13-'1853'!O13+'1853'!P15-'1853'!O15+'1853'!P17-'1853'!O17+'1853'!P19-'1853'!O19+'1853'!P21-'1853'!O21+'1853'!P23-'1853'!O23 -> 30.349 | G9: =1-B9/B10 -> 0.15632557 | H9: =1-C9/C10 -> 0.12006955 | I9: =1-D9/D10 -> 0.051492317 | J9: =1-E9/E10 -> 0.15865491
A10: Fakturační kalorimetry | B10: =('1850'!R27-'1850'!O27)*3.6 -> 31.428 | C10: =('1851'!Q27-'1851'!P27)*3.6 -> 45.432 | D10: =('1852'!P27-'1852'!O27)*3.6 -> 40.608 | E10: =('1853'!P28-'1853'!O28)*3.6 -> 36.072
A11: Elektřina -
A12: Elektroměr dům | B12: ='1850'!R25-'1850'!O25 -> 314 | C12: ='1851'!Q24-'1851'!P24 -> 353 | D12: ='1852'!P25-'1852'!O25 -> 386 | E12: ='1853'!P24-'1853'!O24 -> 256
A14: Elektroměr areál | B14: ='1853'!P25-'1853'!O25 -> 731
A15: Vodoměr areál | B15: ='1853'!P26-'1853'!O26 -> 0
A18: Voda - m3 | B18: 1854 | C18: 1855 | D18: 1856 | E18: 1857 | G18: Po 2. kole výměny vadných vodoměrů
A19: Náměry bytových vodoměrů | B19: ='1854'!R4-'1854'!Q4+'1854'!R6-'1854'!Q6+'1854'!R8-'1854'!Q8+'1854'!R10-'1854'!Q10+'1854'!R12-'1854'!Q12+'1854'!R14-'1854'!Q14+'1854'!R16-'1854'!Q16+'1854'!R18-'1854'!Q18+'1854'!R20-'1854'!Q20+'1854'!R22-'1854'!Q22 -> 43.672 | C19: ='1855'!R4-'1855'!Q4+'1855'!R6-'1855'!Q6+'1855'!R8-'1855'!Q8+'1855'!R10-'1855'!Q10+'1855'!R12-'1855'!Q12+'1855'!R14-'1855'!Q14+'1855'!R16-'1855'!Q16+'1855'!R18-'1855'!Q18+'1855'!R20-'1855'!Q20+'1855'!R22-'1855'!Q22 -> 69.515 | D19: ='1856'!R4-'1856'!Q4+'1856'!R6-'1856'!Q6+'1856'!R8-'1856'!Q8+'1856'!R10-'1856'!Q10+'1856'!R12-'1856'!Q12+'1856'!R14-'1856'!Q14+'1856'!R16-'1856'!Q16+'1856'!R18-'1856'!Q18+'1856'!R20-'1856'!Q20+'1856'!R22-'1856'!Q22 -> 65.402 | E19: ='1857'!R4-'1857'!Q4+'1857'!R6-'1857'!Q6+'1857'!R8-'1857'!Q8+'1857'!R10-'1857'!Q10+'1857'!R12-'1857'!Q12+'1857'!R14-'1857'!Q14+'1857'!R16-'1857'!Q16+'1857'!R18-'1857'!Q18+'1857'!R20-'1857'!Q20+'1857'!R22-'1857'!Q22 -> 64.996 | G19: =1-B19/B20 -> 0.0648394 | H19: =1-C19/C20 -> 0.08653088 | I19: =1-D19/D20 -> 0.077545839 | J19: =1-E19/E20 -> 0.10473829
A20: Patní vodoměry | B20: ='1854'!R26-'1854'!Q26 -> 46.7 | C20: ='1855'!R26-'1855'!Q26 -> 76.1 | D20: ='1856'!R26-'1856'!Q26 -> 70.9 | E20: ='1857'!R26-'1857'!Q26 -> 72.6
A21: Součet patních vodoměrů | B21: =SUM(B20:E20)+SUM('S 29.11.-5.12.'!B10:E10) -> 324.8 | G21: =1-B21/B22 -> -0.0046396536
A22: fakturační vodoměr | B22: ='1854'!R29-'1854'!O29 -> 323.3
A23: Teplo - GJ
A24: Náměry bytových kalorimetrů | B24: ='1854'!R5-'1854'!O5+'1854'!R7-'1854'!O7+'1854'!R9-'1854'!O9+'1854'!R11-'1854'!O11+'1854'!R13-'1854'!O13+'1854'!R15-'1854'!O15+'1854'!R17-'1854'!O17+'1854'!R19-'1854'!O19+'1854'!R21-'1854'!O21+'1854'!R23-'1854'!O23 -> 32.397 | C24: ='1855'!R5-'1855'!O5+'1855'!R7-'1855'!O7+'1855'!R9-'1855'!O9+'1855'!R11-'1855'!O11+'1855'!R13-'1855'!O13+'1855'!R15-'1855'!O15+'1855'!R17-'1855'!O17+'1855'!R19-'1855'!O19+'1855'!R21-'1855'!O21+'1855'!R23-'1855'!O23 -> 39.462 | D24: ='1856'!R5-'1856'!O5+'1856'!R7-'1856'!O7+'1856'!R9-'1856'!O9+'1856'!R11-'1856'!O11+'1856'!R13-'1856'!O13+'1856'!R15-'1856'!O15+'1856'!R17-'1856'!O17+'1856'!R19-'1856'!O19+'1856'!R21-'1856'!O21+'1856'!R23-'1856'!O23 -> 34.052 | E24: ='1857'!R5-'1857'!O5+'1857'!R7-'1857'!O7+'1857'!R9-'1857'!O9+'1857'!R11-'1857'!O11+'1857'!R13-'1857'!O13+'1857'!R15-'1857'!O15+'1857'!R17-'1857'!O17+'1857'!R19-'1857'!O19+'1857'!R21-'1857'!O21+'1857'!R23-'1857'!O23 -> 34.478 | G24: =1-B24/B25 -> 0.090074149 | H24: =1-C24/C25 -> 0.19812241 | I24: =1-D24/D25 -> 0.10257221 | J24: =1-E24/E25 -> 0.087014087
A25: Fakturační kalorimetry | B25: =('1854'!R27-'1854'!O27)*3.6 -> 35.604 | C25: =('1855'!R27-'1855'!O27)*3.6 -> 49.212 | D25: =('1856'!R27-'1856'!O27)*3.6 -> 37.944 | E25: =('1857'!R27-'1857'!O27)*3.6 -> 37.764
A26: Elektřina -
A27: Elektroměr dům | B27: ='1854'!R25-'1854'!O25 -> 264 | C27: ='1855'!R25-'1855'!O25 -> 258 | D27: ='1856'!R25-'1856'!O25 -> 275 | E27: ='1857'!R25-'1857'!O25 -> 265

Sheet S 2019
A1: Sumář - spotřeba rok | B1: ='S1'!B1 -> 2019
A3: Voda - m3 | B3: 1850 | C3: 1851 | D3: 1852 | E3: 1853
A4: Náměry bytových vodoměrů | B4: ='S1'!B4+'S2'!B4+'S3'!B4+'S4'!B4+'S5'!B4+'S6'!B4+'S7'!B4+'S8'!B4+'S9'!B4+'S10'!B4+'S11'!B4+'S12'!B4 -> 634.938 | C4: ='S1'!C4+'S2'!C4+'S3'!C4+'S4'!C4+'S5'!C4+'S6'!C4+'S7'!C4+'S8'!C4+'S9'!C4+'S10'!C4+'S11'!C4+'S12'!C4 -> 1046.561 | D4: ='S1'!D4+'S2'!D4+'S3'!D4+'S4'!D4+'S5'!D4+'S6'!D4+'S7'!D4+'S8'!D4+'S9'!D4+'S10'!D4+'S11'!D4+'S12'!D4 -> 752.751 | E4: ='S1'!E4+'S2'!E4+'S3'!E4+'S4'!E4+'S5'!E4+'S6'!E4+'S7'!E4+'S8'!E4+'S9'!E4+'S10'!E4+'S11'!E4+'S12'!E4 -> 910.513
A5: Patní vodoměry | B5: ='S1'!B5+'S2'!B5+'S3'!B5+'S4'!B5+'S5'!B5+'S6'!B5+'S7'!B5+'S8'!B5+'S9'!B5+'S10'!B5+'S11'!B5+'S 29.11.-5.12.'!B5+'S12'!B5 -> 718.4 | C5: ='S1'!C5+'S2'!C5+'S3'!C5+'S4'!C5+'S5'!C5+'S6'!C5+'S7'!C5+'S8'!C5+'S9'!C5+'S10'!C5+'S11'!C5+'S12'!C5 -> 1148.7 | D5: ='S1'!D5+'S2'!D5+'S3'!D5+'S4'!D5+'S5'!D5+'S6'!D5+'S7'!D5+'S8'!D5+'S9'!D5+'S10'!D5+'S11'!D5+'S12'!D5 -> 893 | E5: ='S1'!E5+'S2'!E5+'S3'!E5+'S4'!E5+'S5'!E5+'S6'!E5+'S7'!E5+'S8'!E5+'S9'!E5+'S10'!E5+'S11'!E5+'S12'!E5 -> 973.6 | G5: z toho do | H5: =E5-B15 -> 845.252 | I5: pro byty 1853 | J5: se solí | K5: vodné + stočné
A6: Součet patních vodoměrů | B6: =SUM(B5:E5) -> 3733.7 | G6: vyúčtování | H6: =B15 -> 128.348 | I6: pro zahradu | J6: bez soli | K6: vodné + stočné
A7: fakturační vodoměr | B7: ='1850'!R29-'1850'!E33+'1850'!E32-'1850'!C29 -> 3894.2 | G7: z toho do | H7: =B7-B15 -> 3765.852 | I7: pro domy 1850 - 1853 | K7: vodné + stočné | O7: Spotřeby dle zahradních poměr.vodoměrů | U7: Pro fakturaci
A8: Teplo - GJ | G8: vyúčtování | H8: =B15 -> 128.348 | I8: pro zahradu | K8: vodné + stočné | O8: Odběrné místo | P8: počátek | Q8: konec | R8: rozdíl | U8: Přepočet spotřeb
A9: Náměry bytových kalorimetrů | B9: ='S1'!B9+'S2'!B9+'S3'!B9+'S4'!B9+'S5'!B9+'S6'!B9+'S7'!B9+'S8'!B9+'S9'!B9+'S10'!B9+'S11'!B9+'S12'!B9 -> 149.705 | C9: ='S1'!C9+'S2'!C9+'S3'!C9+'S4'!C9+'S5'!C9+'S6'!C9+'S7'!C9+'S8'!C9+'S9'!C9+'S10'!C9+'S11'!C9+'S12'!C9 -> 240.834 | D9: ='S1'!D9+'S2'!D9+'S3'!D9+'S4'!D9+'S5'!D9+'S6'!D9+'S7'!D9+'S8'!D9+'S9'!D9+'S10'!D9+'S11'!D9+'S12'!D9 -> 213.587 | E9: ='S1'!E9+'S2'!E9+'S3'!E9+'S4'!E9+'S5'!E9+'S6'!E9+'S7'!E9+'S8'!E9+'S9'!E9+'S10'!E9+'S11'!E9+'S12'!E9 -> 174.799 | O9: Hiršalová | P9: 0 | Q9: 5.016 | R9: =Q9-P9 -> 5.016 | S9: m3 | U9: =R23/R22*R9 -> 4.948756 | V9: m3
A10: Fakturační kalorimetry | B10: ='1850'!T27 -> 191.268 | C10: ='1851'!S27 -> 293.832 | D10: ='1852'!R27 -> 245.052 | E10: ='1853'!R28 -> 226.404 | O10: Lazarová | P10: 0 | Q10: 4.14 | R10: =Q10-P10 -> 4.14 | S10: m3 | U10: =R23/R22*R10 -> 4.0844996 | V10: m3
A11: Elektřina - | O11: Brantovi | P11: 0 | Q11: 5.108 | R11: =Q11-P11 -> 5.108 | S11: m3 | U11: =R23/R22*R11 -> 5.0395227 | V11: m3
A12: Elektroměr dům | B12: ='1850'!R25-'1850'!C25 -> 3840 | C12: ='1851'!Q24-'1851'!D24 -> 3650 | D12: ='1852'!P25-'1852'!C25 -> 2935 | E12: ='1853'!P24-'1853'!C24 -> 3286 | O12: Písaříkovi | P12: 0.4 | Q12: 6.483 | R12: =Q12-P12 -> 6.083 | S12: m3 | U12: =R23/R22*R12 -> 6.0014519 | V12: m3
H13: pro | I13: navíc samostatně spotřebováno m3 zahradní vody | O13: Morongovi | P13: 28.95 | Q13: 39.5 | R13: =Q13-P13 -> 10.55 | S13: m3 | U13: =R23/R22*R13 -> 10.408568 | V13: m3
A14: Elektroměr areál | B14: ='1853'!P25-'1853'!C25 -> 4427 | G14: z toho do | H14: SVJ 1850-1857 | I14: 1851/2 Šmejcká | J14: 1855/2 Hřebečkovi | K14: 1856/2 Morongovi | L14: 1856/3 Baťkovi | M14: 1857/1 Hiršalová | O14: Baťkovi | P14: 0 | Q14: 0 | R14: =Q14-P14 -> 0 | S14: m3 | U14: =R23/R22*R14 -> 0 | V14: m3
A15: Vodoměr areál | B15: ='1853'!P26-'1853'!D26 -> 128.348 | G15: vyúčtování | H15: =U21 -> 0 | I15: =U18 -> 15.084037 | J15: =U15 -> 36.153741 | K15: =U13 -> 10.408568 | L15: =U14 -> 0 | M15: =U9 -> 4.948756 | O15: Hřebečkovi | P15: 228.525 | Q15: 265.17 | R15: =Q15-P15 -> 36.645 | S15: m3 | U15: =R23/R22*R15 -> 36.153741 | V15: m3
O16: Bodnarovi | P16: 5.782 | Q16: 14.51 | R16: =Q16-P16 -> 8.728 | S16: m3 | U16: =R23/R22*R16 -> 8.6109933 | V16: m3
H17: 1856/1 Písaříkovi | I17: 1856/9 Vágnerovi | J17: 1853/1 Vuová | K17: 1853/2 Bodnarovi | L17: 1857/3 Brantovi | M17: 1857/2 Lazarová | O17: Vuová | P17: 8.284 | Q17: 35.16 | R17: =Q17-P17 -> 26.876 | S17: m3 | U17: =R23/R22*R17 -> 26.515703 | V17: m3
A18: Voda - m3 | B18: 1854 | C18: 1855 | D18: 1856 | E18: 1857 | H18: =U12 -> 6.0014519 | I18: =U20 -> 11.500727 | J18: =U17 -> 26.515703 | K18: =U16 -> 8.6109933 | L18: =U11 -> 5.0395227 | M18: =U10 -> 4.0844996 | O18: Šmejcká 1 | P18: 30.757 | Q18: 40.452 | R18: =Q18-P18+Q19-P19 -> 15.289 | S18: m3 | U18: =R23/R22*R18 -> 15.084037 | V18: m3 | X18: Šmejcká 1 výměna zahradního vodoměru za 2 - 7/2019
A19: Náměry bytových vodoměrů | B19: ='S1'!B19+'S2'!B19+'S3'!B19+'S4'!B19+'S5'!B19+'S6'!B19+'S7'!B19+'S8'!B19+'S9'!B19+'S10'!B19+'S11'!B19+'S 29.11.-5.12.'!B9+'S12'!B19 -> 606.394 | C19: ='S1'!C19+'S2'!C19+'S3'!C19+'S4'!C19+'S5'!C19+'S6'!C19+'S7'!C19+'S8'!C19+'S9'!C19+'S10'!C19+'S11'!C19+'S 29.11.-5.12.'!C9+'S12'!C19 -> 786.233 | D19: ='S1'!D19+'S2'!D19+'S3'!D19+'S4'!D19+'S5'!D19+'S6'!D19+'S7'!D19+'S8'!D19+'S9'!D19+'S10'!D19+'S11'!D19+'S 29.11.-5.12.'!D9+'S12'!D19 -> 746.649 | E19: ='S1'!E19+'S2'!E19+'S3'!E19+'S4'!E19+'S5'!E19+'S6'!E19+'S7'!E19+'S8'!E19+'S9'!E19+'S10'!E19+'S11'!E19+'S 29.11.-5.12.'!E9+'S12'!E19 -> 747.926 | O19: Šmejcká 2 | P19: 0 | Q19: 5.594 | S19: m3 | V19: m3 | X19: Šmejcká 2 nový vodoměr
A20: Patní vodoměry | B20: ='S1'!B20+'S2'!B20+'S3'!B20+'S4'!B20+'S5'!B20+'S6'!B20+'S7'!B20+'S8'!B20+'S9'!B20+'S10'!B20+'S11'!B20+'S 29.11.-5.12.'!B10+'S12'!B20 -> 665.2 | C20: ='S1'!C20+'S2'!C20+'S3'!C20+'S4'!C20+'S5'!C20+'S6'!C20+'S7'!C20+'S8'!C20+'S9'!C20+'S10'!C20+'S11'!C20+'S 29.11.-5.12.'!C10+'S12'!C20 -> 940.3 | D20: ='S1'!D20+'S2'!D20+'S3'!D20+'S4'!D20+'S5'!D20+'S6'!D20+'S7'!D20+'S8'!D20+'S9'!D20+'S10'!D20+'S11'!D20+'S 29.11.-5.12.'!D10+'S12'!D20 -> 824.2 | E20: ='S1'!E20+'S2'!E20+'S3'!E20+'S4'!E20+'S5'!E20+'S6'!E20+'S7'!E20+'S8'!E20+'S9'!E20+'S10'!E20+'S11'!E20+'S 29.11.-5.12.'!E10+'S12'!E20 -> 906.2 | O20: Vágnerovi | P20: 643.691 | Q20: 655.348 | R20: =Q20-P20 -> 11.657 | S20: m3 | U20: =R23/R22*R20 -> 11.500727 | V20: m3
A21: Součet patních vodoměrů | B21: =SUM(B20:E20) -> 3335.9 | O21: SVJ 1850 - 1857 | P21: 0 | Q21: 0 | R21: =Q21-P21 -> 0 | S21: m3 | U21: =R23/R22*R21 -> 0 | V21: m3
A22: fakturační vodoměr | B22: ='1854'!R29-'1854'!C29 -> 3287.9 | O22: Celkem zahrada dle poměr.vodoměrů | R22: =SUM(R9:R21) -> 130.092 | S22: m3
A23: Teplo - GJ | H23: Celkem spotřeba areálu | K23: za jednotku | L23: CELKEM | O23: Celkem zahradní fakturační vodoměr | R23: =B15 -> 128.348 | S23: m3 | U23: =SUM(U9:U21) -> 128.348
A24: Náměry bytových kalorimetrů | B24: ='S1'!B24+'S2'!B24+'S3'!B24+'S4'!B24+'S5'!B24+'S6'!B24+'S7'!B24+'S8'!B24+'S9'!B24+'S10'!B24+'S11'!B24+'S12'!B24 -> 200.58 | C24: ='S1'!C24+'S2'!C24+'S3'!C24+'S4'!C24+'S5'!C24+'S6'!C24+'S7'!C24+'S8'!C24+'S9'!C24+'S10'!C24+'S11'!C24+'S12'!C24 -> 241.543 | D24: ='S1'!D24+'S2'!D24+'S3'!D24+'S4'!D24+'S5'!D24+'S6'!D24+'S7'!D24+'S8'!D24+'S9'!D24+'S10'!D24+'S11'!D24+'S12'!D24 -> 188.882 | E24: ='S1'!E24+'S2'!E24+'S3'!E24+'S4'!E24+'S5'!E24+'S6'!E24+'S7'!E24+'S8'!E24+'S9'!E24+'S10'!E24+'S11'!E24+'S12'!E24 -> 197.462 | H24: Voda | I24: =B7+B22 -> 7182.1 | J24: m3 | K24: 88.34 | L24: =I24*K24 -> 634466.71 | Q24: Rozdíl | R24: =R23-R22 -> -1.744 | S24: m3
A25: Fakturační kalorimetry | B25: =('1854'!R27-'1854'!C27)*3.6 -> 229.572 | C25: =('1855'!R27-'1855'!C27)*3.6 -> 286.74 | D25: =('1856'!R27-'1856'!C27)*3.6 -> 216.576 | E25: =('1857'!R27-'1857'!C27)*3.6 -> 235.404 | H25: Teplo | I25: =B10+C10+D10+E10+B25+C25+D25+E25 -> 1924.848 | J25: GJ | K25: =608*1.15 -> 699.2 | L25: =I25*K25 -> 1345853.7
A26: Elektřina - | H26: Elektřina | I26: =B12+C12+D12+E12+B27+C27+D27+E27+B14 -> 31108 | J26: kWh | K26: 6 | L26: =I26*K26 -> 186648
A27: Elektroměr dům | B27: ='1854'!R25-'1854'!C25 -> 3448 | C27: ='1855'!R25-'1855'!C25 -> 3189 | D27: ='1856'!R25-'1856'!C25 -> 2735 | E27: ='1857'!R25-'1857'!C25 -> 3598

Sheet Rozdíly
A1: Přehled rozdílů a ztrát za teplo v GJ | F1: ='S1'!B1 -> 2019
C3: 1850 | F3: 51 | I3: 52 | L3: 53 | O3: 54 | R3: 55 | U3: 56 | X3: 57
C4: 1850 | F4: 1851 | I4: 1852 | L4: 1853 | O4: 1854 | R4: 1855 | U4: 1856 | X4: 1857
C5: odečet | D5: rozdíl [GJ] | E5: rozdíl [%] | F5: odečet | G5: rozdíl [GJ] | H5: rozdíl [%] | I5: odečet | J5: rozdíl [GJ] | K5: rozdíl [%] | L5: odečet | M5: rozdíl [GJ] | N5: rozdíl [%] | O5: odečet | P5: rozdíl [GJ] | Q5: rozdíl [%] | R5: odečet | S5: rozdíl [GJ] | T5: rozdíl [%] | U5: odečet | V5: rozdíl [GJ] | W5: rozdíl [%] | X5: odečet | Y5: rozdíl [GJ] | Z5: rozdíl [%]
A6: leden | B6: součty kal. | C6: ='S1'!B9 -> 34.397 | D6: ='S1'!B10-'S1'!B9 -> 5.491 | E6: =D6/C7 -> 0.13766045 | F6: ='S1'!C9 -> 46.585 | G6: ='S1'!C10-'S1'!C9 -> 4.571 | H6: =G6/F7 -> 0.089354132 | I6: ='S1'!D9 -> 41.175 | J6: ='S1'!D10-'S1'!D9 -> 3.321 | K6: =J6/I7 -> 0.074635922 | L6: ='S1'!E9 -> 39.645 | M6: ='S1'!E10-'S1'!E9 -> 5.499 | N6: =M6/L7 -> 0.12181021 | O6: ='S1'!B24 -> 41.646 | P6: ='S1'!B25-'S1'!B24 -> 3.894 | Q6: =P6/O7 -> 0.085507246 | R6: ='S1'!C24 -> 46.873 | S6: ='S1'!C25-'S1'!C24 -> -5.329 | T6: =S6/R7 -> -0.12827364 | U6: ='S1'!D24 -> 40.932 | V6: ='S1'!D25-'S1'!D24 -> 4.572 | W6: =V6/U7 -> 0.10047468 | X6: ='S1'!E24 -> 42.524 | Y6: ='S1'!E25-'S1'!E24 -> 5.212 | Z6: =Y6/X7 -> 0.10918384
B7: faktur.kal. | C7: ='S1'!B10 -> 39.888 | F7: ='S1'!C10 -> 51.156 | I7: ='S1'!D10 -> 44.496 | L7: ='S1'!E10 -> 45.144 | O7: ='S1'!B25 -> 45.54 | R7: ='S1'!C25 -> 41.544 | U7: ='S1'!D25 -> 45.504 | X7: ='S1'!E25 -> 47.736
A8: únor | B8: součty kal. | C8: ='S2'!B9 -> 21.748 | D8: ='S2'!B10-'S2'!B9 -> 4.496 | E8: =D8/C9 -> 0.17131535 | F8: ='S2'!C9 -> 33.562 | G8: ='S2'!C10-'S2'!C9 -> 4.022 | H8: =G8/F9 -> 0.10701362 | I8: ='S2'!D9 -> 30.428 | J8: ='S2'!D10-'S2'!D9 -> 2.908 | K8: =J8/I9 -> 0.087233021 | L8: ='S2'!E9 -> 27.015 | M8: ='S2'!E10-'S2'!E9 -> 5.277 | N8: =M8/L9 -> 0.16341509 | O8: ='S2'!B24 -> 29.796 | P8: ='S2'!B25-'S2'!B24 -> 3.036 | Q8: =P8/O9 -> 0.09247076 | R8: ='S2'!C24 -> 32.327 | S8: ='S2'!C25-'S2'!C24 -> 7.813 | T8: =S8/R9 -> 0.19464375 | U8: ='S2'!D24 -> 26.366 | V8: ='S2'!D25-'S2'!D24 -> 3.01 | W8: =V8/U9 -> 0.1024646 | X8: ='S2'!E24 -> 27.818 | Y8: ='S2'!E25-'S2'!E24 -> 3.43 | Z8: =Y8/X9 -> 0.10976703
B9: faktur.kal. | C9: ='S2'!B10 -> 26.244 | F9: ='S2'!C10 -> 37.584 | I9: ='S2'!D10 -> 33.336 | L9: ='S2'!E10 -> 32.292 | O9: ='S2'!B25 -> 32.832 | R9: ='S2'!C25 -> 40.14 | U9: ='S2'!D25 -> 29.376 | X9: ='S2'!E25 -> 31.248
A10: březen | B10: součty kal. | C10: ='S3'!B9 -> 16.283 | D10: ='S3'!B10-'S3'!B9 -> 3.985 | E10: =D10/C11 -> 0.19661535 | F10: ='S3'!C9 -> 25.802 | G10: ='S3'!C10-'S3'!C9 -> 4.474 | H10: =G10/F11 -> 0.14777381 | I10: ='S3'!D9 -> 21.801 | J10: ='S3'!D10-'S3'!D9 -> 2.931 | K10: =J10/I11 -> 0.11851043 | L10: ='S3'!E9 -> 18.387 | M10: ='S3'!E10-'S3'!E9 -> 4.617 | N10: =M10/L11 -> 0.20070423 | O10: ='S3'!B24 -> 23.068 | P10: ='S3'!B25-'S3'!B24 -> 2.564 | Q10: =P10/O11 -> 0.10003121 | R10: ='S3'!C24 -> 25.445 | S10: ='S3'!C25-'S3'!C24 -> 6.163 | T10: =S10/R11 -> 0.19498228 | U10: ='S3'!D24 -> 18.531 | V10: ='S3'!D25-'S3'!D24 -> 2.457 | W10: =V10/U11 -> 0.1170669 | X10: ='S3'!E24 -> 21.182 | Y10: ='S3'!E25-'S3'!E24 -> 3.082 | Z10: =Y10/X11 -> 0.12701945
B11: faktur.kal. | C11: ='S3'!B10 -> 20.268 | F11: ='S3'!C10 -> 30.276 | I11: ='S3'!D10 -> 24.732 | L11: ='S3'!E10 -> 23.004 | O11: ='S3'!B25 -> 25.632 | R11: ='S3'!C25 -> 31.608 | U11: ='S3'!D25 -> 20.988 | X11: ='S3'!E25 -> 24.264
A12: duben | B12: součty kal. | C12: ='S4'!B9 -> 8.445 | D12: ='S4'!B10-'S4'!B9 -> 3.435 | E12: =D12/C13 -> 0.28914141 | F12: ='S4'!C9 -> 17.557 | G12: ='S4'!C10-'S4'!C9 -> 4.727 | H12: =G12/F13 -> 0.21212529 | I12: ='S4'!D9 -> 13.112 | J12: ='S4'!D10-'S4'!D9 -> 2.188 | K12: =J12/I13 -> 0.14300654 | L12: ='S4'!E9 -> 9.703 | M12: ='S4'!E10-'S4'!E9 -> 4.553 | N12: =M12/L13 -> 0.3193743 | O12: ='S4'!B24 -> 14.524 | P12: ='S4'!B25-'S4'!B24 -> 2.576 | Q12: =P12/O13 -> 0.15064327 | R12: ='S4'!C24 -> 16.407 | S12: ='S4'!C25-'S4'!C24 -> 4.329 | T12: =S12/R13 -> 0.20876736 | U12: ='S4'!D24 -> 10.48 | V12: ='S4'!D25-'S4'!D24 -> 2.228 | W12: =V12/U13 -> 0.17532263 | X12: ='S4'!E24 -> 11.477 | Y12: ='S4'!E25-'S4'!E24 -> 3.427 | Z12: =Y12/X13 -> 0.22993827
B13: faktur.kal. | C13: ='S4'!B10 -> 11.88 | F13: ='S4'!C10 -> 22.284 | I13: ='S4'!D10 -> 15.3 | L13: ='S4'!E10 -> 14.256 | O13: ='S4'!B25 -> 17.1 | R13: ='S4'!C25 -> 20.736 | U13: ='S4'!D25 -> 12.708 | X13: ='S4'!E25 -> 14.904
A14: květen | B14: součty kal. | C14: ='S5'!B9 -> 7.046 | D14: ='S5'!B10-'S5'!B9 -> 3.106 | E14: =D14/C15 -> 0.30594957 | F14: ='S5'!C9 -> 13.414 | G14: ='S5'!C10-'S5'!C9 -> 4.802 | H14: =G14/F15 -> 0.2636144 | I14: ='S5'!D9 -> 10.443 | J14: ='S5'!D10-'S5'!D9 -> 2.949 | K14: =J14/I15 -> 0.22020609 | L14: ='S5'!E9 -> 8.196 | M14: ='S5'!E10-'S5'!E9 -> 4.368 | N14: =M14/L15 -> 0.34765998 | O14: ='S5'!B24 -> 12.05 | P14: ='S5'!B25-'S5'!B24 -> 2.494 | Q14: =P14/O15 -> 0.17147965 | R14: ='S5'!C24 -> 14.181 | S14: ='S5'!C25-'S5'!C24 -> 4.071 | T14: =S14/R15 -> 0.22304405 | U14: ='S5'!D24 -> 8.866 | V14: ='S5'!D25-'S5'!D24 -> 2.078 | W14: =V14/U15 -> 0.18987573 | X14: ='S5'!E24 -> 8.944 | Y14: ='S5'!E25-'S5'!E24 -> 3.512 | Z14: =Y14/X15 -> 0.28195247
B15: faktur.kal. | C15: ='S5'!B10 -> 10.152 | F15: ='S5'!C10 -> 18.216 | I15: ='S5'!D10 -> 13.392 | L15: ='S5'!E10 -> 12.564 | O15: ='S5'!B25 -> 14.544 | R15: ='S5'!C25 -> 18.252 | U15: ='S5'!D25 -> 10.944 | X15: ='S5'!E25 -> 12.456
A16: červen | B16: součty kal. | C16: ='S6'!B9 -> 3.07 | D16: ='S6'!B10-'S6'!B9 -> 1.358 | E16: =D16/C17 -> 0.30668473 | F16: ='S6'!C9 -> 4.612 | G16: ='S6'!C10-'S6'!C9 -> 2.912 | H16: =G16/F17 -> 0.38702818 | I16: ='S6'!D9 -> 4.039 | J16: ='S6'!D10-'S6'!D9 -> 2.009 | K16: =J16/I17 -> 0.33217593 | L16: ='S6'!E9 -> 2.718 | M16: ='S6'!E10-'S6'!E9 -> 2.466 | N16: =M16/L17 -> 0.47569444 | O16: ='S6'!B24 -> 3.068 | P16: ='S6'!B25-'S6'!B24 -> 1.324 | Q16: =P16/O17 -> 0.30145719 | R16: ='S6'!C24 -> 3.481 | S16: ='S6'!C25-'S6'!C24 -> 1.055 | T16: =S16/R17 -> 0.23258377 | U16: ='S6'!D24 -> 3.371 | V16: ='S6'!D25-'S6'!D24 -> 1.129 | W16: =V16/U17 -> 0.25088889 | X16: ='S6'!E24 -> 3.07 | Y16: ='S6'!E25-'S6'!E24 -> 2.618 | Z16: =Y16/X17 -> 0.46026723
B17: faktur.kal. | C17: ='S6'!B10 -> 4.428 | F17: ='S6'!C10 -> 7.524 | I17: ='S6'!D10 -> 6.048 | L17: ='S6'!E10 -> 5.184 | O17: ='S6'!B25 -> 4.392 | R17: ='S6'!C25 -> 4.536 | U17: ='S6'!D25 -> 4.5 | X17: ='S6'!E25 -> 5.688
A18: červenec | B18: součty kal. | C18: ='S7'!B9 -> 2.815 | D18: ='S7'!B10-'S7'!B9 -> 2.297 | E18: =D18/C19 -> 0.4493349 | F18: ='S7'!C9 -> 5.56 | G18: ='S7'!C10-'S7'!C9 -> 4.304 | H18: =G18/F19 -> 0.43633414 | I18: ='S7'!D9 -> 4.082 | J18: ='S7'!D10-'S7'!D9 -> 3.046 | K18: =J18/I19 -> 0.42732884 | L18: ='S7'!E9 -> 3.188 | M18: ='S7'!E10-'S7'!E9 -> 3.364 | N18: =M18/L19 -> 0.51343101 | O18: ='S7'!B24 -> 3.134 | P18: ='S7'!B25-'S7'!B24 -> 1.798 | Q18: =P18/O19 -> 0.36455799 | R18: ='S7'!C24 -> 3.466 | S18: ='S7'!C25-'S7'!C24 -> 1.358 | T18: =S18/R19 -> 0.28150912 | U18: ='S7'!D24 -> 3.145 | V18: ='S7'!D25-'S7'!D24 -> 1.283 | W18: =V18/U19 -> 0.28974706 | X18: ='S7'!E24 -> 2.811 | Y18: ='S7'!E25-'S7'!E24 -> 3.273 | Z18: =Y18/X19 -> 0.53796844
B19: faktur.kal. | C19: ='S7'!B10 -> 5.112 | F19: ='S7'!C10 -> 9.864 | I19: ='S7'!D10 -> 7.128 | L19: ='S7'!E10 -> 6.552 | O19: ='S7'!B25 -> 4.932 | R19: ='S7'!C25 -> 4.824 | U19: ='S7'!D25 -> 4.428 | X19: ='S7'!E25 -> 6.084
A20: srpen | B20: součty kal. | C20: ='S8'!B9 -> 2.552 | D20: ='S8'!B10-'S8'!B9 -> 2.416 | E20: =D20/C21 -> 0.4863124 | F20: ='S8'!C9 -> 5.841 | G20: ='S8'!C10-'S8'!C9 -> 4.239 | H20: =G20/F21 -> 0.42053571 | I20: ='S8'!D9 -> 4.039 | J20: ='S8'!D10-'S8'!D9 -> 3.197 | K20: =J20/I21 -> 0.44181868 | L20: ='S8'!E9 -> 3.188 | M20: ='S8'!E10-'S8'!E9 -> 3.616 | N20: =M20/L21 -> 0.53145209 | O20: ='S8'!B24 -> 3.189 | P20: ='S8'!B25-'S8'!B24 -> 1.887 | Q20: =P20/O21 -> 0.37174941 | R20: ='S8'!C24 -> 4.071 | S20: ='S8'!C25-'S8'!C24 -> 1.401 | T20: =S20/R21 -> 0.2560307 | U20: ='S8'!D24 -> 3.335 | V20: ='S8'!D25-'S8'!D24 -> 1.201 | W20: =V20/U21 -> 0.26477072 | X20: ='S8'!E24 -> 3.146 | Y20: ='S8'!E25-'S8'!E24 -> 3.046 | Z20: =Y20/X21 -> 0.49192506
B21: faktur.kal. | C21: ='S8'!B10 -> 4.968 | F21: ='S8'!C10 -> 10.08 | I21: ='S8'!D10 -> 7.236 | L21: ='S8'!E10 -> 6.804 | O21: ='S8'!B25 -> 5.076 | R21: ='S8'!C25 -> 5.472 | U21: ='S8'!D25 -> 4.536 | X21: ='S8'!E25 -> 6.192
A22: září | B22: součty kal. | C22: ='S9'!B9 -> 3.121 | D22: ='S9'!B10-'S9'!B9 -> 2.315 | E22: =D22/C23 -> 0.42586461 | F22: ='S9'!C9 -> -28.349 | G22: ='S9'!C10-'S9'!C9 -> 40.337 | H22: =G22/F23 -> 3.3647814 | I22: ='S9'!D9 -> 6.889 | J22: ='S9'!D10-'S9'!D9 -> 3.047 | K22: =J22/I23 -> 0.30666264 | L22: ='S9'!E9 -> 3.599 | M22: ='S9'!E10-'S9'!E9 -> 3.421 | N22: =M22/L23 -> 0.48732194 | O22: ='S9'!B24 -> 4.696 | P22: ='S9'!B25-'S9'!B24 -> 1.64 | Q22: =P22/O23 -> 0.25883838 | R22: ='S9'!C24 -> 6.934 | S22: ='S9'!C25-'S9'!C24 -> 2.282 | T22: =S22/R23 -> 0.24761285 | U22: ='S9'!D24 -> 4.084 | V22: ='S9'!D25-'S9'!D24 -> 1.316 | W22: =V22/U23 -> 0.2437037 | X22: ='S9'!E24 -> 4.478 | Y22: ='S9'!E25-'S9'!E24 -> 2.83 | Z22: =Y22/X23 -> 0.38724685
B23: faktur.kal. | C23: ='S9'!B10 -> 5.436 | F23: ='S9'!C10 -> 11.988 | I23: ='S9'!D10 -> 9.936 | L23: ='S9'!E10 -> 7.02 | O23: ='S9'!B25 -> 6.336 | R23: ='S9'!C25 -> 9.216 | U23: ='S9'!D25 -> 5.4 | X23: ='S9'!E25 -> 7.308
A24: říjen | B24: součty kal. | C24: ='S10'!B9 -> 6.563 | D24: ='S10'!B10-'S10'!B9 -> 2.977 | E24: =D24/C25 -> 0.31205451 | F24: ='S10'!C9 -> 50.319 | G24: ='S10'!C10-'S10'!C9 -> -31.239 | H24: =G24/F25 -> -1.6372642 | I24: ='S10'!D9 -> 12.546 | J24: ='S10'!D10-'S10'!D9 -> 2.538 | K24: =J24/I25 -> 0.16825776 | L24: ='S10'!E9 -> 8.745 | M24: ='S10'!E10-'S10'!E9 -> 4.215 | N24: =M24/L25 -> 0.32523148 | O24: ='S10'!B24 -> 10.715 | P24: ='S10'!B25-'S10'!B24 -> 2.173 | Q24: =P24/O25 -> 0.16860646 | R24: ='S10'!C24 -> 19.884 | S24: ='S10'!C25-'S10'!C24 -> 5.136 | T24: =S24/R25 -> 0.20527578 | U24: ='S10'!D24 -> 11.885 | V24: ='S10'!D25-'S10'!D24 -> 1.939 | W24: =V24/U25 -> 0.14026331 | X24: ='S10'!E24 -> 12.445 | Y24: ='S10'!E25-'S10'!E24 -> 2.675 | Z24: =Y24/X25 -> 0.17691799
B25: faktur.kal. | C25: ='S10'!B10 -> 9.54 | F25: ='S10'!C10 -> 19.08 | I25: ='S10'!D10 -> 15.084 | L25: ='S10'!E10 -> 12.96 | O25: ='S10'!B25 -> 12.888 | R25: ='S10'!C25 -> 25.02 | U25: ='S10'!D25 -> 13.824 | X25: ='S10'!E25 -> 15.12
A26: listopad | B26: součty kal. | C26: ='S11'!B9 -> 17.15 | D26: ='S11'!B10-'S11'!B9 -> 4.774 | E26: =D26/C27 -> 0.21775223 | F26: ='S11'!C9 -> 25.954 | G26: ='S11'!C10-'S11'!C9 -> 4.394 | H26: =G26/F27 -> 0.14478714 | I26: ='S11'!D9 -> 26.516 | J26: ='S11'!D10-'S11'!D9 -> 1.24 | K26: =J26/I27 -> 0.044675025 | L26: ='S11'!E9 -> 20.066 | M26: ='S11'!E10-'S11'!E9 -> 4.486 | N26: =M26/L27 -> 0.18271424 | O26: ='S11'!B24 -> 22.297 | P26: ='S11'!B25-'S11'!B24 -> 2.399 | Q26: =P26/O27 -> 0.097141237 | R26: ='S11'!C24 -> 29.012 | S26: ='S11'!C25-'S11'!C24 -> 7.168 | T26: =S26/R27 -> 0.19812051 | U26: ='S11'!D24 -> 23.835 | V26: ='S11'!D25-'S11'!D24 -> 2.589 | W26: =V26/U27 -> 0.09797911 | X26: ='S11'!E24 -> 25.089 | Y26: ='S11'!E25-'S11'!E24 -> 1.551 | Z26: =Y26/X27 -> 0.058220721
B27: faktur.kal. | C27: ='S11'!B10 -> 21.924 | F27: ='S11'!C10 -> 30.348 | I27: ='S11'!D10 -> 27.756 | L27: ='S11'!E10 -> 24.552 | O27: ='S11'!B25 -> 24.696 | R27: ='S11'!C25 -> 36.18 | U27: ='S11'!D25 -> 26.424 | X27: ='S11'!E25 -> 26.64
A28: prosinec | B28: součty kal. | C28: ='S12'!B9 -> 26.515 | D28: ='S12'!B10-'S12'!B9 -> 4.913 | E28: =D28/C29 -> 0.15632557 | F28: ='S12'!C9 -> 39.977 | G28: ='S12'!C10-'S12'!C9 -> 5.455 | H28: =G28/F29 -> 0.12006955 | I28: ='S12'!D9 -> 38.517 | J28: ='S12'!D10-'S12'!D9 -> 2.091 | K28: =J28/I29 -> 0.051492317 | L28: ='S12'!E9 -> 30.349 | M28: ='S12'!E10-'S12'!E9 -> 5.723 | N28: =M28/L29 -> 0.15865491 | O28: ='S12'!B24 -> 32.397 | P28: ='S12'!B25-'S12'!B24 -> 3.207 | Q28: =P28/O29 -> 0.090074149 | R28: ='S12'!C24 -> 39.462 | S28: ='S12'!C25-'S12'!C24 -> 9.75 | T28: =S28/R29 -> 0.19812241 | U28: ='S12'!D24 -> 34.052 | V28: ='S12'!D25-'S12'!D24 -> 3.892 | W28: =V28/U29 -> 0.10257221 | X28: ='S12'!E24 -> 34.478 | Y28: ='S12'!E25-'S12'!E24 -> 3.286 | Z28: =Y28/X29 -> 0.087014087
B29: faktur.kal. | C29: ='S12'!B10 -> 31.428 | F29: ='S12'!C10 -> 45.432 | I29: ='S12'!D10 -> 40.608 | L29: ='S12'!E10 -> 36.072 | O29: ='S12'!B25 -> 35.604 | R29: ='S12'!C25 -> 49.212 | U29: ='S12'!D25 -> 37.944 | X29: ='S12'!E25 -> 37.764
B30: Poznámka: | C30: závada kalorimetru 1855
A31: CELKEM ROZDÍL v GJ | D31: =SUM(D6:D29) -> 41.563 | G31: =SUM(G6:G29) -> 52.998 | J31: =SUM(J6:J29) -> 31.465 | M31: =SUM(M6:M29) -> 51.605 | P31: =SUM(P6:P29) -> 28.992 | S31: =SUM(S6:S29) -> 45.197 | V31: =SUM(V6:V29) -> 27.694 | Y31: =SUM(Y6:Y29) -> 37.942
A33: CELKEM ROZDÍL v % | D33: =(D6+D8+D10+D12+D14+D16+D18+D20+D22+D24+D26+D28)/(C7+C9+C11+C13+C15+C17+C19+C21+C23+C25+C27+C29) -> 0.21730242 | G33: =(G6+G8+G10+G12+G14+G16+G18+G20+G22+G24+G26+G28)/(F7+F9+F11+F13+F15+F17+F19+F21+F23+F25+F27+F29) -> 0.18036837 | J33: =(J6+J8+J10+J12+J14+J16+J18+J20+J22+J24+J26+J28)/(I7+I9+I11+I13+I15+I17+I19+I21+I23+I25+I27+I29) -> 0.12840132 | M33: =(M6+M8+M10+M12+M14+M16+M18+M20+M22+M24+M26+M28)/(L7+L9+L11+L13+L15+L17+L19+L21+L23+L25+L27+L29) -> 0.22793325 | P33: =(P6+P8+P10+P12+P14+P16+P18+P20+P22+P24+P26+P28)/(O7+O9+O11+O13+O15+O17+O19+O21+O23+O25+O27+O29) -> 0.12628718 | S33: =(S6+S8+S10+S12+S14+S16+S18+S20+S22+S24+S26+S28)/(R7+R9+R11+R13+R15+R17+R19+R21+R23+R25+R27+R29) -> 0.15762363 | V33: =(V6+V8+V10+V12+V14+V16+V18+V20+V22+V24+V26+V28)/(U7+U9+U11+U13+U15+U17+U19+U21+U23+U25+U27+U29) -> 0.12787197 | Y33: =(Y6+Y8+Y10+Y12+Y14+Y16+Y18+Y20+Y22+Y24+Y26+Y28)/(X7+X9+X11+X13+X15+X17+X19+X21+X23+X25+X27+X29) -> 0.16117823
D34: 1850 | G34: 1851 | J34: 1852 | M34: 1853 | P34: 1854 | S34: 1855 | V34: 1856 | Y34: 1857

Sheet Rozdíly (2)
A1: Přehled rozdílů a ztrát za teplo v GJ
C3: 1850 | F3: 51 | I3: 52 | L3: 53 | O3: 54 | R3: 55 | U3: 56 | X3: 57
C4: 1850 | F4: 1851 | I4: 1852 | L4: 1853 | O4: 1854 | R4: 1855 | U4: 1856 | X4: 1857
C5: odečet | D5: rozdíl [GJ] | E5: rozdíl [%] | F5: odečet | G5: rozdíl [GJ] | H5: rozdíl [%] | I5: odečet | J5: rozdíl [GJ] | K5: rozdíl [%] | L5: odečet | M5: rozdíl [GJ] | N5: rozdíl [%] | O5: odečet | P5: rozdíl [GJ] | Q5: rozdíl [%] | R5: odečet | S5: rozdíl [GJ] | T5: rozdíl [%] | U5: odečet | V5: rozdíl [GJ] | W5: rozdíl [%] | X5: odečet | Y5: rozdíl [GJ] | Z5: rozdíl [%]
