Workbook

Sheet 1850
A2: 1850 | C2: 45658 | D2: 45688 | E2: 45716 | F2: 45748 | G2: 45779 | H2: 45810 | I2: 45839 | J2: 45870 | K2: 45901 | L2: 45931 | M2: 45961 | N2: 45992 | O2: 46022 | P2: voda | Q2: teplo | R2: Elektr | Y2: spotřeby po měsících
A3: byt č. | C3: prosinec | D3: leden | E3: únor | F3: březen | G3: duben | H3: květen | I3: červen | J3: červenec | K3: srpen | L3: září | M3: říjen | N3: listopad | O3: prosinec | P3: m3 | Q3: GJ | R3: KWh | T3: byt | U3: leden | V3: únor | W3: březen | X3: duben | Y3: květen | Z3: červen | AA3: červenec | AB3: srpen | AC3: září | AD3: říjen | AE3: listopad | AF3: prosinec
A4: 1 | B4: vodoměr č. 241345698 | C4: 3.829 | D4: 13.067 | E4: 21.617 | F4: 30.906 | G4: 46.883 | H4: 55.949 | I4: 63.595 | J4: 71.439 | K4: 84.327 | L4: 96.543 | M4: 107.006 | N4: 118.761 | O4: 131.765 | P4: =O4-C4 -> 127.936 | T4: 1 | U4: =D4-C4 -> 9.238 | V4: =E4-D4 -> 8.55 | W4: =F4-E4 -> 9.289 | X4: =G4-F4 -> 15.977 | Y4: =H4-G4 -> 9.066 | Z4: =I4-H4 -> 7.646 | AA4: =J4-I4 -> 7.844 | AB4: =K4-J4 -> 12.888 | ... AF4: =O4-N4 -> 13.004
B5: kalorimetr č. 71182278 | C5: 67.779 | D5: 71.836 | E5: 75.085 | F5: 77.27 | G5: 78.283 | H5: 78.93 | I5: 79.435 | J5: 79.948 | K5: 80.759 | L5: 81.492 | M5: 82.21 | N5: 84.678 | O5: 88.237 | Q5: =O5-C5 -> 20.458 | Z5: =I5-H5 -> 0.505 | AA5: =J5-I5 -> 0.513 | AB5: =K5-J5 -> 0.811 | AC5: =L5-K5 -> 0.733 | AD5: =M5-L5 -> 0.718 | AE5: =N5-M5 -> 2.468 | AF5: =O5-N5 -> 3.559
A6: 2 | B6: vodoměr č. 241345701 | C6: 19.095 | D6: 34.634 | E6: 49.155 | F6: 65.991 | G6: 85.821 | H6: 104.238 | I6: 119.742 | J6: 131.547 | K6: 147.885 | L6: 159.79 | M6: 175.486 | N6: 192.984 | O6: 209.272 | P6: =O6-C6 -> 190.177 | T6: 2 | U6: =D6-C6 -> 15.539 | V6: =E6-D6 -> 14.521 | W6: =F6-E6 -> 16.836 | X6: =G6-F6 -> 19.83 | Y6: =H6-G6 -> 18.417 | Z6: =I6-H6 -> 15.504 | AA6: =J6-I6 -> 11.805 | AB6: =K6-J6 -> 16.338 | ... AF6: =O6-N6 -> 16.288
B7: kalorimetr č. 71182225 | C7: 83.238 | D7: 89.067 | E7: 94.211 | F7: 98.132 | G7: 100.154 | H7: 101.433 | I7: 102.307 | J7: 102.816 | K7: 103.576 | L7: 104.461 | M7: 106.776 | N7: 111.421 | O7: 116.53 | Q7: =O7-C7 -> 33.292 | Z7: =I7-H7 -> 0.874 | AA7: =J7-I7 -> 0.509 | AB7: =K7-J7 -> 0.76 | AC7: =L7-K7 -> 0.885 | AD7: =M7-L7 -> 2.315 | AE7: =N7-M7 -> 4.645 | AF7: =O7-N7 -> 5.109
A8: 3 | B8: vodoměr č. 241345691 | C8: 6.06 | D8: 10.586 | E8: 15.712 | F8: 22.185 | G8: 28.001 | H8: 34.163 | I8: 39.272 | J8: 44.503 | K8: 50.636 | L8: 54.84 | M8: 59.946 | N8: 65.403 | O8: 70.033 | P8: =O8-C8 -> 63.973 | T8: 3 | U8: =D8-C8 -> 4.526 | V8: =E8-D8 -> 5.126 | W8: =F8-E8 -> 6.473 | X8: =G8-F8 -> 5.816 | Y8: =H8-G8 -> 6.162 | Z8: =I8-H8 -> 5.109 | AA8: =J8-I8 -> 5.231 | AB8: =K8-J8 -> 6.133 | ... AF8: =O8-N8 -> 4.63
B9: kalorimetr č. 71182284 | C9: 60.193 | D9: 64.04 | E9: 66.994 | F9: 68.858 | G9: 69.675 | H9: 70.158 | I9: 70.547 | J9: 70.918 | K9: 71.333 | L9: 71.704 | M9: 73.561 | N9: 77.239 | O9: 79.838 | Q9: =O9-C9 -> 19.645 | Z9: =I9-H9 -> 0.389 | AA9: =J9-I9 -> 0.371 | AB9: =K9-J9 -> 0.415 | AC9: =L9-K9 -> 0.371 | AD9: =M9-L9 -> 1.857 | AE9: =N9-M9 -> 3.678 | AF9: =O9-N9 -> 2.599
A10: 4 | B10: vodoměr č. 241345696 | C10: 12.77 | D10: 23.715 | E10: 33.722 | F10: 45.952 | G10: 56.661 | H10: 68.487 | I10: 78.897 | J10: 89.086 | K10: 96.756 | L10: 104.896 | M10: 105.56 | N10: 116.667 | O10: 125.385 | P10: =O10-C10 -> 112.615 | T10: 4 | U10: =D10-C10 -> 10.945 | V10: =E10-D10 -> 10.007 | W10: =F10-E10 -> 12.23 | X10: =G10-F10 -> 10.709 | Y10: =H10-G10 -> 11.826 | Z10: =I10-H10 -> 10.41 | AA10: =J10-I10 -> 10.189 | AB10: =K10-J10 -> 7.67 | ... AF10: =O10-N10 -> 8.718
B11: kalorimetr č. 71182235 | C11: 40.877 | D11: 42.716 | E11: 44.31 | F11: 45.574 | G11: 46.514 | H11: 47.442 | I11: 48.155 | J11: 48.764 | K11: 49.302 | L11: 49.901 | M11: 50.063 | N11: 51.918 | O11: 54.863 | Q11: =O11-C11 -> 13.986 | Z11: =I11-H11 -> 0.713 | AA11: =J11-I11 -> 0.609 | AB11: =K11-J11 -> 0.538 | AC11: =L11-K11 -> 0.599 | AD11: =M11-L11 -> 0.162 | AE11: =N11-M11 -> 1.855 | AF11: =O11-N11 -> 2.945
A12: 5 | B12: vodoměr č. 241345690 | C12: 9.296 | D12: 18.066 | E12: 27.681 | F12: 37.874 | G12: 48.914 | H12: 58.539 | I12: 68.217 | J12: 76.309 | K12: 85.602 | L12: 93.595 | M12: 101.752 | N12: 110.222 | O12: 118.4 | P12: =O12-C12 -> 109.104 | T12: 5 | U12: =D12-C12 -> 8.77 | V12: =E12-D12 -> 9.615 | W12: =F12-E12 -> 10.193 | X12: =G12-F12 -> 11.04 | Y12: =H12-G12 -> 9.625 | Z12: =I12-H12 -> 9.678 | AA12: =J12-I12 -> 8.092 | AB12: =K12-J12 -> 9.293 | ... AF12: =O12-N12 -> 8.178
B13: kalorimetr č. 71182238 | C13: 57.859 | D13: 61.682 | E13: 65.146 | F13: 67.502 | G13: 68.697 | H13: 69.392 | I13: 70.049 | J13: 70.58 | K13: 71.118 | L13: 71.618 | M13: 72.757 | N13: 75.358 | O13: 78.234 | Q13: =O13-C13 -> 20.375 | Z13: =I13-H13 -> 0.657 | AA13: =J13-I13 -> 0.531 | AB13: =K13-J13 -> 0.538 | AC13: =L13-K13 -> 0.5 | AD13: =M13-L13 -> 1.139 | AE13: =N13-M13 -> 2.601 | AF13: =O13-N13 -> 2.876
A14: 6 | B14: vodoměr č. 241345700 | C14: 7.545 | D14: 12.112 | E14: 16.18 | F14: 21.108 | G14: 26.199 | H14: 31.703 | I14: 39.531 | J14: 45.604 | K14: 50.014 | L14: 55.236 | M14: 59.401 | N14: 64.139 | O14: 70.558 | P14: =O14-C14 -> 63.013 | T14: 6 | U14: =D14-C14 -> 4.567 | V14: =E14-D14 -> 4.068 | W14: =F14-E14 -> 4.928 | X14: =G14-F14 -> 5.091 | Y14: =H14-G14 -> 5.504 | Z14: =I14-H14 -> 7.828 | AA14: =J14-I14 -> 6.073 | AB14: =K14-J14 -> 4.41 | ... AF14: =O14-N14 -> 6.419
B15: kalorimetr č. 71182269 | C15: 91.113 | D15: 97.679 | E15: 102.992 | F15: 106.63 | G15: 107.786 | H15: 108.588 | I15: 109.166 | J15: 109.651 | K15: 110.013 | L15: 110.453 | M15: 110.988 | N15: 112.747 | O15: 116.546 | Q15: =O15-C15 -> 25.433 | Z15: =I15-H15 -> 0.578 | AA15: =J15-I15 -> 0.485 | AB15: =K15-J15 -> 0.362 | AC15: =L15-K15 -> 0.44 | AD15: =M15-L15 -> 0.535 | AE15: =N15-M15 -> 1.759 | AF15: =O15-N15 -> 3.799
A16: 7 | B16: vodoměr č. 241345702 | C16: 4.463 | D16: 7.81 | E16: 11.208 | F16: 14.709 | G16: 18.341 | H16: 21.451 | I16: 25.129 | J16: 28.95 | K16: 31.632 | L16: 35.336 | M16: 39.078 | N16: 43.9 | O16: 47.513 | P16: =O16-C16 -> 43.05 | T16: 7 | U16: =D16-C16 -> 3.347 | V16: =E16-D16 -> 3.398 | W16: =F16-E16 -> 3.501 | X16: =G16-F16 -> 3.632 | Y16: =H16-G16 -> 3.11 | Z16: =I16-H16 -> 3.678 | AA16: =J16-I16 -> 3.821 | AB16: =K16-J16 -> 2.682 | ... AF16: =O16-N16 -> 3.613
B17: kalorimetr č. 71182265 | C17: 21.004 | D17: 22.427 | E17: 23.199 | F17: 23.475 | G17: 23.626 | H17: 23.732 | I17: 23.85 | J17: 23.96 | K17: 24.032 | L17: 24.123 | M17: 24.316 | N17: 25.303 | O17: 26.122 | Q17: =O17-C17 -> 5.118 | Z17: =I17-H17 -> 0.118 | AA17: =J17-I17 -> 0.11 | AB17: =K17-J17 -> 0.072 | AC17: =L17-K17 -> 0.091 | AD17: =M17-L17 -> 0.193 | AE17: =N17-M17 -> 0.987 | AF17: =O17-N17 -> 0.819
A18: 8 | B18: vodoměr č. 241345699 | C18: 0.446 | D18: 1.927 | E18: 2.259 | F18: 3.094 | G18: 3.166 | H18: 3.457 | I18: 4.09 | J18: 4.579 | K18: 4.798 | L18: 6.387 | M18: 8.469 | N18: 9.218 | O18: 9.297 | P18: =O18-C18 -> 8.851 | T18: 8 | U18: =D18-C18 -> 1.481 | V18: =E18-D18 -> 0.332 | W18: =F18-E18 -> 0.835 | X18: =G18-F18 -> 0.072 | Y18: =H18-G18 -> 0.291 | Z18: =I18-H18 -> 0.633 | AA18: =J18-I18 -> 0.489 | AB18: =K18-J18 -> 0.219 | ... AF18: =O18-N18 -> 0.079
B19: kalorimetr č. 71182245 | C19: 62.224 | D19: 65.897 | E19: 68.595 | F19: 70.176 | G19: 70.29 | H19: 70.445 | I19: 70.591 | J19: 70.728 | K19: 70.857 | L19: 71.059 | M19: 72.09 | N19: 74.581 | O19: 77.412 | Q19: =O19-C19 -> 15.188 | Z19: =I19-H19 -> 0.146 | AA19: =J19-I19 -> 0.137 | AB19: =K19-J19 -> 0.129 | AC19: =L19-K19 -> 0.202 | AD19: =M19-L19 -> 1.031 | AE19: =N19-M19 -> 2.491 | AF19: =O19-N19 -> 2.831
A20: 9 | B20: vodoměr č. 241345692 | C20: 0.073 | D20: 0.098 | E20: 0.115 | F20: 0.141 | G20: 0.16 | H20: 0.182 | I20: 0.206 | J20: 0.225 | K20: 0.25 | L20: 0.279 | M20: 0.286 | N20: 6.015 | O20: 15.707 | P20: =O20-C20 -> 15.634 | T20: 9 | U20: =D20-C20 -> 0.025 | V20: =E20-D20 -> 0.017 | W20: =F20-E20 -> 0.026 | X20: =G20-F20 -> 0.019 | Y20: =H20-G20 -> 0.022 | Z20: =I20-H20 -> 0.024 | AA20: =J20-I20 -> 0.019 | AB20: =K20-J20 -> 0.025 | ... AF20: =O20-N20 -> 9.692
B21: kalorimetr č. 71182280 | C21: 12.012 | D21: 12.139 | E21: 12.27 | F21: 12.44 | G21: 12.613 | H21: 12.783 | I21: 12.927 | J21: 13.072 | K21: 13.222 | L21: 13.375 | M21: 13.54 | N21: 15.759 | O21: 18.462 | Q21: =O21-C21 -> 6.45 | Z21: =I21-H21 -> 0.144 | AA21: =J21-I21 -> 0.145 | AB21: =K21-J21 -> 0.15 | AC21: =L21-K21 -> 0.153 | AD21: =M21-L21 -> 0.165 | AE21: =N21-M21 -> 2.219 | AF21: =O21-N21 -> 2.703
A22: 10 | B22: vodoměr č. 241345695 | C22: 8.359 | D22: 17.322 | E22: 23.559 | F22: 34.052 | G22: 43.289 | H22: 51.926 | I22: 61.184 | J22: 68.196 | K22: 77.196 | L22: 86.021 | M22: 95.876 | N22: 106.827 | O22: 114.433 | P22: =O22-C22 -> 106.074 | T22: 10 | U22: =D22-C22 -> 8.963 | V22: =E22-D22 -> 6.237 | W22: =F22-E22 -> 10.493 | X22: =G22-F22 -> 9.237 | Y22: =H22-G22 -> 8.637 | Z22: =I22-H22 -> 9.258 | AA22: =J22-I22 -> 7.012 | AB22: =K22-J22 -> 9 | ... AF22: =O22-N22 -> 7.606
B23: kalorimetr č. 71182243 | C23: 68.947 | D23: 73.782 | E23: 77.406 | F23: 80.095 | G23: 81.133 | H23: 81.636 | I23: 82.077 | J23: 82.403 | K23: 82.816 | L23: 83.263 | M23: 85.486 | N23: 90.434 | O23: 95.253 | Q23: =O23-C23 -> 26.306 | Z23: =I23-H23 -> 0.441 | AA23: =J23-I23 -> 0.326 | AB23: =K23-J23 -> 0.413 | AC23: =L23-K23 -> 0.447 | AD23: =M23-L23 -> 2.223 | AE23: =N23-M23 -> 4.948 | AF23: =O23-N23 -> 4.819
P24: =SUM(P4:P23) -> 840.427 | Q24: =SUM(Q4:Q23) -> 186.251
A25: spol.spotř. | B25: elektroměr č. 1025291034 | C25: 7220 | D25: 7401 | E25: 7599 | F25: 7791 | G25: 7978 | H25: 8198 | I25: 8392 | J25: 8563 | K25: 8742 | L25: 8925 | M25: 9097 | N25: 9283 | O25: 9472 | R25: =O25-C25 -> 2252
B26: patní vodoměr č. 241175202 | C26: 79.1 | D26: 152.6 | E26: 220.9 | F26: 302.5 | G26: 390.4 | H26: 469.6 | I26: 545.6 | J26: 611.9 | K26: 687.6 | L26: 757.4 | M26: 823.2 | N26: 911.2 | O26: 996.6 | P26: =O26-C26 -> 917.5
B27: patní kalorimetr č./ GJ | C27: 227.97 | D27: 264.11 | E27: 293.69 | F27: 311.71 | G27: 317.94 | H27: 321.29 | I27: 324.04 | J27: 326.14 | K27: 328.2 | L27: 330.86 | M27: 339.44 | N27: 367.16 | O27: 399.83 | Q27: =(O27-C27) -> 171.86 | R27: GJ
B28: patní kalorimetr č./kub.m | C28: 1970 | D28: 2274 | E28: 2509 | F28: 2650 | G28: 2700 | H28: 2729 | I28: 2754 | J28: 2778 | K28: 2798 | L28: 2823 | M28: 2905 | N28: 3111 | O28: 3333 | Q28: =O28-C28 -> 1363 | R28: m3
A29: fakturační vodoměr č. 63796 | C29: 28101 | D29: 28433.6 | E29: 28750.9 | F29: 29123.3 | G29: 29498.8 | H29: 29863 | I29: 30199 | J29: 30525.8 | K29: 30885.6 | L29: 31236.6 | M29: 31568.3 | N29: 31933 | O29: 65454 | P29: =O29-E33+E32-C29 -> 4178
C31: číslo | E31: stav
B32: Výměna fakturač. vodoměru | C32: 63796 | D32: starý | E32: 31933 | H32: Dne 31.7.2023 odpojen kalor. (cejchování), | L32: stav: | M32: 210.8 | N32: MWh
B33: dne 1.12.2025 | C33: 203623 | D33: nový | E33: 65108 | H33: Dne 3.8.2023 zapojen znovuzapojení, | L33: stav: | M33: 0 | N33: GJ
B34: Výměna elekroměru | C34: 18972503 | D34: starý
B35: dne 13.2.2022 | C35: 1025291034 | D35: nový
N37: Odečet vodárny 31.12.2024 | O37: =C29 -> 28101
N39: Odečet vodárny 31.12.2025 | O39: =O29 -> 65454
N41: spotřeba | O41: =O39-O37-O38 -> 37353

Sheet 1851
AE1: Vytipování vadných vodoměrů
A2: Nové | B2: 1851 | D2: ='1850'!C2 -> 45658 | E2: ='1850'!D2 -> 45688 | F2: ='1850'!E2 -> 45716 | G2: ='1850'!F2 -> 45748 | H2: ='1850'!G2 -> 45779 | I2: ='1850'!H2 -> 45810 | J2: ='1850'!I2 -> 45839 | K2: ='1850'!J2 -> 45870 | ... P2: ='1850'!O2 -> 46022 | Q2: voda | R2: teplo | S2: Elektr | Z2: spotřeby po měsících | AK2: Podíl teplé vody na celkové spotřebě vody u dělených bytů (%) | AV2: CELKOVÝ | AW2: =(AW6+AW12+AW14+AW18+AW54+AW56+AW58+AW60+AW62)/9 -> 0.31126519
A3: číslování | B3: byt č. | D3: prosinec | E3: leden | F3: únor | G3: březen | H3: duben | I3: květen | J3: červen | K3: červenec | L3: srpen | M3: září | N3: říjen | O3: listopad | P3: prosinec | Q3: m3 | R3: GJ | S3: KWh | U3: byt | V3: leden | W3: únor | X3: březen | Y3: duben | Z3: květen | AA3: červen | AB3: červenec | AC3: srpen | AD3: září | AE3: říjen | AF3: listopad | AG3: prosinec | AK3: 1. | AL3: 2. | AM3: 3. | AN3: 4. | AO3: 5. | AP3: 6. | AQ3: 7. | AR3: 8. | AS3: 9. | AT3: 10. | AU3: 11. | AV3: 12. | AW3: Průměr
A4: 1 | B4: 1 | C4: vodoměr č. 241010644 | D4: 15.011 | E4: 28.037 | F4: 43.089 | G4: 60.307 | H4: 76.864 | I4: 92.991 | J4: 106.245 | K4: 122.097 | L4: 141.502 | M4: 159.22 | N4: 173.646 | O4: 187.745 | P4: 199.73 | Q4: =P4-D4 -> 184.719 | U4: 1 | V4: =E4-D4 -> 13.026 | W4: =F4-E4 -> 15.052 | X4: =G4-F4 -> 17.218 | Y4: =H4-G4 -> 16.557 | Z4: =I4-H4 -> 16.127 | AA4: =J4-I4 -> 13.254 | AB4: =K4-J4 -> 15.852 | AC4: =L4-K4 -> 19.405 | ... AG4: =P4-O4 -> 11.985
C5: kalorimetr č. 71182262 | D5: 91.799 | E5: 96.551 | F5: 101.424 | G5: 105.055 | H5: 107.005 | I5: 108.389 | J5: 109.244 | K5: 110.095 | L5: 111.092 | M5: 112.199 | N5: 114.626 | O5: 118.546 | P5: 122.956 | R5: =P5-D5 -> 31.157 | U5: xx
A6: 2 | B6: 2 | C6: vodoměr SV č. 241010636 | D6: 7.346 | E6: 12.976 | F6: 18.9 | G6: 25.565 | H6: 31.982 | I6: 38.645 | J6: 45.224 | K6: 51.937 | L6: 59.309 | M6: 67.745 | N6: 76.055 | O6: 82.937 | P6: 90.242 | Q6: =P6-D6 -> 82.896 | U6: 2 | V6: =E6-D6 -> 5.63 | W6: =F6-E6 -> 5.924 | X6: =G6-F6 -> 6.665 | Y6: =H6-G6 -> 6.417 | Z6: =I6-H6 -> 6.663 | AA6: =J6-I6 -> 6.579 | AB6: =K6-J6 -> 6.713 | AC6: =L6-K6 -> 7.372 | ... AG6: =P6-O6 -> 7.305 | AJ6: byt 2 | AK6: =V7/(V6+V7) -> 0.37080912 | AL6: =W7/(W6+W7) -> 0.34374654 | AM6: =X7/(X6+X7) -> 0.35479187 | AN6: =Y7/(Y6+Y7) -> 0.3387263 | AO6: =Z7/(Z6+Z7) -> 0.3392503 | AP6: =AA7/(AA6+AA7) -> 0.25953855 | AQ6: =AB7/(AB6+AB7) -> 0.245476 | AR6: =AC7/(AC6+AC7) -> 0.25648008 | ... AV6: =AG7/(AG6+AG7) -> 0.30388794 | AW6: =SUM(AK6:AV6)/12 -> 0.30475394
A7: 2 a 3 | C7: kalorimetr č. 71182271 | D7: 111.032 | E7: 117.933 | F7: 124.626 | G7: 128.932 | H7: 131.033 | I7: 132.518 | J7: 133.527 | K7: 134.453 | L7: 135.203 | M7: 136.455 | N7: 139.75 | O7: 144.249 | P7: 148.721 | R7: =P7-D7 -> 37.689 | U7: TV | V7: =V40 -> 3.318 | W7: =W40 -> 3.103 | X7: =X40 -> 3.665 | Y7: =Y40 -> 3.287 | Z7: =Z40 -> 3.421 | AA7: =AA40 -> 2.306 | AB7: =AB40 -> 2.184 | AC7: =AC40 -> 2.543 | ... AG7: =AG40 -> 3.189
A8: 5 | B8: 3 | C8: vodoměr SV č. 241010648 | D8: 1.227 | E8: 2.16 | F8: 3.144 | G8: 4.548 | H8: 5.93 | I8: 7.35 | J8: 8.626 | K8: 10.044 | L8: 11.541 | M8: 12.849 | N8: 14.083 | O8: 15.509 | P8: 17.065 | Q8: =P8-D8 -> 15.838 | U8: 5 | V8: =E8-D8 -> 0.933 | W8: =F8-E8 -> 0.984 | X8: =G8-F8 -> 1.404 | Y8: =H8-G8 -> 1.382 | Z8: =I8-H8 -> 1.42 | AA8: =J8-I8 -> 1.276 | AB8: =K8-J8 -> 1.418 | AC8: =L8-K8 -> 1.497 | ... AG8: =P8-O8 -> 1.556 | AJ8: byt 5 | AK8: =V9/(V8+V9) -> 0.26303318 | AL8: =W9/(W8+W9) -> 0.24015444 | AM8: =X9/(X8+X9) -> 0.20990433 | AN8: =Y9/(Y8+Y9) -> 0.20665901 | AO8: =Z9/(Z8+Z9) -> 0.21111111 | AP8: =AA9/(AA8+AA9) -> 0.21185917 | AQ8: =AB9/(AB8+AB9) -> 0.20247469 | AR8: =AC9/(AC8+AC9) -> 0.18641304 | ... AV8: =AG9/(AG8+AG9) -> 0.22587065 | AW8: =SUM(AK8:AV8)/12 -> 0.22334596
A9: 5 a 6 | C9: kalorimetr č. 71182241 | D9: 124.131 | E9: 129.177 | F9: 133.02 | G9: 135.046 | H9: 135.803 | I9: 136.056 | J9: 136.251 | K9: 136.419 | L9: 136.595 | M9: 136.885 | N9: 137.734 | O9: 140.62 | P9: 144.359 | R9: =P9-D9 -> 20.228 | U9: TV | V9: =V42 -> 0.333 | W9: =W42 -> 0.311 | X9: =X42 -> 0.373 | Y9: =Y42 -> 0.36 | Z9: =Z42 -> 0.38 | AA9: =AA42 -> 0.343 | AB9: =AB42 -> 0.36 | AC9: =AC42 -> 0.343 | ... AG9: =AG42 -> 0.454
A10: 4 | B10: 4 | C10: vodoměr č. 241010642 | D10: 9.465 | E10: 18.038 | F10: 24.604 | G10: 33.764 | H10: 41.563 | I10: 49.768 | J10: 56.173 | K10: 62.815 | L10: 71.301 | M10: 79.546 | N10: 87.438 | O10: 96.62 | P10: 104.28 | Q10: =P10-D10 -> 94.815 | U10: 4 | V10: =E10-D10 -> 8.573 | W10: =F10-E10 -> 6.566 | X10: =G10-F10 -> 9.16 | Y10: =H10-G10 -> 7.799 | Z10: =I10-H10 -> 8.205 | AA10: =J10-I10 -> 6.405 | AB10: =K10-J10 -> 6.642 | AC10: =L10-K10 -> 8.486 | ... AG10: =P10-O10 -> 7.66
C11: kalorimetr č. 71182237 | D11: 19.687 | E11: 21.612 | F11: 22.952 | G11: 23.701 | H11: 24.396 | I11: 24.913 | J11: 25.242 | K11: 25.512 | L11: 25.89 | M11: 26.31 | N11: 26.848 | O11: 28.629 | P11: 30.653 | R11: =P11-D11 -> 10.966 | U11: xx | AZ11: originál
A12: 9 | B12: 5 | C12: vodoměr SV č. 241010637 | D12: 1.517 | E12: 1.517 | F12: 1.568 | G12: 1.568 | H12: 1.575 | I12: 1.575 | J12: 1.575 | K12: 1.575 | L12: 1.575 | M12: 1.575 | N12: 1.576 | O12: 1.576 | P12: 1.588 | Q12: =P12-D12 -> 0.071 | U12: 9 | V12: =E12-D12 -> 0 | W12: =F12-E12 -> 0.051 | X12: =G12-F12 -> 0 | Y12: =H12-G12 -> 0.007 | Z12: =I12-H12 -> 0 | AA12: =J12-I12 -> 0 | AB12: =K12-J12 -> 0 | AC12: =L12-K12 -> 0 | ... AG12: =P12-O12 -> 0.012 | AJ12: byt 9 | AW12: =SUM(AK12:AV12)/12 -> 0 | AZ12: byt 9 | BA12: =AL13/(AL12+AL13) -> #DIV/0! | BB12: =AM13/(AM12+AM13) -> #DIV/0! | BC12: =AN13/(AN12+AN13) -> #DIV/0! | BD12: =AO13/(AO12+AO13) -> #DIV/0! | BE12: =AP13/(AP12+AP13) -> #DIV/0! | BF12: =AQ13/(AQ12+AQ13) -> #DIV/0! | BG12: =AR13/(AR12+AR13) -> #DIV/0! | BH12: =AS13/(AS12+AS13) -> #DIV/0! | ... BL12: =AW13/(AW12+AW13) -> #DIV/0! | BM12: =SUM(BA12:BL12)/12 -> #DIV/0!
A13: 8 a 9 | C13: kalorimetr č. 71182221 | D13: 95.26 | E13: 98.466 | F13: 101.186 | G13: 103.647 | H13: 105.168 | I13: 106.343 | J13: 106.945 | K13: 107.401 | L13: 107.815 | M13: 108.426 | N13: 110.417 | O13: 114.26 | P13: 118.131 | R13: =P13-D13 -> 22.871 | U13: TV | V13: =V44 -> 0 | W13: =W44 -> 0.001 | X13: =X44 -> 0 | Y13: =Y44 -> 0 | Z13: =Z44 -> 0 | AA13: =AA44 -> 0 | AB13: =AB44 -> 0 | AC13: =AC44 -> 0 | ... AG13: =AG44 -> 0.002
A14: 15 | B14: 6 | C14: vodoměr SV č. 241010633 | D14: 2.171 | E14: 3.81 | F14: 5.682 | G14: 7.377 | H14: 9 | I14: 10.841 | J14: 12.976 | K14: 15.117 | L14: 17.395 | M14: 19.172 | N14: 21.023 | O14: 23.529 | P14: 25.973 | Q14: =P14-D14 -> 23.802 | U14: 15 | V14: =E14-D14 -> 1.639 | W14: =F14-E14 -> 1.872 | X14: =G14-F14 -> 1.695 | Y14: =H14-G14 -> 1.623 | Z14: =I14-H14 -> 1.841 | AA14: =J14-I14 -> 2.135 | AB14: =K14-J14 -> 2.141 | AC14: =L14-K14 -> 2.278 | ... AG14: =P14-O14 -> 2.444 | AJ14: byt 15 | AK14: =V15/(V14+V15) -> 0.42652204 | AL14: =W15/(W14+W15) -> 0.38843515 | AM14: =X15/(X14+X15) -> 0.37706725 | AN14: =Y15/(Y14+Y15) -> 0.40440367 | AO14: =Z15/(Z14+Z15) -> 0.3176427 | AP14: =AA15/(AA14+AA15) -> 0.29163902 | AQ14: =AB15/(AB14+AB15) -> 0.35628382 | AR14: =AC15/(AC14+AC15) -> 0.38878455 | ... AV14: =AG15/(AG14+AG15) -> 0.39891786 | AW14: =SUM(AK14:AV14)/12 -> 0.38294388
A15: 11 a 15 | C15: kalorimetr č. 71182276 | D15: 52.481 | E15: 54.425 | F15: 57.467 | G15: 58.745 | H15: 59.288 | I15: 59.615 | J15: 60.027 | K15: 60.446 | L15: 61.035 | M15: 61.516 | N15: 62.9 | O15: 65.748 | P15: 69.055 | R15: =P15-D15 -> 16.574 | U15: TV | V15: =V46 -> 1.219 | W15: =W46 -> 1.189 | X15: =X46 -> 1.026 | Y15: =Y46 -> 1.102 | Z15: =Z46 -> 0.857 | AA15: =AA46 -> 0.879 | AB15: =AB46 -> 1.185 | AC15: =AC46 -> 1.449 | ... AG15: =AG46 -> 1.622
A16: 7 | B16: 7 | C16: vodoměr č. 241010643 | D16: 6.863 | E16: 12.859 | F16: 18.007 | G16: 24.676 | H16: 35.707 | I16: 45.17 | J16: 54.014 | K16: 62.629 | L16: 70.667 | M16: 78.902 | N16: 88.11 | O16: 100.046 | P16: 108.226 | Q16: =P16-D16 -> 101.363 | U16: 7 | V16: =E16-D16 -> 5.996 | W16: =F16-E16 -> 5.148 | X16: =G16-F16 -> 6.669 | Y16: =H16-G16 -> 11.031 | Z16: =I16-H16 -> 9.463 | AA16: =J16-I16 -> 8.844 | AB16: =K16-J16 -> 8.615 | AC16: =L16-K16 -> 8.038 | ... AG16: =P16-O16 -> 8.18
C17: kalorimetr č. 71182256 | D17: 13.934 | E17: 15.131 | F17: 15.96 | G17: 16.645 | H17: 17.408 | I17: 17.97 | J17: 18.421 | K17: 18.784 | L17: 19.113 | M17: 19.475 | N17: 19.937 | O17: 20.635 | P17: 21.263 | R17: =P17-D17 -> 7.329 | U17: xx
A18: 13 | B18: 8 | C18: vodoměr SV č. 241010631 | D18: 2.59 | E18: 4.997 | F18: 6.688 | G18: 8.99 | H18: 10.914 | I18: 13.047 | J18: 15.05 | K18: 18.114 | L18: 21.404 | M18: 23.306 | N18: 25.665 | O18: 27.685 | P18: 29.93 | Q18: =P18-D18 -> 27.34 | U18: 13 | V18: =E18-D18 -> 2.407 | W18: =F18-E18 -> 1.691 | X18: =G18-F18 -> 2.302 | Y18: =H18-G18 -> 1.924 | Z18: =I18-H18 -> 2.133 | AA18: =J18-I18 -> 2.003 | AB18: =K18-J18 -> 3.064 | AC18: =L18-K18 -> 3.29 | ... AG18: =P18-O18 -> 2.245 | AJ18: byt 13 | AK18: =V19/(V18+V19) -> 0.44321073 | AL18: =W19/(W18+W19) -> 0.48819613 | AM18: =X19/(X18+X19) -> 0.43244576 | AN18: =Y19/(Y18+Y19) -> 0.4431259 | AO18: =Z19/(Z18+Z19) -> 0.40979524 | AP18: =AA19/(AA18+AA19) -> 0.37929966 | AQ18: =AB19/(AB18+AB19) -> 0.36352306 | AR18: =AC19/(AC18+AC19) -> 0.38389513 | ... AV18: =AG19/(AG18+AG19) -> 0.39373481 | AW18: =SUM(AK18:AV18)/12 -> 0.41451599
A19: 12 a 13 | C19: kalorimetr č. 71182279 | D19: 83.883 | E19: 89.259 | F19: 94.22 | G19: 96.699 | H19: 98.319 | I19: 98.832 | J19: 99.065 | K19: 99.316 | L19: 99.626 | M19: 99.802 | N19: 101.151 | O19: 103.914 | P19: 107.747 | R19: =P19-D19 -> 23.864 | U19: TV | V19: =V48 -> 1.916 | W19: =W48 -> 1.613 | X19: =X48 -> 1.754 | Y19: =Y48 -> 1.531 | Z19: =Z48 -> 1.481 | AA19: =AA48 -> 1.224 | AB19: =AB48 -> 1.75 | AC19: =AC48 -> 2.05 | ... AG19: =AG48 -> 1.458
A20: 14 | B20: 9 | C20: vodoměr č. 241010632 | D20: 9.871 | E20: 17.148 | F20: 26.287 | G20: 36.47 | H20: 46.895 | I20: 55.571 | J20: 65.248 | K20: 74.057 | L20: 83.226 | M20: 92.23 | N20: 100.75 | O20: 111.195 | P20: 120.691 | Q20: =P20-D20 -> 110.82 | U20: 14 | V20: =E20-D20 -> 7.277 | W20: =F20-E20 -> 9.139 | X20: =G20-F20 -> 10.183 | Y20: =H20-G20 -> 10.425 | Z20: =I20-H20 -> 8.676 | AA20: =J20-I20 -> 9.677 | AB20: =K20-J20 -> 8.809 | AC20: =L20-K20 -> 9.169 | ... AG20: =P20-O20 -> 9.496
C21: kalorimetr č. 71182252 | D21: 87.236 | E21: 92.407 | F21: 96.954 | G21: 99.864 | H21: 101.028 | I21: 101.631 | J21: 102.1 | K21: 102.541 | L21: 102.982 | M21: 103.419 | N21: 105.233 | O21: 109.349 | P21: 113.934 | R21: =P21-D21 -> 26.698 | U21: xx
A22: 10 | B22: 10 | C22: vodoměr č. 241010635 | D22: 2.516 | E22: 4.717 | F22: 7.148 | G22: 9.529 | H22: 12.145 | I22: 14.709 | J22: 17.004 | K22: 19.752 | L22: 21.96 | M22: 24.92 | N22: 27.163 | O22: 29.568 | P22: 32.06 | Q22: =P22-D22 -> 29.544 | U22: 10 | V22: =E22-D22 -> 2.201 | W22: =F22-E22 -> 2.431 | X22: =G22-F22 -> 2.381 | Y22: =H22-G22 -> 2.616 | Z22: =I22-H22 -> 2.564 | AA22: =J22-I22 -> 2.295 | AB22: =K22-J22 -> 2.748 | AC22: =L22-K22 -> 2.208 | ... AG22: =P22-O22 -> 2.492
C23: kalorimetr č. 71182234 | D23: 51.809 | E23: 55.686 | F23: 59.048 | G23: 60.841 | H23: 61.502 | I23: 61.763 | J23: 61.992 | K23: 62.197 | L23: 62.411 | M23: 62.849 | N23: 64.257 | O23: 67.492 | P23: 71.66 | R23: =P23-D23 -> 19.851 | U23: xx
B24: spol.spotř. | C24: elektroměr č. 2080200096 | D24: 14724 | E24: 14906 | F24: 15089 | G24: 15287 | H24: 15489 | I24: 15678 | J24: 15859 | K24: 16035 | L24: 16225 | M24: 16417 | N24: 16618 | O24: 16806 | P24: 16972 | Q24: =SUM(Q4:Q23)+SUM(Q33:Q49) -> 952.79 | R24: =SUM(R4:R23) -> 217.227 | S24: =P24-D24 -> 2248 | U24: kWh | AK24: Podíl teplé vody na celkové spotřebě vody u dělených bytů po měsících (%)
AJ25: CELKEM | AK25: 1. | AL25: 2. | AM25: 3. | AN25: 4. | AO25: 5. | AP25: 6. | AQ25: 7. | AR25: 8. | AS25: 9. | AT25: 10. | AU25: 11. | AV25: 12. | AW25: Průměr | BF25: originál | BG25: 1. | BH25: 2. | BI25: 3. | BJ25: 4. | BK25: 5. | BL25: 6. | BM25: 7. | BN25: 8. | BO25: 9. | BP25: 10. | BQ25: 11. | BR25: 12. | BS25: Průměr
C26: patní vodoměr č. 241175208 | D26: 101.3 | E26: 181.8 | F26: 263.3 | G26: 357.9 | H26: 449.7 | I26: 538.4 | J26: 618.8 | K26: 705 | L26: 795.4 | M26: 880.8 | N26: 964.4 | O26: 1056.4 | P26: 1140.1 | Q26: =P26-D26 -> 1038.8 | AJ26: Průměr po měsících | AK26: =(AK6+AK8+AK12+AK14+AK18+AK54+AK56+AK58+AK60+AK62)/9 -> 0.39174175 | AL26: =(AL6+AL8+AL12+AL14+AL18+AL54+AL56+AL58+AL60+AL62)/9 -> 0.38795801 | AM26: =(AM6+AM8+AM12+AM14+AM18+AM54+AM56+AM58+AM60+AM62)/9 -> 0.36120606 | AN26: =(AN6+AN8+AN12+AN14+AN18+AN54+AN56+AN58+AN60+AN62)/9 -> 0.3629718 | AO26: =(AO6+AO8+AO12+AO14+AO18+AO54+AO56+AO58+AO60+AO62)/9 -> 0.34750286 | AP26: =(AP6+AP8+AP12+AP14+AP18+AP54+AP56+AP58+AP60+AP62)/9 -> 0.30662998 | AQ26: =(AQ6+AQ8+AQ12+AQ14+AQ18+AQ54+AQ56+AQ58+AQ60+AQ62)/9 -> 0.28853529 | AR26: =(AR6+AR8+AR12+AR14+AR18+AR54+AR56+AR58+AR60+AR62)/9 -> 0.28646744 | AS26: =(AS6+AS8+AS12+AS14+AS18+AS56+AS58+AS60+AS62)/8 -> 0.29011946 | AT26: =(AT6+AT8+AT12+AT14+AT18+AT56+AT58+AT60+AT62)/8 -> 0.33387956 | AU26: =(AU6+AU8+AU12+AU14+AU18+AU56+AU58+AU60+AU62)/8 -> 0.34397001 | AV26: =(AV6+AV8+AV12+AV14+AV18+AV56+AV58+AV60+AV62)/8 -> 0.3199757 | AW26: =(AW6+AW8+AW12+AW14+AW18+AW54+AW56+AW58+AW60+AW62)/9 -> 0.33608141 | AZ26: Podíl TV po bytech | BF26: Průměr po měsících | BG26: =(BG6+BG8+BG12+BG14+BG18+BG54+BG56+BG58+BG60+BG62)/10 -> #DIV/0! | BH26: =(BH6+BH8+BH12+BH14+BH18+BH54+BH56+BH58+BH60+BH62)/10 -> #DIV/0! | BI26: =(BI6+BI8+BI12+BI14+BI18+BI54+BI56+BI58+BI60+BI62)/10 -> #DIV/0! | BJ26: =(BJ6+BJ8+BJ12+BJ14+BJ18+BJ54+BJ56+BJ58+BJ60+BJ62)/10 -> #DIV/0! | BK26: =(BK6+BK8+BK12+BK14+BK18+BK54+BK56+BK58+BK60+BK62)/10 -> #DIV/0! | BL26: =(BL6+BL8+BL12+BL14+BL18+BL54+BL56+BL58+BL60+BL62)/10 -> #DIV/0! | BM26: =(BM6+BM8+BM12+BM14+BM18+BM54+BM56+BM58+BM60+BM62)/10 -> #DIV/0! | BN26: =(BN6+BN8+BN12+BN14+BN18+BN54+BN56+BN58+BN60+BN62)/10 -> #DIV/0! | ... BS26: =(BS6+BS8+BS12+BS14+BS18+BS54+BS56+BS58+BS60+BS62)/10 -> 0
C27: patní kalorimetr č. / GJ | D27: 337.39 | E27: 380 | F27: 419.54 | G27: 442.64 | H27: 455.22 | I27: 463.64 | J27: 469.9 | K27: 475.28 | L27: 479.59 | M27: 486.89 | N27: 502.48 | O27: 533.44 | P27: 570.14 | R27: =(P27-D27) -> 232.75 | S27: GJ
C28: patní kalorimetr č./kub.m | D28: 5081 | E28: 5505 | F28: 5903 | G28: 6107 | H28: 6264 | I28: 6402 | J28: 6516.1 | K28: 6611 | L28: 6680 | M28: 6848 | N28: 7032 | O28: 7307 | P28: 7626 | R28: =P28-D28 -> 2545 | S28: m3
B29: ='1850'!A29 -> fakturační vodoměr č. 63796 | D29: ='1850'!C29 -> 28101 | E29: ='1850'!D29 -> 28433.6 | F29: ='1850'!E29 -> 28750.9 | G29: ='1850'!F29 -> 29123.3 | H29: ='1850'!G29 -> 29498.8 | I29: ='1850'!H29 -> 29863 | J29: ='1850'!I29 -> 30199 | K29: ='1850'!J29 -> 30525.8 | ... P29: ='1850'!O29 -> 65454 | Q29: =P29-D29 -> 37353 | V29: studená voda
U31: byt | V31: leden | W31: únor | X31: březen | Y31: duben | Z31: květen | AA31: červen | AB31: červenec | AC31: srpen | AD31: září | AE31: říjen | AF31: listopad | AG31: prosinec
A33: 3 | B33: 2B | C33: vodoměr SV č. 241010630 | D33: 2.112 | E33: 4.421 | F33: 7.006 | G33: 10.571 | H33: 12.961 | I33: 15.374 | J33: 17.775 | K33: 21.299 | L33: 21.353 | M33: 21.353 | N33: 21.354 | O33: 21.354 | P33: 21.355 | Q33: =P33-D33 -> 19.243 | U33: 3 | V33: =E33-D33 -> 2.309 | W33: =F33-E33 -> 2.585 | X33: =G33-F33 -> 3.565 | Y33: =H33-G33 -> 2.39 | Z33: =I33-H33 -> 2.413 | AA33: =J33-I33 -> 2.401 | AB33: =K33-J33 -> 3.524 | AC33: =L33-K33 -> 0.054 | ... AG33: =P33-O33 -> 0.001
A34: 6 | B34: 3B | C34: vodoměr SV č. 241010640 | D34: 1.782 | E34: 3.45 | F34: 4.422 | G34: 5.874 | H34: 7.072 | I34: 8.337 | J34: 9.782 | K34: 10.83 | L34: 12.143 | M34: 14.112 | N34: 16.189 | O34: 18.636 | P34: 20.181 | Q34: =P34-D34 -> 18.399 | U34: 6 | V34: =E34-D34 -> 1.668 | W34: =F34-E34 -> 0.972 | X34: =G34-F34 -> 1.452 | Y34: =H34-G34 -> 1.198 | Z34: =I34-H34 -> 1.265 | AA34: =J34-I34 -> 1.445 | AB34: =K34-J34 -> 1.048 | AC34: =L34-K34 -> 1.313 | ... AG34: =P34-O34 -> 1.545
A35: 8 | B35: 5B | C35: vodoměr SV č. 241010650 | D35: 5.744 | E35: 9.533 | F35: 13.824 | G35: 19.306 | H35: 24.44 | I35: 28.965 | J35: 33.823 | K35: 38.849 | L35: 42.615 | M35: 46.82 | N35: 51.666 | O35: 56.637 | P35: 61.995 | Q35: =P35-D35 -> 56.251 | U35: 8 | V35: =E35-D35 -> 3.789 | W35: =F35-E35 -> 4.291 | X35: =G35-F35 -> 5.482 | Y35: =H35-G35 -> 5.134 | Z35: =I35-H35 -> 4.525 | AA35: =J35-I35 -> 4.858 | AB35: =K35-J35 -> 5.026 | AC35: =L35-K35 -> 3.766 | ... AG35: =P35-O35 -> 5.358
A36: 11 | B36: 6B | C36: vodoměr SV č. 241010639 | D36: 1.937 | E36: 2.294 | F36: 3.175 | G36: 3.692 | H36: 3.907 | I36: 4.3921 | J36: 6.455 | K36: 9.212 | L36: 13.856 | M36: 16.751 | N36: 18.558 | O36: 20.778 | P36: 24.088 | Q36: =P36-D36 -> 22.151 | U36: 11 | V36: =E36-D36 -> 0.357 | W36: =F36-E36 -> 0.881 | X36: =G36-F36 -> 0.517 | Y36: =H36-G36 -> 0.215 | Z36: =I36-H36 -> 0.4851 | AA36: =J36-I36 -> 2.0629 | AB36: =K36-J36 -> 2.757 | AC36: =L36-K36 -> 4.644 | ... AG36: =P36-O36 -> 3.31
A37: 12 | B37: 8B | C37: vodoměr SV č. 241010641 | D37: 4.145 | E37: 7.898 | F37: 11.03 | G37: 14.167 | H37: 17.408 | I37: 20.026 | J37: 20.703 | K37: 21.058 | L37: 21.665 | M37: 21.859 | N37: 22.345 | O37: 22.557 | P37: 22.68 | Q37: =P37-D37 -> 18.535 | U37: 12 | V37: =E37-D37 -> 3.753 | W37: =F37-E37 -> 3.132 | X37: =G37-F37 -> 3.137 | Y37: =H37-G37 -> 3.241 | Z37: =I37-H37 -> 2.618 | AA37: =J37-I37 -> 0.677 | AB37: =K37-J37 -> 0.355 | AC37: =L37-K37 -> 0.607 | ... AG37: =P37-O37 -> 0.123
C39: VODOMĚRY TEPLÁ VODA | V39: teplá voda
A40: 2 | B40: 2 | C40: vodoměr TUV č. 240093441 | D40: 3.844 | E40: 7.162 | F40: 10.265 | G40: 13.93 | H40: 17.217 | I40: 20.638 | J40: 22.944 | K40: 25.128 | L40: 27.671 | M40: 30.551 | N40: 33.668 | O40: 36.863 | P40: 40.052 | Q40: =P40-D40 -> 36.208 | U40: 2 | V40: =E40-D40 -> 3.318 | W40: =F40-E40 -> 3.103 | X40: =G40-F40 -> 3.665 | Y40: =H40-G40 -> 3.287 | Z40: =I40-H40 -> 3.421 | AA40: =J40-I40 -> 2.306 | AB40: =K40-J40 -> 2.184 | AC40: =L40-K40 -> 2.543 | ... AG40: =P40-O40 -> 3.189
A41: 3 | B41: 2B | C41: vodoměr TUV č. 240093452 | D41: 1.277 | E41: 3.112 | F41: 4.874 | G41: 6.749 | H41: 8.091 | I41: 9.488 | J41: 10.749 | K41: 12.184 | L41: 12.201 | M41: 12.202 | N41: 12.202 | O41: 12.202 | P41: 12.203 | Q41: =P41-D41 -> 10.926 | U41: 3 | V41: =E41-D41 -> 1.835 | W41: =F41-E41 -> 1.762 | X41: =G41-F41 -> 1.875 | Y41: =H41-G41 -> 1.342 | Z41: =I41-H41 -> 1.397 | AA41: =J41-I41 -> 1.261 | AB41: =K41-J41 -> 1.435 | AC41: =L41-K41 -> 0.017 | ... AG41: =P41-O41 -> 0.001
A42: 5 | B42: 3 | C42: vodoměr TUV č. 240093448 | D42: 0.411 | E42: 0.744 | F42: 1.055 | G42: 1.428 | H42: 1.788 | I42: 2.168 | J42: 2.511 | K42: 2.871 | L42: 3.214 | M42: 3.563 | N42: 3.968 | O42: 4.482 | P42: 4.936 | Q42: =P42-D42 -> 4.525 | U42: 5 | V42: =E42-D42 -> 0.333 | W42: =F42-E42 -> 0.311 | X42: =G42-F42 -> 0.373 | Y42: =H42-G42 -> 0.36 | Z42: =I42-H42 -> 0.38 | AA42: =J42-I42 -> 0.343 | AB42: =K42-J42 -> 0.36 | AC42: =L42-K42 -> 0.343 | ... AG42: =P42-O42 -> 0.454
A43: 6 | B43: 3B | C43: vodoměr TUV č. 240093431 | D43: 1.286 | E43: 2.655 | F43: 3.567 | G43: 4.705 | H43: 5.464 | I43: 6.394 | J43: 7.08 | K43: 7.713 | L43: 8.391 | M43: 9.545 | N43: 10.91 | O43: 12.79 | P43: 14.064 | Q43: =P43-D43 -> 12.778 | U43: 6 | V43: =E43-D43 -> 1.369 | W43: =F43-E43 -> 0.912 | X43: =G43-F43 -> 1.138 | Y43: =H43-G43 -> 0.759 | Z43: =I43-H43 -> 0.93 | AA43: =J43-I43 -> 0.686 | AB43: =K43-J43 -> 0.633 | AC43: =L43-K43 -> 0.678 | ... AG43: =P43-O43 -> 1.274
A44: 9 | B44: 5 | C44: vodoměr TUV č. 240093433 | D44: 1.369 | E44: 1.369 | F44: 1.37 | G44: 1.37 | H44: 1.37 | I44: 1.37 | J44: 1.37 | K44: 1.37 | L44: 1.37 | M44: 1.37 | N44: 1.372 | O44: 1.372 | P44: 1.374 | Q44: =P44-D44 -> 0.005 | U44: 9 | V44: =E44-D44 -> 0 | W44: =F44-E44 -> 0.001 | X44: =G44-F44 -> 0 | Y44: =H44-G44 -> 0 | Z44: =I44-H44 -> 0 | AA44: =J44-I44 -> 0 | AB44: =K44-J44 -> 0 | AC44: =L44-K44 -> 0 | ... AG44: =P44-O44 -> 0.002
A45: 8 | B45: 5B | C45: vodoměr TUV č. 240093446 | D45: 2.934 | E45: 4.98 | F45: 7.047 | G45: 10.061 | H45: 12.538 | I45: 15.115 | J45: 17.243 | K45: 19.012 | L45: 20.395 | M45: 22.134 | N45: 24.508 | O45: 26.784 | P45: 29.33 | Q45: =P45-D45 -> 26.396 | U45: 8 | V45: =E45-D45 -> 2.046 | W45: =F45-E45 -> 2.067 | X45: =G45-F45 -> 3.014 | Y45: =H45-G45 -> 2.477 | Z45: =I45-H45 -> 2.577 | AA45: =J45-I45 -> 2.128 | AB45: =K45-J45 -> 1.769 | AC45: =L45-K45 -> 1.383 | ... AG45: =P45-O45 -> 2.546 | AK45: Celková spotřeba SV a TV dělených bytů po měsících v m3
A46: 15 | B46: 6 | C46: vodoměr TUV č. 240093449 | D46: 1.866 | E46: 3.085 | F46: 4.274 | G46: 5.3 | H46: 6.402 | I46: 7.259 | J46: 8.138 | K46: 9.323 | L46: 10.772 | M46: 11.925 | N46: 13.12 | O46: 15.253 | P46: 16.875 | Q46: =P46-D46 -> 15.009 | U46: 15 | V46: =E46-D46 -> 1.219 | W46: =F46-E46 -> 1.189 | X46: =G46-F46 -> 1.026 | Y46: =H46-G46 -> 1.102 | Z46: =I46-H46 -> 0.857 | AA46: =J46-I46 -> 0.879 | AB46: =K46-J46 -> 1.185 | AC46: =L46-K46 -> 1.449 | ... AG46: =P46-O46 -> 1.622 | AJ46: CELKEM | AK46: 1. | AL46: 2. | AM46: 3. | AN46: 4. | AO46: 5. | AP46: 6. | AQ46: 7. | AR46: 8. | AS46: 9. | AT46: 10. | AU46: 11. | AV46: 12. | AW46: Průměr
A47: 11 | B47: 6B | C47: vodoměr TUV č. 240092369 | D47: 1.295 | E47: 1.508 | F47: 2.027 | G47: 2.293 | H47: 2.447 | I47: 2.677 | J47: 3.717 | K47: 4.787 | L47: 6.521 | M47: 7.785 | N47: 8.582 | O47: 9.794 | P47: 11.613 | Q47: =P47-D47 -> 10.318 | U47: 11 | V47: =E47-D47 -> 0.213 | W47: =F47-E47 -> 0.519 | X47: =G47-F47 -> 0.266 | Y47: =H47-G47 -> 0.154 | Z47: =I47-H47 -> 0.23 | AA47: =J47-I47 -> 1.04 | AB47: =K47-J47 -> 1.07 | AC47: =L47-K47 -> 1.734 | ... AG47: =P47-O47 -> 1.819 | AJ47: TV | AK47: =SUM(V40:V49) -> 14.795 | AL47: =SUM(W40:W49) -> 13.997 | AM47: =SUM(X40:X49) -> 15.186 | AN47: =SUM(Y40:Y49) -> 13.029 | AO47: =SUM(Z40:Z49) -> 12.843 | AP47: =SUM(AA40:AA49) -> 10.173 | AQ47: =SUM(AB40:AB49) -> 10.488 | AR47: =SUM(AC40:AC49) -> 10.391 | ... AV47: =SUM(AG40:AG49) -> 12.38 | AW47: =(AK47+AL47+AM47+AN47+AO47+AP47+AQ47+AR47+AS47+AT47+AU47+AV47)/12 -> 12.25025
A48: 13 | B48: 8 | C48: vodoměr TUV č. 240093432 | D48: 1.461 | E48: 3.377 | F48: 4.99 | G48: 6.744 | H48: 8.275 | I48: 9.756 | J48: 10.98 | K48: 12.73 | L48: 14.78 | M48: 16.019 | N48: 17.589 | O48: 19.195 | P48: 20.653 | Q48: =P48-D48 -> 19.192 | U48: 13 | V48: =E48-D48 -> 1.916 | W48: =F48-E48 -> 1.613 | X48: =G48-F48 -> 1.754 | Y48: =H48-G48 -> 1.531 | Z48: =I48-H48 -> 1.481 | AA48: =J48-I48 -> 1.224 | AB48: =K48-J48 -> 1.75 | AC48: =L48-K48 -> 2.05 | ... AG48: =P48-O48 -> 1.458 | AJ48: SV | AK48: =V6+V8+V12+V14+V18+V54+V56+V58+V60+V62 -> 22.485 | AL48: =W6+W8+W12+W14+W18+W54+W56+W58+W60+W62 -> 22.383 | AM48: =X6+X8+X12+X14+X18+X54+X56+X58+X60+X62 -> 26.219 | AN48: =Y6+Y8+Y12+Y14+Y18+Y54+Y56+Y58+Y60+Y62 -> 23.531 | AO48: =Z6+Z8+Z12+Z14+Z18+Z54+Z56+Z58+Z60+Z62 -> 23.3631 | AP48: =AA6+AA8+AA12+AA14+AA18+AA54+AA56+AA58+AA60+AA62 -> 23.4369 | AQ48: =AB6+AB8+AB12+AB14+AB18+AB54+AB56+AB58+AB60+AB62 -> 26.046 | AR48: =AC6+AC8+AC12+AC14+AC18+AC54+AC56+AC58+AC60+AC62 -> 24.821 | ... AV48: =AG6+AG8+AG12+AG14+AG18+AG54+AG56+AG58+AG60+AG62 -> 23.899 | AW48: =(AK48+AL48+AM48+AN48+AO48+AP48+AQ48+AR48+AS48+AT48+AU48+AV48)/12 -> 23.7105
A49: 12 | B49: 8B | C49: vodoměr TUV č. 240093416 | D49: 1.916 | E49: 4.462 | F49: 6.982 | G49: 9.057 | H49: 11.074 | I49: 12.644 | J49: 12.95 | K49: 13.052 | L49: 13.246 | M49: 13.268 | N49: 13.505 | O49: 13.547 | P49: 13.562 | Q49: =P49-D49 -> 11.646 | U49: 12 | V49: =E49-D49 -> 2.546 | W49: =F49-E49 -> 2.52 | X49: =G49-F49 -> 2.075 | Y49: =H49-G49 -> 2.017 | Z49: =I49-H49 -> 1.57 | AA49: =J49-I49 -> 0.306 | AB49: =K49-J49 -> 0.102 | AC49: =L49-K49 -> 0.194 | ... AG49: =P49-O49 -> 0.015
E52: Reklamace - výměna vodoměru | H52: číslo | I52: stav | K52: Dne 31.7.2023 odpojen kalor. (cejchování), | O52: stav: | P52: 339.11 | Q52: MWh | V52: SROVNÁVACÍ TABULKA ZBYTKU DĚLENÝCH BYTŮ - spotřeby SV a TV | AK52: Podíl teplé vody na celkové spotřebě vody u dělených bytů (%)
C53: 5 | D53: 3A - SV | E53: 44895 | F53: starý | G53: 190834093 | I53: 23.23 | K53: Dne 3.8.2023 zapojen znovuzapojení, | O53: stav: | P53: 0 | Q53: GJ | T53: byt | U53: Vodom. | V53: leden | W53: únor | X53: březen | Y53: duben | Z53: květen | AA53: červen | AB53: červenec | AC53: srpen | AD53: září | AE53: říjen | AF53: listopad | AG53: prosinec | AK53: 1. | AL53: 2. | AM53: 3. | AN53: 4. | AO53: 5. | AP53: 6. | AQ53: 7. | AR53: 8. | AS53: 9. | AT53: 10. | AU53: 11. | AV53: 12. | AW53: Průměr | BF53: originál | BG53: 1. | BH53: 2. | BI53: 3. | BJ53: 4. | BK53: 5. | BL53: 6. | BM53: 7. | BN53: 8. | BO53: 9. | BP53: 10. | BQ53: 11. | BR53: 12.
F54: nový | G54: 221525378 | I54: 0.02 | T54: 3 | U54: SV | V54: =V33 -> 2.309 | W54: =W33 -> 2.585 | X54: =X33 -> 3.565 | Y54: =Y33 -> 2.39 | Z54: =Z33 -> 2.413 | AA54: =AA33 -> 2.401 | AB54: =AB33 -> 3.524 | AC54: =AC33 -> 0.054 | ... AG54: =AG33 -> 0.001 | AJ54: byt 3 | AK54: =V55/(V54+V55) -> 0.44280888 | AL54: =W55/(W54+W55) -> 0.40533701 | AM54: =X55/(X54+X55) -> 0.34466912 | AN54: =Y55/(Y54+Y55) -> 0.35959271 | AO54: =Z55/(Z54+Z55) -> 0.36666667 | AP54: =AA55/(AA54+AA55) -> 0.34434735 | AQ54: =AB55/(AB54+AB55) -> 0.28937286 | AR54: =AC55/(AC54+AC55) -> 0.23943662 | AW54: =SUM(AK54:AV54)/8 -> 0.3490289 | BF54: byt 3 | BG54: =AR55/(AR54+AR55) -> 0 | BH54: =AS55/(AS54+AS55) -> #DIV/0! | BI54: =AT55/(AT54+AT55) -> #DIV/0! | BJ54: =AU55/(AU54+AU55) -> #DIV/0! | BK54: =AV55/(AV54+AV55) -> #DIV/0! | BL54: =AW55/(AW54+AW55) -> 0 | BM54: =AX55/(AX54+AX55) -> #DIV/0! | BN54: =AY55/(AY54+AY55) -> #DIV/0! | ... BR54: =BC55/(BC54+BC55) -> #DIV/0!
U55: TV | V55: =V41 -> 1.835 | W55: =W41 -> 1.762 | X55: =X41 -> 1.875 | Y55: =Y41 -> 1.342 | Z55: =Z41 -> 1.397 | AA55: =AA41 -> 1.261 | AB55: =AB41 -> 1.435 | AC55: =AC41 -> 0.017 | ... AG55: =AG41 -> 0.001
E56: Výměna elektroměru | T56: 6 | U56: SV | V56: =V34 -> 1.668 | W56: =W34 -> 0.972 | X56: =X34 -> 1.452 | Y56: =Y34 -> 1.198 | Z56: =Z34 -> 1.265 | AA56: =AA34 -> 1.445 | AB56: =AB34 -> 1.048 | AC56: =AC34 -> 1.313 | ... AG56: =AG34 -> 1.545 | AJ56: byt 6 | AK56: =V57/(V56+V57) -> 0.45077379 | AL56: =W57/(W56+W57) -> 0.48407643 | AM56: =X57/(X56+X57) -> 0.43938224 | AN56: =Y57/(Y56+Y57) -> 0.38783853 | AO56: =Z57/(Z56+Z57) -> 0.42369021 | AP56: =AA57/(AA56+AA57) -> 0.32191459 | AQ56: =AB57/(AB56+AB57) -> 0.37656157 | AR56: =AC57/(AC56+AC57) -> 0.3405324 | ... AV56: =AG57/(AG56+AG57) -> 0.45193331 | AW56: =SUM(AK56:AV56)/12 -> 0.40643937
E57: 43956 | F57: starý | U57: TV | V57: =V43 -> 1.369 | W57: =W43 -> 0.912 | X57: =X43 -> 1.138 | Y57: =Y43 -> 0.759 | Z57: =Z43 -> 0.93 | AA57: =AA43 -> 0.686 | AB57: =AB43 -> 0.633 | AC57: =AC43 -> 0.678 | ... AG57: =AG43 -> 1.274
F58: nový | T58: 8 | U58: SV | V58: =V35 -> 3.789 | W58: =W35 -> 4.291 | X58: =X35 -> 5.482 | Y58: =Y35 -> 5.134 | Z58: =Z35 -> 4.525 | AA58: =AA35 -> 4.858 | AB58: =AB35 -> 5.026 | AC58: =AC35 -> 3.766 | ... AG58: =AG35 -> 5.358 | AJ58: byt 8 | AK58: =V59/(V58+V59) -> 0.35064267 | AL58: =W59/(W58+W59) -> 0.32510223 | AM58: =X59/(X58+X59) -> 0.35475518 | AN58: =Y59/(Y58+Y59) -> 0.32545001 | AO58: =Z59/(Z58+Z59) -> 0.36285553 | AP58: =AA59/(AA58+AA59) -> 0.30460922 | AQ58: =AB59/(AB58+AB59) -> 0.26033848 | AR58: =AC59/(AC58+AC59) -> 0.26859584 | ... AV58: =AG59/(AG58+AG59) -> 0.32211538 | AW58: =SUM(AK58:AV58)/12 -> 0.31749153
U59: TV | V59: =V45 -> 2.046 | W59: =W45 -> 2.067 | X59: =X45 -> 3.014 | Y59: =Y45 -> 2.477 | Z59: =Z45 -> 2.577 | AA59: =AA45 -> 2.128 | AB59: =AB45 -> 1.769 | AC59: =AC45 -> 1.383 | ... AG59: =AG45 -> 2.546
T60: 11 | U60: SV | V60: =V36 -> 0.357 | W60: =W36 -> 0.881 | X60: =X36 -> 0.517 | Y60: =Y36 -> 0.215 | Z60: =Z36 -> 0.4851 | AA60: =AA36 -> 2.0629 | AB60: =AB36 -> 2.757 | AC60: =AC36 -> 4.644 | ... AG60: =AG36 -> 3.31 | AJ60: byt 11 | AK60: =V61/(V60+V61) -> 0.37368421 | AL60: =W61/(W60+W61) -> 0.37071429 | AM60: =X61/(X60+X61) -> 0.33971903 | AN60: =Y61/(Y60+Y61) -> 0.41734417 | AO60: =Z61/(Z60+Z61) -> 0.32163334 | AP60: =AA61/(AA60+AA61) -> 0.33517032 | AQ60: =AB61/(AB60+AB61) -> 0.27959237 | AR60: =AC61/(AC60+AC61) -> 0.27187206 | ... AV60: =AG61/(AG60+AG61) -> 0.35465003 | AW60: =SUM(AK60:AV60)/12 -> 0.33562612
U61: TV | V61: =V47 -> 0.213 | W61: =W47 -> 0.519 | X61: =X47 -> 0.266 | Y61: =Y47 -> 0.154 | Z61: =Z47 -> 0.23 | AA61: =AA47 -> 1.04 | AB61: =AB47 -> 1.07 | AC61: =AC47 -> 1.734 | ... AG61: =AG47 -> 1.819
T62: 12 | U62: SV | V62: =V37 -> 3.753 | W62: =W37 -> 3.132 | X62: =X37 -> 3.137 | Y62: =Y37 -> 3.241 | Z62: =Z37 -> 2.618 | AA62: =AA37 -> 0.677 | AB62: =AB37 -> 0.355 | AC62: =AC37 -> 0.607 | ... AG62: =AG37 -> 0.123 | AJ62: byt 12 | AK62: =V63/(V62+V63) -> 0.40419114 | AL62: =W63/(W62+W63) -> 0.44585987 | AM62: =X63/(X62+X63) -> 0.39811972 | AN62: =Y63/(Y62+Y63) -> 0.38360593 | AO62: =Z63/(Z62+Z63) -> 0.37488061 | AP62: =AA63/(AA62+AA63) -> 0.31129196 | AQ62: =AB63/(AB62+AB63) -> 0.22319475 | AR62: =AC63/(AC62+AC63) -> 0.24219725 | ... AV62: =AG63/(AG62+AG63) -> 0.10869565 | AW62: =SUM(AK62:AV62)/12 -> 0.29058699
U63: TV | V63: =V49 -> 2.546 | W63: =W49 -> 2.52 | X63: =X49 -> 2.075 | Y63: =Y49 -> 2.017 | Z63: =Z49 -> 1.57 | AA63: =AA49 -> 0.306 | AB63: =AB49 -> 0.102 | AC63: =AC49 -> 0.194 | ... AG63: =AG49 -> 0.015

Sheet 1852
A2: 1852 | C2: ='1850'!C2 -> 45658 | D2: ='1850'!D2 -> 45688 | E2: ='1850'!E2 -> 45716 | F2: ='1850'!F2 -> 45748 | G2: ='1850'!G2 -> 45779 | H2: ='1850'!H2 -> 45810 | I2: ='1850'!I2 -> 45839 | J2: ='1850'!J2 -> 45870 | ... O2: ='1850'!O2 -> 46022 | P2: voda | Q2: teplo | R2: Elektr | Y2: spotřeby po měsících
A3: byt č. | C3: prosinec | D3: leden | E3: únor | F3: březen | G3: duben | H3: květen | I3: červen | J3: červenec | K3: srpen | L3: září | M3: říjen | N3: listopad | O3: prosinec | P3: m3 | Q3: GJ | R3: KWh | T3: byt | U3: leden | V3: únor | W3: březen | X3: duben | Y3: květen | Z3: červen | AA3: červenec | AB3: srpen | AC3: září | AD3: říjen | AE3: listopad | AF3: prosinec
A4: 1 | B4: vodoměr č. 241345697 | C4: 12.545 | D4: 22.7 | E4: 33.384 | F4: 45.361 | G4: 56.855 | H4: 66.478 | I4: 75.42 | J4: 84.431 | K4: 95.788 | L4: 106.596 | M4: 114.091 | N4: 122.075 | O4: 132.855 | P4: =O4-C4 -> 120.31 | T4: 1 | U4: =D4-C4 -> 10.155 | V4: =E4-D4 -> 10.684 | W4: =F4-E4 -> 11.977 | X4: =G4-F4 -> 11.494 | Y4: =H4-G4 -> 9.623 | Z4: =I4-H4 -> 8.942 | AA4: =J4-I4 -> 9.011 | AB4: =K4-J4 -> 11.357 | ... AF4: =O4-N4 -> 10.78
B5: kalorimetr č. 71182233 | C5: 76.346 | D5: 80.653 | E5: 84.683 | F5: 87.673 | G5: 89.168 | H5: 89.873 | I5: 90.432 | J5: 90.942 | K5: 91.554 | L5: 92.241 | M5: 94.08 | N5: 97.757 | O5: 101.954 | Q5: =O5-C5 -> 25.608
A6: 2 | B6: vodoměr č. 241345687 | C6: 5.285 | D6: 11.658 | E6: 17.63 | F6: 23.555 | G6: 29.837 | H6: 35.683 | I6: 40.609 | J6: 45.702 | K6: 49.01 | L6: 55.906 | M6: 62.781 | N6: 69.21 | O6: 70.296 | P6: =O6-C6 -> 65.011 | T6: 2 | U6: =D6-C6 -> 6.373 | V6: =E6-D6 -> 5.972 | W6: =F6-E6 -> 5.925 | X6: =G6-F6 -> 6.282 | Y6: =H6-G6 -> 5.846 | Z6: =I6-H6 -> 4.926 | AA6: =J6-I6 -> 5.093 | AB6: =K6-J6 -> 3.308 | ... AF6: =O6-N6 -> 1.086
B7: kalorimetr č. 71182270 | C7: 35.462 | D7: 37.934 | E7: 40.466 | F7: 41.454 | G7: 42.072 | H7: 42.617 | I7: 42.933 | J7: 43.228 | K7: 43.414 | L7: 43.875 | M7: 45.145 | N7: 48.511 | O7: 53.346 | Q7: =O7-C7 -> 17.884
A8: 3 | B8: vodoměr č. 241345688 | C8: 12.117 | D8: 22.845 | E8: 33.358 | F8: 45.983 | G8: 54.61 | H8: 66.85 | I8: 73.49 | J8: 86.549 | K8: 99.606 | L8: 112.388 | M8: 125.045 | N8: 137.677 | O8: 150.035 | P8: =O8-C8 -> 137.918 | T8: 3 | U8: =D8-C8 -> 10.728 | V8: =E8-D8 -> 10.513 | W8: =F8-E8 -> 12.625 | X8: =G8-F8 -> 8.627 | Y8: =H8-G8 -> 12.24 | Z8: =I8-H8 -> 6.64 | AA8: =J8-I8 -> 13.059 | AB8: =K8-J8 -> 13.057 | ... AF8: =O8-N8 -> 12.358
B9: kalorimetr č. 71182274 | C9: 106.363 | D9: 112.752 | E9: 118.247 | F9: 123.254 | G9: 126.64 | H9: 127.367 | I9: 127.743 | J9: 128.31 | K9: 129.018 | L9: 130.116 | M9: 133.075 | N9: 137.881 | O9: 142.691 | Q9: =O9-C9 -> 36.328
A10: 4 | B10: vodoměr č. 241345693 | C10: 6.82 | D10: =9.094+6 -> 15.094 | E10: =9.199+6+7.8 -> 22.999 | F10: 1.806 | G10: 9.352 | H10: 18.145 | I10: 24.243 | J10: 29.564 | K10: 35.832 | L10: 44.261 | M10: 52.894 | N10: 62.803 | O10: 71.464 | P10: =O10-G33+G32-C10 -> 94.44 | T10: 4 | U10: =D10-C10 -> 8.274 | V10: =E10-D10 -> 7.905 | W10: =F10-G33+G32-E10 -> 8.603 | X10: =G10-F10 -> 7.546 | Y10: =H10-G10 -> 8.793 | Z10: =I10-H10 -> 6.098 | AA10: =J10-I10 -> 5.321 | AB10: =K10-J10 -> 6.268 | AC10: =L10-K10 -> 8.429 | AD10: =M10-L10 -> 8.633 | AE10: =N10-M10 -> 9.909 | AF10: =O10-N10 -> 8.661
B11: kalorimetr č. 71182244 | C11: 82.226 | D11: 86.669 | E11: 90.514 | F11: 92.471 | G11: 93.336 | H11: 94.154 | I11: 94.598 | J11: 94.955 | K11: 95.408 | L11: 96.233 | M11: 97.763 | N11: 101.702 | O11: 104.88 | Q11: =O11-C11 -> 22.654
A12: 5 | B12: vodoměr č. 241345689 | C12: 5.789 | D12: 12.765 | E12: 19.989 | F12: 26.992 | G12: 34.43 | H12: 41.265 | I12: 48.735 | J12: 54.952 | K12: 62.392 | L12: 67.757 | M12: 75.968 | N12: 83.041 | O12: 89.153 | P12: =O12-C12 -> 83.364 | T12: 5 | U12: =D12-C12 -> 6.976 | V12: =E12-D12 -> 7.224 | W12: =F12-E12 -> 7.003 | X12: =G12-F12 -> 7.438 | Y12: =H12-G12 -> 6.835 | Z12: =I12-H12 -> 7.47 | AA12: =J12-I12 -> 6.217 | AB12: =K12-J12 -> 7.44 | ... AF12: =O12-N12 -> 6.112
B13: kalorimetr č. 71182251 | C13: 42.479 | D13: 44.338 | E13: 46.103 | F13: 47.006 | G13: 47.8 | H13: 48.316 | I13: 48.82 | J13: 49.221 | K13: 49.679 | L13: 50.125 | M13: 50.881 | N13: 52.355 | O13: 54.095 | Q13: =O13-C13 -> 11.616
A14: 6 | B14: vodoměr č. 241345694 | C14: 0.043 | D14: 2.085 | E14: 8.567 | F14: 15.265 | G14: 22.844 | H14: 30.704 | I14: 37.566 | J14: 44.455 | K14: 50.587 | L14: 56.956 | M14: 61.993 | N14: 69.298 | O14: 75.263 | P14: =O14-C14 -> 75.22 | T14: 6 | U14: =D14-C14 -> 2.042 | V14: =E14-D14 -> 6.482 | W14: =F14-E14 -> 6.698 | X14: =G14-F14 -> 7.579 | Y14: =H14-G14 -> 7.86 | Z14: =I14-H14 -> 6.862 | AA14: =J14-I14 -> 6.889 | AB14: =K14-J14 -> 6.132 | ... AF14: =O14-N14 -> 5.965
B15: kalorimetr č. 71182283 | C15: 60.997 | D15: 62.882 | E15: 65.819 | F15: 67.293 | G15: 68.037 | H15: 68.742 | I15: 69.273 | J15: 69.762 | K15: 70.229 | L15: 70.69 | M15: 71.072 | N15: 73.53 | O15: 76.675 | Q15: =O15-C15 -> 15.678
A16: 7 | B16: vodoměr č. 241345686 | C16: 0.757 | D16: 1.589 | E16: 2.546 | F16: 3.165 | G16: 4.171 | H16: 4.617 | I16: 5.005 | J16: 5.978 | K16: 6.854 | L16: 8.543 | M16: 9.809 | N16: 11.684 | O16: 13.325 | P16: =O16-C16 -> 12.568 | T16: 7 | U16: =D16-C16 -> 0.832 | V16: =E16-D16 -> 0.957 | W16: =F16-E16 -> 0.619 | X16: =G16-F16 -> 1.006 | Y16: =H16-G16 -> 0.446 | Z16: =I16-H16 -> 0.388 | AA16: =J16-I16 -> 0.973 | AB16: =K16-J16 -> 0.876 | ... AF16: =O16-N16 -> 1.641
B17: kalorimetr č. 71182277 | C17: 33.49 | D17: 36.433 | E17: 38.342 | F17: 39.336 | G17: 39.472 | H17: 39.627 | I17: 39.633 | J17: 39.65 | K17: 39.674 | L17: 39.737 | M17: 40.853 | N17: 44.77 | O17: 49.633 | Q17: =O17-C17 -> 16.143
A18: 8 | B18: vodoměr č. 241345685 | C18: 13.38 | D18: 25.387 | E18: 34.833 | F18: 46.262 | G18: 59.924 | H18: 71.247 | I18: 82.285 | J18: 94.667 | K18: 103.617 | L18: 116.722 | M18: 129.46 | N18: 142.608 | O18: 154.038 | P18: =O18-C18 -> 140.658 | T18: 8 | U18: =D18-C18 -> 12.007 | V18: =E18-D18 -> 9.446 | W18: =F18-E18 -> 11.429 | X18: =G18-F18 -> 13.662 | Y18: =H18-G18 -> 11.323 | Z18: =I18-H18 -> 11.038 | AA18: =J18-I18 -> 12.382 | AB18: =K18-J18 -> 8.95 | ... AF18: =O18-N18 -> 11.43
B19: kalorimetr č. 71182246 | C19: 47.794 | D19: 51.181 | E19: 53.311 | F19: 54.412 | G19: 55.372 | H19: 56.017 | I19: 56.569 | J19: 57.122 | K19: 57.575 | L19: 58.177 | M19: 59.301 | N19: 61.91 | O19: 64.559 | Q19: =O19-C19 -> 16.765
A20: 9 | B20: vodoměr č. 241345704 | C20: 13.636 | D20: 28.695 | E20: 38.048 | F20: 47.909 | G20: 56.973 | H20: 65.777 | I20: 73.321 | J20: 76.92 | K20: 84.075 | L20: 94.195 | M20: 102.121 | N20: 108.038 | O20: 108.135 | P20: =O20-C20 -> 94.499 | T20: 9 | U20: =D20-C20 -> 15.059 | V20: =E20-D20 -> 9.353 | W20: =F20-E20 -> 9.861 | X20: =G20-F20 -> 9.064 | Y20: =H20-G20 -> 8.804 | Z20: =I20-H20 -> 7.544 | AA20: =J20-I20 -> 3.599 | AB20: =K20-J20 -> 7.155 | ... AF20: =O20-N20 -> 0.097
B21: kalorimetr č. 71182282 | C21: 118.749 | D21: 125.249 | E21: 130.642 | F21: 133.148 | G21: 134.248 | H21: 135.054 | I21: 135.703 | J21: 136.018 | K21: 136.592 | L21: 137.364 | M21: 138.589 | N21: 140.278 | O21: 140.442 | Q21: =O21-C21 -> 21.693
A22: 10 | B22: vodoměr č. 241345703 | C22: 6.461 | D22: 13.775 | E22: 18.475 | F22: 24.006 | G22: 32.446 | H22: 39.624 | I22: 46.516 | J22: 54.125 | K22: 60.885 | L22: 66 | M22: 73.307 | N22: 79.559 | O22: 87.056 | P22: =O22-C22 -> 80.595 | T22: 10 | U22: =D22-C22 -> 7.314 | V22: =E22-D22 -> 4.7 | W22: =F22-E22 -> 5.531 | X22: =G22-F22 -> 8.44 | Y22: =H22-G22 -> 7.178 | Z22: =I22-H22 -> 6.892 | AA22: =J22-I22 -> 7.609 | AB22: =K22-J22 -> 6.76 | ... AF22: =O22-N22 -> 7.497
B23: kalorimetr č. 71182240 | C23: 68.613 | D23: 73.048 | E23: 76.22 | F23: 77.643 | G23: 78.476 | H23: 79.08 | I23: 79.603 | J23: 80.12 | K23: 80.592 | L23: 81.09 | M23: 82.255 | N23: 85.397 | O23: 89.435 | Q23: =O23-C23 -> 20.822
P24: =SUM(P4:P23) -> 904.583 | Q24: =SUM(Q4:Q23) -> 205.191
A25: spol.spotř. | B25: elektroměr č. 2080200097 | C25: 12333 | D25: 12519 | E25: 12680 | F25: 12859 | G25: 13096 | H25: 13273 | I25: 13436 | J25: 13604 | K25: 13784 | L25: 13952 | M25: 14128 | N25: 14328 | O25: 14615 | R25: =O25-C25 -> 2282
B26: patní vodoměr č. 240826415 | C26: 85.5 | D26: 173.2 | E26: 253.6 | F26: 341.5 | G26: 430.4 | H26: 517.3 | I26: 590.1 | J26: 666.3 | K26: 744.9 | L26: 834 | M26: 920.2 | N26: 1007 | O26: 1079.3 | P26: =O26-C26 -> 993.8
B27: patní kalorimetr č./ GJ | C27: 258.05 | D27: 296.39 | E27: 330.32 | F27: 349.89 | G27: 358.61 | H27: 363.55 | I27: 366.88 | J27: 369.83 | K27: 373.04 | L27: 377.85 | M27: 389.69 | N27: 420.1 | O27: 453.82 | Q27: =(O27-C27) -> 195.77 | R27: GJ
B28: patní kalorimetr č./kub.m | C28: 1803 | D28: 2032 | E28: 2246 | F28: 2410 | G28: 2480 | H28: 2512 | I28: 2535 | J28: 2558 | K28: 2581 | L28: 2614 | M28: 2705 | N28: 2897 | O28: 3092 | Q28: =O28-C28 -> 1289 | R28: m3
A29: ='1850'!A29 -> fakturační vodoměr č. 63796 | C29: ='1850'!C29 -> 28101 | D29: ='1850'!D29 -> 28433.6 | E29: ='1850'!E29 -> 28750.9 | F29: ='1850'!F29 -> 29123.3 | G29: ='1850'!G29 -> 29498.8 | H29: ='1850'!H29 -> 29863 | I29: ='1850'!I29 -> 30199 | J29: ='1850'!J29 -> 30525.8 | ... O29: ='1850'!O29 -> 65454 | P29: =O29-C29 -> 37353
B31: Vodoměr | C31: byt | D31: Reklamace - výměna | F31: číslo | G31: stav | I31: Dne 31.7.2023 odpojen kalor. (cejchování), | M31: stav: | N31: 257.22 | O31: MWh
C32: 4 | D32: 45741 | E32: starý | F32: 241345693 | G32: =9.996+6+7.8+6 -> 29.796 | I32: Dne 3.8.2023 zapojen znovuzapojení, | M32: stav: | N32: 0 | O32: GJ
E33: nový | F33: 250434729 | G33: 0
D35: Výměna elektroměru
D36: 43956 | E36: starý
E37: nový

Sheet 1853
A2: 1853 | C2: ='1850'!C2 -> 45658 | D2: ='1850'!D2 -> 45688 | E2: ='1850'!E2 -> 45716 | F2: ='1850'!F2 -> 45748 | G2: ='1850'!G2 -> 45779 | H2: ='1850'!H2 -> 45810 | I2: ='1850'!I2 -> 45839 | J2: ='1850'!J2 -> 45870 | ... O2: ='1850'!O2 -> 46022 | P2: Voda | Q2: Teplo | R2: Elektr | Y2: spotřeby po měsících
A3: byt č. | C3: prosinec | D3: leden | E3: únor | F3: březen | G3: duben | H3: květen | I3: červen | J3: červenec | K3: srpen | L3: září | M3: říjen | N3: listopad | O3: prosinec | P3: m3 | Q3: GJ | R3: KWh | T3: byt | U3: leden | V3: únor | W3: březen | X3: duben | Y3: květen | Z3: červen | AA3: červenec | AB3: srpen | AC3: září | AD3: říjen | AE3: listopad | AF3: prosinec
A4: 1 | B4: vodoměr č. 241010646 | C4: 15.692 | D4: 28.592 | E4: 40.715 | F4: 53.926 | G4: 70.367 | H4: 84.931 | I4: 95.837 | J4: 107.08 | K4: 119.526 | L4: 133.414 | M4: 149.417 | N4: 162.854 | O4: 175.815 | P4: =O4-C4 -> 160.123 | T4: 1 | U4: =D4-C4 -> 12.9 | V4: =E4-D4 -> 12.123 | W4: =F4-E4 -> 13.211 | X4: =G4-F4 -> 16.441 | Y4: =H4-G4 -> 14.564 | Z4: =I4-H4 -> 10.906 | AA4: =J4-I4 -> 11.243 | AB4: =K4-J4 -> 12.446 | ... AF4: =O4-N4 -> 12.961
B5: kalorimetr č. 71182275 | C5: 95.658 | D5: 101.566 | E5: 107.813 | F5: 112.101 | G5: 114.761 | H5: 115.846 | I5: 116.52 | J5: 117.105 | K5: 117.809 | L5: 118.804 | M5: 121.177 | N5: 125.152 | O5: 129.64 | Q5: =O5-C5 -> 33.982
A6: 2 | B6: vodoměr č. 241010634 | C6: 7.571 | D6: 13.879 | E6: 19.942 | F6: 26.695 | G6: 32.243 | H6: 38.66 | I6: 45.283 | J6: 50.997 | K6: 56.147 | L6: 61.75 | M6: 67.209 | N6: 74.087 | O6: 81.341 | P6: =O6-C6 -> 73.77 | T6: 2 | U6: =D6-C6 -> 6.308 | V6: =E6-D6 -> 6.063 | W6: =F6-E6 -> 6.753 | X6: =G6-F6 -> 5.548 | Y6: =H6-G6 -> 6.417 | Z6: =I6-H6 -> 6.623 | AA6: =J6-I6 -> 5.714 | AB6: =K6-J6 -> 5.15 | ... AF6: =O6-N6 -> 7.254
B7: kalorimetr č. 71182253 | C7: 27.501 | D7: 29.628 | E7: 31.468 | F7: 32.524 | G7: 32.916 | H7: 33.279 | I7: 33.527 | J7: 33.731 | K7: 33.945 | L7: 34.178 | M7: 34.81 | N7: 36.497 | O7: 38.242 | Q7: =O7-C7 -> 10.741
A8: 3 | B8: vodoměr č. 241010645 | C8: 6.239 | D8: 12.475 | E8: 20.733 | F8: 34.419 | G8: 45.572 | H8: 51.992 | I8: 58.94 | J8: 66.359 | K8: 73.437 | L8: 79.96 | M8: 86.479 | N8: 92.418 | O8: 100.236 | P8: =O8-C8 -> 93.997 | T8: 3 | U8: =D8-C8 -> 6.236 | V8: =E8-D8 -> 8.258 | W8: =F8-E8 -> 13.686 | X8: =G8-F8 -> 11.153 | Y8: =H8-G8 -> 6.42 | Z8: =I8-H8 -> 6.948 | AA8: =J8-I8 -> 7.419 | AB8: =K8-J8 -> 7.078 | ... AF8: =O8-N8 -> 7.818
B9: kalorimetr č. 71182217 | C9: 62.257 | D9: 65.95 | E9: 69.772 | F9: 72.153 | G9: 73.425 | H9: 74.032 | I9: 74.423 | J9: 74.768 | K9: 75.138 | L9: 75.761 | M9: 77.309 | N9: 80.311 | O9: 83.978 | Q9: =O9-C9 -> 21.721
A10: 4 | B10: vodoměr č. 241010647 | C10: 3.377 | D10: 6.635 | E10: 9.071 | F10: 13.371 | G10: 17.291 | H10: 20.45 | I10: 25.362 | J10: 28.865 | K10: 34.399 | L10: 41.599 | M10: 45.731 | N10: 49.478 | O10: 54.349 | P10: =O10-C10 -> 50.972 | T10: 4 | U10: =D10-C10 -> 3.258 | V10: =E10-D10 -> 2.436 | W10: =F10-E10 -> 4.3 | X10: =G10-F10 -> 3.92 | Y10: =H10-G10 -> 3.159 | Z10: =I10-H10 -> 4.912 | AA10: =J10-I10 -> 3.503 | AB10: =K10-J10 -> 5.534 | ... AF10: =O10-N10 -> 4.871
B11: kalorimetr č. 71182254 | C11: 31.791 | D11: 34.198 | E11: 35.922 | F11: 36.831 | G11: 37.115 | H11: 37.373 | I11: 37.692 | J11: 37.902 | K11: 38.202 | L11: 38.517 | M11: 39.385 | N11: 41.72 | O11: 43.999 | Q11: =O11-C11 -> 12.208
A12: 5 | B12: vodoměr č. 241010638 | C12: 7.298 | D12: 14.1 | E12: 20.634 | F12: 28.574 | G12: 34.768 | H12: 41.01 | I12: 46.812 | J12: 53.903 | K12: 59.83 | L12: 66.958 | M12: 73.652 | N12: 80.555 | O12: 88.007 | P12: =O12-C12 -> 80.709 | T12: 5 | U12: =D12-C12 -> 6.802 | V12: =E12-D12 -> 6.534 | W12: =F12-E12 -> 7.94 | X12: =G12-F12 -> 6.194 | Y12: =H12-G12 -> 6.242 | Z12: =I12-H12 -> 5.802 | AA12: =J12-I12 -> 7.091 | AB12: =K12-J12 -> 5.927 | ... AF12: =O12-N12 -> 7.452
B13: kalorimetr č. 71182267 | C13: 28.57 | D13: 30.015 | E13: 31.264 | F13: 31.979 | G13: 32.372 | H13: 32.714 | I13: 33.023 | J13: 33.369 | K13: 33.617 | L13: 33.947 | M13: 34.411 | N13: 35.527 | O13: 36.796 | Q13: =O13-C13 -> 8.226
A14: 6 | B14: vodoměr č. 241010623 | C14: 6.274 | D14: 12.725 | E14: 19.468 | F14: 25.789 | G14: 32.378 | H14: 38.521 | I14: 43.982 | J14: 49.717 | K14: 56.352 | L14: 63.698 | M14: 70.772 | N14: 78.443 | O14: 84.296 | P14: =O14-C14 -> 78.022 | T14: 6 | U14: =D14-C14 -> 6.451 | V14: =E14-D14 -> 6.743 | W14: =F14-E14 -> 6.321 | X14: =G14-F14 -> 6.589 | Y14: =H14-G14 -> 6.143 | Z14: =I14-H14 -> 5.461 | AA14: =J14-I14 -> 5.735 | AB14: =K14-J14 -> 6.635 | ... AF14: =O14-N14 -> 5.853
B15: kalorimetr č. 71182261 | C15: 43.35 | D15: 46.914 | E15: 49.757 | F15: 51.491 | G15: 52.22 | H15: 52.519 | I15: 52.747 | J15: 52.945 | K15: 53.177 | L15: 53.462 | M15: 54.336 | N15: 57.247 | O15: 60.341 | Q15: =O15-C15 -> 16.991
A16: 7 | B16: vodoměr č. 241010627 | C16: 14.626 | D16: 26.53 | E16: 35.24 | F16: 49.208 | G16: 59.911 | H16: 73.735 | I16: 83.074 | J16: 89.216 | K16: 101.462 | L16: 112.106 | M16: 122.799 | N16: 135.931 | O16: 148.233 | P16: =O16-C16 -> 133.607 | T16: 7 | U16: =D16-C16 -> 11.904 | V16: =E16-D16 -> 8.71 | W16: =F16-E16 -> 13.968 | X16: =G16-F16 -> 10.703 | Y16: =H16-G16 -> 13.824 | Z16: =I16-H16 -> 9.339 | AA16: =J16-I16 -> 6.142 | AB16: =K16-J16 -> 12.246 | ... AF16: =O16-N16 -> 12.302
B17: kalorimetr č. 71182272 | C17: 76.723 | D17: 80.554 | E17: 83.262 | F17: 85.186 | G17: 86.333 | H17: 87.357 | I17: 87.994 | J17: 88.412 | K17: 89.156 | L17: 89.976 | M17: 91.593 | N17: 94.278 | O17: 97.447 | Q17: =O17-C17 -> 20.724
A18: 8 | B18: vodoměr č. 241010626 | C18: 11.299 | D18: 20.96 | E18: 30.66 | F18: 42.252 | G18: 52.752 | H18: 63.557 | I18: 71.867 | J18: 78.055 | K18: 88.64 | L18: 98.392 | M18: 108.646 | N18: 119.148 | O18: 129.38 | P18: =O18-C18 -> 118.081 | T18: 8 | U18: =D18-C18 -> 9.661 | V18: =E18-D18 -> 9.7 | W18: =F18-E18 -> 11.592 | X18: =G18-F18 -> 10.5 | Y18: =H18-G18 -> 10.805 | Z18: =I18-H18 -> 8.31 | AA18: =J18-I18 -> 6.188 | AB18: =K18-J18 -> 10.585 | ... AF18: =O18-N18 -> 10.232
B19: kalorimetr č. 71182249 | C19: 58.519 | D19: 62.814 | E19: 66.022 | F19: 67.282 | G19: 67.992 | H19: 68.635 | I19: 69.003 | J19: 69.258 | K19: 69.696 | L19: 70.186 | M19: 71.037 | N19: 73.753 | O19: 77.098 | Q19: =O19-C19 -> 18.579
A20: 9 | B20: vodoměr č. 241010624 | C20: 3.939 | D20: 7.425 | E20: 10.436 | F20: 14.473 | G20: 17.666 | H20: 21.307 | I20: 24.215 | J20: 27.21 | K20: 30.433 | L20: 33.722 | M20: 37.125 | N20: 40.833 | O20: 44.594 | P20: =O20-C20 -> 40.655 | T20: 9 | U20: =D20-C20 -> 3.486 | V20: =E20-D20 -> 3.011 | W20: =F20-E20 -> 4.037 | X20: =G20-F20 -> 3.193 | Y20: =H20-G20 -> 3.641 | Z20: =I20-H20 -> 2.908 | AA20: =J20-I20 -> 2.995 | AB20: =K20-J20 -> 3.223 | ... AF20: =O20-N20 -> 3.761
B21: kalorimetr č. 71182281 | C21: 68.216 | D21: 72.825 | E21: 76.572 | F21: 78.704 | G21: 79.386 | H21: 79.827 | I21: 80.144 | J21: 80.445 | K21: 80.782 | L21: 81.157 | M21: 82.656 | N21: 86.101 | O21: 89.992 | Q21: =O21-C21 -> 21.776
A22: 10 | B22: vodoměr č. 241010628 | C22: 3.745 | D22: 6.603 | E22: 9.202 | F22: 11.977 | G22: 14.4 | H22: 16.594 | I22: 18.812 | J22: 21.025 | K22: 23.492 | L22: 26.591 | M22: 29.003 | N22: 31.341 | O22: 34.131 | P22: =O22-C22 -> 30.386 | T22: 10 | U22: =D22-C22 -> 2.858 | V22: =E22-D22 -> 2.599 | W22: =F22-E22 -> 2.775 | X22: =G22-F22 -> 2.423 | Y22: =H22-G22 -> 2.194 | Z22: =I22-H22 -> 2.218 | AA22: =J22-I22 -> 2.213 | AB22: =K22-J22 -> 2.467 | ... AF22: =O22-N22 -> 2.79
B23: kalorimetr č. 71182268 | C23: 64.113 | D23: 68.001 | E23: 71.216 | F23: 73.175 | G23: 73.964 | H23: 74.07 | I23: 74.146 | J23: 74.221 | K23: 74.304 | L23: 74.503 | M23: 76.019 | N23: 78.955 | O23: 82.508 | Q23: =O23-C23 -> 18.395
B24: elektroměr č.2080200105 dům | C24: 10800 | D24: 10976 | E24: 11136 | F24: 11316 | G24: 11493 | H24: 11660 | I24: 11833 | J24: 12046 | K24: 12216 | L24: 12422 | M24: 12596 | N24: 12777 | O24: 12933 | P24: =SUM(P4:P23) -> 860.322 | Q24: =SUM(Q4:Q23) -> 183.343 | R24: =O24-C24 -> 2133
A25: spol.spotř. | B25: elektroměr č. 2080200100 VO | C25: 18016 | D25: 18390 | E25: 18698 | F25: 19014 | G25: 19279 | H25: 19507 | I25: 19705 | J25: 19931 | K25: 20184 | L25: 20472 | M25: 20801 | N25: 21180 | O25: 21566 | R25: =O25-C25 -> 3550 | T25: Zahrada | U25: =D26-C26 -> 0 | V25: =E26-D26 -> 0 | W25: =F26-E26 -> 0 | X25: =G26-F26 -> 8.566 | Y25: =H26-G26 -> 15.412 | Z25: =I26-H26 -> 24 | AA25: =J26-I26 -> 19.966 | AB25: =K26-J26 -> 23.906 | ... AF25: =O26-N26 -> 0
B26: vodoměr areál č.200076532 | C26: 640.722 | D26: 640.722 | E26: 640.722 | F26: 640.722 | G26: 649.288 | H26: 664.7 | I26: 688.7 | J26: 708.666 | K26: 732.572 | L26: 743.401 | M26: 744.598 | N26: 746.371 | O26: 746.371 | P26: =O26-C26 -> 105.649 | Q26: =ROUND(P26,0) -> 106 | R26: zahrada
B27: patní vodoměr č. 241175207 | C27: 90.7 | D27: 170.6 | E27: 246.7 | F27: 343.2 | G27: 438.2 | H27: 536 | I27: 631.4 | J27: 716.7 | K27: 820.7 | L27: 916.6 | M27: 999.8 | N27: 1086.3 | O27: 1173.1 | P27: =O27-C27 -> 1082.4 | Q27: =P27-Q26 -> 976.4 | R27: byty | U27: =(D27-C27)-(D26-C26) -> 79.9 | V27: =(E27-D27)-(E26-D26) -> 76.1 | W27: =(F27-E27)-(F26-E26) -> 96.5 | X27: =(G27-F27)-(G26-F26) -> 86.434 | Y27: =(H27-G27)-(H26-G26) -> 82.388 | Z27: =(I27-H27)-(I26-H26) -> 71.4 | AA27: =(J27-I27)-(J26-I26) -> 65.334 | AB27: =(K27-J27)-(K26-J26) -> 80.094 | ... AF27: =(O27-N27)-(O26-N26) -> 86.8
B28: patní kalorimetr č./ GJ | C28: 232.37 | D28: 269.02 | E28: 301.41 | F28: 320.06 | G28: 328.68 | H28: 333.18 | I28: 336.12 | J28: 338.48 | K28: 341.59 | L28: 345.68 | M28: 357.85 | N28: 385.18 | O28: 416.82 | Q28: =(O28-C28) -> 184.45 | R28: GJ | U28: =(D28-C28) -> 36.65 | V28: =(E28-D28) -> 32.39 | W28: =(F28-E28) -> 18.65 | X28: =(G28-F28) -> 8.62 | Y28: =(H28-G28) -> 4.5 | Z28: =(I28-H28) -> 2.94 | AA28: =(J28-I28) -> 2.36 | AB28: =(K28-J28) -> 3.11 | ... AF28: =(O28-N28) -> 31.64
B29: patní kalorimetr č. /kub.m | C29: 1649 | D29: 1880 | E29: 2097 | F29: 2233 | G29: 2297 | H29: 2330 | I29: 2352 | J29: 2374 | K29: 2397 | L29: 2429 | M29: 2530 | N29: 2702 | O29: 2894 | Q29: =O29-C29 -> 1245 | R29: m3
A30: ='1850'!A29 -> fakturační vodoměr č. 63796 | C30: ='1850'!C29 -> 28101 | D30: ='1850'!D29 -> 28433.6 | E30: ='1850'!E29 -> 28750.9 | F30: ='1850'!F29 -> 29123.3 | G30: ='1850'!G29 -> 29498.8 | H30: ='1850'!H29 -> 29863 | I30: ='1850'!I29 -> 30199 | J30: ='1850'!J29 -> 30525.8 | ... O30: ='1850'!O29 -> 65454 | P30: =O30-C30 -> 37353
A32: 11 | B32: vodoměr SV č. 11717149 | C32: 23.853 | D32: 24.085 | E32: 24.312 | F32: 24.582 | G32: 24.828 | H32: 25.099 | I32: 25.411 | J32: 25.626 | K32: 25.793 | L32: 25.993 | M32: 26.359 | N32: 26.628 | O32: 26.83 | P32: =O32-C32 -> 2.977 | S32: SV | T32: 11 | U32: =D32-C32 -> 0.232 | V32: =E32-D32 -> 0.227 | W32: =F32-E32 -> 0.27 | X32: =G32-F32 -> 0.246 | Y32: =H32-G32 -> 0.271 | Z32: =I32-H32 -> 0.312 | AA32: =J32-I32 -> 0.215 | AB32: =K32-J32 -> 0.167 | ... AF32: =O32-N32 -> 0.202
B33: vodoměr TV č. 11683196 | C33: 1.05 | D33: 1.05 | E33: 1.05 | F33: 1.05 | G33: 1.051 | H33: 1.058 | I33: 1.063 | J33: 1.064 | K33: 1.066 | L33: 1.068 | M33: 1.073 | N33: 1.074 | O33: 1.074 | P33: =O33-C33 -> 0.024 | S33: TV | U33: =D33-C33 -> 0 | V33: =E33-D33 -> 0 | W33: =F33-E33 -> 0 | X33: =G33-F33 -> 0.001 | Y33: =H33-G33 -> 0.007 | Z33: =I33-H33 -> 0.005 | AA33: =J33-I33 -> 0.001 | AB33: =K33-J33 -> 0.002 | ... AF33: =O33-N33 -> 0
D35: Výměna elektroměru DŮM
D36: 43956 | E36: starý | O36: spotřeba SV byt č.3 pro vyúčt. | P36: =P8-P32-P33 -> 90.996
E37: nový | O37: spotřeba SV sklad č.11 pro vyúčt. | P37: =P32+P33 -> 3.001
D38: Výměna elektroměru AREÁL | O38: CELKEM : | P38: =SUM(P36:P37) -> 93.997
D39: 43956 | E39: starý
E40: nový | J40: Dne 31.7.2023 odpojen kalor. (cejchování), | N40: stav: | O40: 234.86 | P40: MWh
J41: Dne 3.8.2023 zapojen znovuzapojení, | N41: stav: | O41: 0 | P41: GJ
D42: Výměna vodoměru ZAHRADA | G42: Příští výměna 2026
D43: 43874 | E43: starý | F43: 10282180 | H43: 655.348
E44: nový | F44: 200076532 | H44: 0
D46: Odečty ČEZ AO
D47: 45607 | E47: 2080200100 | G47: 17365 | H47: kWh
D48: 45973 | E48: 2080200100 | G48: 20943 | H48: kWh
F49: spotřeba | G49: =G48-G47 -> 3578 | H49: kWh

Sheet 1854
A2: 1854 | C2: ='1850'!C2 -> 45658 | D2: ='1850'!D2 -> 45688 | E2: ='1850'!E2 -> 45716 | F2: ='1850'!F2 -> 45748 | G2: ='1850'!G2 -> 45779 | H2: ='1850'!H2 -> 45810 | I2: ='1850'!I2 -> 45839 | J2: ='1850'!J2 -> 45870 | ... O2: ='1850'!O2 -> 46022 | P2: voda | Q2: teplo | R2: Elektr | Y2: spotřeby po měsících
A3: byt č. | C3: prosinec | D3: leden | E3: únor | F3: březen | G3: duben | H3: květen | I3: červen | J3: červenec | K3: srpen | L3: září | M3: říjen | N3: listopad | O3: prosinec | P3: m3 | Q3: GJ | R3: KWh | T3: byt | U3: leden | V3: únor | W3: březen | X3: duben | Y3: květen | Z3: červen | AA3: červenec | AB3: srpen | AC3: září | AD3: říjen | AE3: listopad | AF3: prosinec
A4: 1 | B4: vodoměr č. 241010657 | C4: 2.875 | D4: 5.601 | E4: 8.586 | F4: 11.769 | G4: 14.679 | H4: 17.784 | I4: 20.428 | J4: 22.024 | K4: 24.696 | L4: 27.325 | M4: 30.502 | N4: 33.554 | O4: 36.432 | P4: =O4-C4 -> 33.557 | T4: 1 | U4: =D4-C4 -> 2.726 | V4: =E4-D4 -> 2.985 | W4: =F4-E4 -> 3.183 | X4: =G4-F4 -> 2.91 | Y4: =H4-G4 -> 3.105 | Z4: =I4-H4 -> 2.644 | AA4: =J4-I4 -> 1.596 | AB4: =K4-J4 -> 2.672 | ... AF4: =O4-N4 -> 2.878
B5: kalorimetr č. 71182259 | C5: 69.398 | D5: 73.494 | E5: 77.223 | F5: 78.868 | G5: 79.345 | H5: 79.567 | I5: 79.773 | J5: 79.928 | K5: 80.138 | L5: 80.421 | M5: 81.352 | N5: 83.858 | O5: 87.096 | Q5: =O5-C5 -> 17.698
A6: 2 | B6: vodoměr č. 241010655 | C6: 5.8 | D6: 9.925 | E6: 15.534 | F6: 22.284 | G6: 27.925 | H6: 33.205 | I6: 38.949 | J6: 44.914 | K6: 50.273 | L6: 56.502 | M6: 62.022 | N6: 67.975 | O6: 74.11 | P6: =O6-C6 -> 68.31 | T6: 2 | U6: =D6-C6 -> 4.125 | V6: =E6-D6 -> 5.609 | W6: =F6-E6 -> 6.75 | X6: =G6-F6 -> 5.641 | Y6: =H6-G6 -> 5.28 | Z6: =I6-H6 -> 5.744 | AA6: =J6-I6 -> 5.965 | AB6: =K6-J6 -> 5.359 | ... AF6: =O6-N6 -> 6.135
B7: kalorimetr č. 71182248 | C7: 102.543 | D7: 108.68 | E7: 115.127 | F7: 121.944 | G7: 125.286 | H7: 126.266 | I7: 126.786 | J7: 127.172 | K7: 127.601 | L7: 129.308 | M7: 133.129 | N7: 137.547 | O7: 141.336 | Q7: =O7-C7 -> 38.793
A8: 3 | B8: vodoměr č. 241345683 | C8: 5.638 | D8: 10.79 | E8: 15.473 | F8: 20.543 | G8: 26.192 | H8: 31.867 | I8: 38.029 | J8: 44.39 | K8: 51.151 | L8: 56.601 | M8: 61.034 | N8: 66.184 | O8: 71.285 | P8: =O8-C8 -> 65.647 | T8: 3 | U8: =D8-C8 -> 5.152 | V8: =E8-D8 -> 4.683 | W8: =F8-E8 -> 5.07 | X8: =G8-F8 -> 5.649 | Y8: =H8-G8 -> 5.675 | Z8: =I8-H8 -> 6.162 | AA8: =J8-I8 -> 6.361 | AB8: =K8-J8 -> 6.761 | ... AF8: =O8-N8 -> 5.101
B9: kalorimetr č. 71182258 | C9: 117.96 | D9: 125.015 | E9: 131.101 | F9: 136.25 | G9: 139.458 | H9: 142.104 | I9: 142.481 | J9: 142.778 | K9: 143.093 | L9: 143.88 | M9: 146.762 | N9: 152.102 | O9: 158.203 | Q9: =O9-C9 -> 40.243
A10: 4 | B10: vodoměr č. 241010651 | C10: 7.666 | D10: 14.605 | E10: 21.576 | F10: 27.922 | G10: 34.25 | H10: 41.101 | I10: 46.875 | J10: 53.603 | K10: 61.313 | L10: 68.396 | M10: 74.833 | N10: 81.988 | O10: 88.761 | P10: =O10-C10 -> 81.095 | T10: 4 | U10: =D10-C10 -> 6.939 | V10: =E10-D10 -> 6.971 | W10: =F10-E10 -> 6.346 | X10: =G10-F10 -> 6.328 | Y10: =H10-G10 -> 6.851 | Z10: =I10-H10 -> 5.774 | AA10: =J10-I10 -> 6.728 | AB10: =K10-J10 -> 7.71 | ... AF10: =O10-N10 -> 6.773
B11: kalorimetr č. 71182242 | C11: 31.658 | D11: 32.959 | E11: 34.07 | F11: 34.418 | G11: 34.783 | H11: 35.138 | I11: 35.492 | J11: 35.83 | K11: 36.195 | L11: 36.53 | M11: 36.887 | N11: 37.79 | O11: 38.633 | Q11: =O11-C11 -> 6.975
A12: 5 | B12: vodoměr č. 241345677 | C12: 0.057 | D12: 0.08 | E12: 0.23 | F12: 0.324 | G12: 4.216 | H12: 5.6 | I12: 5.725 | J12: 5.765 | K12: 5.823 | L12: 6.088 | M12: 11.062 | N12: 16.02 | O12: 18.231 | P12: =O12-C12 -> 18.174 | T12: 5 | U12: =D12-C12 -> 0.023 | V12: =E12-D12 -> 0.15 | W12: =F12-E12 -> 0.094 | X12: =G12-F12 -> 3.892 | Y12: =H12-G12 -> 1.384 | Z12: =I12-H12 -> 0.125 | AA12: =J12-I12 -> 0.04 | AB12: =K12-J12 -> 0.058 | ... AF12: =O12-N12 -> 2.211
B13: kalorimetr č. 71182255 | C13: 6.73 | D13: 6.73 | E13: 6.878 | F13: 6.879 | G13: 7.255 | H13: 7.323 | I13: 7.324 | J13: 7.325 | K13: 7.325 | L13: 7.41 | M13: 10.019 | N13: 15.489 | O13: 20.766 | Q13: =O13-C13 -> 14.036
A14: 6 | B14: vodoměr č. 241010629 | C14: 14.895 | D14: 27.334 | E14: 40.661 | F14: 52.141 | G14: 64.718 | H14: 72.662 | I14: 79.489 | J14: 90.609 | K14: 104.13 | L14: 116.603 | M14: 123.739 | N14: 140.637 | O14: 150.001 | P14: =O14-C14 -> 135.106 | T14: 6 | U14: =D14-C14 -> 12.439 | V14: =E14-D14 -> 13.327 | W14: =F14-E14 -> 11.48 | X14: =G14-F14 -> 12.577 | Y14: =H14-G14 -> 7.944 | Z14: =I14-H14 -> 6.827 | AA14: =J14-I14 -> 11.12 | AB14: =K14-J14 -> 13.521 | ... AF14: =O14-N14 -> 9.364
B15: kalorimetr č. 71182230 | C15: 34.229 | D15: 36.894 | E15: 38.844 | F15: 39.852 | G15: 40.936 | H15: 41.641 | I15: 42.21 | J15: 42.949 | K15: 43.892 | L15: 44.73 | M15: 45.291 | N15: 46.961 | O15: 48.317 | Q15: =O15-C15 -> 14.088
A16: 7 | B16: vodoměr č. 241010659 | C16: 4.367 | D16: 8.475 | E16: 12.25 | F16: 16.69 | G16: 21.018 | H16: 25.07 | I16: 29.011 | J16: 33.909 | K16: 38.006 | L16: 41.935 | M16: 45.884 | N16: 49.17 | O16: 52.297 | P16: =O16-C16 -> 47.93 | T16: 7 | U16: =D16-C16 -> 4.108 | V16: =E16-D16 -> 3.775 | W16: =F16-E16 -> 4.44 | X16: =G16-F16 -> 4.328 | Y16: =H16-G16 -> 4.052 | Z16: =I16-H16 -> 3.941 | AA16: =J16-I16 -> 4.898 | AB16: =K16-J16 -> 4.097 | ... AF16: =O16-N16 -> 3.127
B17: kalorimetr č. 71182247 | C17: 24.471 | D17: 26.531 | E17: 27.809 | F17: 28.492 | G17: 29.068 | H17: 29.583 | I17: 30.02 | J17: 30.497 | K17: 30.943 | L17: 31.529 | M17: 33.549 | N17: 36.123 | O17: 37.54 | Q17: =O17-C17 -> 13.069
A18: 8 | B18: vodoměr č. 241010622 | C18: 6.421 | D18: 11.555 | E18: 16.648 | F18: 22.288 | G18: 29.074 | H18: 34.468 | I18: 39.821 | J18: 47.082 | K18: 52.859 | L18: 58.744 | M18: 64.375 | N18: 69.961 | O18: 75.76 | P18: =O18-C18 -> 69.339 | T18: 8 | U18: =D18-C18 -> 5.134 | V18: =E18-D18 -> 5.093 | W18: =F18-E18 -> 5.64 | X18: =G18-F18 -> 6.786 | Y18: =H18-G18 -> 5.394 | Z18: =I18-H18 -> 5.353 | AA18: =J18-I18 -> 7.261 | AB18: =K18-J18 -> 5.777 | ... AF18: =O18-N18 -> 5.799
B19: kalorimetr č. 71182232 | C19: 82.638 | D19: 88.155 | E19: 92.797 | F19: 95.496 | G19: 96.504 | H19: 96.964 | I19: 97.172 | J19: 97.398 | K19: 97.594 | L19: 97.918 | M19: 99.237 | N19: 102.29 | O19: 105.695 | Q19: =O19-C19 -> 23.057
A20: 9 | B20: vodoměr č. 241010625 | C20: 12.707 | D20: 24.99 | E20: 36.786 | F20: 50.952 | G20: 63.642 | H20: 75.663 | I20: 85.799 | J20: 96.807 | K20: 109.19 | L20: 120.562 | M20: 131.012 | N20: 139.337 | O20: 153.01 | P20: =O20-C20 -> 140.303 | T20: 9 | U20: =D20-C20 -> 12.283 | V20: =E20-D20 -> 11.796 | W20: =F20-E20 -> 14.166 | X20: =G20-F20 -> 12.69 | Y20: =H20-G20 -> 12.021 | Z20: =I20-H20 -> 10.136 | AA20: =J20-I20 -> 11.008 | AB20: =K20-J20 -> 12.383 | ... AF20: =O20-N20 -> 13.673
B21: kalorimetr č. 71182228 | C21: 97.755 | D21: 102.802 | E21: 107.477 | F21: 110.913 | G21: 112.101 | H21: 112.723 | I21: 113.214 | J21: 113.655 | K21: 114.161 | L21: 114.647 | M21: 117.471 | N21: 122.26 | O21: 127.65 | Q21: =O21-C21 -> 29.895
A22: 10 | B22: vodoměr č. 241010621 | C22: 0.057 | D22: 0.092 | E22: 0.112 | F22: 0.131 | G22: 0.165 | H22: 0.186 | I22: 0.205 | J22: 0.228 | K22: 0.25 | L22: 0.32 | M22: 0.333 | N22: 0.345 | O22: 0.371 | P22: =O22-C22 -> 0.314 | T22: 10 | U22: =D22-C22 -> 0.035 | V22: =E22-D22 -> 0.02 | W22: =F22-E22 -> 0.019 | X22: =G22-F22 -> 0.034 | Y22: =H22-G22 -> 0.021 | Z22: =I22-H22 -> 0.019 | AA22: =J22-I22 -> 0.023 | AB22: =K22-J22 -> 0.022 | ... AF22: =O22-N22 -> 0.026
B23: kalorimetr č. 71182263 | C23: 0.15 | D23: 0.15 | E23: 0.151 | F23: 0.153 | G23: 0.153 | H23: 0.154 | I23: 0.154 | J23: 0.155 | K23: 0.155 | L23: 0.159 | M23: 0.161 | N23: 0.161 | O23: 0.161 | Q23: =O23-C23 -> 0.011
P24: =SUM(P4:P23) -> 659.775 | Q24: =SUM(Q4:Q23) -> 197.865
A25: spol.spotř. | B25: elektroměr č. 2480481736 | C25: 1556 | D25: 1737 | E25: 1913 | F25: 2106 | G25: 2292 | H25: 2476 | I25: 2649 | J25: 2834 | K25: 3023 | L25: 3213 | M25: 3399 | N25: 3720 | O25: 3977 | R25: =O25-C25 -> 2421
B26: patní vodoměr č. 240826414 | C26: 66.3 | D26: 124.2 | E26: 182.8 | F26: 244.9 | G26: 311.2 | H26: 367.8 | I26: 418.5 | J26: 478.4 | K26: 541.7 | L26: 601.9 | M26: 658.6 | N26: 723.9 | O26: 783.7 | P26: =O26-C26 -> 717.4
B27: patní kalorimetr č. 70465263/ GJ | C27: 859.25 | D27: 896.12 | E27: 928.82 | F27: 953.49 | G27: 966.22 | H27: 972.7 | I27: 975.62 | J27: 978.33 | K27: 981.17 | L27: 987.72 | M27: 1007.39 | N27: 1041.17 | O27: 1074.78 | Q27: =O27-C27 -> 215.53 | R27: GJ
B28: patní kalorimetr č. / kub.m | C28: 6850 | D28: 7109 | E28: 7329 | F28: 7528 | G28: 7639 | H28: 7692 | I28: 7722 | J28: 7751 | K28: 7777 | L28: 7849 | M28: 8027 | N28: 8256 | O28: 8456 | Q28: =O28-C28 -> 1606 | R28: m3
A29: Fakturační vodoměr: 42012114941 | C29: 14411 | D29: 14697.5 | E29: 14958.6 | F29: 15244.5 | G29: 15535.4 | H29: 15809.8 | I29: 16049 | J29: 16290.6 | K29: 16555.3 | L29: 16827.2 | M29: 16939.4 | N29: 17195.5 | O29: 211 | P29: =O29-N35+N33-C29 -> 3086
E32: Výměna kalorimetru pata | H32: MWh | I32: m3 | K32: Výměna faktur.vodoměru výr.č. | N32: m3
D33: demontáž | E33: 43984 | F33: starý | K33: 46003 | L33: starý | M33: 42012114941 | N33: 17286 | P33: =N33-C29+200 -> 3075 | Q33: faktur. Spotřeba 2025
G34: výr.č. | H34: GJ | I34: m3 | M34: výr.č. | N34: m3 | P34: =O29 -> 211 | Q34: spotř. Dopočet 2025
D35: montáž | E35: 43986 | F35: nový | K35: 46003 | L35: nový | M35: 42012252632 | N35: 0 | P35: =P33+P34 -> 3286 | Q35: Celkem 2025
C38: byt | D38: Reklamace - výměna | F38: číslo | G38: stav | N38: Odečet vodárny 31.12.2024 | O38: =C29 -> 14411
C39: 5 | D39: 43950 | E39: starý | F39: 190907002 | G39: 0.602 | N39: Odečet vodárny 12.12.2025 | O39: =N33+200 -> 17486 | P39: vč. Dopočtu
E40: nový | F40: 221525395 | G40: 0.02 | N40: Odečet vodárny 31.12.2025 | O40: =O29 -> 211
C42: Výměna elektroměru DŮM | N42: spotřeba | O42: =O29+O39-O38 -> 3286
C43: 45415 | D43: starý | E43: 72370871
D44: nový | E44: 2480481736

Sheet 1855
AH1: statistika | AI1: leden - listopad
A2: 1855 | C2: ='1850'!C2 -> 45658 | D2: ='1850'!D2 -> 45688 | E2: ='1850'!E2 -> 45716 | F2: ='1850'!F2 -> 45748 | G2: ='1850'!G2 -> 45779 | H2: ='1850'!H2 -> 45810 | I2: ='1850'!I2 -> 45839 | J2: ='1850'!J2 -> 45870 | ... O2: ='1850'!O2 -> 46022 | P2: voda | Q2: teplo | R2: elektr | Y2: spotřeby po měsících | AH2: byt | AI2: 2025 | AJ2: 2024 | AK2: 2023 | AL2: 2022 | AM2: 2021
A3: byt č. | C3: prosinec | D3: leden | E3: únor | F3: březen | G3: duben | H3: květen | I3: červen | J3: červenec | K3: srpen | L3: září | M3: říjen | N3: listopad | O3: prosinec | P3: m3 | Q3: GJ | R3: KWh | T3: byt | U3: leden | V3: únor | W3: březen | X3: duben | Y3: květen | Z3: červen | AA3: červenec | AB3: srpen | AC3: září | AD3: říjen | AE3: listopad | AF3: prosinec
A4: 1 | B4: vodoměr č. 241513388 | C4: 11.974 | D4: 23.575 | E4: 34.062 | F4: 47.466 | G4: 58.84 | H4: 68.4 | I4: 78.624 | J4: 87.183 | K4: 97.5 | L4: 108.763 | M4: 119.08 | N4: 129.827 | O4: 143.133 | P4: =O4-C4 -> 131.159 | T4: 1 | U4: =D4-C4 -> 11.601 | V4: =E4-D4 -> 10.487 | W4: =F4-E4 -> 13.404 | X4: =G4-F4 -> 11.374 | Y4: =H4-G4 -> 9.56 | Z4: =I4-H4 -> 10.224 | AA4: =J4-I4 -> 8.559 | AB4: =K4-J4 -> 10.317 | ... AF4: =O4-N4 -> 13.306 | AH4: 1 | AI4: =SUM(U4:AE4) -> 117.853 | AJ4: 113.332 | AK4: 124.65 | AL4: 143.755 | AM4: 166.556
B5: kalorimetr č. 71182223 | C5: 121.09 | D5: 127.704 | E5: 133.464 | F5: 137.576 | G5: 139.964 | H5: 141.85 | I5: 142.545 | J5: 143.051 | K5: 143.827 | L5: 145.19 | M5: 147.631 | N5: 153.215 | O5: 159.824 | Q5: =O5-C5 -> 38.734 | T5: teplo | U5: =D5-C5 -> 6.614 | V5: =E5-D5 -> 5.76 | W5: =F5-E5 -> 4.112 | X5: =G5-F5 -> 2.388 | Y5: =H5-G5 -> 1.886 | Z5: =I5-H5 -> 0.695 | AA5: =J5-I5 -> 0.506 | AB5: =K5-J5 -> 0.776 | ... AF5: =O5-N5 -> 6.609
A6: 2 | B6: vodoměr č. 241513401 | C6: 16.076 | D6: 32.21 | E6: 48.556 | F6: 64.572 | G6: 83.722 | H6: 99.3 | I6: 111.765 | J6: 124.014 | K6: 136.293 | L6: 154.49 | M6: 171.1 | N6: 190.494 | O6: 207.697 | P6: =O6-C6 -> 191.621 | T6: 2 | U6: =D6-C6 -> 16.134 | V6: =E6-D6 -> 16.346 | W6: =F6-E6 -> 16.016 | X6: =G6-F6 -> 19.15 | Y6: =H6-G6 -> 15.578 | Z6: =I6-H6 -> 12.465 | AA6: =J6-I6 -> 12.249 | AB6: =K6-J6 -> 12.279 | ... AF6: =O6-N6 -> 17.203 | AH6: 2 | AI6: =SUM(U6:AE6) -> 174.418 | AJ6: 163.534 | AK6: 153.83 | AL6: 160.272 | AM6: 194.584
B7: kalorimetr č. 71182224 | C7: 99.779 | D7: 105.675 | E7: 111.448 | F7: 115.274 | G7: 117.479 | H7: 118.557 | I7: 119.379 | J7: 120.041 | K7: 120.7 | L7: 121.875 | M7: 124.511 | N7: 129.803 | O7: 134.892 | Q7: =O7-C7 -> 35.113 | U7: =D7-C7 -> 5.896 | V7: =E7-D7 -> 5.773 | W7: =F7-E7 -> 3.826 | X7: =G7-F7 -> 2.205 | Y7: =H7-G7 -> 1.078 | Z7: =I7-H7 -> 0.822 | AA7: =J7-I7 -> 0.662 | AB7: =K7-J7 -> 0.659 | ... AF7: =O7-N7 -> 5.089
A8: 3 | B8: vodoměr č. 241513408 | C8: 2.694 | D8: 5.922 | E8: 9.324 | F8: 13.595 | G8: 17.471 | H8: 21.16 | I8: 24.689 | J8: 28.268 | K8: 32.49 | L8: 36.381 | M8: 40.97 | N8: 45.449 | O8: 48.602 | P8: =O8-C8 -> 45.908 | T8: 3 | U8: =D8-C8 -> 3.228 | V8: =E8-D8 -> 3.402 | W8: =F8-E8 -> 4.271 | X8: =G8-F8 -> 3.876 | Y8: =H8-G8 -> 3.689 | Z8: =I8-H8 -> 3.529 | AA8: =J8-I8 -> 3.579 | AB8: =K8-J8 -> 4.222 | ... AF8: =O8-N8 -> 3.153 | AH8: 3 | AI8: =SUM(U8:AE8) -> 42.755 | AJ8: 39.264 | AK8: 38.845 | AL8: 40.903 | AM8: 45.515
B9: kalorimetr č. 71182236 | C9: 59.595 | D9: 64.118 | E9: 68.526 | F9: 71.19 | G9: 72.23 | H9: 72.898 | I9: 73.127 | J9: 73.346 | K9: 73.6 | L9: 74.134 | M9: 76.243 | N9: 79.922 | O9: 82.227 | Q9: =O9-C9 -> 22.632 | U9: =D9-C9 -> 4.523 | V9: =E9-D9 -> 4.408 | W9: =F9-E9 -> 2.664 | X9: =G9-F9 -> 1.04 | Y9: =H9-G9 -> 0.668 | Z9: =I9-H9 -> 0.229 | AA9: =J9-I9 -> 0.219 | AB9: =K9-J9 -> 0.254 | ... AF9: =O9-N9 -> 2.305
A10: 4 | B10: vodoměr č. 241513380 | C10: 1.848 | D10: 3.83 | E10: 5.446 | F10: 11.957 | G10: 17.652 | H10: 22.943 | I10: 28.58 | J10: 33.818 | K10: 38.384 | L10: 43.086 | M10: 47.316 | N10: 51.934 | O10: 57.064 | P10: =O10-C10 -> 55.216 | T10: 4 | U10: =D10-C10 -> 1.982 | V10: =E10-D10 -> 1.616 | W10: =F10-E10 -> 6.511 | X10: =G10-F10 -> 5.695 | Y10: =H10-G10 -> 5.291 | Z10: =I10-H10 -> 5.637 | AA10: =J10-I10 -> 5.238 | AB10: =K10-J10 -> 4.566 | ... AF10: =O10-N10 -> 5.13 | AH10: 4 | AI10: =SUM(U10:AE10) -> 50.086 | AJ10: 22.183 | AK10: 16.192 | AL10: 13.025 | AM10: 10.867
B11: kalorimetr č. 71182218 | C11: 8.852 | D11: 9.43 | E11: 9.718 | F11: 10.048 | G11: 10.289 | H11: 10.491 | I11: 10.65 | J11: 10.786 | K11: 10.912 | L11: 11.045 | M11: 11.216 | N11: 11.555 | O11: 11.997 | Q11: =O11-C11 -> 3.145 | U11: =D11-C11 -> 0.578 | V11: =E11-D11 -> 0.288 | W11: =F11-E11 -> 0.33 | X11: =G11-F11 -> 0.241 | Y11: =H11-G11 -> 0.202 | Z11: =I11-H11 -> 0.159 | AA11: =J11-I11 -> 0.136 | AB11: =K11-J11 -> 0.126 | ... AF11: =O11-N11 -> 0.442
A12: 5 | B12: vodoměr č. 241513406 | C12: 7.002 | D12: 12.701 | E12: 18.128 | F12: 24.327 | G12: 29.458 | H12: 34.681 | I12: 39.79 | J12: 44.142 | K12: 48.38 | L12: 52.313 | M12: 57.822 | N12: 62.928 | O12: 69.183 | P12: =O12-C12 -> 62.181 | T12: 5 | U12: =D12-C12 -> 5.699 | V12: =E12-D12 -> 5.427 | W12: =F12-E12 -> 6.199 | X12: =G12-F12 -> 5.131 | Y12: =H12-G12 -> 5.223 | Z12: =I12-H12 -> 5.109 | AA12: =J12-I12 -> 4.352 | AB12: =K12-J12 -> 4.238 | ... AF12: =O12-N12 -> 6.255 | AH12: 5 | AI12: =SUM(U12:AE12) -> 55.926 | AJ12: 55.89 | AK12: 51.191 | AL12: 59.694 | AM12: 66.633
B13: kalorimetr č. 71182273 | C13: 55.108 | D13: 58.59 | E13: 61.524 | F13: 63.389 | G13: 64.087 | H13: 64.351 | I13: 64.564 | J13: 64.732 | K13: 64.89 | L13: 65.197 | M13: 66.128 | N13: 68.888 | O13: 71.989 | Q13: =O13-C13 -> 16.881 | U13: =D13-C13 -> 3.482 | V13: =E13-D13 -> 2.934 | W13: =F13-E13 -> 1.865 | X13: =G13-F13 -> 0.698 | Y13: =H13-G13 -> 0.264 | Z13: =I13-H13 -> 0.213 | AA13: =J13-I13 -> 0.168 | AB13: =K13-J13 -> 0.158 | ... AF13: =O13-N13 -> 3.101
A14: 6 | B14: vodoměr č. 241513382 | C14: 5.722 | D14: 12.557 | E14: 17.68 | F14: 23.22 | G14: 28.678 | H14: 33.786 | I14: 36.292 | J14: 41.122 | K14: 47.49 | L14: 53.973 | M14: 60.552 | N14: 66.172 | O14: 71.203 | P14: =O14-C14 -> 65.481 | T14: 6 | U14: =D14-C14 -> 6.835 | V14: =E14-D14 -> 5.123 | W14: =F14-E14 -> 5.54 | X14: =G14-F14 -> 5.458 | Y14: =H14-G14 -> 5.108 | Z14: =I14-H14 -> 2.506 | AA14: =J14-I14 -> 4.83 | AB14: =K14-J14 -> 6.368 | ... AF14: =O14-N14 -> 5.031 | AH14: 6 | AI14: =SUM(U14:AE14) -> 60.45 | AJ14: 52.51 | AK14: 43.543 | AL14: 37.147 | AM14: 30.636
B15: kalorimetr č. 71182215 | C15: 97.731 | D15: 102.33 | E15: 105.671 | F15: 108.177 | G15: 109.86 | H15: 110.772 | I15: 110.928 | J15: 111.162 | K15: 111.432 | L15: 112.061 | M15: 114.402 | N15: 118.661 | O15: 123.199 | Q15: =O15-C15 -> 25.468 | U15: =D15-C15 -> 4.599 | V15: =E15-D15 -> 3.341 | W15: =F15-E15 -> 2.506 | X15: =G15-F15 -> 1.683 | Y15: =H15-G15 -> 0.912 | Z15: =I15-H15 -> 0.156 | AA15: =J15-I15 -> 0.234 | AB15: =K15-J15 -> 0.27 | ... AF15: =O15-N15 -> 4.538
A16: 7 | B16: vodoměr č. 241513386 | C16: 6.144 | D16: 11.623 | E16: 17.406 | F16: 24.478 | G16: 31.057 | H16: 37.425 | I16: 42.563 | J16: 49.632 | K16: 60.856 | L16: 67.168 | M16: 72.627 | N16: 79.186 | O16: 88.68 | P16: =O16-C16 -> 82.536 | T16: 7 | U16: =D16-C16 -> 5.479 | V16: =E16-D16 -> 5.783 | W16: =F16-E16 -> 7.072 | X16: =G16-F16 -> 6.579 | Y16: =H16-G16 -> 6.368 | Z16: =I16-H16 -> 5.138 | AA16: =J16-I16 -> 7.069 | AB16: =K16-J16 -> 11.224 | ... AF16: =O16-N16 -> 9.494 | AH16: 7 | AI16: =SUM(U16:AE16) -> 73.042 | AJ16: 41.961 | AK16: 51.851 | AL16: 14.01 | AM16: 21.309
B17: kalorimetr č. 71182220 | C17: 16.783 | D17: 18.451 | E17: 19.683 | F17: 20.566 | G17: 21.3 | H17: 22.118 | I17: 22.361 | J17: 22.637 | K17: 23.075 | L17: 23.35 | M17: 23.63 | N17: 24.541 | O17: 26.045 | Q17: =O17-C17 -> 9.262 | U17: =D17-C17 -> 1.668 | V17: =E17-D17 -> 1.232 | W17: =F17-E17 -> 0.883 | X17: =G17-F17 -> 0.734 | Y17: =H17-G17 -> 0.818 | Z17: =I17-H17 -> 0.243 | AA17: =J17-I17 -> 0.276 | AB17: =K17-J17 -> 0.438 | ... AF17: =O17-N17 -> 1.504
A18: 8 | B18: vodoměr č. 241513387 | C18: 3.876 | D18: 7.634 | E18: 10.933 | F18: 14.824 | G18: 18.42 | H18: 22.212 | I18: 24.842 | J18: 28.197 | K18: 31.827 | L18: 34.018 | M18: 37.553 | N18: 41.576 | O18: 45.596 | P18: =O18-C18 -> 41.72 | T18: 8 | U18: =D18-C18 -> 3.758 | V18: =E18-D18 -> 3.299 | W18: =F18-E18 -> 3.891 | X18: =G18-F18 -> 3.596 | Y18: =H18-G18 -> 3.792 | Z18: =I18-H18 -> 2.63 | AA18: =J18-I18 -> 3.355 | AB18: =K18-J18 -> 3.63 | ... AF18: =O18-N18 -> 4.02 | AH18: 8 | AI18: =SUM(U18:AE18) -> 37.7 | AJ18: 34.7 | AK18: 29.064 | AL18: 24.359 | AM18: 19.303
B19: kalorimetr č. 71182264 | C19: 41.571 | D19: 44.033 | E19: 45.87 | F19: 46.508 | G19: 46.843 | H19: 47.168 | I19: 47.342 | J19: 47.536 | K19: 47.727 | L19: 47.875 | M19: 48.387 | N19: 50.283 | O19: 52.285 | Q19: =O19-C19 -> 10.714 | U19: =D19-C19 -> 2.462 | V19: =E19-D19 -> 1.837 | W19: =F19-E19 -> 0.638 | X19: =G19-F19 -> 0.335 | Y19: =H19-G19 -> 0.325 | Z19: =I19-H19 -> 0.174 | AA19: =J19-I19 -> 0.194 | AB19: =K19-J19 -> 0.191 | ... AF19: =O19-N19 -> 2.002
A20: 9 | B20: vodoměr č. 241513383 | C20: 6.076 | D20: 13.12 | E20: 19.13 | F20: 25.861 | G20: 31.167 | H20: 37.62 | I20: 44.39 | J20: 51.435 | K20: 59.18 | L20: 66.067 | M20: 72.3 | N20: 77.452 | O20: 84.087 | P20: =O20-C20 -> 78.011 | T20: 9 | U20: =D20-C20 -> 7.044 | V20: =E20-D20 -> 6.01 | W20: =F20-E20 -> 6.731 | X20: =G20-F20 -> 5.306 | Y20: =H20-G20 -> 6.453 | Z20: =I20-H20 -> 6.77 | AA20: =J20-I20 -> 7.045 | AB20: =K20-J20 -> 7.745 | ... AF20: =O20-N20 -> 6.635 | AH20: 9 | AI20: =SUM(U20:AE20) -> 71.376 | AJ20: 71.377 | AK20: 71.522 | AL20: 69.057 | AM20: 78.232
B21: kalorimetr č. 71182231 | C21: 65.319 | D21: 69.901 | E21: 73.244 | F21: 75.215 | G21: 75.67 | H21: 75.984 | I21: 76.27 | J21: 76.538 | K21: 76.821 | L21: 77.098 | M21: 78.405 | N21: 81.045 | O21: 84.504 | Q21: =O21-C21 -> 19.185 | U21: =D21-C21 -> 4.582 | V21: =E21-D21 -> 3.343 | W21: =F21-E21 -> 1.971 | X21: =G21-F21 -> 0.455 | Y21: =H21-G21 -> 0.314 | Z21: =I21-H21 -> 0.286 | AA21: =J21-I21 -> 0.268 | AB21: =K21-J21 -> 0.283 | ... AF21: =O21-N21 -> 3.459
A22: 10 | B22: vodoměr č. 241513399 | C22: 8.764 | D22: 15.784 | E22: 22.206 | F22: 29.758 | G22: 37.739 | H22: 45.58 | I22: 52.662 | J22: 58.988 | K22: 65.75 | L22: 72.615 | M22: 80.326 | N22: 88.71 | O22: 102.353 | P22: =O22-C22 -> 93.589 | T22: 10 | U22: =D22-C22 -> 7.02 | V22: =E22-D22 -> 6.422 | W22: =F22-E22 -> 7.552 | X22: =G22-F22 -> 7.981 | Y22: =H22-G22 -> 7.841 | Z22: =I22-H22 -> 7.082 | AA22: =J22-I22 -> 6.326 | AB22: =K22-J22 -> 6.762 | ... AF22: =O22-N22 -> 13.643 | AH22: 10 | AI22: =SUM(U22:AE22) -> 79.946 | AJ22: 79.075 | AK22: 94.421 | AL22: 141.682 | AM22: 199.088
B23: kalorimetr č. 71182227 | C23: 53.569 | D23: 56.467 | E23: 58.734 | F23: 59.848 | G23: 60.305 | H23: 60.676 | I23: 60.984 | J23: 61.191 | K23: 61.443 | L23: 61.768 | M23: 62.286 | N23: 64.317 | O23: 67.726 | Q23: =O23-C23 -> 14.157 | U23: =D23-C23 -> 2.898 | V23: =E23-D23 -> 2.267 | W23: =F23-E23 -> 1.114 | X23: =G23-F23 -> 0.457 | Y23: =H23-G23 -> 0.371 | Z23: =I23-H23 -> 0.308 | AA23: =J23-I23 -> 0.207 | AB23: =K23-J23 -> 0.252 | ... AF23: =O23-N23 -> 3.409
P24: =SUM(P4:P23) -> 847.422 | Q24: =SUM(Q4:Q23) -> 195.291 | AH24: byty | AI24: =SUM(AI4:AI22) -> 763.552 | AJ24: =SUM(AJ4:AJ22)+2.6 -> 676.426 | AK24: =SUM(AK4:AK22) -> 675.109 | AL24: =SUM(AL4:AL22) -> 703.904 | AM24: =SUM(AM4:AM22) -> 832.723
A25: spol.spotř. | B25: elektroměr č. 72846558 | C25: 3253 | D25: 3491 | E25: 3740 | F25: 4041 | G25: 4252 | H25: 4449 | I25: 4634 | J25: 4835 | K25: 5202 | L25: 5416 | M25: 5631 | N25: 5821 | O25: 6197 | R25: =O25-C25 -> 2944
B26: patní vodoměr č. 241175209 | C26: 71.8 | D26: 144.6 | E26: 211.9 | F26: 293.3 | G26: 371.6 | H26: 444.6 | I26: 509.5 | J26: 576.3 | K26: 652.6 | L26: 728.4 | M26: 804.1 | N26: 883.7 | O26: 973.3 | P26: =O26-C26 -> 901.5 | AH26: pata | AI26: =N26-C26 -> 811.9 | AJ26: 785.2 | AK26: 771.6 | AL26: 795 | AM26: 949.4
B27: patní kalorimetr č.70465264/GJ | C27: 985.9 | D27: 1025.89 | E27: 1059.48 | F27: 1081.35 | G27: 1092.36 | H27: 1099.43 | I27: 1102.37 | J27: 1104.94 | K27: 1108.13 | L27: 1113.41 | M27: 1128.18 | N27: 1160.75 | O27: 1197.4 | Q27: =O27-C27 -> 211.5 | R27: GJ
B28: patní kalorimetr č./kub.m | C28: 6854 | D28: 7104 | E28: 7314 | F28: 7463 | G28: 7537 | H28: 7582 | I28: 7601 | J28: 7619 | K28: 7639 | L28: 7676 | M28: 7790 | N28: 8035 | O28: 8361 | Q28: =O28-C28 -> 1507 | R28: m3
A29: ='1854'!A29 -> Fakturační vodoměr: 42012114941 | C29: ='1854'!C29 -> 14411 | D29: ='1854'!D29 -> 14697.5 | E29: ='1854'!E29 -> 14958.6 | F29: ='1854'!F29 -> 15244.5 | G29: ='1854'!G29 -> 15535.4 | H29: ='1854'!H29 -> 15809.8 | I29: ='1854'!I29 -> 16049 | J29: ='1854'!J29 -> 16290.6 | ... P29: ='1854'!P29 -> 3086 | W29: zápočet rozdílu nových vodoměrů | X29: 2.6 | Y29: m3 | AI29: =1-AI24/AI26 -> 0.059549206 | AJ29: =1-AJ24/AJ26 -> 0.13853031 | AK29: =1-AK24/AK26 -> 0.12505314 | AL29: =1-AL24/AL26 -> 0.11458616 | AM29: =1-AM24/AM26 -> 0.12289551
E32: Výměna kalorimetru pata | H32: MWh | I32: m3 | K32: Výměna faktur.vodoměru výr.č. | N32: m3
D33: demontáž | E33: 43984 | F33: starý | K33: 44095 | L33: starý
G34: výr.č. | H34: GJ | I34: m3 | M34: výr.č. | N34: m3
D35: montáž | E35: 43986 | F35: nový | K35: 44095 | L35: nový
C37: Výměna elektroměru DŮM
C38: 45415 | D38: starý | E38: 72370870
D39: nový | E39: 72846558
B41: 17.5.2024 reset rohoží | C41: 79:00 hod

Sheet 1856
A2: 1856 | C2: ='1850'!C2 -> 45658 | D2: ='1850'!D2 -> 45688 | E2: ='1850'!E2 -> 45716 | F2: ='1850'!F2 -> 45748 | G2: ='1850'!G2 -> 45779 | H2: ='1850'!H2 -> 45810 | I2: ='1850'!I2 -> 45839 | J2: ='1850'!J2 -> 45870 | ... O2: ='1850'!O2 -> 46022 | P2: Voda | Q2: Teplo | R2: Elektr | Y2: spotřeby po měsících
A3: byt č. | C3: prosinec | D3: leden | E3: únor | F3: březen | G3: duben | H3: květen | I3: červen | J3: červenec | K3: srpen | L3: září | M3: říjen | N3: listopad | O3: prosinec | P3: m3 | Q3: GJ | R3: KWh | T3: byt | U3: leden | V3: únor | W3: březen | X3: duben | Y3: květen | Z3: červen | AA3: červenec | AB3: srpen | AC3: září | AD3: říjen | AE3: listopad | AF3: prosinec
A4: 1 | B4: vodoměr č. 241345680 | C4: 13.94 | D4: 26.048 | E4: 36.413 | F4: 44.695 | G4: 55.801 | H4: 68.403 | I4: 79.214 | J4: 84.244 | K4: 97.399 | L4: 110.378 | M4: 123.536 | N4: 135.11 | O4: 146.869 | P4: =O4-C4 -> 132.929 | T4: 1 | U4: =D4-C4 -> 12.108 | V4: =E4-D4 -> 10.365 | W4: =F4-E4 -> 8.282 | X4: =G4-F4 -> 11.106 | Y4: =H4-G4 -> 12.602 | Z4: =I4-H4 -> 10.811 | AA4: =J4-I4 -> 5.03 | AB4: =K4-J4 -> 13.155 | ... AF4: =O4-N4 -> 11.759
B5: kalorimetr č. 71869912 | C5: 42.305 | D5: 47.405 | E5: 52.306 | F5: 55.75 | G5: 57.584 | H5: 59.073 | I5: 59.567 | J5: 59.766 | K5: 60.289 | L5: 61.321 | M5: 63.963 | N5: 68.153 | O5: 72.937 | Q5: =O5-C5 -> 30.632
A6: 2 | B6: vodoměr č. 241345675 | C6: 5.919 | D6: 10.937 | E6: 14.786 | F6: 19.525 | G6: 25.198 | H6: 29.821 | I6: 34.386 | J6: 39.926 | K6: 44.953 | L6: 49.942 | M6: 54.891 | N6: 59.373 | O6: 64.721 | P6: =O6-C6 -> 58.802 | T6: 2 | U6: =D6-C6 -> 5.018 | V6: =E6-D6 -> 3.849 | W6: =F6-E6 -> 4.739 | X6: =G6-F6 -> 5.673 | Y6: =H6-G6 -> 4.623 | Z6: =I6-H6 -> 4.565 | AA6: =J6-I6 -> 5.54 | AB6: =K6-J6 -> 5.027 | ... AF6: =O6-N6 -> 5.348
B7: kalorimetr č. 71869914 | C7: 11.413 | D7: 13.067 | E7: 14.339 | F7: 15 | G7: 15.428 | H7: 15.715 | I7: 15.979 | J7: 16.262 | K7: 16.495 | L7: 16.811 | M7: 17.285 | N7: 18.436 | O7: 19.777 | Q7: =O7-C7 -> 8.364
A8: 3 | B8: vodoměr č. 241345682 | C8: 3.323 | D8: 7.539 | E8: 10.172 | F8: 14.824 | G8: 18.723 | H8: 21.139 | I8: 24.295 | J8: 27.686 | K8: 30.826 | L8: 33.324 | M8: 36.77 | N8: 39.482 | O8: 43.377 | P8: =O8-C8 -> 40.054 | T8: 3 | U8: =D8-C8 -> 4.216 | V8: =E8-D8 -> 2.633 | W8: =F8-E8 -> 4.652 | X8: =G8-F8 -> 3.899 | Y8: =H8-G8 -> 2.416 | Z8: =I8-H8 -> 3.156 | AA8: =J8-I8 -> 3.391 | AB8: =K8-J8 -> 3.14 | ... AF8: =O8-N8 -> 3.895
B9: kalorimetr č. 71869911 | C9: 25.652 | D9: 29.516 | E9: 33.164 | F9: 36.065 | G9: 37.202 | H9: 37.715 | I9: 37.923 | J9: 38.093 | K9: 38.295 | L9: 38.508 | M9: 40.13 | N9: 43.831 | O9: 47.967 | Q9: =O9-C9 -> 22.315
A10: 4 | B10: vodoměr č. 241345678 | C10: 11.144 | D10: 19.888 | E10: 26.687 | F10: 35.819 | G10: 45.638 | H10: 51.404 | I10: 60.171 | J10: 68.874 | K10: 75.223 | L10: 82.135 | M10: 89.969 | N10: 98.271 | O10: 107.32 | P10: =O10-C10 -> 96.176 | T10: 4 | U10: =D10-C10 -> 8.744 | V10: =E10-D10 -> 6.799 | W10: =F10-E10 -> 9.132 | X10: =G10-F10 -> 9.819 | Y10: =H10-G10 -> 5.766 | Z10: =I10-H10 -> 8.767 | AA10: =J10-I10 -> 8.703 | AB10: =K10-J10 -> 6.349 | ... AF10: =O10-N10 -> 9.049
B11: kalorimetr č. 71869913 | C11: 30.146 | D11: 33.907 | E11: 36.072 | F11: 38.722 | G11: 39.872 | H11: 40.569 | I11: 41.312 | J11: 41.961 | K11: 42.482 | L11: 43.087 | M11: 44.309 | N11: 46.548 | O11: 49.029 | Q11: =O11-C11 -> 18.883
A12: 5 | B12: vodoměr č. 241345684 | C12: 7.65 | D12: 12.087 | E12: 15.192 | F12: 18.024 | G12: 21.226 | H12: 24.461 | I12: 24.835 | J12: 25.442 | K12: 25.998 | L12: 26.769 | M12: 27.875 | N12: 30.194 | O12: 30.992 | P12: =O12-C12 -> 23.342 | T12: 5 | U12: =D12-C12 -> 4.437 | V12: =E12-D12 -> 3.105 | W12: =F12-E12 -> 2.832 | X12: =G12-F12 -> 3.202 | Y12: =H12-G12 -> 3.235 | Z12: =I12-H12 -> 0.374 | AA12: =J12-I12 -> 0.607 | AB12: =K12-J12 -> 0.556 | ... AF12: =O12-N12 -> 0.798
B13: kalorimetr č. 71869909 | C13: 11.288 | D13: 12.64 | E13: 13.699 | F13: 14.067 | G13: 14.402 | H13: 14.67 | I13: 14.682 | J13: 14.696 | K13: 14.707 | L13: 14.728 | M13: 14.821 | N13: 15.356 | O13: 16.123 | Q13: =O13-C13 -> 4.835
A14: 6 | B14: vodoměr č. 241345681 | C14: 5.737 | D14: 11.106 | E14: 15.694 | F14: 20.624 | G14: 25.343 | H14: 30.172 | I14: 35.293 | J14: 39.251 | K14: 43.311 | L14: 47.829 | M14: 53.044 | N14: 57.821 | O14: 63.375 | P14: =O14-C14 -> 57.638 | T14: 6 | U14: =D14-C14 -> 5.369 | V14: =E14-D14 -> 4.588 | W14: =F14-E14 -> 4.93 | X14: =G14-F14 -> 4.719 | Y14: =H14-G14 -> 4.829 | Z14: =I14-H14 -> 5.121 | AA14: =J14-I14 -> 3.958 | AB14: =K14-J14 -> 4.06 | ... AF14: =O14-N14 -> 5.554
B15: kalorimetr č. 71869918 | C15: 20.805 | D15: 23.557 | E15: 26.17 | F15: 28.165 | G15: 29.034 | H15: 29.38 | I15: 29.707 | J15: 29.94 | K15: 30.208 | L15: 30.479 | M15: 31.615 | N15: 33.996 | O15: 36.257 | Q15: =O15-C15 -> 15.452
A16: 7 | B16: vodoměr č. 241345676 | C16: 7.46 | D16: 13.268 | E16: 18.16 | F16: 23.736 | G16: 29.289 | H16: 35.097 | I16: 39.983 | J16: 45.695 | K16: 50.225 | L16: 55.391 | M16: 61.032 | N16: 66.758 | O16: 72.198 | P16: =O16-C16 -> 64.738 | T16: 7 | U16: =D16-C16 -> 5.808 | V16: =E16-D16 -> 4.892 | W16: =F16-E16 -> 5.576 | X16: =G16-F16 -> 5.553 | Y16: =H16-G16 -> 5.808 | Z16: =I16-H16 -> 4.886 | AA16: =J16-I16 -> 5.712 | AB16: =K16-J16 -> 4.53 | ... AF16: =O16-N16 -> 5.44
B17: kalorimetr č. 71869916 | C17: 20.965 | D17: 24.52 | E17: 27.146 | F17: 28.212 | G17: 28.742 | H17: 29.216 | I17: 29.597 | J17: 29.976 | K17: 30.346 | L17: 30.717 | M17: 31.898 | N17: 34.852 | O17: 38.493 | Q17: =O17-C17 -> 17.528
A18: 8 | B18: vodoměr č. 241345679 | C18: 11.898 | D18: 22.701 | E18: 33.52 | F18: 44.615 | G18: 54.501 | H18: 66.084 | I18: 75.711 | J18: 84.847 | K18: 95.422 | L18: 105.866 | M18: 116.543 | N18: 127.704 | O18: 138.294 | P18: =O18-C18 -> 126.396 | T18: 8 | U18: =D18-C18 -> 10.803 | V18: =E18-D18 -> 10.819 | W18: =F18-E18 -> 11.095 | X18: =G18-F18 -> 9.886 | Y18: =H18-G18 -> 11.583 | Z18: =I18-H18 -> 9.627 | AA18: =J18-I18 -> 9.136 | AB18: =K18-J18 -> 10.575 | ... AF18: =O18-N18 -> 10.59
B19: kalorimetr č. 71869910 | C19: 20.019 | D19: 24.752 | E19: 28.565 | F19: 30.934 | G19: 31.445 | H19: 31.981 | I19: 32.418 | J19: 32.698 | K19: 33.048 | L19: 33.392 | M19: 33.878 | N19: 36.556 | O19: 40.786 | Q19: =O19-C19 -> 20.767
A20: 9 | B20: vodoměr č. 241345705 | C20: 7.552 | D20: 13.753 | E20: 19.148 | F20: 24.827 | G20: 31.772 | H20: 39.24 | I20: 43.348 | J20: 46.466 | K20: 50.074 | L20: 55.195 | M20: 62.306 | N20: 69.934 | O20: 75.885 | P20: =O20-C20 -> 68.333 | T20: 9 | U20: =D20-C20 -> 6.201 | V20: =E20-D20 -> 5.395 | W20: =F20-E20 -> 5.679 | X20: =G20-F20 -> 6.945 | Y20: =H20-G20 -> 7.468 | Z20: =I20-H20 -> 4.108 | AA20: =J20-I20 -> 3.118 | AB20: =K20-J20 -> 3.608 | ... AF20: =O20-N20 -> 5.951
B21: kalorimetr č. 71869917 | C21: 21.071 | D21: 24.833 | E21: 27.803 | F21: 29.07 | G21: 29.537 | H21: 29.907 | I21: 30.092 | J21: 30.253 | K21: 30.45 | L21: 30.691 | M21: 31.515 | N21: 34.059 | O21: 36.893 | Q21: =O21-C21 -> 15.822
A22: 10 | B22: vodoměr č. 241345652 | C22: 6.269 | D22: 11.957 | E22: 16.697 | F22: 24.529 | G22: 32.614 | H22: 41.645 | I22: 46.404 | J22: 50.409 | K22: 55.869 | L22: 62.6 | M22: 68.933 | N22: 74.245 | O22: 83.115 | P22: =O22-C22 -> 76.846 | T22: 10 | U22: =D22-C22 -> 5.688 | V22: =E22-D22 -> 4.74 | W22: =F22-E22 -> 7.832 | X22: =G22-F22 -> 8.085 | Y22: =H22-G22 -> 9.031 | Z22: =I22-H22 -> 4.759 | AA22: =J22-I22 -> 4.005 | AB22: =K22-J22 -> 5.46 | ... AF22: =O22-N22 -> 8.87
B23: kalorimetr č. 71869915 | C23: 22.85 | D23: 26.479 | E23: 29.361 | F23: 30.86 | G23: 31.537 | H23: 32.086 | I23: 32.379 | J23: 32.631 | K23: 32.939 | L23: 33.329 | M23: 34.365 | N23: 37.897 | O23: 41.863 | Q23: =O23-C23 -> 19.013
P24: =SUM(P4:P23) -> 745.254 | Q24: =SUM(Q4:Q23) -> 173.611
A25: spol.spotř. | B25: elektroměr č. 2480481656 | C25: 1581 | D25: 1756 | E25: 1921 | F25: 2126 | G25: 2312 | H25: 2499 | I25: 2682 | J25: 2864 | K25: 3068 | L25: 3253 | M25: 3432 | N25: 3625 | O25: 3806 | R25: =O25-C25 -> 2225
B26: patní vodoměr č. 240826420 | C26: 88.7 | D26: 164.6 | E26: 227.7 | F26: 299.6 | G26: 375.2 | H26: 449.2 | I26: 510.7 | J26: 565 | K26: 627.5 | L26: 693.7 | M26: 766.3 | N26: 836.8 | O26: 911.4 | P26: =O26-C26 -> 822.7
B27: patní kalorimetr č.70465265/GJ | C27: 846.3 | D27: 883.19 | E27: 913.38 | F27: 932.63 | G27: 940.25 | H27: 945.26 | I27: 947.94 | J27: 949.92 | K27: 952.26 | L27: 955.5 | M27: 966.5 | N27: 994.1 | O27: 1026.43 | Q27: =O27-C27 -> 180.13 | R27: GJ
B28: patní kalorimetr č./kub.m | C28: 5788 | D28: 6035 | E28: 6234 | F28: 6359 | G28: 6404 | H28: 6434 | I28: 6450 | J28: 6464 | K28: 6479 | L28: 6501 | M28: 6581 | N28: 6760 | O28: 6961 | Q28: =O28-C28 -> 1173 | R28: m3
A29: ='1854'!A29 -> Fakturační vodoměr: 42012114941 | C29: ='1854'!C29 -> 14411 | D29: ='1854'!D29 -> 14697.5 | E29: ='1854'!E29 -> 14958.6 | F29: ='1854'!F29 -> 15244.5 | G29: ='1854'!G29 -> 15535.4 | H29: ='1854'!H29 -> 15809.8 | I29: ='1854'!I29 -> 16049 | J29: ='1854'!J29 -> 16290.6 | ... P29: ='1854'!P29 -> 3086
E32: Výměna kalorimetru pata | H32: MWh | I32: m3 | K32: Výměna faktur.vodoměru výr.č. | N32: m3
D33: demontáž | E33: 43984 | F33: starý | K33: 44095 | L33: starý
G34: výr.č. | H34: GJ | I34: m3 | M34: výr.č. | N34: m3
D35: montáž | E35: 43986 | F35: nový | K35: 44095 | L35: nový
E37: Výměna kalorimetrů byty - demontáž/montáž 2.10.2023 - stav nových 0,000
C39: Výměna elektroměru DŮM
C40: 45415 | D40: starý | E40: 72371793
D41: nový | E41: 2480481656

Sheet 1857
A2: 1857 | C2: ='1850'!C2 -> 45658 | D2: ='1850'!D2 -> 45688 | E2: ='1850'!E2 -> 45716 | F2: ='1850'!F2 -> 45748 | G2: ='1850'!G2 -> 45779 | H2: ='1850'!H2 -> 45810 | I2: ='1850'!I2 -> 45839 | J2: ='1850'!J2 -> 45870 | ... O2: ='1850'!O2 -> 46022 | P2: voda | Q2: teplo | R2: elektr | Y2: spotřeby po měsících
A3: byt č. | C3: prosinec | D3: leden | E3: únor | F3: březen | G3: duben | H3: květen | I3: červen | J3: červenec | K3: srpen | L3: září | M3: říjen | N3: listopad | O3: prosinec | P3: m3 | Q3: GJ | R3: KWh | T3: byt | U3: leden | V3: únor | W3: březen | X3: duben | Y3: květen | Z3: červen | AA3: červenec | AB3: srpen | AC3: září | AD3: říjen | AE3: listopad | AF3: prosinec
A4: 1 | B4: vodoměr č. 241345711 | C4: 5.177 | D4: 7.424 | E4: 9.957 | F4: 13.512 | G4: 17.121 | H4: 20.105 | I4: 23.678 | J4: 26.661 | K4: 27.366 | L4: 27.75 | M4: 35.92 | N4: 44.698 | O4: 52.499 | P4: =O4-C4 -> 47.322 | T4: 1 | U4: =D4-C4 -> 2.247 | V4: =E4-D4 -> 2.533 | W4: =F4-E4 -> 3.555 | X4: =G4-F4 -> 3.609 | Y4: =H4-G4 -> 2.984 | Z4: =I4-H4 -> 3.573 | AA4: =J4-I4 -> 2.983 | AB4: =K4-J4 -> 0.705 | ... AF4: =O4-N4 -> 7.801
B5: kalorimetr č. 71182250 | C5: 100.145 | D5: 106.077 | E5: 111.461 | F5: 115.569 | G5: 117.441 | H5: 118.603 | I5: 118.818 | J5: 118.931 | K5: 118.974 | L5: 119.142 | M5: 120.246 | N5: 123.104 | O5: 126.751 | Q5: =O5-C5 -> 26.606
A6: 2 | B6: vodoměr č. 241010620 | C6: 4.156 | D6: 7.777 | E6: 10.706 | F6: 14.482 | G6: 18.236 | H6: 22.018 | I6: 26.077 | J6: 29.708 | K6: 33.327 | L6: 36.658 | M6: 39.876 | N6: 43.6 | O6: 47.059 | P6: =O6-C6 -> 42.903 | T6: 2 | U6: =D6-C6 -> 3.621 | V6: =E6-D6 -> 2.929 | W6: =F6-E6 -> 3.776 | X6: =G6-F6 -> 3.754 | Y6: =H6-G6 -> 3.782 | Z6: =I6-H6 -> 4.059 | AA6: =J6-I6 -> 3.631 | AB6: =K6-J6 -> 3.619 | ... AF6: =O6-N6 -> 3.459
B7: kalorimetr č. 71182222 | C7: 30.457 | D7: 32.365 | E7: 33.935 | F7: 34.876 | G7: 35.408 | H7: 35.761 | I7: 36.12 | J7: 36.395 | K7: 36.681 | L7: 37.099 | M7: 38.066 | N7: 39.788 | O7: 41.578 | Q7: =O7-C7 -> 11.121
A8: 3 | B8: vodoměr č. 241010656 | C8: 18.53 | D8: 36.802 | E8: 50.882 | F8: 68.11 | G8: 84.747 | H8: 101.934 | I8: 117.69 | J8: 131.998 | K8: 147.992 | L8: 164.866 | M8: 179.808 | N8: 200.167 | O8: 217.808 | P8: =O8-C8 -> 199.278 | T8: 3 | U8: =D8-C8 -> 18.272 | V8: =E8-D8 -> 14.08 | W8: =F8-E8 -> 17.228 | X8: =G8-F8 -> 16.637 | Y8: =H8-G8 -> 17.187 | Z8: =I8-H8 -> 15.756 | AA8: =J8-I8 -> 14.308 | AB8: =K8-J8 -> 15.994 | ... AF8: =O8-N8 -> 17.641
B9: kalorimetr č. 71182219 | C9: 94.093 | D9: 99.28 | E9: 104.223 | F9: 108.596 | G9: 110.675 | H9: 112.216 | I9: 112.916 | J9: 113.408 | K9: 113.982 | L9: 114.879 | M9: 117.018 | N9: 122.111 | O9: 126.97 | Q9: =O9-C9 -> 32.877
A10: 4 | B10: vodoměr č. 241010658 | C10: 5.397 | D10: 12.661 | E10: 17.553 | F10: 24.07 | G10: 28.974 | H10: 35.699 | I10: 41.717 | J10: 48.108 | K10: 54.823 | L10: 61.693 | M10: 68.85 | N10: 75.666 | O10: 82.515 | P10: =O10-C10 -> 77.118 | T10: 4 | U10: =D10-C10 -> 7.264 | V10: =E10-D10 -> 4.892 | W10: =F10-E10 -> 6.517 | X10: =G10-F10 -> 4.904 | Y10: =H10-G10 -> 6.725 | Z10: =I10-H10 -> 6.018 | AA10: =J10-I10 -> 6.391 | AB10: =K10-J10 -> 6.715 | ... AF10: =O10-N10 -> 6.849
B11: kalorimetr č. 71182257 | C11: 23.329 | D11: 24.992 | E11: 26.17 | F11: 26.799 | G11: 27.243 | H11: 27.793 | I11: 28.263 | J11: 28.684 | K11: 29.092 | L11: 29.582 | M11: 30.692 | N11: 32.991 | O11: 35.016 | Q11: =O11-C11 -> 11.687
A12: 5 | B12: vodoměr č. 241345710 | C12: 11.214 | D12: 21.41 | E12: 30.523 | F12: 41.132 | G12: 51.661 | H12: 60.474 | I12: 68.048 | J12: 75.918 | K12: 83.904 | L12: 92.364 | M12: 100.229 | N12: 108.838 | O12: 117.4 | P12: =O12-C12 -> 106.186 | T12: 5 | U12: =D12-C12 -> 10.196 | V12: =E12-D12 -> 9.113 | W12: =F12-E12 -> 10.609 | X12: =G12-F12 -> 10.529 | Y12: =H12-G12 -> 8.813 | Z12: =I12-H12 -> 7.574 | AA12: =J12-I12 -> 7.87 | AB12: =K12-J12 -> 7.986 | ... AF12: =O12-N12 -> 8.562
B13: kalorimetr č. 71182260 | C13: 42.301 | D13: 44.712 | E13: 46.402 | F13: 47.589 | G13: 48.419 | H13: 49.041 | I13: 49.554 | J13: 50.02 | K13: 50.498 | L13: 51.122 | M13: 51.934 | N13: 53.884 | O13: 56.393 | Q13: =O13-C13 -> 14.092
A14: 6 | B14: vodoměr č. 241345707 | C14: 4.969 | D14: 8.151 | E14: 12.076 | F14: 12.127 | G14: 14.516 | H14: 18.672 | I14: 20.203 | J14: 24.088 | K14: 26.515 | L14: 30.27 | M14: 33.094 | N14: 33.252 | O14: 37.943 | P14: =O14-C14 -> 32.974 | T14: 6 | U14: =D14-C14 -> 3.182 | V14: =E14-D14 -> 3.925 | W14: =F14-E14 -> 0.051 | X14: =G14-F14 -> 2.389 | Y14: =H14-G14 -> 4.156 | Z14: =I14-H14 -> 1.531 | AA14: =J14-I14 -> 3.885 | AB14: =K14-J14 -> 2.427 | ... AF14: =O14-N14 -> 4.691
B15: kalorimetr č. 71182266 | C15: 51.493 | D15: 55.003 | E15: 57.896 | F15: 57.984 | G15: 58.236 | H15: 58.578 | I15: 58.778 | J15: 59.044 | K15: 59.276 | L15: 59.573 | M15: 60.292 | N15: 60.344 | O15: 63.279 | Q15: =O15-C15 -> 11.786
A16: 7 | B16: vodoměr č. 241345708 | C16: 16.535 | D16: 29.526 | E16: 42.242 | F16: 53.623 | G16: 65.16 | H16: 78.551 | I16: 84.999 | J16: 90.913 | K16: 94.088 | L16: 105.894 | M16: 118.579 | N16: 132.97 | O16: 146.776 | P16: =O16-C16 -> 130.241 | T16: 7 | U16: =D16-C16 -> 12.991 | V16: =E16-D16 -> 12.716 | W16: =F16-E16 -> 11.381 | X16: =G16-F16 -> 11.537 | Y16: =H16-G16 -> 13.391 | Z16: =I16-H16 -> 6.448 | AA16: =J16-I16 -> 5.914 | AB16: =K16-J16 -> 3.175 | ... AF16: =O16-N16 -> 13.806
B17: kalorimetr č. 71182229 | C17: 100.364 | D17: 106.146 | E17: 110.846 | F17: 113.705 | G17: 115.148 | H17: 116.352 | I17: 117.011 | J17: 117.607 | K17: 118.306 | L17: 119.451 | M17: 122.094 | N17: 126.621 | O17: 131.687 | Q17: =O17-C17 -> 31.323
A18: 8 | B18: vodoměr č. 241010654 | C18: 9.169 | D18: 17.087 | E18: 24.663 | F18: 30.148 | G18: 34.777 | H18: 38.375 | I18: 41.424 | J18: 44.223 | K18: 48.248 | L18: 51.955 | M18: 55.298 | N18: 59.222 | O18: 62.396 | P18: =O18-C18 -> 53.227 | T18: 8 | U18: =D18-C18 -> 7.918 | V18: =E18-D18 -> 7.576 | W18: =F18-E18 -> 5.485 | X18: =G18-F18 -> 4.629 | Y18: =H18-G18 -> 3.598 | Z18: =I18-H18 -> 3.049 | AA18: =J18-I18 -> 2.799 | AB18: =K18-J18 -> 4.025 | ... AF18: =O18-N18 -> 3.174
B19: kalorimetr č. 71182239 | C19: 50.76 | D19: 54.043 | E19: 56.592 | F19: 58.006 | G19: 58.443 | H19: 58.67 | I19: 58.837 | J19: 58.976 | K19: 59.165 | L19: 59.391 | M19: 60.164 | N19: 62.943 | O19: 66.11 | Q19: =O19-C19 -> 15.35
A20: 9 | B20: vodoměr č. 241010649 | C20: 3.294 | D20: 5.927 | E20: 8.239 | F20: 11.936 | G20: 15 | H20: 18.041 | I20: 20.922 | J20: 23.307 | K20: 26.671 | L20: 29.623 | M20: 32.241 | N20: 34.735 | O20: 37.702 | P20: =O20-C20 -> 34.408 | T20: 9 | U20: =D20-C20 -> 2.633 | V20: =E20-D20 -> 2.312 | W20: =F20-E20 -> 3.697 | X20: =G20-F20 -> 3.064 | Y20: =H20-G20 -> 3.041 | Z20: =I20-H20 -> 2.881 | AA20: =J20-I20 -> 2.385 | AB20: =K20-J20 -> 3.364 | ... AF20: =O20-N20 -> 2.967
B21: kalorimetr č. 71182226 | C21: 31.083 | D21: 33.798 | E21: 35.975 | F21: 36.829 | G21: 36.953 | H21: 37.013 | I21: 37.062 | J21: 37.091 | K21: 37.135 | L21: 37.22 | M21: 37.683 | N21: 39.837 | O21: 42.999 | Q21: =O21-C21 -> 11.916
A22: 10 | B22: vodoměr č. 241010653 | C22: 12.857 | D22: 24.618 | E22: 36.345 | F22: 45.667 | G22: 57.07 | H22: 66.996 | I22: 76.951 | J22: 84.473 | K22: 93.641 | L22: 106.222 | M22: 118.917 | N22: 131.305 | O22: 143.632 | P22: =O22-C22 -> 130.775 | T22: 10 | U22: =D22-C22 -> 11.761 | V22: =E22-D22 -> 11.727 | W22: =F22-E22 -> 9.322 | X22: =G22-F22 -> 11.403 | Y22: =H22-G22 -> 9.926 | Z22: =I22-H22 -> 9.955 | AA22: =J22-I22 -> 7.522 | AB22: =K22-J22 -> 9.168 | ... AF22: =O22-N22 -> 12.327
B23: kalorimetr č. 71182216 | C23: 72.903 | D23: 77.801 | E23: 82.175 | F23: 84.256 | G23: 85.212 | H23: 85.892 | I23: 86.476 | J23: 86.874 | K23: 87.369 | L23: 88.089 | M23: 90.024 | N23: 94.529 | O23: 98.89 | Q23: =O23-C23 -> 25.987
P24: =SUM(P4:P23) -> 854.432 | Q24: =SUM(Q4:Q23) -> 192.745
A25: spol.spotř. | B25: elektroměr č. 72954852 | C25: 37354 | D25: 37661 | E25: 37954 | F25: 38165 | G25: 38372 | H25: 38610 | I25: 38797 | J25: 38995 | K25: 39199 | L25: 39380 | M25: 39583 | N25: 39914 | O25: 40115 | R25: =O25-C25 -> 2761
B26: patní vodoměr č. 240826421 | C26: 98.9 | D26: 185.5 | E26: 264 | F26: 342.3 | G26: 421.7 | H26: 502 | I26: 571.5 | J26: 638.9 | K26: 709.8 | L26: 789.1 | M26: 871.1 | N26: 959.8 | O26: 1047.2 | P26: =O26-C26 -> 948.3
B27: patní kalorimetr č. 70465266/ GJ | C27: 909.03 | D27: 949.75 | E27: 984 | F27: 1003.93 | G27: 1012.61 | H27: 1018.76 | I27: 1021.78 | J27: 1024.16 | K27: 1026.69 | L27: 1031.2 | M27: 1043.99 | N27: 1073.12 | O27: 1109.35 | Q27: =O27-C27 -> 200.32 | R27: GJ
B28: patní kalorimetr č./kub.m | C28: 6959 | D28: 7247 | E28: 7474 | F28: 7608 | G28: 7671 | H28: 7717 | I28: 7742 | J28: 7764 | K28: 7784 | L28: 7823 | M28: 7937 | N28: 8140 | O28: 8405 | Q28: =O28-C28 -> 1446 | R28: m3
A29: ='1854'!A29 -> Fakturační vodoměr: 42012114941 | C29: ='1854'!C29 -> 14411 | D29: ='1854'!D29 -> 14697.5 | E29: ='1854'!E29 -> 14958.6 | F29: ='1854'!F29 -> 15244.5 | G29: ='1854'!G29 -> 15535.4 | H29: ='1854'!H29 -> 15809.8 | I29: ='1854'!I29 -> 16049 | J29: ='1854'!J29 -> 16290.6 | ... P29: ='1854'!P29 -> 3086
D31: Reklamace - výměna
C32: 4 | D32: 43950 | E32: starý | K32: Výměna faktur.vodoměru výr.č. | N32: m3
E33: nový | K33: 44095 | L33: starý
M34: výr.č. | N34: m3
E35: Výměna kalorimetru pata | H35: MWh | I35: m3 | K35: 44095 | L35: nový
D36: demontáž | E36: 43984 | F36: starý
G37: výr.č. | H37: GJ | I37: m3
D38: montáž | E38: 43986 | F38: nový
C40: Výměna elektroměru DŮM
C41: 45415 | D41: starý | E41: 72370868
D42: nový | E42: 72954852
B44: 17.5.2024 reset rohoží | C44: 06:00 hod

Sheet S1
A1: Sumář - spotřeba leden | B1: 2025
L2: Porovnání leden 2024 | Q2: Porovnání leden 2023 | V2: Porovnání leden 2022
A3: Voda - m3 | B3: 1850 | C3: 1851 | D3: 1852 | E3: 1853
A4: Náměry bytových vodoměrů | B4: ='1850'!D4-'1850'!C4+'1850'!D6-'1850'!C6+'1850'!D8-'1850'!C8+'1850'!D10-'1850'!C10+'1850'!D12-'1850'!C12+'1850'!D14-'1850'!C14+'1850'!D16-'1850'!C16+'1850'!D18-'1850'!C18+'1850'!D20-'1850'!C20+'1850'!D22-'1850'!C22 -> 67.401 | C4: ='1851'!E4-'1851'!D4+'1851'!E6-'1851'!D6+'1851'!E8-'1851'!D8+'1851'!E10-'1851'!D10+'1851'!E12-'1851'!D12+'1851'!E14-'1851'!D14+'1851'!E16-'1851'!D16+'1851'!E18-'1851'!D18+'1851'!E20-'1851'!D20+'1851'!E22-'1851'!D22+'1851'!E33-'1851'!D33+'1851'!E34-'1851'!D34+'1851'!E35-'1851'!D35+'1851'!E36-'1851'!D36+'1851'!E37-'1851'!D37+'1851'!E40-'1851'!D40+'1851'!E41-'1851'!D41+'1851'!E42-'1851'!D42+'1851'!E43-'1851'!D43+'1851'!E44-'1851'!D44+'1851'!E45-'1851'!D45+'1851'!E46-'1851'!D46+'1851'!E47-'1851'!D47+'1851'!E48-'1851'!D48+'1851'!E49-'1851'!D49 -> 74.353 | D4: ='1852'!D4-'1852'!C4+'1852'!D6-'1852'!C6+'1852'!D8-'1852'!C8+'1852'!D10-'1852'!C10+'1852'!D12-'1852'!C12+'1852'!D14-'1852'!C14+'1852'!D16-'1852'!C16+'1852'!D18-'1852'!C18+'1852'!D20-'1852'!C20+'1852'!D22-'1852'!C22 -> 79.76 | E4: ='1853'!D4-'1853'!C4+'1853'!D6-'1853'!C6+'1853'!D8-'1853'!C8+'1853'!D10-'1853'!C10+'1853'!D12-'1853'!C12+'1853'!D14-'1853'!C14+'1853'!D16-'1853'!C16+'1853'!D18-'1853'!C18+'1853'!D20-'1853'!C20+'1853'!D22-'1853'!C22+'1853'!D26-'1853'!C26 -> 69.864 | G4: =1-B4/B5 -> 0.082979592 | H4: =1-C4/C5 -> 0.076360248 | I4: =1-D4/D5 -> 0.090535918 | J4: =1-E4/E5 -> 0.12560701 | L4: 0.12094059 | M4: 0.082933333 | N4: 0.092265306 | O4: 0.091522013 | Q4: 0.12214642 | R4: 0.060734341 | S4: 0.099550209 | T4: 0.089085714 | V4: 0.10776056 | W4: 0.063344017 | X4: 0.10150055 | Y4: 0.081363057
A5: Patní vodoměry | B5: ='1850'!D26-'1850'!C26 -> 73.5 | C5: ='1851'!E26-'1851'!D26 -> 80.5 | D5: ='1852'!D26-'1852'!C26 -> 87.7 | E5: ='1853'!D27-'1853'!C27 -> 79.9
A6: Součet patních vodoměrů | B6: =B5+C5+D5+E5 -> 321.6 | G6: =1-B6/B7 -> 0.03307276 | L6: 0.036982683 | Q6: 0.0450045 | V6: 0.042930738
A7: fakturační vodoměr | B7: ='1850'!D29-'1850'!C29 -> 332.6
A8: Teplo - GJ
A9: Náměry bytových kalorimetrů | B9: ='1850'!D5-'1850'!C5+'1850'!D7-'1850'!C7+'1850'!D9-'1850'!C9+'1850'!D11-'1850'!C11+'1850'!D13-'1850'!C13+'1850'!D15-'1850'!C15+'1850'!D17-'1850'!C17+'1850'!D19-'1850'!C19+'1850'!D21-'1850'!C21+'1850'!D23-'1850'!C23 -> 36.019 | C9: ='1851'!E5-'1851'!D5+'1851'!E7-'1851'!D7+'1851'!E9-'1851'!D9+'1851'!E11-'1851'!D11+'1851'!E13-'1851'!D13+'1851'!E15-'1851'!D15+'1851'!E17-'1851'!D17+'1851'!E19-'1851'!D19+'1851'!E21-'1851'!D21+'1851'!E23-'1851'!D23 -> 39.395 | D9: ='1852'!D5-'1852'!C5+'1852'!D7-'1852'!C7+'1852'!D9-'1852'!C9+'1852'!D11-'1852'!C11+'1852'!D13-'1852'!C13+'1852'!D15-'1852'!C15+'1852'!D17-'1852'!C17+'1852'!D19-'1852'!C19+'1852'!D21-'1852'!C21+'1852'!D23-'1852'!C23 -> 38.62 | E9: ='1853'!D5-'1853'!C5+'1853'!D7-'1853'!C7+'1853'!D9-'1853'!C9+'1853'!D11-'1853'!C11+'1853'!D13-'1853'!C13+'1853'!D15-'1853'!C15+'1853'!D17-'1853'!C17+'1853'!D19-'1853'!C19+'1853'!D21-'1853'!C21+'1853'!D23-'1853'!C23 -> 35.767 | G9: =1-B9/B10 -> 0.0033480908 | H9: =1-C9/C10 -> 0.075451772 | I9: =1-D9/D10 -> -0.0073030777 | J9: =1-E9/E10 -> 0.024092769 | L9: 0.089801628 | M9: 0.074682971 | N9: 0.048453608 | O9: 0.048181577 | Q9: 0.08422641 | R9: 0.10960399 | S9: 0.062670765 | T9: 0.050868252 | V9: 0.072743402 | W9: 0.097352025 | X9: 0.054242244 | Y9: 0.077654694
A10: Fakturační kalorimetry | B10: =('1850'!D27-'1850'!C27) -> 36.14 | C10: =('1851'!E27-'1851'!D27) -> 42.61 | D10: =('1852'!D27-'1852'!C27) -> 38.34 | E10: =('1853'!D28-'1853'!C28) -> 36.65
A11: Elektřina - kWh
A12: Elektroměr dům | B12: ='1850'!D25-'1850'!C25 -> 181 | C12: ='1851'!E24-'1851'!D24 -> 182 | D12: ='1852'!D25-'1852'!C25 -> 186 | E12: ='1853'!D24-'1853'!C24 -> 176
A14: Elektroměr areál | B14: ='1853'!D25-'1853'!C25 -> 374
A15: Vodoměr areál | B15: ='1853'!D26-'1853'!C26 -> 0
A18: Voda - m3 | B18: 1854 | C18: 1855 | D18: 1856 | E18: 1857
A19: Náměry bytových vodoměrů | B19: ='1854'!D4-'1854'!C4+'1854'!D6-'1854'!C6+'1854'!D8-'1854'!C8+'1854'!D10-'1854'!C10+'1854'!D12-'1854'!C12+'1854'!D14-'1854'!C14+'1854'!D16-'1854'!C16+'1854'!D18-'1854'!C18+'1854'!D20-'1854'!C20+'1854'!D22-'1854'!C22 -> 52.964 | C19: ='1855'!D4-'1855'!C4+'1855'!D6-'1855'!C6+'1855'!D8-'1855'!C8+'1855'!D10-'1855'!C10+'1855'!D12-'1855'!C12+'1855'!D14-'1855'!C14+'1855'!D16-'1855'!C16+'1855'!D18-'1855'!C18+'1855'!D20-'1855'!C20+'1855'!D22-'1855'!C22 -> 68.78 | D19: ='1856'!D4-'1856'!C4+'1856'!D6-'1856'!C6+'1856'!D8-'1856'!C8+'1856'!D10-'1856'!C10+'1856'!D12-'1856'!C12+'1856'!D14-'1856'!C14+'1856'!D16-'1856'!C16+'1856'!D18-'1856'!C18+'1856'!D20-'1856'!C20+'1856'!D22-'1856'!C22 -> 68.392 | E19: ='1857'!D4-'1857'!C4+'1857'!D6-'1857'!C6+'1857'!D8-'1857'!C8+'1857'!D10-'1857'!C10+'1857'!D12-'1857'!C12+'1857'!D14-'1857'!C14+'1857'!D16-'1857'!C16+'1857'!D18-'1857'!C18+'1857'!D20-'1857'!C20+'1857'!D22-'1857'!C22 -> 80.085 | G19: =1-B19/B20 -> 0.085250432 | H19: =1-C19/C20 -> 0.05521978 | I19: =1-D19/D20 -> 0.098919631 | J19: =1-E19/E20 -> 0.075230947 | L19: 0.10742754 | M19: 0.13766497 | N19: 0.071048951 | O19: 0.098954895 | Q19: 0.090062305 | R19: 0.10805405 | S19: 0.091619156 | T19: 0.11914865 | V19: 0.091895803 | W19: 0.10143195 | X19: 0.092536137 | Y19: 0.09185006
A20: Patní vodoměry | B20: ='1854'!D26-'1854'!C26 -> 57.9 | C20: ='1855'!D26-'1855'!C26 -> 72.8 | D20: ='1856'!D26-'1856'!C26 -> 75.9 | E20: ='1857'!D26-'1857'!C26 -> 86.6
A21: Součet patních vodoměrů | B21: =B20+C20+D20+E20 -> 293.2 | G21: =1-B21/B22 -> -0.023385689 | L21: -0.050371873 | Q21: -0.041319444 | V21: -0.039254824
A22: fakturační vodoměr | B22: ='1854'!D29-'1854'!C29 -> 286.5
A23: Teplo - GJ
A24: Náměry bytových kalorimetrů | B24: ='1854'!D5-'1854'!C5+'1854'!D7-'1854'!C7+'1854'!D9-'1854'!C9+'1854'!D11-'1854'!C11+'1854'!D13-'1854'!C13+'1854'!D15-'1854'!C15+'1854'!D17-'1854'!C17+'1854'!D19-'1854'!C19+'1854'!D21-'1854'!C21+'1854'!D23-'1854'!C23 -> 33.878 | C24: ='1855'!D5-'1855'!C5+'1855'!D7-'1855'!C7+'1855'!D9-'1855'!C9+'1855'!D11-'1855'!C11+'1855'!D13-'1855'!C13+'1855'!D15-'1855'!C15+'1855'!D17-'1855'!C17+'1855'!D19-'1855'!C19+'1855'!D21-'1855'!C21+'1855'!D23-'1855'!C23 -> 37.302 | D24: ='1856'!D5-'1856'!C5+'1856'!D7-'1856'!C7+'1856'!D9-'1856'!C9+'1856'!D11-'1856'!C11+'1856'!D13-'1856'!C13+'1856'!D15-'1856'!C15+'1856'!D17-'1856'!C17+'1856'!D19-'1856'!C19+'1856'!D21-'1856'!C21+'1856'!D23-'1856'!C23 -> 34.162 | E24: ='1857'!D5-'1857'!C5+'1857'!D7-'1857'!C7+'1857'!D9-'1857'!C9+'1857'!D11-'1857'!C11+'1857'!D13-'1857'!C13+'1857'!D15-'1857'!C15+'1857'!D17-'1857'!C17+'1857'!D19-'1857'!C19+'1857'!D21-'1857'!C21+'1857'!D23-'1857'!C23 -> 37.289 | G24: =1-B24/B25 -> 0.081149986 | H24: =1-C24/C25 -> 0.067216804 | I24: =1-D24/D25 -> 0.07394958 | J24: =1-E24/E25 -> 0.08425835 | L24: 0.067762431 | M24: 0.070835345 | N24: 0.069851214 | O24: 0.096922313 | Q24: 0.072464219 | R24: 0.074006476 | S24: 0.086205818 | T24: 0.076633479 | V24: 0.058015267 | W24: 0.072727273 | X24: 0.078701987 | Y24: 0.087025071
A25: Fakturační kalorimetry | B25: =('1854'!D27-'1854'!C27) -> 36.87 | C25: =('1855'!D27-'1855'!C27) -> 39.99 | D25: =('1856'!D27-'1856'!C27) -> 36.89 | E25: =('1857'!D27-'1857'!C27) -> 40.72
A26: Elektřina - kWh
A27: Elektroměr dům | B27: ='1854'!D25-'1854'!C25 -> 181 | C27: ='1855'!D25-'1855'!C25 -> 238 | D27: ='1856'!D25-'1856'!C25 -> 175 | E27: ='1857'!D25-'1857'!C25 -> 307

Sheet S2
A1: Sumář - spotřeba únor | B1: ='S1'!B1 -> 2025
A3: Voda - m3 | B3: 1850 | C3: 1851 | D3: 1852 | E3: 1853
A4: Náměry bytových vodoměrů | B4: ='1850'!E4-'1850'!D4+'1850'!E6-'1850'!D6+'1850'!E8-'1850'!D8+'1850'!E10-'1850'!D10+'1850'!E12-'1850'!D12+'1850'!E14-'1850'!D14+'1850'!E16-'1850'!D16+'1850'!E18-'1850'!D18+'1850'!E20-'1850'!D20+'1850'!E22-'1850'!D22 -> 61.871 | C4: ='1851'!F4-'1851'!E4+'1851'!F6-'1851'!E6+'1851'!F8-'1851'!E8+'1851'!F10-'1851'!E10+'1851'!F12-'1851'!E12+'1851'!F14-'1851'!E14+'1851'!F16-'1851'!E16+'1851'!F18-'1851'!E18+'1851'!F20-'1851'!E20+'1851'!F22-'1851'!E22+'1851'!F33-'1851'!E33+'1851'!F34-'1851'!E34+'1851'!F35-'1851'!E35+'1851'!F36-'1851'!E36+'1851'!F37-'1851'!E37+'1851'!F40-'1851'!E40+'1851'!F41-'1851'!E41+'1851'!F42-'1851'!E42+'1851'!F43-'1851'!E43+'1851'!F44-'1851'!E44+'1851'!F45-'1851'!E45+'1851'!F46-'1851'!E46+'1851'!F47-'1851'!E47+'1851'!F48-'1851'!E48+'1851'!F49-'1851'!E49 -> 74.716 | D4: ='1852'!E4-'1852'!D4+'1852'!E6-'1852'!D6+'1852'!E8-'1852'!D8+'1852'!E10-'1852'!D10+'1852'!E12-'1852'!D12+'1852'!E14-'1852'!D14+'1852'!E16-'1852'!D16+'1852'!E18-'1852'!D18+'1852'!E20-'1852'!D20+'1852'!E22-'1852'!D22 -> 73.236 | E4: ='1853'!E4-'1853'!D4+'1853'!E6-'1853'!D6+'1853'!E8-'1853'!D8+'1853'!E10-'1853'!D10+'1853'!E12-'1853'!D12+'1853'!E14-'1853'!D14+'1853'!E16-'1853'!D16+'1853'!E18-'1853'!D18+'1853'!E20-'1853'!D20+'1853'!E22-'1853'!D22+'1853'!E26-'1853'!D26 -> 66.177 | G4: =1-B4/B5 -> 0.094128843 | H4: =1-C4/C5 -> 0.083239264 | I4: =1-D4/D5 -> 0.089104478 | J4: =1-E4/E5 -> 0.13039422
A5: Patní vodoměry | B5: ='1850'!E26-'1850'!D26 -> 68.3 | C5: ='1851'!F26-'1851'!E26 -> 81.5 | D5: ='1852'!E26-'1852'!D26 -> 80.4 | E5: ='1853'!E27-'1853'!D27 -> 76.1
A6: Součet patních vodoměrů | B6: =SUM(B5:E5) -> 306.3 | G6: =1-B6/B7 -> 0.034667507
A7: fakturační vodoměr | B7: ='1850'!E29-'1850'!D29 -> 317.3
A8: Teplo - GJ
A9: Náměry bytových kalorimetrů | B9: ='1850'!E5-'1850'!D5+'1850'!E7-'1850'!D7+'1850'!E9-'1850'!D9+'1850'!E11-'1850'!D11+'1850'!E13-'1850'!D13+'1850'!E15-'1850'!D15+'1850'!E17-'1850'!D17+'1850'!E19-'1850'!D19+'1850'!E21-'1850'!D21+'1850'!E23-'1850'!D23 -> 28.943 | C9: ='1851'!F5-'1851'!E5+'1851'!F7-'1851'!E7+'1851'!F9-'1851'!E9+'1851'!F11-'1851'!E11+'1851'!F13-'1851'!E13+'1851'!F15-'1851'!E15+'1851'!F17-'1851'!E17+'1851'!F19-'1851'!E19+'1851'!F21-'1851'!E21+'1851'!F23-'1851'!E23 -> 36.21 | D9: ='1852'!E5-'1852'!D5+'1852'!E7-'1852'!D7+'1852'!E9-'1852'!D9+'1852'!E11-'1852'!D11+'1852'!E13-'1852'!D13+'1852'!E15-'1852'!D15+'1852'!E17-'1852'!D17+'1852'!E19-'1852'!D19+'1852'!E21-'1852'!D21+'1852'!E23-'1852'!D23 -> 33.208 | E9: ='1853'!E5-'1853'!D5+'1853'!E7-'1853'!D7+'1853'!E9-'1853'!D9+'1853'!E11-'1853'!D11+'1853'!E13-'1853'!D13+'1853'!E15-'1853'!D15+'1853'!E17-'1853'!D17+'1853'!E19-'1853'!D19+'1853'!E21-'1853'!D21+'1853'!E23-'1853'!D23 -> 30.603 | G9: =1-B9/B10 -> 0.021534821 | H9: =1-C9/C10 -> 0.084218513 | I9: =1-D9/D10 -> 0.021279104 | J9: =1-E9/E10 -> 0.055171349
A10: Fakturační kalorimetry | B10: =('1850'!E27-'1850'!D27) -> 29.58 | C10: =('1851'!F27-'1851'!E27) -> 39.54 | D10: =('1852'!E27-'1852'!D27) -> 33.93 | E10: =('1853'!E28-'1853'!D28) -> 32.39
A11: Elektřina -
A12: Elektroměr dům | B12: ='1850'!E25-'1850'!D25 -> 198 | C12: ='1851'!F24-'1851'!E24 -> 183 | D12: ='1852'!E25-'1852'!D25 -> 161 | E12: ='1853'!E24-'1853'!D24 -> 160
A14: Elektroměr areál | B14: ='1853'!E25-'1853'!D25 -> 308
A15: Vodoměr areál | B15: ='1853'!E26-'1853'!D26 -> 0
A18: Voda - m3 | B18: 1854 | C18: 1855 | D18: 1856 | E18: 1857
A19: Náměry bytových vodoměrů | B19: ='1854'!E4-'1854'!D4+'1854'!E6-'1854'!D6+'1854'!E8-'1854'!D8+'1854'!E10-'1854'!D10+'1854'!E12-'1854'!D12+'1854'!E14-'1854'!D14+'1854'!E16-'1854'!D16+'1854'!E18-'1854'!D18+'1854'!E20-'1854'!D20+'1854'!E22-'1854'!D22 -> 54.409 | C19: ='1855'!E4-'1855'!D4+'1855'!E6-'1855'!D6+'1855'!E8-'1855'!D8+'1855'!E10-'1855'!D10+'1855'!E12-'1855'!D12+'1855'!E14-'1855'!D14+'1855'!E16-'1855'!D16+'1855'!E18-'1855'!D18+'1855'!E20-'1855'!D20+'1855'!E22-'1855'!D22 -> 63.915 | D19: ='1856'!E4-'1856'!D4+'1856'!E6-'1856'!D6+'1856'!E8-'1856'!D8+'1856'!E10-'1856'!D10+'1856'!E12-'1856'!D12+'1856'!E14-'1856'!D14+'1856'!E16-'1856'!D16+'1856'!E18-'1856'!D18+'1856'!E20-'1856'!D20+'1856'!E22-'1856'!D22 -> 57.185 | E19: ='1857'!E4-'1857'!D4+'1857'!E6-'1857'!D6+'1857'!E8-'1857'!D8+'1857'!E10-'1857'!D10+'1857'!E12-'1857'!D12+'1857'!E14-'1857'!D14+'1857'!E16-'1857'!D16+'1857'!E18-'1857'!D18+'1857'!E20-'1857'!D20+'1857'!E22-'1857'!D22 -> 71.803 | G19: =1-B19/B20 -> 0.071518771 | H19: =1-C19/C20 -> 0.050297177 | I19: =1-D19/D20 -> 0.093740095 | J19: =1-E19/E20 -> 0.085312102
A20: Patní vodoměry | B20: ='1854'!E26-'1854'!D26 -> 58.6 | C20: ='1855'!E26-'1855'!D26 -> 67.3 | D20: ='1856'!E26-'1856'!D26 -> 63.1 | E20: ='1857'!E26-'1857'!D26 -> 78.5
A21: Součet patních vodoměrů | B21: =SUM(B20:E20) -> 267.5 | G21: =1-B21/B22 -> -0.024511681
A22: fakturační vodoměr | B22: ='1854'!E29-'1854'!D29 -> 261.1
A23: Teplo - GJ
A24: Náměry bytových kalorimetrů | B24: ='1854'!E5-'1854'!D5+'1854'!E7-'1854'!D7+'1854'!E9-'1854'!D9+'1854'!E11-'1854'!D11+'1854'!E13-'1854'!D13+'1854'!E15-'1854'!D15+'1854'!E17-'1854'!D17+'1854'!E19-'1854'!D19+'1854'!E21-'1854'!D21+'1854'!E23-'1854'!D23 -> 30.067 | C24: ='1855'!E5-'1855'!D5+'1855'!E7-'1855'!D7+'1855'!E9-'1855'!D9+'1855'!E11-'1855'!D11+'1855'!E13-'1855'!D13+'1855'!E15-'1855'!D15+'1855'!E17-'1855'!D17+'1855'!E19-'1855'!D19+'1855'!E21-'1855'!D21+'1855'!E23-'1855'!D23 -> 31.183 | D24: ='1856'!E5-'1856'!D5+'1856'!E7-'1856'!D7+'1856'!E9-'1856'!D9+'1856'!E11-'1856'!D11+'1856'!E13-'1856'!D13+'1856'!E15-'1856'!D15+'1856'!E17-'1856'!D17+'1856'!E19-'1856'!D19+'1856'!E21-'1856'!D21+'1856'!E23-'1856'!D23 -> 27.949 | E24: ='1857'!E5-'1857'!D5+'1857'!E7-'1857'!D7+'1857'!E9-'1857'!D9+'1857'!E11-'1857'!D11+'1857'!E13-'1857'!D13+'1857'!E15-'1857'!D15+'1857'!E17-'1857'!D17+'1857'!E19-'1857'!D19+'1857'!E21-'1857'!D21+'1857'!E23-'1857'!D23 -> 31.458 | G24: =1-B24/B25 -> 0.080519878 | H24: =1-C24/C25 -> 0.071658232 | I24: =1-D24/D25 -> 0.074229877 | J24: =1-E24/E25 -> 0.081518248
A25: Fakturační kalorimetry | B25: =('1854'!E27-'1854'!D27) -> 32.7 | C25: =('1855'!E27-'1855'!D27) -> 33.59 | D25: =('1856'!E27-'1856'!D27) -> 30.19 | E25: =('1857'!E27-'1857'!D27) -> 34.25
A26: Elektřina -
A27: Elektroměr dům | B27: ='1854'!E25-'1854'!D25 -> 176 | C27: ='1855'!E25-'1855'!D25 -> 249 | D27: ='1856'!E25-'1856'!D25 -> 165 | E27: ='1857'!E25-'1857'!D25 -> 293

Sheet S3
A1: Sumář - spotřeba březen | B1: ='S1'!B1 -> 2025
A3: Voda - m3 | B3: 1850 | C3: 1851 | D3: 1852 | E3: 1853 | N3: 1852 bez úprav
A4: Náměry bytových vodoměrů | B4: ='1850'!F4-'1850'!E4+'1850'!F6-'1850'!E6+'1850'!F8-'1850'!E8+'1850'!F10-'1850'!E10+'1850'!F12-'1850'!E12+'1850'!F14-'1850'!E14+'1850'!F16-'1850'!E16+'1850'!F18-'1850'!E18+'1850'!F20-'1850'!E20+'1850'!F22-'1850'!E22 -> 74.804 | C4: ='1851'!G4-'1851'!F4+'1851'!G6-'1851'!F6+'1851'!G8-'1851'!F8+'1851'!G10-'1851'!F10+'1851'!G12-'1851'!F12+'1851'!G14-'1851'!F14+'1851'!G16-'1851'!F16+'1851'!G18-'1851'!F18+'1851'!G20-'1851'!F20+'1851'!G22-'1851'!F22+'1851'!G33-'1851'!F33+'1851'!G34-'1851'!F34+'1851'!G35-'1851'!F35+'1851'!G36-'1851'!F36+'1851'!G37-'1851'!F37+'1851'!G40-'1851'!F40+'1851'!G41-'1851'!F41+'1851'!G42-'1851'!F42+'1851'!G43-'1851'!F43+'1851'!G44-'1851'!F44+'1851'!G45-'1851'!F45+'1851'!G46-'1851'!F46+'1851'!G47-'1851'!F47+'1851'!G48-'1851'!F48+'1851'!G49-'1851'!F49 -> 87.016 | D4: ='1852'!F4-'1852'!E4+'1852'!F6-'1852'!E6+'1852'!F8-'1852'!E8+'1852'!F10+'1852'!G32-'1852'!E10+'1852'!F12-'1852'!E12+'1852'!F14-'1852'!E14+'1852'!F16-'1852'!E16+'1852'!F18-'1852'!E18+'1852'!F20-'1852'!E20+'1852'!F22-'1852'!E22 -> 80.271 | E4: ='1853'!F4-'1853'!E4+'1853'!F6-'1853'!E6+'1853'!F8-'1853'!E8+'1853'!F10-'1853'!E10+'1853'!F12-'1853'!E12+'1853'!F14-'1853'!E14+'1853'!F16-'1853'!E16+'1853'!F18-'1853'!E18+'1853'!F20-'1853'!E20+'1853'!F22-'1853'!E22+'1853'!F26-'1853'!E26 -> 84.583 | G4: =1-B4/B5 -> 0.083284314 | H4: =1-C4/C5 -> 0.080169133 | I4: =1-D4/D5 -> 0.086791809 | J4: =1-E4/E5 -> 0.12349223 | N4: ='1852'!P4-'1852'!O4+'1852'!P6-'1852'!O6+'1852'!P8-'1852'!O8+'1852'!P10-'1852'!O10+'1852'!P12-'1852'!O12+'1852'!P14-'1852'!O14+'1852'!P16-'1852'!O16+'1852'!P18-'1852'!O18+'1852'!P20-'1852'!O20+'1852'!P22-'1852'!O22 -> -47.037
A5: Patní vodoměry | B5: ='1850'!F26-'1850'!E26 -> 81.6 | C5: ='1851'!G26-'1851'!F26 -> 94.6 | D5: ='1852'!F26-'1852'!E26 -> 87.9 | E5: ='1853'!F27-'1853'!E27 -> 96.5
A6: Součet patních vodoměrů | B6: =SUM(B5:E5) -> 360.6 | G6: =1-B6/B7 -> 0.031686359
A7: fakturační vodoměr | B7: ='1850'!F29-'1850'!E29 -> 372.4
A8: Teplo - GJ
A9: Náměry bytových kalorimetrů | B9: ='1850'!F5-'1850'!E5+'1850'!F7-'1850'!E7+'1850'!F9-'1850'!E9+'1850'!F11-'1850'!E11+'1850'!F13-'1850'!E13+'1850'!F15-'1850'!E15+'1850'!F17-'1850'!E17+'1850'!F19-'1850'!E19+'1850'!F21-'1850'!E21+'1850'!F23-'1850'!E23 -> 19.944 | C9: ='1851'!G5-'1851'!F5+'1851'!G7-'1851'!F7+'1851'!G9-'1851'!F9+'1851'!G11-'1851'!F11+'1851'!G13-'1851'!F13+'1851'!G15-'1851'!F15+'1851'!G17-'1851'!F17+'1851'!G19-'1851'!F19+'1851'!G21-'1851'!F21+'1851'!G23-'1851'!F23 -> 22.318 | D9: ='1852'!F5-'1852'!E5+'1852'!F7-'1852'!E7+'1852'!F9-'1852'!E9+'1852'!F11-'1852'!E11+'1852'!F13-'1852'!E13+'1852'!F15-'1852'!E15+'1852'!F17-'1852'!E17+'1852'!F19-'1852'!E19+'1852'!F21-'1852'!E21+'1852'!F23-'1852'!E23 -> 19.343 | E9: ='1853'!F5-'1853'!E5+'1853'!F7-'1853'!E7+'1853'!F9-'1853'!E9+'1853'!F11-'1853'!E11+'1853'!F13-'1853'!E13+'1853'!F15-'1853'!E15+'1853'!F17-'1853'!E17+'1853'!F19-'1853'!E19+'1853'!F21-'1853'!E21+'1853'!F23-'1853'!E23 -> 18.358 | G9: =1-B9/B10 -> -0.10677026 | H9: =1-C9/C10 -> 0.033852814 | I9: =1-D9/D10 -> 0.011599387 | J9: =1-E9/E10 -> 0.015656836
A10: Fakturační kalorimetry | B10: =('1850'!F27-'1850'!E27) -> 18.02 | C10: =('1851'!G27-'1851'!F27) -> 23.1 | D10: =('1852'!F27-'1852'!E27) -> 19.57 | E10: =('1853'!F28-'1853'!E28) -> 18.65
A11: Elektřina -
A12: Elektroměr dům | B12: ='1850'!F25-'1850'!E25 -> 192 | C12: ='1851'!G24-'1851'!F24 -> 198 | D12: ='1852'!F25-'1852'!E25 -> 179 | E12: ='1853'!F24-'1853'!E24 -> 180
A14: Elektroměr areál | B14: ='1853'!F25-'1853'!E25 -> 316
A15: Vodoměr areál | B15: ='1853'!F26-'1853'!E26 -> 0
A18: Voda - m3 | B18: 1854 | C18: 1855 | D18: 1856 | E18: 1857
A19: Náměry bytových vodoměrů | B19: ='1854'!F4-'1854'!E4+'1854'!F6-'1854'!E6+'1854'!F8-'1854'!E8+'1854'!F10-'1854'!E10+'1854'!F12-'1854'!E12+'1854'!F14-'1854'!E14+'1854'!F16-'1854'!E16+'1854'!F18-'1854'!E18+'1854'!F20-'1854'!E20+'1854'!F22-'1854'!E22 -> 57.188 | C19: ='1855'!F4-'1855'!E4+'1855'!F6-'1855'!E6+'1855'!F8-'1855'!E8+'1855'!F10-'1855'!E10+'1855'!F12-'1855'!E12+'1855'!F14-'1855'!E14+'1855'!F16-'1855'!E16+'1855'!F18-'1855'!E18+'1855'!F20-'1855'!E20+'1855'!F22-'1855'!E22 -> 77.187 | D19: ='1856'!F4-'1856'!E4+'1856'!F6-'1856'!E6+'1856'!F8-'1856'!E8+'1856'!F10-'1856'!E10+'1856'!F12-'1856'!E12+'1856'!F14-'1856'!E14+'1856'!F16-'1856'!E16+'1856'!F18-'1856'!E18+'1856'!F20-'1856'!E20+'1856'!F22-'1856'!E22 -> 64.749 | E19: ='1857'!F4-'1857'!E4+'1857'!F6-'1857'!E6+'1857'!F8-'1857'!E8+'1857'!F10-'1857'!E10+'1857'!F12-'1857'!E12+'1857'!F14-'1857'!E14+'1857'!F16-'1857'!E16+'1857'!F18-'1857'!E18+'1857'!F20-'1857'!E20+'1857'!F22-'1857'!E22 -> 71.621 | G19: =1-B19/B20 -> 0.079098229 | H19: =1-C19/C20 -> 0.051756757 | I19: =1-D19/D20 -> 0.09945758 | J19: =1-E19/E20 -> 0.085300128
A20: Patní vodoměry | B20: ='1854'!F26-'1854'!E26 -> 62.1 | C20: ='1855'!F26-'1855'!E26 -> 81.4 | D20: ='1856'!F26-'1856'!E26 -> 71.9 | E20: ='1857'!F26-'1857'!E26 -> 78.3
A21: Součet patních vodoměrů | B21: =SUM(B20:E20) -> 293.7 | G21: =1-B21/B22 -> -0.027282267
A22: fakturační vodoměr | B22: ='1854'!F29-'1854'!E29 -> 285.9
A23: Teplo - GJ
A24: Náměry bytových kalorimetrů | B24: ='1854'!F5-'1854'!E5+'1854'!F7-'1854'!E7+'1854'!F9-'1854'!E9+'1854'!F11-'1854'!E11+'1854'!F13-'1854'!E13+'1854'!F15-'1854'!E15+'1854'!F17-'1854'!E17+'1854'!F19-'1854'!E19+'1854'!F21-'1854'!E21+'1854'!F23-'1854'!E23 -> 21.788 | C24: ='1855'!F5-'1855'!E5+'1855'!F7-'1855'!E7+'1855'!F9-'1855'!E9+'1855'!F11-'1855'!E11+'1855'!F13-'1855'!E13+'1855'!F15-'1855'!E15+'1855'!F17-'1855'!E17+'1855'!F19-'1855'!E19+'1855'!F21-'1855'!E21+'1855'!F23-'1855'!E23 -> 19.909 | D24: ='1856'!F5-'1856'!E5+'1856'!F7-'1856'!E7+'1856'!F9-'1856'!E9+'1856'!F11-'1856'!E11+'1856'!F13-'1856'!E13+'1856'!F15-'1856'!E15+'1856'!F17-'1856'!E17+'1856'!F19-'1856'!E19+'1856'!F21-'1856'!E21+'1856'!F23-'1856'!E23 -> 18.22 | E24: ='1857'!F5-'1857'!E5+'1857'!F7-'1857'!E7+'1857'!F9-'1857'!E9+'1857'!F11-'1857'!E11+'1857'!F13-'1857'!E13+'1857'!F15-'1857'!E15+'1857'!F17-'1857'!E17+'1857'!F19-'1857'!E19+'1857'!F21-'1857'!E21+'1857'!F23-'1857'!E23 -> 18.534 | G24: =1-B24/B25 -> 0.11682205 | H24: =1-C24/C25 -> 0.089666209 | I24: =1-D24/D25 -> 0.053506494 | J24: =1-E24/E25 -> 0.070045158
A25: Fakturační kalorimetry | B25: =('1854'!F27-'1854'!E27) -> 24.67 | C25: =('1855'!F27-'1855'!E27) -> 21.87 | D25: =('1856'!F27-'1856'!E27) -> 19.25 | E25: =('1857'!F27-'1857'!E27) -> 19.93
A26: Elektřina -
A27: Elektroměr dům | B27: ='1854'!F25-'1854'!E25 -> 193 | C27: ='1855'!F25-'1855'!E25 -> 301 | D27: ='1856'!F25-'1856'!E25 -> 205 | E27: ='1857'!F25-'1857'!E25 -> 211
H28: =60*24 -> 1440
H29: =11*58 -> 638

Sheet S4
A1: Sumář - spotřeba duben | B1: ='S1'!B1 -> 2025
L2: Porovnání duben 2023
A3: Voda - m3 | B3: 1850 | C3: 1851 | D3: 1852 | E3: 1853
A4: Náměry bytových vodoměrů | B4: ='1850'!G4-'1850'!F4+'1850'!G6-'1850'!F6+'1850'!G8-'1850'!F8+'1850'!G10-'1850'!F10+'1850'!G12-'1850'!F12+'1850'!G14-'1850'!F14+'1850'!G16-'1850'!F16+'1850'!G18-'1850'!F18+'1850'!G20-'1850'!F20+'1850'!G22-'1850'!F22 -> 81.423 | C4: ='1851'!H4-'1851'!G4+'1851'!H6-'1851'!G6+'1851'!H8-'1851'!G8+'1851'!H10-'1851'!G10+'1851'!H12-'1851'!G12+'1851'!H14-'1851'!G14+'1851'!H16-'1851'!G16+'1851'!H18-'1851'!G18+'1851'!H20-'1851'!G20+'1851'!H22-'1851'!G22+'1851'!H33-'1851'!G33+'1851'!H34-'1851'!G34+'1851'!H35-'1851'!G35+'1851'!H36-'1851'!G36+'1851'!H37-'1851'!G37+'1851'!H40-'1851'!G40+'1851'!H41-'1851'!G41+'1851'!H42-'1851'!G42+'1851'!H43-'1851'!G43+'1851'!H44-'1851'!G44+'1851'!H45-'1851'!G45+'1851'!H46-'1851'!G46+'1851'!H47-'1851'!G47+'1851'!H48-'1851'!G48+'1851'!H49-'1851'!G49 -> 84.988 | D4: ='1852'!G4-'1852'!F4+'1852'!G6-'1852'!F6+'1852'!G8-'1852'!F8+'1852'!G10-'1852'!F10+'1852'!G12-'1852'!F12+'1852'!G14-'1852'!F14+'1852'!G16-'1852'!F16+'1852'!G18-'1852'!F18+'1852'!G20-'1852'!F20+'1852'!G22-'1852'!F22 -> 81.138 | E4: ='1853'!G4-'1853'!F4+'1853'!G6-'1853'!F6+'1853'!G8-'1853'!F8+'1853'!G10-'1853'!F10+'1853'!G12-'1853'!F12+'1853'!G14-'1853'!F14+'1853'!G16-'1853'!F16+'1853'!G18-'1853'!F18+'1853'!G20-'1853'!F20+'1853'!G22-'1853'!F22+'1853'!G26-'1853'!F26 -> 85.23 | G4: =1-B4/B5 -> 0.073686007 | H4: =1-C4/C5 -> 0.074204793 | I4: =1-D4/D5 -> 0.087311586 | J4: =1-E4/E5 -> 0.10284211 | L4: 0.12156089 | M4: 0.063176856 | N4: 0.087252874 | O4: 0.096567568
A5: Patní vodoměry | B5: ='1850'!G26-'1850'!F26 -> 87.9 | C5: ='1851'!H26-'1851'!G26 -> 91.8 | D5: ='1852'!G26-'1852'!F26 -> 88.9 | E5: ='1853'!G27-'1853'!F27 -> 95
A6: Součet patních vodoměrů | B6: =SUM(B5:E5) -> 363.6 | G6: =1-B6/B7 -> 0.031691079 | L6: 0.042795567
A7: fakturační vodoměr | B7: ='1850'!G29-'1850'!F29 -> 375.5
A8: Teplo - GJ
A9: Náměry bytových kalorimetrů | B9: ='1850'!G5-'1850'!F5+'1850'!G7-'1850'!F7+'1850'!G9-'1850'!F9+'1850'!G11-'1850'!F11+'1850'!G13-'1850'!F13+'1850'!G15-'1850'!F15+'1850'!G17-'1850'!F17+'1850'!G19-'1850'!F19+'1850'!G21-'1850'!F21+'1850'!G23-'1850'!F23 -> 8.619 | C9: ='1851'!H5-'1851'!G5+'1851'!H7-'1851'!G7+'1851'!H9-'1851'!G9+'1851'!H11-'1851'!G11+'1851'!H13-'1851'!G13+'1851'!H15-'1851'!G15+'1851'!H17-'1851'!G17+'1851'!H19-'1851'!G19+'1851'!H21-'1851'!G21+'1851'!H23-'1851'!G23 -> 11.775 | D9: ='1852'!G5-'1852'!F5+'1852'!G7-'1852'!F7+'1852'!G9-'1852'!F9+'1852'!G11-'1852'!F11+'1852'!G13-'1852'!F13+'1852'!G15-'1852'!F15+'1852'!G17-'1852'!F17+'1852'!G19-'1852'!F19+'1852'!G21-'1852'!F21+'1852'!G23-'1852'!F23 -> 10.931 | E9: ='1853'!G5-'1853'!F5+'1853'!G7-'1853'!F7+'1853'!G9-'1853'!F9+'1853'!G11-'1853'!F11+'1853'!G13-'1853'!F13+'1853'!G15-'1853'!F15+'1853'!G17-'1853'!F17+'1853'!G19-'1853'!F19+'1853'!G21-'1853'!F21+'1853'!G23-'1853'!F23 -> 9.058 | G9: =1-B9/B10 -> -0.38346709 | H9: =1-C9/C10 -> 0.063990461 | I9: =1-D9/D10 -> -0.25355505 | J9: =1-E9/E10 -> -0.050812065 | L9: 0.052057095 | M9: 0.12181409 | N9: 0.019920319 | O9: 0.037235627
A10: Fakturační kalorimetry | B10: =('1850'!G27-'1850'!F27) -> 6.23 | C10: =('1851'!H27-'1851'!G27) -> 12.58 | D10: =('1852'!G27-'1852'!F27) -> 8.72 | E10: =('1853'!G28-'1853'!F28) -> 8.62
A11: Elektřina -
A12: Elektroměr dům | B12: ='1850'!G25-'1850'!F25 -> 187 | C12: ='1851'!H24-'1851'!G24 -> 202 | D12: ='1852'!G25-'1852'!F25 -> 237 | E12: ='1853'!G24-'1853'!F24 -> 177
A14: Elektroměr areál | B14: ='1853'!G25-'1853'!F25 -> 265
A15: Vodoměr areál | B15: ='1853'!G26-'1853'!F26 -> 8.566
A18: Voda - m3 | B18: 1854 | C18: 1855 | D18: 1856 | E18: 1857
A19: Náměry bytových vodoměrů | B19: ='1854'!G4-'1854'!F4+'1854'!G6-'1854'!F6+'1854'!G8-'1854'!F8+'1854'!G10-'1854'!F10+'1854'!G12-'1854'!F12+'1854'!G14-'1854'!F14+'1854'!G16-'1854'!F16+'1854'!G18-'1854'!F18+'1854'!G20-'1854'!F20+'1854'!G22-'1854'!F22 -> 60.835 | C19: ='1855'!G4-'1855'!F4+'1855'!G6-'1855'!F6+'1855'!G8-'1855'!F8+'1855'!G10-'1855'!F10+'1855'!G12-'1855'!F12+'1855'!G14-'1855'!F14+'1855'!G16-'1855'!F16+'1855'!G18-'1855'!F18+'1855'!G20-'1855'!F20+'1855'!G22-'1855'!F22 -> 74.146 | D19: ='1856'!G4-'1856'!F4+'1856'!G6-'1856'!F6+'1856'!G8-'1856'!F8+'1856'!G10-'1856'!F10+'1856'!G12-'1856'!F12+'1856'!G14-'1856'!F14+'1856'!G16-'1856'!F16+'1856'!G18-'1856'!F18+'1856'!G20-'1856'!F20+'1856'!G22-'1856'!F22 -> 68.887 | E19: ='1857'!G4-'1857'!F4+'1857'!G6-'1857'!F6+'1857'!G8-'1857'!F8+'1857'!G10-'1857'!F10+'1857'!G12-'1857'!F12+'1857'!G14-'1857'!F14+'1857'!G16-'1857'!F16+'1857'!G18-'1857'!F18+'1857'!G20-'1857'!F20+'1857'!G22-'1857'!F22 -> 72.455 | G19: =1-B19/B20 -> 0.082428356 | H19: =1-C19/C20 -> 0.053052363 | I19: =1-D19/D20 -> 0.088796296 | J19: =1-E19/E20 -> 0.087468514 | L19: 0.094204152 | M19: 0.12833559 | N19: 0.097749684 | O19: 0.10306849
A20: Patní vodoměry | B20: ='1854'!G26-'1854'!F26 -> 66.3 | C20: ='1855'!G26-'1855'!F26 -> 78.3 | D20: ='1856'!G26-'1856'!F26 -> 75.6 | E20: ='1857'!G26-'1857'!F26 -> 79.4
A21: Součet patních vodoměrů | B21: =SUM(B20:E20) -> 299.6 | G21: =1-B21/B22 -> -0.029907185 | L21: -0.047619048
A22: fakturační vodoměr | B22: ='1854'!G29-'1854'!F29 -> 290.9
A23: Teplo - GJ
A24: Náměry bytových kalorimetrů | B24: ='1854'!G5-'1854'!F5+'1854'!G7-'1854'!F7+'1854'!G9-'1854'!F9+'1854'!G11-'1854'!F11+'1854'!G13-'1854'!F13+'1854'!G15-'1854'!F15+'1854'!G17-'1854'!F17+'1854'!G19-'1854'!F19+'1854'!G21-'1854'!F21+'1854'!G23-'1854'!F23 -> 11.624 | C24: ='1855'!G5-'1855'!F5+'1855'!G7-'1855'!F7+'1855'!G9-'1855'!F9+'1855'!G11-'1855'!F11+'1855'!G13-'1855'!F13+'1855'!G15-'1855'!F15+'1855'!G17-'1855'!F17+'1855'!G19-'1855'!F19+'1855'!G21-'1855'!F21+'1855'!G23-'1855'!F23 -> 10.236 | D24: ='1856'!G5-'1856'!F5+'1856'!G7-'1856'!F7+'1856'!G9-'1856'!F9+'1856'!G11-'1856'!F11+'1856'!G13-'1856'!F13+'1856'!G15-'1856'!F15+'1856'!G17-'1856'!F17+'1856'!G19-'1856'!F19+'1856'!G21-'1856'!F21+'1856'!G23-'1856'!F23 -> 7.938 | E24: ='1857'!G5-'1857'!F5+'1857'!G7-'1857'!F7+'1857'!G9-'1857'!F9+'1857'!G11-'1857'!F11+'1857'!G13-'1857'!F13+'1857'!G15-'1857'!F15+'1857'!G17-'1857'!F17+'1857'!G19-'1857'!F19+'1857'!G21-'1857'!F21+'1857'!G23-'1857'!F23 -> 8.969 | G24: =1-B24/B25 -> 0.086881383 | H24: =1-C24/C25 -> 0.070299728 | I24: =1-D24/D25 -> -0.041732283 | J24: =1-E24/E25 -> -0.033294931 | L24: 0.04391253 | M24: 0.097775242 | N24: 0.027994429 | O24: 0.074728589
A25: Fakturační kalorimetry | B25: =('1854'!G27-'1854'!F27) -> 12.73 | C25: =('1855'!G27-'1855'!F27) -> 11.01 | D25: =('1856'!G27-'1856'!F27) -> 7.62 | E25: =('1857'!G27-'1857'!F27) -> 8.68
A26: Elektřina -
A27: Elektroměr dům | B27: ='1854'!G25-'1854'!F25 -> 186 | C27: ='1855'!G25-'1855'!F25 -> 211 | D27: ='1856'!G25-'1856'!F25 -> 186 | E27: ='1857'!G25-'1857'!F25 -> 207

Sheet S5
A1: Sumář - spotřeba květen | B1: ='S1'!B1 -> 2025
A3: Voda - m3 | B3: 1850 | C3: 1851 | D3: 1852 | E3: 1853
A4: Náměry bytových vodoměrů | B4: ='1850'!H4-'1850'!G4+'1850'!H6-'1850'!G6+'1850'!H8-'1850'!G8+'1850'!H10-'1850'!G10+'1850'!H12-'1850'!G12+'1850'!H14-'1850'!G14+'1850'!H16-'1850'!G16+'1850'!H18-'1850'!G18+'1850'!H20-'1850'!G20+'1850'!H22-'1850'!G22 -> 72.66 | C4: ='1851'!I4-'1851'!H4+'1851'!I6-'1851'!H6+'1851'!I8-'1851'!H8+'1851'!I10-'1851'!H10+'1851'!I12-'1851'!H12+'1851'!I14-'1851'!H14+'1851'!I16-'1851'!H16+'1851'!I18-'1851'!H18+'1851'!I20-'1851'!H20+'1851'!I22-'1851'!H22+'1851'!I33-'1851'!H33+'1851'!I34-'1851'!H34+'1851'!I35-'1851'!H35+'1851'!I36-'1851'!H36+'1851'!I37-'1851'!H37+'1851'!I40-'1851'!H40+'1851'!I41-'1851'!H41+'1851'!I42-'1851'!H42+'1851'!I43-'1851'!H43+'1851'!I44-'1851'!H44+'1851'!I45-'1851'!H45+'1851'!I46-'1851'!H46+'1851'!I47-'1851'!H47+'1851'!I48-'1851'!H48+'1851'!I49-'1851'!H49 -> 81.2411 | D4: ='1852'!H4-'1852'!G4+'1852'!H6-'1852'!G6+'1852'!H8-'1852'!G8+'1852'!H10-'1852'!G10+'1852'!H12-'1852'!G12+'1852'!H14-'1852'!G14+'1852'!H16-'1852'!G16+'1852'!H18-'1852'!G18+'1852'!H20-'1852'!G20+'1852'!H22-'1852'!G22 -> 78.948 | E4: ='1853'!H4-'1853'!G4+'1853'!H6-'1853'!G6+'1853'!H8-'1853'!G8+'1853'!H10-'1853'!G10+'1853'!H12-'1853'!G12+'1853'!H14-'1853'!G14+'1853'!H16-'1853'!G16+'1853'!H18-'1853'!G18+'1853'!H20-'1853'!G20+'1853'!H22-'1853'!G22+'1853'!H26-'1853'!G26 -> 88.821 | G4: =1-B4/B5 -> 0.082575758 | H4: =1-C4/C5 -> 0.084091319 | I4: =1-D4/D5 -> 0.09150748 | J4: =1-E4/E5 -> 0.091809816
A5: Patní vodoměry | B5: ='1850'!H26-'1850'!G26 -> 79.2 | C5: ='1851'!I26-'1851'!H26 -> 88.7 | D5: ='1852'!H26-'1852'!G26 -> 86.9 | E5: ='1853'!H27-'1853'!G27 -> 97.8
A6: Součet patních vodoměrů | B6: =SUM(B5:E5) -> 352.6 | G6: =1-B6/B7 -> 0.031850632
A7: fakturační vodoměr | B7: ='1850'!H29-'1850'!G29 -> 364.2
A8: Teplo - GJ
A9: Náměry bytových kalorimetrů | B9: ='1850'!H5-'1850'!G5+'1850'!H7-'1850'!G7+'1850'!H9-'1850'!G9+'1850'!H11-'1850'!G11+'1850'!H13-'1850'!G13+'1850'!H15-'1850'!G15+'1850'!H17-'1850'!G17+'1850'!H19-'1850'!G19+'1850'!H21-'1850'!G21+'1850'!H23-'1850'!G23 -> 5.768 | C9: ='1851'!I5-'1851'!H5+'1851'!I7-'1851'!H7+'1851'!I9-'1851'!H9+'1851'!I11-'1851'!H11+'1851'!I13-'1851'!H13+'1851'!I15-'1851'!H15+'1851'!I17-'1851'!H17+'1851'!I19-'1851'!H19+'1851'!I21-'1851'!H21+'1851'!I23-'1851'!H23 -> 7.08 | D9: ='1852'!H5-'1852'!G5+'1852'!H7-'1852'!G7+'1852'!H9-'1852'!G9+'1852'!H11-'1852'!G11+'1852'!H13-'1852'!G13+'1852'!H15-'1852'!G15+'1852'!H17-'1852'!G17+'1852'!H19-'1852'!G19+'1852'!H21-'1852'!G21+'1852'!H23-'1852'!G23 -> 6.226 | E9: ='1853'!H5-'1853'!G5+'1853'!H7-'1853'!G7+'1853'!H9-'1853'!G9+'1853'!H11-'1853'!G11+'1853'!H13-'1853'!G13+'1853'!H15-'1853'!G15+'1853'!H17-'1853'!G17+'1853'!H19-'1853'!G19+'1853'!H21-'1853'!G21+'1853'!H23-'1853'!G23 -> 5.168 | G9: =1-B9/B10 -> -0.72179104 | H9: =1-C9/C10 -> 0.15914489 | I9: =1-D9/D10 -> -0.26032389 | J9: =1-E9/E10 -> -0.14844444
A10: Fakturační kalorimetry | B10: =('1850'!H27-'1850'!G27) -> 3.35 | C10: =('1851'!I27-'1851'!H27) -> 8.42 | D10: =('1852'!H27-'1852'!G27) -> 4.94 | E10: =('1853'!H28-'1853'!G28) -> 4.5
A11: Elektřina -
A12: Elektroměr dům | B12: ='1850'!H25-'1850'!G25 -> 220 | C12: ='1851'!I24-'1851'!H24 -> 189 | D12: ='1852'!H25-'1852'!G25 -> 177 | E12: ='1853'!H24-'1853'!G24 -> 167
A14: Elektroměr areál | B14: ='1853'!H25-'1853'!G25 -> 228
A15: Vodoměr areál | B15: ='1853'!H26-'1853'!G26 -> 15.412
A18: Voda - m3 | B18: 1854 | C18: 1855 | D18: 1856 | E18: 1857
A19: Náměry bytových vodoměrů | B19: ='1854'!H4-'1854'!G4+'1854'!H6-'1854'!G6+'1854'!H8-'1854'!G8+'1854'!H10-'1854'!G10+'1854'!H12-'1854'!G12+'1854'!H14-'1854'!G14+'1854'!H16-'1854'!G16+'1854'!H18-'1854'!G18+'1854'!H20-'1854'!G20+'1854'!H22-'1854'!G22 -> 51.727 | C19: ='1855'!H4-'1855'!G4+'1855'!H6-'1855'!G6+'1855'!H8-'1855'!G8+'1855'!H10-'1855'!G10+'1855'!H12-'1855'!G12+'1855'!H14-'1855'!G14+'1855'!H16-'1855'!G16+'1855'!H18-'1855'!G18+'1855'!H20-'1855'!G20+'1855'!H22-'1855'!G22 -> 68.903 | D19: ='1856'!H4-'1856'!G4+'1856'!H6-'1856'!G6+'1856'!H8-'1856'!G8+'1856'!H10-'1856'!G10+'1856'!H12-'1856'!G12+'1856'!H14-'1856'!G14+'1856'!H16-'1856'!G16+'1856'!H18-'1856'!G18+'1856'!H20-'1856'!G20+'1856'!H22-'1856'!G22 -> 67.361 | E19: ='1857'!H4-'1857'!G4+'1857'!H6-'1857'!G6+'1857'!H8-'1857'!G8+'1857'!H10-'1857'!G10+'1857'!H12-'1857'!G12+'1857'!H14-'1857'!G14+'1857'!H16-'1857'!G16+'1857'!H18-'1857'!G18+'1857'!H20-'1857'!G20+'1857'!H22-'1857'!G22 -> 73.603 | G19: =1-B19/B20 -> 0.086095406 | H19: =1-C19/C20 -> 0.056123288 | I19: =1-D19/D20 -> 0.089716216 | J19: =1-E19/E20 -> 0.083399751
A20: Patní vodoměry | B20: ='1854'!H26-'1854'!G26 -> 56.6 | C20: ='1855'!H26-'1855'!G26 -> 73 | D20: ='1856'!H26-'1856'!G26 -> 74 | E20: ='1857'!H26-'1857'!G26 -> 80.3
A21: Součet patních vodoměrů | B21: =SUM(B20:E20) -> 283.9 | G21: =1-B21/B22 -> -0.034620991
A22: fakturační vodoměr | B22: ='1854'!H29-'1854'!G29 -> 274.4
A23: Teplo - GJ
A24: Náměry bytových kalorimetrů | B24: ='1854'!H5-'1854'!G5+'1854'!H7-'1854'!G7+'1854'!H9-'1854'!G9+'1854'!H11-'1854'!G11+'1854'!H13-'1854'!G13+'1854'!H15-'1854'!G15+'1854'!H17-'1854'!G17+'1854'!H19-'1854'!G19+'1854'!H21-'1854'!G21+'1854'!H23-'1854'!G23 -> 6.574 | C24: ='1855'!H5-'1855'!G5+'1855'!H7-'1855'!G7+'1855'!H9-'1855'!G9+'1855'!H11-'1855'!G11+'1855'!H13-'1855'!G13+'1855'!H15-'1855'!G15+'1855'!H17-'1855'!G17+'1855'!H19-'1855'!G19+'1855'!H21-'1855'!G21+'1855'!H23-'1855'!G23 -> 6.838 | D24: ='1856'!H5-'1856'!G5+'1856'!H7-'1856'!G7+'1856'!H9-'1856'!G9+'1856'!H11-'1856'!G11+'1856'!H13-'1856'!G13+'1856'!H15-'1856'!G15+'1856'!H17-'1856'!G17+'1856'!H19-'1856'!G19+'1856'!H21-'1856'!G21+'1856'!H23-'1856'!G23 -> 5.529 | E24: ='1857'!H5-'1857'!G5+'1857'!H7-'1857'!G7+'1857'!H9-'1857'!G9+'1857'!H11-'1857'!G11+'1857'!H13-'1857'!G13+'1857'!H15-'1857'!G15+'1857'!H17-'1857'!G17+'1857'!H19-'1857'!G19+'1857'!H21-'1857'!G21+'1857'!H23-'1857'!G23 -> 6.741 | G24: =1-B24/B25 -> -0.014506173 | H24: =1-C24/C25 -> 0.03281471 | I24: =1-D24/D25 -> -0.10359281 | J24: =1-E24/E25 -> -0.096097561
A25: Fakturační kalorimetry | B25: =('1854'!H27-'1854'!G27) -> 6.48 | C25: =('1855'!H27-'1855'!G27) -> 7.07 | D25: =('1856'!H27-'1856'!G27) -> 5.01 | E25: =('1857'!H27-'1857'!G27) -> 6.15
A26: Elektřina - | N26: Původní vzorce
A27: Elektroměr dům | B27: ='1854'!H25-'1854'!G25 -> 184 | C27: ='1855'!H25-'1855'!G25 -> 197 | D27: ='1856'!H25-'1856'!G25 -> 187 | E27: ='1857'!H25-'1857'!G25 -> 238

Sheet S6
A1: Sumář - spotřeba červen | B1: ='S1'!B1 -> 2025
A3: Voda - m3 | B3: 1850 | C3: 1851 | D3: 1852 | E3: 1853
A4: Náměry bytových vodoměrů | B4: ='1850'!I4-'1850'!H4+'1850'!I6-'1850'!H6+'1850'!I8-'1850'!H8+'1850'!I10-'1850'!H10+'1850'!I12-'1850'!H12+'1850'!I14-'1850'!H14+'1850'!I16-'1850'!H16+'1850'!I18-'1850'!H18+'1850'!I20-'1850'!H20+'1850'!I22-'1850'!H22 -> 69.768 | C4: ='1851'!J4-'1851'!I4+'1851'!J6-'1851'!I6+'1851'!J8-'1851'!I8+'1851'!J10-'1851'!I10+'1851'!J12-'1851'!I12+'1851'!J14-'1851'!I14+'1851'!J16-'1851'!I16+'1851'!J18-'1851'!I18+'1851'!J20-'1851'!I20+'1851'!J22-'1851'!I22+'1851'!J33-'1851'!I33+'1851'!J34-'1851'!I34+'1851'!J35-'1851'!I35+'1851'!J36-'1851'!I36+'1851'!J37-'1851'!I37+'1851'!J40-'1851'!I40+'1851'!J41-'1851'!I41+'1851'!J42-'1851'!I42+'1851'!J43-'1851'!I43+'1851'!J44-'1851'!I44+'1851'!J45-'1851'!I45+'1851'!J46-'1851'!I46+'1851'!J47-'1851'!I47+'1851'!J48-'1851'!I48+'1851'!J49-'1851'!I49 -> 74.0849 | D4: ='1852'!I4-'1852'!H4+'1852'!I6-'1852'!H6+'1852'!I8-'1852'!H8+'1852'!I10-'1852'!H10+'1852'!I12-'1852'!H12+'1852'!I14-'1852'!H14+'1852'!I16-'1852'!H16+'1852'!I18-'1852'!H18+'1852'!I20-'1852'!H20+'1852'!I22-'1852'!H22 -> 66.8 | E4: ='1853'!I4-'1853'!H4+'1853'!I6-'1853'!H6+'1853'!I8-'1853'!H8+'1853'!I10-'1853'!H10+'1853'!I12-'1853'!H12+'1853'!I14-'1853'!H14+'1853'!I16-'1853'!H16+'1853'!I18-'1853'!H18+'1853'!I20-'1853'!H20+'1853'!I22-'1853'!H22+'1853'!I26-'1853'!H26 -> 87.427 | G4: =1-B4/B5 -> 0.082 | H4: =1-C4/C5 -> 0.07854602 | I4: =1-D4/D5 -> 0.082417582 | J4: =1-E4/E5 -> 0.083574423
A5: Patní vodoměry | B5: ='1850'!I26-'1850'!H26 -> 76 | C5: ='1851'!J26-'1851'!I26 -> 80.4 | D5: ='1852'!I26-'1852'!H26 -> 72.8 | E5: ='1853'!I27-'1853'!H27 -> 95.4
A6: Součet patních vodoměrů | B6: =SUM(B5:E5) -> 324.6 | G6: =1-B6/B7 -> 0.033928571
A7: fakturační vodoměr | B7: ='1850'!I29-'1850'!H29 -> 336
A8: Teplo - GJ
A9: Náměry bytových kalorimetrů | B9: ='1850'!I5-'1850'!H5+'1850'!I7-'1850'!H7+'1850'!I9-'1850'!H9+'1850'!I11-'1850'!H11+'1850'!I13-'1850'!H13+'1850'!I15-'1850'!H15+'1850'!I17-'1850'!H17+'1850'!I19-'1850'!H19+'1850'!I21-'1850'!H21+'1850'!I23-'1850'!H23 -> 4.565 | C9: ='1851'!J5-'1851'!I5+'1851'!J7-'1851'!I7+'1851'!J9-'1851'!I9+'1851'!J11-'1851'!I11+'1851'!J13-'1851'!I13+'1851'!J15-'1851'!I15+'1851'!J17-'1851'!I17+'1851'!J19-'1851'!I19+'1851'!J21-'1851'!I21+'1851'!J23-'1851'!I23 -> 4.784 | D9: ='1852'!I5-'1852'!H5+'1852'!I7-'1852'!H7+'1852'!I9-'1852'!H9+'1852'!I11-'1852'!H11+'1852'!I13-'1852'!H13+'1852'!I15-'1852'!H15+'1852'!I17-'1852'!H17+'1852'!I19-'1852'!H19+'1852'!I21-'1852'!H21+'1852'!I23-'1852'!H23 -> 4.46 | E9: ='1853'!I5-'1853'!H5+'1853'!I7-'1853'!H7+'1853'!I9-'1853'!H9+'1853'!I11-'1853'!H11+'1853'!I13-'1853'!H13+'1853'!I15-'1853'!H15+'1853'!I17-'1853'!H17+'1853'!I19-'1853'!H19+'1853'!I21-'1853'!H21+'1853'!I23-'1853'!H23 -> 3.567 | G9: =1-B9/B10 -> -0.66 | H9: =1-C9/C10 -> 0.23578275 | I9: =1-D9/D10 -> -0.33933934 | J9: =1-E9/E10 -> -0.21326531
A10: Fakturační kalorimetry | B10: =('1850'!I27-'1850'!H27) -> 2.75 | C10: =('1851'!J27-'1851'!I27) -> 6.26 | D10: =('1852'!I27-'1852'!H27) -> 3.33 | E10: =('1853'!I28-'1853'!H28) -> 2.94
A11: Elektřina -
A12: Elektroměr dům | B12: ='1850'!I25-'1850'!H25 -> 194 | C12: ='1851'!J24-'1851'!I24 -> 181 | D12: ='1852'!I25-'1852'!H25 -> 163 | E12: ='1853'!I24-'1853'!H24 -> 173
A14: Elektroměr areál | B14: ='1853'!I25-'1853'!H25 -> 198
A15: Vodoměr areál | B15: ='1853'!I26-'1853'!H26 -> 24
A18: Voda - m3 | B18: 1854 | C18: 1855 | D18: 1856 | E18: 1857
A19: Náměry bytových vodoměrů | B19: ='1854'!I4-'1854'!H4+'1854'!I6-'1854'!H6+'1854'!I8-'1854'!H8+'1854'!I10-'1854'!H10+'1854'!I12-'1854'!H12+'1854'!I14-'1854'!H14+'1854'!I16-'1854'!H16+'1854'!I18-'1854'!H18+'1854'!I20-'1854'!H20+'1854'!I22-'1854'!H22 -> 46.725 | C19: ='1855'!I4-'1855'!H4+'1855'!I6-'1855'!H6+'1855'!I8-'1855'!H8+'1855'!I10-'1855'!H10+'1855'!I12-'1855'!H12+'1855'!I14-'1855'!H14+'1855'!I16-'1855'!H16+'1855'!I18-'1855'!H18+'1855'!I20-'1855'!H20+'1855'!I22-'1855'!H22 -> 61.09 | D19: ='1856'!I4-'1856'!H4+'1856'!I6-'1856'!H6+'1856'!I8-'1856'!H8+'1856'!I10-'1856'!H10+'1856'!I12-'1856'!H12+'1856'!I14-'1856'!H14+'1856'!I16-'1856'!H16+'1856'!I18-'1856'!H18+'1856'!I20-'1856'!H20+'1856'!I22-'1856'!H22 -> 56.174 | E19: ='1857'!I4-'1857'!H4+'1857'!I6-'1857'!H6+'1857'!I8-'1857'!H8+'1857'!I10-'1857'!H10+'1857'!I12-'1857'!H12+'1857'!I14-'1857'!H14+'1857'!I16-'1857'!H16+'1857'!I18-'1857'!H18+'1857'!I20-'1857'!H20+'1857'!I22-'1857'!H22 -> 60.844 | G19: =1-B19/B20 -> 0.078402367 | H19: =1-C19/C20 -> 0.058705701 | I19: =1-D19/D20 -> 0.086601626 | J19: =1-E19/E20 -> 0.12454676
A20: Patní vodoměry | B20: ='1854'!I26-'1854'!H26 -> 50.7 | C20: ='1855'!I26-'1855'!H26 -> 64.9 | D20: ='1856'!I26-'1856'!H26 -> 61.5 | E20: ='1857'!I26-'1857'!H26 -> 69.5
A21: Součet patních vodoměrů | B21: =SUM(B20:E20) -> 246.6 | G21: =1-B21/B22 -> -0.030936455
A22: fakturační vodoměr | B22: ='1854'!I29-'1854'!H29 -> 239.2
A23: Teplo - GJ
A24: Náměry bytových kalorimetrů | B24: ='1854'!I5-'1854'!H5+'1854'!I7-'1854'!H7+'1854'!I9-'1854'!H9+'1854'!I11-'1854'!H11+'1854'!I13-'1854'!H13+'1854'!I15-'1854'!H15+'1854'!I17-'1854'!H17+'1854'!I19-'1854'!H19+'1854'!I21-'1854'!H21+'1854'!I23-'1854'!H23 -> 3.163 | C24: ='1855'!I5-'1855'!H5+'1855'!I7-'1855'!H7+'1855'!I9-'1855'!H9+'1855'!I11-'1855'!H11+'1855'!I13-'1855'!H13+'1855'!I15-'1855'!H15+'1855'!I17-'1855'!H17+'1855'!I19-'1855'!H19+'1855'!I21-'1855'!H21+'1855'!I23-'1855'!H23 -> 3.285 | D24: ='1856'!I5-'1856'!H5+'1856'!I7-'1856'!H7+'1856'!I9-'1856'!H9+'1856'!I11-'1856'!H11+'1856'!I13-'1856'!H13+'1856'!I15-'1856'!H15+'1856'!I17-'1856'!H17+'1856'!I19-'1856'!H19+'1856'!I21-'1856'!H21+'1856'!I23-'1856'!H23 -> 3.344 | E24: ='1857'!I5-'1857'!H5+'1857'!I7-'1857'!H7+'1857'!I9-'1857'!H9+'1857'!I11-'1857'!H11+'1857'!I13-'1857'!H13+'1857'!I15-'1857'!H15+'1857'!I17-'1857'!H17+'1857'!I19-'1857'!H19+'1857'!I21-'1857'!H21+'1857'!I23-'1857'!H23 -> 3.916 | G24: =1-B24/B25 -> -0.083219178 | H24: =1-C24/C25 -> -0.11734694 | I24: =1-D24/D25 -> -0.24776119 | J24: =1-E24/E25 -> -0.29668874
A25: Fakturační kalorimetry | B25: ='1854'!I27-'1854'!H27 -> 2.92 | C25: ='1855'!I27-'1855'!H27 -> 2.94 | D25: ='1856'!I27-'1856'!H27 -> 2.68 | E25: ='1857'!I27-'1857'!H27 -> 3.02
A26: Elektřina -
A27: Elektroměr dům | B27: ='1854'!I25-'1854'!H25 -> 173 | C27: ='1855'!I25-'1855'!H25 -> 185 | D27: ='1856'!I25-'1856'!H25 -> 183 | E27: ='1857'!I25-'1857'!H25 -> 187

Sheet S7
A1: Sumář - spotřeba červenec | B1: ='S1'!B1 -> 2025
A3: Voda - m3 | B3: 1850 | C3: 1851 | D3: 1852 | E3: 1853
A4: Náměry bytových vodoměrů | B4: ='1850'!J4-'1850'!I4+'1850'!J6-'1850'!I6+'1850'!J8-'1850'!I8+'1850'!J10-'1850'!I10+'1850'!J12-'1850'!I12+'1850'!J14-'1850'!I14+'1850'!J16-'1850'!I16+'1850'!J18-'1850'!I18+'1850'!J20-'1850'!I20+'1850'!J22-'1850'!I22 -> 60.575 | C4: ='1851'!K4-'1851'!J4+'1851'!K6-'1851'!J6+'1851'!K8-'1851'!J8+'1851'!K10-'1851'!J10+'1851'!K12-'1851'!J12+'1851'!K14-'1851'!J14+'1851'!K16-'1851'!J16+'1851'!K18-'1851'!J18+'1851'!K20-'1851'!J20+'1851'!K22-'1851'!J22+'1851'!K33-'1851'!J33+'1851'!K34-'1851'!J34+'1851'!K35-'1851'!J35+'1851'!K36-'1851'!J36+'1851'!K37-'1851'!J37+'1851'!K40-'1851'!J40+'1851'!K41-'1851'!J41+'1851'!K42-'1851'!J42+'1851'!K43-'1851'!J43+'1851'!K44-'1851'!J44+'1851'!K45-'1851'!J45+'1851'!K46-'1851'!J46+'1851'!K47-'1851'!J47+'1851'!K48-'1851'!J48+'1851'!K49-'1851'!J49 -> 79.2 | D4: ='1852'!J4-'1852'!I4+'1852'!J6-'1852'!I6+'1852'!J8-'1852'!I8+'1852'!J10-'1852'!I10+'1852'!J12-'1852'!I12+'1852'!J14-'1852'!I14+'1852'!J16-'1852'!I16+'1852'!J18-'1852'!I18+'1852'!J20-'1852'!I20+'1852'!J22-'1852'!I22 -> 70.153 | E4: ='1853'!J4-'1853'!I4+'1853'!J6-'1853'!I6+'1853'!J8-'1853'!I8+'1853'!J10-'1853'!I10+'1853'!J12-'1853'!I12+'1853'!J14-'1853'!I14+'1853'!J16-'1853'!I16+'1853'!J18-'1853'!I18+'1853'!J20-'1853'!I20+'1853'!J22-'1853'!I22+'1853'!J26-'1853'!I26 -> 78.209 | G4: =1-B4/B5 -> 0.086349925 | H4: =1-C4/C5 -> 0.081206497 | I4: =1-D4/D5 -> 0.079356955 | J4: =1-E4/E5 -> 0.083130129
A5: Patní vodoměry | B5: ='1850'!J26-'1850'!I26 -> 66.3 | C5: ='1851'!K26-'1851'!J26 -> 86.2 | D5: ='1852'!J26-'1852'!I26 -> 76.2 | E5: ='1853'!J27-'1853'!I27 -> 85.3
A6: Součet patních vodoměrů | B6: =SUM(B5:E5) -> 314 | G6: =1-B6/B7 -> 0.039167687
A7: fakturační vodoměr | B7: ='1850'!J29-'1850'!I29 -> 326.8
A8: Teplo - GJ
A9: Náměry bytových kalorimetrů | B9: ='1850'!J5-'1850'!I5+'1850'!J7-'1850'!I7+'1850'!J9-'1850'!I9+'1850'!J11-'1850'!I11+'1850'!J13-'1850'!I13+'1850'!J15-'1850'!I15+'1850'!J17-'1850'!I17+'1850'!J19-'1850'!I19+'1850'!J21-'1850'!I21+'1850'!J23-'1850'!I23 -> 3.736 | C9: ='1851'!K5-'1851'!J5+'1851'!K7-'1851'!J7+'1851'!K9-'1851'!J9+'1851'!K11-'1851'!J11+'1851'!K13-'1851'!J13+'1851'!K15-'1851'!J15+'1851'!K17-'1851'!J17+'1851'!K19-'1851'!J19+'1851'!K21-'1851'!J21+'1851'!K23-'1851'!J23 -> 4.35 | D9: ='1852'!J5-'1852'!I5+'1852'!J7-'1852'!I7+'1852'!J9-'1852'!I9+'1852'!J11-'1852'!I11+'1852'!J13-'1852'!I13+'1852'!J15-'1852'!I15+'1852'!J17-'1852'!I17+'1852'!J19-'1852'!I19+'1852'!J21-'1852'!I21+'1852'!J23-'1852'!I23 -> 4.021 | E9: ='1853'!J5-'1853'!I5+'1853'!J7-'1853'!I7+'1853'!J9-'1853'!I9+'1853'!J11-'1853'!I11+'1853'!J13-'1853'!I13+'1853'!J15-'1853'!I15+'1853'!J17-'1853'!I17+'1853'!J19-'1853'!I19+'1853'!J21-'1853'!I21+'1853'!J23-'1853'!I23 -> 2.937 | G9: =1-B9/B10 -> -0.77904762 | H9: =1-C9/C10 -> 0.19144981 | I9: =1-D9/D10 -> -0.36305085 | J9: =1-E9/E10 -> -0.24449153
A10: Fakturační kalorimetry | B10: =('1850'!J27-'1850'!I27) -> 2.1 | C10: =('1851'!K27-'1851'!J27) -> 5.38 | D10: =('1852'!J27-'1852'!I27) -> 2.95 | E10: =('1853'!J28-'1853'!I28) -> 2.36
A11: Elektřina -
A12: Elektroměr dům | B12: ='1850'!J25-'1850'!I25 -> 171 | C12: ='1851'!K24-'1851'!J24 -> 176 | D12: ='1852'!J25-'1852'!I25 -> 168 | E12: ='1853'!J24-'1853'!I24 -> 213
A14: Elektroměr areál | B14: ='1853'!J25-'1853'!I25 -> 226
A15: Vodoměr areál | B15: ='1853'!J26-'1853'!I26 -> 19.966
A18: Voda - m3 | B18: 1854 | C18: 1855 | D18: 1856 | E18: 1857
A19: Náměry bytových vodoměrů | B19: ='1854'!J4-'1854'!I4+'1854'!J6-'1854'!I6+'1854'!J8-'1854'!I8+'1854'!J10-'1854'!I10+'1854'!J12-'1854'!I12+'1854'!J14-'1854'!I14+'1854'!J16-'1854'!I16+'1854'!J18-'1854'!I18+'1854'!J20-'1854'!I20+'1854'!J22-'1854'!I22 -> 55 | C19: ='1855'!J4-'1855'!I4+'1855'!J6-'1855'!I6+'1855'!J8-'1855'!I8+'1855'!J10-'1855'!I10+'1855'!J12-'1855'!I12+'1855'!J14-'1855'!I14+'1855'!J16-'1855'!I16+'1855'!J18-'1855'!I18+'1855'!J20-'1855'!I20+'1855'!J22-'1855'!I22 -> 62.602 | D19: ='1856'!J4-'1856'!I4+'1856'!J6-'1856'!I6+'1856'!J8-'1856'!I8+'1856'!J10-'1856'!I10+'1856'!J12-'1856'!I12+'1856'!J14-'1856'!I14+'1856'!J16-'1856'!I16+'1856'!J18-'1856'!I18+'1856'!J20-'1856'!I20+'1856'!J22-'1856'!I22 -> 49.2 | E19: ='1857'!J4-'1857'!I4+'1857'!J6-'1857'!I6+'1857'!J8-'1857'!I8+'1857'!J10-'1857'!I10+'1857'!J12-'1857'!I12+'1857'!J14-'1857'!I14+'1857'!J16-'1857'!I16+'1857'!J18-'1857'!I18+'1857'!J20-'1857'!I20+'1857'!J22-'1857'!I22 -> 57.688 | G19: =1-B19/B20 -> 0.081803005 | H19: =1-C19/C20 -> 0.062844311 | I19: =1-D19/D20 -> 0.093922652 | J19: =1-E19/E20 -> 0.14409496
A20: Patní vodoměry | B20: ='1854'!J26-'1854'!I26 -> 59.9 | C20: ='1855'!J26-'1855'!I26 -> 66.8 | D20: ='1856'!J26-'1856'!I26 -> 54.3 | E20: ='1857'!J26-'1857'!I26 -> 67.4
A21: Součet patních vodoměrů | B21: =SUM(B20:E20) -> 248.4 | G21: =1-B21/B22 -> -0.028145695
A22: fakturační vodoměr | B22: ='1854'!J29-'1854'!I29 -> 241.6
A23: Teplo - GJ
A24: Náměry bytových kalorimetrů | B24: ='1854'!J5-'1854'!I5+'1854'!J7-'1854'!I7+'1854'!J9-'1854'!I9+'1854'!J11-'1854'!I11+'1854'!J13-'1854'!I13+'1854'!J15-'1854'!I15+'1854'!J17-'1854'!I17+'1854'!J19-'1854'!I19+'1854'!J21-'1854'!I21+'1854'!J23-'1854'!I23 -> 3.061 | C24: ='1855'!J5-'1855'!I5+'1855'!J7-'1855'!I7+'1855'!J9-'1855'!I9+'1855'!J11-'1855'!I11+'1855'!J13-'1855'!I13+'1855'!J15-'1855'!I15+'1855'!J17-'1855'!I17+'1855'!J19-'1855'!I19+'1855'!J21-'1855'!I21+'1855'!J23-'1855'!I23 -> 2.87 | D24: ='1856'!J5-'1856'!I5+'1856'!J7-'1856'!I7+'1856'!J9-'1856'!I9+'1856'!J11-'1856'!I11+'1856'!J13-'1856'!I13+'1856'!J15-'1856'!I15+'1856'!J17-'1856'!I17+'1856'!J19-'1856'!I19+'1856'!J21-'1856'!I21+'1856'!J23-'1856'!I23 -> 2.62 | E24: ='1857'!J5-'1857'!I5+'1857'!J7-'1857'!I7+'1857'!J9-'1857'!I9+'1857'!J11-'1857'!I11+'1857'!J13-'1857'!I13+'1857'!J15-'1857'!I15+'1857'!J17-'1857'!I17+'1857'!J19-'1857'!I19+'1857'!J21-'1857'!I21+'1857'!J23-'1857'!I23 -> 3.195 | G24: =1-B24/B25 -> -0.1295203 | H24: =1-C24/C25 -> -0.11673152 | I24: =1-D24/D25 -> -0.32323232 | J24: =1-E24/E25 -> -0.34243697
A25: Fakturační kalorimetry | B25: ='1854'!J27-'1854'!I27 -> 2.71 | C25: ='1855'!J27-'1855'!I27 -> 2.57 | D25: ='1856'!J27-'1856'!I27 -> 1.98 | E25: ='1857'!J27-'1857'!I27 -> 2.38
A26: Elektřina -
A27: Elektroměr dům | B27: ='1854'!J25-'1854'!I25 -> 185 | C27: ='1855'!J25-'1855'!I25 -> 201 | D27: ='1856'!J25-'1856'!I25 -> 182 | E27: ='1857'!J25-'1857'!I25 -> 198

Sheet S8
A1: Sumář - spotřeba srpen | B1: ='S1'!B1 -> 2025
A3: Voda - m3 | B3: 1850 | C3: 1851 | D3: 1852 | E3: 1853
A4: Náměry bytových vodoměrů | B4: ='1850'!K4-'1850'!J4+'1850'!K6-'1850'!J6+'1850'!K8-'1850'!J8+'1850'!K10-'1850'!J10+'1850'!K12-'1850'!J12+'1850'!K14-'1850'!J14+'1850'!K16-'1850'!J16+'1850'!K18-'1850'!J18+'1850'!K20-'1850'!J20+'1850'!K22-'1850'!J22 -> 68.658 | C4: ='1851'!L4-'1851'!K4+'1851'!L6-'1851'!K6+'1851'!L8-'1851'!K8+'1851'!L10-'1851'!K10+'1851'!L12-'1851'!K12+'1851'!L14-'1851'!K14+'1851'!L16-'1851'!K16+'1851'!L18-'1851'!K18+'1851'!L20-'1851'!K20+'1851'!L22-'1851'!K22+'1851'!L33-'1851'!K33+'1851'!L34-'1851'!K34+'1851'!L35-'1851'!K35+'1851'!L36-'1851'!K36+'1851'!L37-'1851'!K37+'1851'!L40-'1851'!K40+'1851'!L41-'1851'!K41+'1851'!L42-'1851'!K42+'1851'!L43-'1851'!K43+'1851'!L44-'1851'!K44+'1851'!L45-'1851'!K45+'1851'!L46-'1851'!K46+'1851'!L47-'1851'!K47+'1851'!L48-'1851'!K48+'1851'!L49-'1851'!K49 -> 82.518 | D4: ='1852'!K4-'1852'!J4+'1852'!K6-'1852'!J6+'1852'!K8-'1852'!J8+'1852'!K10-'1852'!J10+'1852'!K12-'1852'!J12+'1852'!K14-'1852'!J14+'1852'!K16-'1852'!J16+'1852'!K18-'1852'!J18+'1852'!K20-'1852'!J20+'1852'!K22-'1852'!J22 -> 71.303 | E4: ='1853'!K4-'1853'!J4+'1853'!K6-'1853'!J6+'1853'!K8-'1853'!J8+'1853'!K10-'1853'!J10+'1853'!K12-'1853'!J12+'1853'!K14-'1853'!J14+'1853'!K16-'1853'!J16+'1853'!K18-'1853'!J18+'1853'!K20-'1853'!J20+'1853'!K22-'1853'!J22+'1853'!K26-'1853'!J26 -> 95.197 | G4: =1-B4/B5 -> 0.093025099 | H4: =1-C4/C5 -> 0.087190265 | I4: =1-D4/D5 -> 0.09283715 | J4: =1-E4/E5 -> 0.084644231
A5: Patní vodoměry | B5: ='1850'!K26-'1850'!J26 -> 75.7 | C5: ='1851'!L26-'1851'!K26 -> 90.4 | D5: ='1852'!K26-'1852'!J26 -> 78.6 | E5: ='1853'!K27-'1853'!J27 -> 104
A6: Součet patních vodoměrů | B6: =SUM(B5:E5) -> 348.7 | G6: =1-B6/B7 -> 0.030850472
A7: fakturační vodoměr | B7: ='1850'!K29-'1850'!J29 -> 359.8
A8: Teplo - GJ
A9: Náměry bytových kalorimetrů | B9: ='1850'!K5-'1850'!J5+'1850'!K7-'1850'!J7+'1850'!K9-'1850'!J9+'1850'!K11-'1850'!J11+'1850'!K13-'1850'!J13+'1850'!K15-'1850'!J15+'1850'!K17-'1850'!J17+'1850'!K19-'1850'!J19+'1850'!K21-'1850'!J21+'1850'!K23-'1850'!J23 -> 4.188 | C9: ='1851'!L5-'1851'!K5+'1851'!L7-'1851'!K7+'1851'!L9-'1851'!K9+'1851'!L11-'1851'!K11+'1851'!L13-'1851'!K13+'1851'!L15-'1851'!K15+'1851'!L17-'1851'!K17+'1851'!L19-'1851'!K19+'1851'!L21-'1851'!K21+'1851'!L23-'1851'!K23 -> 4.598 | D9: ='1852'!K5-'1852'!J5+'1852'!K7-'1852'!J7+'1852'!K9-'1852'!J9+'1852'!K11-'1852'!J11+'1852'!K13-'1852'!J13+'1852'!K15-'1852'!J15+'1852'!K17-'1852'!J17+'1852'!K19-'1852'!J19+'1852'!K21-'1852'!J21+'1852'!K23-'1852'!J23 -> 4.407 | E9: ='1853'!K5-'1853'!J5+'1853'!K7-'1853'!J7+'1853'!K9-'1853'!J9+'1853'!K11-'1853'!J11+'1853'!K13-'1853'!J13+'1853'!K15-'1853'!J15+'1853'!K17-'1853'!J17+'1853'!K19-'1853'!J19+'1853'!K21-'1853'!J21+'1853'!K23-'1853'!J23 -> 3.67 | G9: =1-B9/B10 -> -1.0330097 | H9: =1-C9/C10 -> -0.066821346 | I9: =1-D9/D10 -> -0.3728972 | J9: =1-E9/E10 -> -0.18006431
A10: Fakturační kalorimetry | B10: =('1850'!K27-'1850'!J27) -> 2.06 | C10: =('1851'!L27-'1851'!K27) -> 4.31 | D10: =('1852'!K27-'1852'!J27) -> 3.21 | E10: =('1853'!K28-'1853'!J28) -> 3.11
A11: Elektřina -
A12: Elektroměr dům | B12: ='1850'!K25-'1850'!J25 -> 179 | C12: ='1851'!L24-'1851'!K24 -> 190 | D12: ='1852'!K25-'1852'!J25 -> 180 | E12: ='1853'!K24-'1853'!J24 -> 170
A14: Elektroměr areál | B14: ='1853'!K25-'1853'!J25 -> 253
A15: Vodoměr areál | B15: ='1853'!K26-'1853'!J26 -> 23.906
A18: Voda - m3 | B18: 1854 | C18: 1855 | D18: 1856 | E18: 1857
A19: Náměry bytových vodoměrů | B19: ='1854'!K4-'1854'!J4+'1854'!K6-'1854'!J6+'1854'!K8-'1854'!J8+'1854'!K10-'1854'!J10+'1854'!K12-'1854'!J12+'1854'!K14-'1854'!J14+'1854'!K16-'1854'!J16+'1854'!K18-'1854'!J18+'1854'!K20-'1854'!J20+'1854'!K22-'1854'!J22 -> 58.36 | C19: ='1855'!K4-'1855'!J4+'1855'!K6-'1855'!J6+'1855'!K8-'1855'!J8+'1855'!K10-'1855'!J10+'1855'!K12-'1855'!J12+'1855'!K14-'1855'!J14+'1855'!K16-'1855'!J16+'1855'!K18-'1855'!J18+'1855'!K20-'1855'!J20+'1855'!K22-'1855'!J22 -> 71.351 | D19: ='1856'!K4-'1856'!J4+'1856'!K6-'1856'!J6+'1856'!K8-'1856'!J8+'1856'!K10-'1856'!J10+'1856'!K12-'1856'!J12+'1856'!K14-'1856'!J14+'1856'!K16-'1856'!J16+'1856'!K18-'1856'!J18+'1856'!K20-'1856'!J20+'1856'!K22-'1856'!J22 -> 56.46 | E19: ='1857'!K4-'1857'!J4+'1857'!K6-'1857'!J6+'1857'!K8-'1857'!J8+'1857'!K10-'1857'!J10+'1857'!K12-'1857'!J12+'1857'!K14-'1857'!J14+'1857'!K16-'1857'!J16+'1857'!K18-'1857'!J18+'1857'!K20-'1857'!J20+'1857'!K22-'1857'!J22 -> 57.178 | G19: =1-B19/B20 -> 0.078041074 | H19: =1-C19/C20 -> 0.064862385 | I19: =1-D19/D20 -> 0.09664 | J19: =1-E19/E20 -> 0.1935402
A20: Patní vodoměry | B20: ='1854'!K26-'1854'!J26 -> 63.3 | C20: ='1855'!K26-'1855'!J26 -> 76.3 | D20: ='1856'!K26-'1856'!J26 -> 62.5 | E20: ='1857'!K26-'1857'!J26 -> 70.9
A21: Součet patních vodoměrů | B21: =SUM(B20:E20) -> 273 | G21: =1-B21/B22 -> -0.031356252
A22: fakturační vodoměr | B22: ='1854'!K29-'1854'!J29 -> 264.7
A23: Teplo - GJ
A24: Náměry bytových kalorimetrů | B24: ='1854'!K5-'1854'!J5+'1854'!K7-'1854'!J7+'1854'!K9-'1854'!J9+'1854'!K11-'1854'!J11+'1854'!K13-'1854'!J13+'1854'!K15-'1854'!J15+'1854'!K17-'1854'!J17+'1854'!K19-'1854'!J19+'1854'!K21-'1854'!J21+'1854'!K23-'1854'!J23 -> 3.41 | C24: ='1855'!K5-'1855'!J5+'1855'!K7-'1855'!J7+'1855'!K9-'1855'!J9+'1855'!K11-'1855'!J11+'1855'!K13-'1855'!J13+'1855'!K15-'1855'!J15+'1855'!K17-'1855'!J17+'1855'!K19-'1855'!J19+'1855'!K21-'1855'!J21+'1855'!K23-'1855'!J23 -> 3.407 | D24: ='1856'!K5-'1856'!J5+'1856'!K7-'1856'!J7+'1856'!K9-'1856'!J9+'1856'!K11-'1856'!J11+'1856'!K13-'1856'!J13+'1856'!K15-'1856'!J15+'1856'!K17-'1856'!J17+'1856'!K19-'1856'!J19+'1856'!K21-'1856'!J21+'1856'!K23-'1856'!J23 -> 2.983 | E24: ='1857'!K5-'1857'!J5+'1857'!K7-'1857'!J7+'1857'!K9-'1857'!J9+'1857'!K11-'1857'!J11+'1857'!K13-'1857'!J13+'1857'!K15-'1857'!J15+'1857'!K17-'1857'!J17+'1857'!K19-'1857'!J19+'1857'!K21-'1857'!J21+'1857'!K23-'1857'!J23 -> 3.448 | G24: =1-B24/B25 -> -0.20070423 | H24: =1-C24/C25 -> -0.068025078 | I24: =1-D24/D25 -> -0.27478632 | J24: =1-E24/E25 -> -0.36284585
A25: Fakturační kalorimetry | B25: =('1854'!K27-'1854'!J27) -> 2.84 | C25: =('1855'!K27-'1855'!J27) -> 3.19 | D25: =('1856'!K27-'1856'!J27) -> 2.34 | E25: =('1857'!K27-'1857'!J27) -> 2.53
A26: Elektřina -
A27: Elektroměr dům | B27: ='1854'!K25-'1854'!J25 -> 189 | C27: ='1855'!K25-'1855'!J25 -> 367 | D27: ='1856'!K25-'1856'!J25 -> 204 | E27: ='1857'!K25-'1857'!J25 -> 204

Sheet S9
A1: Sumář - spotřeba září | B1: ='S1'!B1 -> 2025
A3: Voda - m3 | B3: 1850 | C3: 1851 | D3: 1852 | E3: 1853
A4: Náměry bytových vodoměrů | B4: ='1850'!L4-'1850'!K4+'1850'!L6-'1850'!K6+'1850'!L8-'1850'!K8+'1850'!L10-'1850'!K10+'1850'!L12-'1850'!K12+'1850'!L14-'1850'!K14+'1850'!L16-'1850'!K16+'1850'!L18-'1850'!K18+'1850'!L20-'1850'!K20+'1850'!L22-'1850'!K22 -> 63.827 | C4: ='1851'!M4-'1851'!L4+'1851'!M6-'1851'!L6+'1851'!M8-'1851'!L8+'1851'!M10-'1851'!L10+'1851'!M12-'1851'!L12+'1851'!M14-'1851'!L14+'1851'!M16-'1851'!L16+'1851'!M18-'1851'!L18+'1851'!M20-'1851'!L20+'1851'!M22-'1851'!L22+'1851'!M33-'1851'!L33+'1851'!M34-'1851'!L34+'1851'!M35-'1851'!L35+'1851'!M36-'1851'!L36+'1851'!M37-'1851'!L37+'1851'!M40-'1851'!L40+'1851'!M41-'1851'!L41+'1851'!M42-'1851'!L42+'1851'!M43-'1851'!L43+'1851'!M44-'1851'!L44+'1851'!M45-'1851'!L45+'1851'!M46-'1851'!L46+'1851'!M47-'1851'!L47+'1851'!M48-'1851'!L48+'1851'!M49-'1851'!L49 -> 78.649 | D4: ='1852'!L4-'1852'!K4+'1852'!L6-'1852'!K6+'1852'!L8-'1852'!K8+'1852'!L10-'1852'!K10+'1852'!L12-'1852'!K12+'1852'!L14-'1852'!K14+'1852'!L16-'1852'!K16+'1852'!L18-'1852'!K18+'1852'!L20-'1852'!K20+'1852'!L22-'1852'!K22 -> 80.678 | E4: ='1853'!L4-'1853'!K4+'1853'!L6-'1853'!K6+'1853'!L8-'1853'!K8+'1853'!L10-'1853'!K10+'1853'!L12-'1853'!K12+'1853'!L14-'1853'!K14+'1853'!L16-'1853'!K16+'1853'!L18-'1853'!K18+'1853'!L20-'1853'!K20+'1853'!L22-'1853'!K22+'1853'!L26-'1853'!K26 -> 85.301 | G4: =1-B4/B5 -> 0.085573066 | H4: =1-C4/C5 -> 0.079051522 | I4: =1-D4/D5 -> 0.094523008 | J4: =1-E4/E5 -> 0.11052138
A5: Patní vodoměry | B5: ='1850'!L26-'1850'!K26 -> 69.8 | C5: ='1851'!M26-'1851'!L26 -> 85.4 | D5: ='1852'!L26-'1852'!K26 -> 89.1 | E5: ='1853'!L27-'1853'!K27 -> 95.9
A6: Součet patních vodoměrů | B6: =SUM(B5:E5) -> 340.2 | G6: =1-B6/B7 -> 0.030769231
A7: fakturační vodoměr | B7: ='1850'!L29-'1850'!K29 -> 351
A8: Teplo - GJ
A9: Náměry bytových kalorimetrů | B9: ='1850'!L5-'1850'!K5+'1850'!L7-'1850'!K7+'1850'!L9-'1850'!K9+'1850'!L11-'1850'!K11+'1850'!L13-'1850'!K13+'1850'!L15-'1850'!K15+'1850'!L17-'1850'!K17+'1850'!L19-'1850'!K19+'1850'!L21-'1850'!K21+'1850'!L23-'1850'!K23 -> 4.421 | C9: ='1851'!M5-'1851'!L5+'1851'!M7-'1851'!L7+'1851'!M9-'1851'!L9+'1851'!M11-'1851'!L11+'1851'!M13-'1851'!L13+'1851'!M15-'1851'!L15+'1851'!M17-'1851'!L17+'1851'!M19-'1851'!L19+'1851'!M21-'1851'!L21+'1851'!M23-'1851'!L23 -> 5.574 | D9: ='1852'!L5-'1852'!K5+'1852'!L7-'1852'!K7+'1852'!L9-'1852'!K9+'1852'!L11-'1852'!K11+'1852'!L13-'1852'!K13+'1852'!L15-'1852'!K15+'1852'!L17-'1852'!K17+'1852'!L19-'1852'!K19+'1852'!L21-'1852'!K21+'1852'!L23-'1852'!K23 -> 5.913 | E9: ='1853'!L5-'1853'!K5+'1853'!L7-'1853'!K7+'1853'!L9-'1853'!K9+'1853'!L11-'1853'!K11+'1853'!L13-'1853'!K13+'1853'!L15-'1853'!K15+'1853'!L17-'1853'!K17+'1853'!L19-'1853'!K19+'1853'!L21-'1853'!K21+'1853'!L23-'1853'!K23 -> 4.665 | G9: =1-B9/B10 -> -0.66203008 | H9: =1-C9/C10 -> 0.23643836 | I9: =1-D9/D10 -> -0.22931393 | J9: =1-E9/E10 -> -0.1405868
A10: Fakturační kalorimetry | B10: =('1850'!L27-'1850'!K27) -> 2.66 | C10: =('1851'!M27-'1851'!L27) -> 7.3 | D10: =('1852'!L27-'1852'!K27) -> 4.81 | E10: =('1853'!L28-'1853'!K28) -> 4.09
A11: Elektřina -
A12: Elektroměr dům | B12: ='1850'!L25-'1850'!K25 -> 183 | C12: ='1851'!M24-'1851'!L24 -> 192 | D12: ='1852'!L25-'1852'!K25 -> 168 | E12: ='1853'!L24-'1853'!K24 -> 206
A14: Elektroměr areál | B14: ='1853'!L25-'1853'!K25 -> 288
A15: Vodoměr areál | B15: ='1853'!L26-'1853'!K26 -> 10.829
A18: Voda - m3 | B18: 1854 | C18: 1855 | D18: 1856 | E18: 1857
A19: Náměry bytových vodoměrů | B19: ='1854'!L4-'1854'!K4+'1854'!L6-'1854'!K6+'1854'!L8-'1854'!K8+'1854'!L10-'1854'!K10+'1854'!L12-'1854'!K12+'1854'!L14-'1854'!K14+'1854'!L16-'1854'!K16+'1854'!L18-'1854'!K18+'1854'!L20-'1854'!K20+'1854'!L22-'1854'!K22 -> 55.385 | C19: ='1855'!L4-'1855'!K4+'1855'!L6-'1855'!K6+'1855'!L8-'1855'!K8+'1855'!L10-'1855'!K10+'1855'!L12-'1855'!K12+'1855'!L14-'1855'!K14+'1855'!L16-'1855'!K16+'1855'!L18-'1855'!K18+'1855'!L20-'1855'!K20+'1855'!L22-'1855'!K22 -> 70.724 | D19: ='1856'!L4-'1856'!K4+'1856'!L6-'1856'!K6+'1856'!L8-'1856'!K8+'1856'!L10-'1856'!K10+'1856'!L12-'1856'!K12+'1856'!L14-'1856'!K14+'1856'!L16-'1856'!K16+'1856'!L18-'1856'!K18+'1856'!L20-'1856'!K20+'1856'!L22-'1856'!K22 -> 60.129 | E19: ='1857'!L4-'1857'!K4+'1857'!L6-'1857'!K6+'1857'!L8-'1857'!K8+'1857'!L10-'1857'!K10+'1857'!L12-'1857'!K12+'1857'!L14-'1857'!K14+'1857'!L16-'1857'!K16+'1857'!L18-'1857'!K18+'1857'!L20-'1857'!K20+'1857'!L22-'1857'!K22 -> 70.72 | G19: =1-B19/B20 -> 0.079983389 | H19: =1-C19/C20 -> 0.066965699 | I19: =1-D19/D20 -> 0.091706949 | J19: =1-E19/E20 -> 0.10819672
A20: Patní vodoměry | B20: ='1854'!L26-'1854'!K26 -> 60.2 | C20: ='1855'!L26-'1855'!K26 -> 75.8 | D20: ='1856'!L26-'1856'!K26 -> 66.2 | E20: ='1857'!L26-'1857'!K26 -> 79.3
A21: Součet patních vodoměrů | B21: =SUM(B20:E20) -> 281.5 | G21: =1-B21/B22 -> -0.035307098
A22: fakturační vodoměr | B22: ='1854'!L29-'1854'!K29 -> 271.9
A23: Teplo - GJ
A24: Náměry bytových kalorimetrů | B24: ='1854'!L5-'1854'!K5+'1854'!L7-'1854'!K7+'1854'!L9-'1854'!K9+'1854'!L11-'1854'!K11+'1854'!L13-'1854'!K13+'1854'!L15-'1854'!K15+'1854'!L17-'1854'!K17+'1854'!L19-'1854'!K19+'1854'!L21-'1854'!K21+'1854'!L23-'1854'!K23 -> 5.435 | C24: ='1855'!L5-'1855'!K5+'1855'!L7-'1855'!K7+'1855'!L9-'1855'!K9+'1855'!L11-'1855'!K11+'1855'!L13-'1855'!K13+'1855'!L15-'1855'!K15+'1855'!L17-'1855'!K17+'1855'!L19-'1855'!K19+'1855'!L21-'1855'!K21+'1855'!L23-'1855'!K23 -> 5.166 | D24: ='1856'!L5-'1856'!K5+'1856'!L7-'1856'!K7+'1856'!L9-'1856'!K9+'1856'!L11-'1856'!K11+'1856'!L13-'1856'!K13+'1856'!L15-'1856'!K15+'1856'!L17-'1856'!K17+'1856'!L19-'1856'!K19+'1856'!L21-'1856'!K21+'1856'!L23-'1856'!K23 -> 3.804 | E24: ='1857'!L5-'1857'!K5+'1857'!L7-'1857'!K7+'1857'!L9-'1857'!K9+'1857'!L11-'1857'!K11+'1857'!L13-'1857'!K13+'1857'!L15-'1857'!K15+'1857'!L17-'1857'!K17+'1857'!L19-'1857'!K19+'1857'!L21-'1857'!K21+'1857'!L23-'1857'!K23 -> 5.07 | G24: =1-B24/B25 -> 0.17022901 | H24: =1-C24/C25 -> 0.021590909 | I24: =1-D24/D25 -> -0.17407407 | J24: =1-E24/E25 -> -0.12416851
A25: Fakturační kalorimetry | B25: =('1854'!L27-'1854'!K27) -> 6.55 | C25: =('1855'!L27-'1855'!K27) -> 5.28 | D25: =('1856'!L27-'1856'!K27) -> 3.24 | E25: =('1857'!L27-'1857'!K27) -> 4.51
A26: Elektřina -
A27: Elektroměr dům | B27: ='1854'!L25-'1854'!K25 -> 190 | C27: ='1855'!L25-'1855'!K25 -> 214 | D27: ='1856'!L25-'1856'!K25 -> 185 | E27: ='1857'!L25-'1857'!K25 -> 181

Sheet S10
A1: Sumář - spotřeba říjen | B1: ='S1'!B1 -> 2025
A3: Voda - m3 | B3: 1850 | C3: 1851 | D3: 1852 | E3: 1853
A4: Náměry bytových vodoměrů | B4: ='1850'!M4-'1850'!L4+'1850'!M6-'1850'!L6+'1850'!M8-'1850'!L8+'1850'!M10-'1850'!L10+'1850'!M12-'1850'!L12+'1850'!M14-'1850'!L14+'1850'!M16-'1850'!L16+'1850'!M18-'1850'!L18+'1850'!M20-'1850'!L20+'1850'!M22-'1850'!L22 -> 59.937 | C4: ='1851'!N4-'1851'!M4+'1851'!N6-'1851'!M6+'1851'!N8-'1851'!M8+'1851'!N10-'1851'!M10+'1851'!N12-'1851'!M12+'1851'!N14-'1851'!M14+'1851'!N16-'1851'!M16+'1851'!N18-'1851'!M18+'1851'!N20-'1851'!M20+'1851'!N22-'1851'!M22+'1851'!N33-'1851'!M33+'1851'!N34-'1851'!M34+'1851'!N35-'1851'!M35+'1851'!N36-'1851'!M36+'1851'!N37-'1851'!M37+'1851'!N40-'1851'!M40+'1851'!N41-'1851'!M41+'1851'!N42-'1851'!M42+'1851'!N43-'1851'!M43+'1851'!N44-'1851'!M44+'1851'!N45-'1851'!M45+'1851'!N46-'1851'!M46+'1851'!N47-'1851'!M47+'1851'!N48-'1851'!M48+'1851'!N49-'1851'!M49 -> 76.323 | D4: ='1852'!M4-'1852'!L4+'1852'!M6-'1852'!L6+'1852'!M8-'1852'!L8+'1852'!M10-'1852'!L10+'1852'!M12-'1852'!L12+'1852'!M14-'1852'!L14+'1852'!M16-'1852'!L16+'1852'!M18-'1852'!L18+'1852'!M20-'1852'!L20+'1852'!M22-'1852'!L22 -> 78.145 | E4: ='1853'!M4-'1853'!L4+'1853'!M6-'1853'!L6+'1853'!M8-'1853'!L8+'1853'!M10-'1853'!L10+'1853'!M12-'1853'!L12+'1853'!M14-'1853'!L14+'1853'!M16-'1853'!L16+'1853'!M18-'1853'!L18+'1853'!M20-'1853'!L20+'1853'!M22-'1853'!L22+'1853'!M26-'1853'!L26 -> 73.84 | G4: =1-B4/B5 -> 0.089103343 | H4: =1-C4/C5 -> 0.087045455 | I4: =1-D4/D5 -> 0.093445476 | J4: =1-E4/E5 -> 0.1125
A5: Patní vodoměry | B5: ='1850'!M26-'1850'!L26 -> 65.8 | C5: ='1851'!N26-'1851'!M26 -> 83.6 | D5: ='1852'!M26-'1852'!L26 -> 86.2 | E5: ='1853'!M27-'1853'!L27 -> 83.2
A6: Součet patních vodoměrů | B6: =SUM(B5:E5) -> 318.8 | G6: =1-B6/B7 -> 0.038890564
A7: fakturační vodoměr | B7: ='1850'!M29-'1850'!L29 -> 331.7
A8: Teplo - GJ
A9: Náměry bytových kalorimetrů | B9: ='1850'!M5-'1850'!L5+'1850'!M7-'1850'!L7+'1850'!M9-'1850'!L9+'1850'!M11-'1850'!L11+'1850'!M13-'1850'!L13+'1850'!M15-'1850'!L15+'1850'!M17-'1850'!L17+'1850'!M19-'1850'!L19+'1850'!M21-'1850'!L21+'1850'!M23-'1850'!L23 -> 10.338 | C9: ='1851'!N5-'1851'!M5+'1851'!N7-'1851'!M7+'1851'!N9-'1851'!M9+'1851'!N11-'1851'!M11+'1851'!N13-'1851'!M13+'1851'!N15-'1851'!M15+'1851'!N17-'1851'!M17+'1851'!N19-'1851'!M19+'1851'!N21-'1851'!M21+'1851'!N23-'1851'!M23 -> 15.517 | D9: ='1852'!M5-'1852'!L5+'1852'!M7-'1852'!L7+'1852'!M9-'1852'!L9+'1852'!M11-'1852'!L11+'1852'!M13-'1852'!L13+'1852'!M15-'1852'!L15+'1852'!M17-'1852'!L17+'1852'!M19-'1852'!L19+'1852'!M21-'1852'!L21+'1852'!M23-'1852'!L23 -> 13.366 | E9: ='1853'!M5-'1853'!L5+'1853'!M7-'1853'!L7+'1853'!M9-'1853'!L9+'1853'!M11-'1853'!L11+'1853'!M13-'1853'!L13+'1853'!M15-'1853'!L15+'1853'!M17-'1853'!L17+'1853'!M19-'1853'!L19+'1853'!M21-'1853'!L21+'1853'!M23-'1853'!L23 -> 12.242 | G9: =1-B9/B10 -> -0.2048951 | H9: =1-C9/C10 -> 0.0046824888 | I9: =1-D9/D10 -> -0.12888514 | J9: =1-E9/E10 -> -0.0059161873
A10: Fakturační kalorimetry | B10: =('1850'!M27-'1850'!L27) -> 8.58 | C10: =('1851'!N27-'1851'!M27) -> 15.59 | D10: =('1852'!M27-'1852'!L27) -> 11.84 | E10: =('1853'!M28-'1853'!L28) -> 12.17
A11: Elektřina -
A12: Elektroměr dům | B12: ='1850'!M25-'1850'!L25 -> 172 | C12: ='1851'!N24-'1851'!M24 -> 201 | D12: ='1852'!M25-'1852'!L25 -> 176 | E12: ='1853'!M24-'1853'!L24 -> 174
A14: Elektroměr areál | B14: ='1853'!M25-'1853'!L25 -> 329
A15: Vodoměr areál | B15: ='1853'!M26-'1853'!L26 -> 1.197
A18: Voda - m3 | B18: 1854 | C18: 1855 | D18: 1856 | E18: 1857
A19: Náměry bytových vodoměrů | B19: ='1854'!M4-'1854'!L4+'1854'!M6-'1854'!L6+'1854'!M8-'1854'!L8+'1854'!M10-'1854'!L10+'1854'!M12-'1854'!L12+'1854'!M14-'1854'!L14+'1854'!M16-'1854'!L16+'1854'!M18-'1854'!L18+'1854'!M20-'1854'!L20+'1854'!M22-'1854'!L22 -> 51.72 | C19: ='1855'!M4-'1855'!L4+'1855'!M6-'1855'!L6+'1855'!M8-'1855'!L8+'1855'!M10-'1855'!L10+'1855'!M12-'1855'!L12+'1855'!M14-'1855'!L14+'1855'!M16-'1855'!L16+'1855'!M18-'1855'!L18+'1855'!M20-'1855'!L20+'1855'!M22-'1855'!L22 -> 70.772 | D19: ='1856'!M4-'1856'!L4+'1856'!M6-'1856'!L6+'1856'!M8-'1856'!L8+'1856'!M10-'1856'!L10+'1856'!M12-'1856'!L12+'1856'!M14-'1856'!L14+'1856'!M16-'1856'!L16+'1856'!M18-'1856'!L18+'1856'!M20-'1856'!L20+'1856'!M22-'1856'!L22 -> 65.47 | E19: ='1857'!M4-'1857'!L4+'1857'!M6-'1857'!L6+'1857'!M8-'1857'!L8+'1857'!M10-'1857'!L10+'1857'!M12-'1857'!L12+'1857'!M14-'1857'!L14+'1857'!M16-'1857'!L16+'1857'!M18-'1857'!L18+'1857'!M20-'1857'!L20+'1857'!M22-'1857'!L22 -> 75.517 | G19: =1-B19/B20 -> 0.087830688 | H19: =1-C19/C20 -> 0.065099075 | I19: =1-D19/D20 -> 0.098209366 | J19: =1-E19/E20 -> 0.079060976
A20: Patní vodoměry | B20: ='1854'!M26-'1854'!L26 -> 56.7 | C20: ='1855'!M26-'1855'!L26 -> 75.7 | D20: ='1856'!M26-'1856'!L26 -> 72.6 | E20: ='1857'!M26-'1857'!L26 -> 82
A21: Součet patních vodoměrů | B21: =SUM(B20:E20) -> 287 | G21: =1-B21/B22 -> -1.5579323 | M21: =B21 -> 287 | O21: =1-M21/M22 -> -0.035353535
A22: fakturační vodoměr | B22: ='1854'!M29-'1854'!L29 -> 112.2 | M22: =B22+165 -> 277.2
A23: Teplo - GJ
A24: Náměry bytových kalorimetrů | B24: ='1854'!M5-'1854'!L5+'1854'!M7-'1854'!L7+'1854'!M9-'1854'!L9+'1854'!M11-'1854'!L11+'1854'!M13-'1854'!L13+'1854'!M15-'1854'!L15+'1854'!M17-'1854'!L17+'1854'!M19-'1854'!L19+'1854'!M21-'1854'!L21+'1854'!M23-'1854'!L23 -> 17.326 | C24: ='1855'!M5-'1855'!L5+'1855'!M7-'1855'!L7+'1855'!M9-'1855'!L9+'1855'!M11-'1855'!L11+'1855'!M13-'1855'!L13+'1855'!M15-'1855'!L15+'1855'!M17-'1855'!L17+'1855'!M19-'1855'!L19+'1855'!M21-'1855'!L21+'1855'!M23-'1855'!L23 -> 13.246 | D24: ='1856'!M5-'1856'!L5+'1856'!M7-'1856'!L7+'1856'!M9-'1856'!L9+'1856'!M11-'1856'!L11+'1856'!M13-'1856'!L13+'1856'!M15-'1856'!L15+'1856'!M17-'1856'!L17+'1856'!M19-'1856'!L19+'1856'!M21-'1856'!L21+'1856'!M23-'1856'!L23 -> 10.716 | E24: ='1857'!M5-'1857'!L5+'1857'!M7-'1857'!L7+'1857'!M9-'1857'!L9+'1857'!M11-'1857'!L11+'1857'!M13-'1857'!L13+'1857'!M15-'1857'!L15+'1857'!M17-'1857'!L17+'1857'!M19-'1857'!L19+'1857'!M21-'1857'!L21+'1857'!M23-'1857'!L23 -> 12.665 | G24: =1-B24/B25 -> 0.11916624 | H24: =1-C24/C25 -> 0.10318213 | I24: =1-D24/D25 -> 0.025818182 | J24: =1-E24/E25 -> 0.0097732604
A25: Fakturační kalorimetry | B25: =('1854'!M27-'1854'!L27) -> 19.67 | C25: =('1855'!M27-'1855'!L27) -> 14.77 | D25: =('1856'!M27-'1856'!L27) -> 11 | E25: =('1857'!M27-'1857'!L27) -> 12.79
A26: Elektřina -
A27: Elektroměr dům | B27: ='1854'!M25-'1854'!L25 -> 186 | C27: ='1855'!M25-'1855'!L25 -> 215 | D27: ='1856'!M25-'1856'!L25 -> 179 | E27: ='1857'!M25-'1857'!L25 -> 203

Sheet S11
A1: Sumář - spotřeba listopad | B1: ='S1'!B1 -> 2025
A3: Voda - m3 | B3: 1850 | C3: 1851 | D3: 1852 | E3: 1853
A4: Náměry bytových vodoměrů | B4: ='1850'!N4-'1850'!M4+'1850'!N6-'1850'!M6+'1850'!N8-'1850'!M8+'1850'!N10-'1850'!M10+'1850'!N12-'1850'!M12+'1850'!N14-'1850'!M14+'1850'!N16-'1850'!M16+'1850'!N18-'1850'!M18+'1850'!N20-'1850'!M20+'1850'!N22-'1850'!M22 -> 81.276 | C4: ='1851'!O4-'1851'!N4+'1851'!O6-'1851'!N6+'1851'!O8-'1851'!N8+'1851'!O10-'1851'!N10+'1851'!O12-'1851'!N12+'1851'!O14-'1851'!N14+'1851'!O16-'1851'!N16+'1851'!O18-'1851'!N18+'1851'!O20-'1851'!N20+'1851'!O22-'1851'!N22+'1851'!O33-'1851'!N33+'1851'!O34-'1851'!N34+'1851'!O35-'1851'!N35+'1851'!O36-'1851'!N36+'1851'!O37-'1851'!N37+'1851'!O40-'1851'!N40+'1851'!O41-'1851'!N41+'1851'!O42-'1851'!N42+'1851'!O43-'1851'!N43+'1851'!O44-'1851'!N44+'1851'!O45-'1851'!N45+'1851'!O46-'1851'!N46+'1851'!O47-'1851'!N47+'1851'!O48-'1851'!N48+'1851'!O49-'1851'!N49 -> 83.609 | D4: ='1852'!N4-'1852'!M4+'1852'!N6-'1852'!M6+'1852'!N8-'1852'!M8+'1852'!N10-'1852'!M10+'1852'!N12-'1852'!M12+'1852'!N14-'1852'!M14+'1852'!N16-'1852'!M16+'1852'!N18-'1852'!M18+'1852'!N20-'1852'!M20+'1852'!N22-'1852'!M22 -> 78.524 | E4: ='1853'!N4-'1853'!M4+'1853'!N6-'1853'!M6+'1853'!N8-'1853'!M8+'1853'!N10-'1853'!M10+'1853'!N12-'1853'!M12+'1853'!N14-'1853'!M14+'1853'!N16-'1853'!M16+'1853'!N18-'1853'!M18+'1853'!N20-'1853'!M20+'1853'!N22-'1853'!M22+'1853'!N26-'1853'!M26 -> 76.028 | G4: =1-B4/B5 -> 0.076409091 | H4: =1-C4/C5 -> 0.091206522 | I4: =1-D4/D5 -> 0.095345622 | J4: =1-E4/E5 -> 0.12106358
A5: Patní vodoměry | B5: ='1850'!N26-'1850'!M26 -> 88 | C5: ='1851'!O26-'1851'!N26 -> 92 | D5: ='1852'!N26-'1852'!M26 -> 86.8 | E5: ='1853'!N27-'1853'!M27 -> 86.5
A6: Součet patních vodoměrů | B6: =SUM(B5:E5) -> 353.3 | G6: =1-B6/B7 -> 0.031258569
A7: fakturační vodoměr | B7: ='1850'!N29-'1850'!M29 -> 364.7
A8: Teplo - GJ
A9: Náměry bytových kalorimetrů | B9: ='1850'!N5-'1850'!M5+'1850'!N7-'1850'!M7+'1850'!N9-'1850'!M9+'1850'!N11-'1850'!M11+'1850'!N13-'1850'!M13+'1850'!N15-'1850'!M15+'1850'!N17-'1850'!M17+'1850'!N19-'1850'!M19+'1850'!N21-'1850'!M21+'1850'!N23-'1850'!M23 -> 27.651 | C9: ='1851'!O5-'1851'!N5+'1851'!O7-'1851'!N7+'1851'!O9-'1851'!N9+'1851'!O11-'1851'!N11+'1851'!O13-'1851'!N13+'1851'!O15-'1851'!N15+'1851'!O17-'1851'!N17+'1851'!O19-'1851'!N19+'1851'!O21-'1851'!N21+'1851'!O23-'1851'!N23 -> 30.589 | D9: ='1852'!N5-'1852'!M5+'1852'!N7-'1852'!M7+'1852'!N9-'1852'!M9+'1852'!N11-'1852'!M11+'1852'!N13-'1852'!M13+'1852'!N15-'1852'!M15+'1852'!N17-'1852'!M17+'1852'!N19-'1852'!M19+'1852'!N21-'1852'!M21+'1852'!N23-'1852'!M23 -> 31.077 | E9: ='1853'!N5-'1853'!M5+'1853'!N7-'1853'!M7+'1853'!N9-'1853'!M9+'1853'!N11-'1853'!M11+'1853'!N13-'1853'!M13+'1853'!N15-'1853'!M15+'1853'!N17-'1853'!M17+'1853'!N19-'1853'!M19+'1853'!N21-'1853'!M21+'1853'!N23-'1853'!M23 -> 26.808 | G9: =1-B9/B10 -> 0.0024891775 | H9: =1-C9/C10 -> 0.011983204 | I9: =1-D9/D10 -> -0.021933574 | J9: =1-E9/E10 -> 0.01909989
A10: Fakturační kalorimetry | B10: =('1850'!N27-'1850'!M27) -> 27.72 | C10: =('1851'!O27-'1851'!N27) -> 30.96 | D10: =('1852'!N27-'1852'!M27) -> 30.41 | E10: =('1853'!N28-'1853'!M28) -> 27.33
A11: Elektřina -
A12: Elektroměr dům | B12: ='1850'!N25-'1850'!M25 -> 186 | C12: ='1851'!O24-'1851'!N24 -> 188 | D12: ='1852'!N25-'1852'!M25 -> 200 | E12: ='1853'!N24-'1853'!M24 -> 181
A14: Elektroměr areál | B14: ='1853'!N25-'1853'!M25 -> 379
A15: Vodoměr areál | B15: ='1853'!N26-'1853'!M26 -> 1.773
A18: Voda - m3 | B18: 1854 | C18: 1855 | D18: 1856 | E18: 1857
A19: Náměry bytových vodoměrů | B19: ='1854'!N4-'1854'!M4+'1854'!N6-'1854'!M6+'1854'!N8-'1854'!M8+'1854'!N10-'1854'!M10+'1854'!N12-'1854'!M12+'1854'!N14-'1854'!M14+'1854'!N16-'1854'!M16+'1854'!N18-'1854'!M18+'1854'!N20-'1854'!M20+'1854'!N22-'1854'!M22 -> 60.375 | C19: ='1855'!N4-'1855'!M4+'1855'!N6-'1855'!M6+'1855'!N8-'1855'!M8+'1855'!N10-'1855'!M10+'1855'!N12-'1855'!M12+'1855'!N14-'1855'!M14+'1855'!N16-'1855'!M16+'1855'!N18-'1855'!M18+'1855'!N20-'1855'!M20+'1855'!N22-'1855'!M22 -> 74.082 | D19: ='1856'!N4-'1856'!M4+'1856'!N6-'1856'!M6+'1856'!N8-'1856'!M8+'1856'!N10-'1856'!M10+'1856'!N12-'1856'!M12+'1856'!N14-'1856'!M14+'1856'!N16-'1856'!M16+'1856'!N18-'1856'!M18+'1856'!N20-'1856'!M20+'1856'!N22-'1856'!M22 -> 63.993 | E19: ='1857'!N4-'1857'!M4+'1857'!N6-'1857'!M6+'1857'!N8-'1857'!M8+'1857'!N10-'1857'!M10+'1857'!N12-'1857'!M12+'1857'!N14-'1857'!M14+'1857'!N16-'1857'!M16+'1857'!N18-'1857'!M18+'1857'!N20-'1857'!M20+'1857'!N22-'1857'!M22 -> 81.641 | G19: =1-B19/B20 -> 0.075421133 | H19: =1-C19/C20 -> 0.069321608 | I19: =1-D19/D20 -> 0.092297872 | J19: =1-E19/E20 -> 0.079582864
A20: Patní vodoměry | B20: ='1854'!N26-'1854'!M26 -> 65.3 | C20: ='1855'!N26-'1855'!M26 -> 79.6 | D20: ='1856'!N26-'1856'!M26 -> 70.5 | E20: ='1857'!N26-'1857'!M26 -> 88.7
A21: Součet patních vodoměrů | B21: =SUM(B20:E20) -> 304.1 | G21: =1-B21/B22 -> -0.18742679 | M21: =B21 -> 304.1 | O21: =1-M21/M22 -> -0.044658193
A22: fakturační vodoměr | B22: ='1854'!N29-'1854'!M29 -> 256.1 | M22: =B22+35 -> 291.1
A23: Teplo - GJ
A24: Náměry bytových kalorimetrů | B24: ='1854'!N5-'1854'!M5+'1854'!N7-'1854'!M7+'1854'!N9-'1854'!M9+'1854'!N11-'1854'!M11+'1854'!N13-'1854'!M13+'1854'!N15-'1854'!M15+'1854'!N17-'1854'!M17+'1854'!N19-'1854'!M19+'1854'!N21-'1854'!M21+'1854'!N23-'1854'!M23 -> 30.723 | C24: ='1855'!N5-'1855'!M5+'1855'!N7-'1855'!M7+'1855'!N9-'1855'!M9+'1855'!N11-'1855'!M11+'1855'!N13-'1855'!M13+'1855'!N15-'1855'!M15+'1855'!N17-'1855'!M17+'1855'!N19-'1855'!M19+'1855'!N21-'1855'!M21+'1855'!N23-'1855'!M23 -> 29.391 | D24: ='1856'!N5-'1856'!M5+'1856'!N7-'1856'!M7+'1856'!N9-'1856'!M9+'1856'!N11-'1856'!M11+'1856'!N13-'1856'!M13+'1856'!N15-'1856'!M15+'1856'!N17-'1856'!M17+'1856'!N19-'1856'!M19+'1856'!N21-'1856'!M21+'1856'!N23-'1856'!M23 -> 25.905 | E24: ='1857'!N5-'1857'!M5+'1857'!N7-'1857'!M7+'1857'!N9-'1857'!M9+'1857'!N11-'1857'!M11+'1857'!N13-'1857'!M13+'1857'!N15-'1857'!M15+'1857'!N17-'1857'!M17+'1857'!N19-'1857'!M19+'1857'!N21-'1857'!M21+'1857'!N23-'1857'!M23 -> 27.939 | G24: =1-B24/B25 -> 0.090497336 | H24: =1-C24/C25 -> 0.097605158 | I24: =1-D24/D25 -> 0.061413043 | J24: =1-E24/E25 -> 0.040885685
A25: Fakturační kalorimetry | B25: =('1854'!N27-'1854'!M27) -> 33.78 | C25: =('1855'!N27-'1855'!M27) -> 32.57 | D25: =('1856'!N27-'1856'!M27) -> 27.6 | E25: =('1857'!N27-'1857'!M27) -> 29.13
A26: Elektřina -
A27: Elektroměr dům | B27: ='1854'!N25-'1854'!M25 -> 321 | C27: ='1855'!N25-'1855'!M25 -> 190 | D27: ='1856'!N25-'1856'!M25 -> 193 | E27: ='1857'!N25-'1857'!M25 -> 331

Sheet S12
A1: Sumář - spotřeba prosinec | B1: ='S1'!B1 -> 2025
N2: Původní vzorce
A3: Voda - m3 | B3: 1850 | C3: 1851 | D3: 1852 | E3: 1853
A4: Náměry bytových vodoměrů | B4: ='1850'!O4-'1850'!N4+'1850'!O6-'1850'!N6+'1850'!O8-'1850'!N8+'1850'!O10-'1850'!N10+'1850'!O12-'1850'!N12+'1850'!O14-'1850'!N14+'1850'!O16-'1850'!N16+'1850'!O18-'1850'!N18+'1850'!O20-'1850'!N20+'1850'!O22-'1850'!N22 -> 78.227 | C4: ='1851'!P4-'1851'!O4+'1851'!P6-'1851'!O6+'1851'!P8-'1851'!O8+'1851'!P10-'1851'!O10+'1851'!P12-'1851'!O12+'1851'!P14-'1851'!O14+'1851'!P16-'1851'!O16+'1851'!P18-'1851'!O18+'1851'!P20-'1851'!O20+'1851'!P22-'1851'!O22+'1851'!P33-'1851'!O33+'1851'!P34-'1851'!O34+'1851'!P35-'1851'!O35+'1851'!P36-'1851'!O36+'1851'!P37-'1851'!O37+'1851'!P40-'1851'!O40+'1851'!P41-'1851'!O41+'1851'!P42-'1851'!O42+'1851'!P43-'1851'!O43+'1851'!P44-'1851'!O44+'1851'!P45-'1851'!O45+'1851'!P46-'1851'!O46+'1851'!P47-'1851'!O47+'1851'!P48-'1851'!O48+'1851'!P49-'1851'!O49 -> 76.092 | D4: ='1852'!O4-'1852'!N4+'1852'!O6-'1852'!N6+'1852'!O8-'1852'!N8+'1852'!O10-'1852'!N10+'1852'!O12-'1852'!N12+'1852'!O14-'1852'!N14+'1852'!O16-'1852'!N16+'1852'!O18-'1852'!N18+'1852'!O20-'1852'!N20+'1852'!O22-'1852'!N22 -> 65.627 | E4: ='1853'!O4-'1853'!N4+'1853'!O6-'1853'!N6+'1853'!O8-'1853'!N8+'1853'!O10-'1853'!N10+'1853'!O12-'1853'!N12+'1853'!O14-'1853'!N14+'1853'!O16-'1853'!N16+'1853'!O18-'1853'!N18+'1853'!O20-'1853'!N20+'1853'!O22-'1853'!N22+'1853'!O26-'1853'!N26 -> 75.294 | G4: =1-B4/B5 -> 0.083992974 | H4: =1-C4/C5 -> 0.090896057 | I4: =1-D4/D5 -> 0.092295989 | J4: =1-E4/E5 -> 0.1325576
A5: Patní vodoměry | B5: ='1850'!O26-'1850'!N26 -> 85.4 | C5: ='1851'!P26-'1851'!O26 -> 83.7 | D5: ='1852'!O26-'1852'!N26 -> 72.3 | E5: ='1853'!O27-'1853'!N27 -> 86.8
A6: Součet patních vodoměrů | B6: =SUM(B5:E5) -> 328.2 | G6: =1-B6/B7 -> 0.051445087
A7: fakturační vodoměr | B7: ='1850'!O29-'1850'!E33+'1850'!E32-'1850'!N29 -> 346 | L7: Nový - od 1.12. | N7: ='1850'!AA29-'1850'!Z29 -> 0
A8: Teplo - GJ
A9: Náměry bytových kalorimetrů | B9: ='1850'!O5-'1850'!N5+'1850'!O7-'1850'!N7+'1850'!O9-'1850'!N9+'1850'!O11-'1850'!N11+'1850'!O13-'1850'!N13+'1850'!O15-'1850'!N15+'1850'!O17-'1850'!N17+'1850'!O19-'1850'!N19+'1850'!O21-'1850'!N21+'1850'!O23-'1850'!N23 -> 32.059 | C9: ='1851'!P5-'1851'!O5+'1851'!P7-'1851'!O7+'1851'!P9-'1851'!O9+'1851'!P11-'1851'!O11+'1851'!P13-'1851'!O13+'1851'!P15-'1851'!O15+'1851'!P17-'1851'!O17+'1851'!P19-'1851'!O19+'1851'!P21-'1851'!O21+'1851'!P23-'1851'!O23 -> 35.037 | D9: ='1852'!O5-'1852'!N5+'1852'!O7-'1852'!N7+'1852'!O9-'1852'!N9+'1852'!O11-'1852'!N11+'1852'!O13-'1852'!N13+'1852'!O15-'1852'!N15+'1852'!O17-'1852'!N17+'1852'!O19-'1852'!N19+'1852'!O21-'1852'!N21+'1852'!O23-'1852'!N23 -> 33.619 | E9: ='1853'!O5-'1853'!N5+'1853'!O7-'1853'!N7+'1853'!O9-'1853'!N9+'1853'!O11-'1853'!N11+'1853'!O13-'1853'!N13+'1853'!O15-'1853'!N15+'1853'!O17-'1853'!N17+'1853'!O19-'1853'!N19+'1853'!O21-'1853'!N21+'1853'!O23-'1853'!N23 -> 30.5 | G9: =1-B9/B10 -> 0.018702173 | H9: =1-C9/C10 -> 0.045313351 | I9: =1-D9/D10 -> 0.002995255 | J9: =1-E9/E10 -> 0.036030341
A10: Fakturační kalorimetry | B10: =('1850'!O27-'1850'!N27) -> 32.67 | C10: =('1851'!P27-'1851'!O27) -> 36.7 | D10: =('1852'!O27-'1852'!N27) -> 33.72 | E10: =('1853'!O28-'1853'!N28) -> 31.64
A11: Elektřina -
A12: Elektroměr dům | B12: ='1850'!O25-'1850'!N25 -> 189 | C12: ='1851'!P24-'1851'!O24 -> 166 | D12: ='1852'!O25-'1852'!N25 -> 287 | E12: ='1853'!O24-'1853'!N24 -> 156
A14: Elektroměr areál | B14: ='1853'!O25-'1853'!N25 -> 386
A15: Vodoměr areál | B15: ='1853'!O26-'1853'!N26 -> 0
L17: Starý | M17: Nový
A18: Voda - m3 | B18: 1854 | C18: 1855 | D18: 1856 | E18: 1857 | L18: 1.-11.12. | M18: 12.-31.12.
A19: Náměry bytových vodoměrů | B19: ='1854'!O4-'1854'!N4+'1854'!O6-'1854'!N6+'1854'!O8-'1854'!N8+'1854'!O10-'1854'!N10+'1854'!O12-'1854'!N12+'1854'!O14-'1854'!N14+'1854'!O16-'1854'!N16+'1854'!O18-'1854'!N18+'1854'!O20-'1854'!N20+'1854'!O22-'1854'!N22 -> 55.087 | C19: ='1855'!O4-'1855'!N4+'1855'!O6-'1855'!N6+'1855'!O8-'1855'!N8+'1855'!O10-'1855'!N10+'1855'!O12-'1855'!N12+'1855'!O14-'1855'!N14+'1855'!O16-'1855'!N16+'1855'!O18-'1855'!N18+'1855'!O20-'1855'!N20+'1855'!O22-'1855'!N22 -> 83.87 | D19: ='1856'!O4-'1856'!N4+'1856'!O6-'1856'!N6+'1856'!O8-'1856'!N8+'1856'!O10-'1856'!N10+'1856'!O12-'1856'!N12+'1856'!O14-'1856'!N14+'1856'!O16-'1856'!N16+'1856'!O18-'1856'!N18+'1856'!O20-'1856'!N20+'1856'!O22-'1856'!N22 -> 67.254 | E19: ='1857'!O4-'1857'!N4+'1857'!O6-'1857'!N6+'1857'!O8-'1857'!N8+'1857'!O10-'1857'!N10+'1857'!O12-'1857'!N12+'1857'!O14-'1857'!N14+'1857'!O16-'1857'!N16+'1857'!O18-'1857'!N18+'1857'!O20-'1857'!N20+'1857'!O22-'1857'!N22 -> 81.277 | G19: =1-B19/B20 -> 0.078812709 | H19: =1-C19/C20 -> 0.063950893 | I19: =1-D19/D20 -> 0.09847185 | J19: =1-E19/E20 -> 0.070057208 | L19: =39.712+63.302+54.127+60.075 -> 217.216 | M19: =1-L19/L20 -> -0.029459716
A20: Patní vodoměry | B20: ='1854'!O26-'1854'!N26 -> 59.8 | C20: ='1855'!O26-'1855'!N26 -> 89.6 | D20: ='1856'!O26-'1856'!N26 -> 74.6 | E20: ='1857'!O26-'1857'!N26 -> 87.4 | L20: 211
A21: Součet patních vodoměrů | B21: =SUM(B20:E20) -> 311.4 | G21: =1-B21/B22 -> -0.032835821 | L21: 94.2 | M21: =1-L21/L22 -> -0.040883978
A22: fakturační vodoměr | B22: ='1854'!O29-'1854'!N35+'1854'!N33-'1854'!N29 -> 301.5 | L22: 90.5 | N22: ='1854'!AA29-'1854'!Z29 -> 0
A23: Teplo - GJ
A24: Náměry bytových kalorimetrů | B24: ='1854'!O5-'1854'!N5+'1854'!O7-'1854'!N7+'1854'!O9-'1854'!N9+'1854'!O11-'1854'!N11+'1854'!O13-'1854'!N13+'1854'!O15-'1854'!N15+'1854'!O17-'1854'!N17+'1854'!O19-'1854'!N19+'1854'!O21-'1854'!N21+'1854'!O23-'1854'!N23 -> 30.816 | C24: ='1855'!O5-'1855'!N5+'1855'!O7-'1855'!N7+'1855'!O9-'1855'!N9+'1855'!O11-'1855'!N11+'1855'!O13-'1855'!N13+'1855'!O15-'1855'!N15+'1855'!O17-'1855'!N17+'1855'!O19-'1855'!N19+'1855'!O21-'1855'!N21+'1855'!O23-'1855'!N23 -> 32.458 | D24: ='1856'!O5-'1856'!N5+'1856'!O7-'1856'!N7+'1856'!O9-'1856'!N9+'1856'!O11-'1856'!N11+'1856'!O13-'1856'!N13+'1856'!O15-'1856'!N15+'1856'!O17-'1856'!N17+'1856'!O19-'1856'!N19+'1856'!O21-'1856'!N21+'1856'!O23-'1856'!N23 -> 30.441 | E24: ='1857'!O5-'1857'!N5+'1857'!O7-'1857'!N7+'1857'!O9-'1857'!N9+'1857'!O11-'1857'!N11+'1857'!O13-'1857'!N13+'1857'!O15-'1857'!N15+'1857'!O17-'1857'!N17+'1857'!O19-'1857'!N19+'1857'!O21-'1857'!N21+'1857'!O23-'1857'!N23 -> 33.521 | G24: =1-B24/B25 -> 0.083130021 | H24: =1-C24/C25 -> 0.11437926 | I24: =1-D24/D25 -> 0.058428704 | J24: =1-E24/E25 -> 0.074772288
A25: Fakturační kalorimetry | B25: =('1854'!O27-'1854'!N27) -> 33.61 | C25: =('1855'!O27-'1855'!N27) -> 36.65 | D25: =('1856'!O27-'1856'!N27) -> 32.33 | E25: =('1857'!O27-'1857'!N27) -> 36.23
A26: Elektřina -
A27: Elektroměr dům | B27: ='1854'!O25-'1854'!N25 -> 257 | C27: ='1855'!O25-'1855'!N25 -> 376 | D27: ='1856'!O25-'1856'!N25 -> 181 | E27: ='1857'!O25-'1857'!N25 -> 201

Sheet Rozdíly (2)
A1: Přehled rozdílů a ztrát za teplo v GJ
C3: 1850 | F3: 51 | I3: 52 | L3: 53 | O3: 54 | R3: 55 | U3: 56 | X3: 57
C4: 1850 | F4: 1851 | I4: 1852 | L4: 1853 | O4: 1854 | R4: 1855 | U4: 1856 | X4: 1857
C5: odečet | D5: rozdíl [GJ] | E5: rozdíl [%] | F5: odečet | G5: rozdíl [GJ] | H5: rozdíl [%] | I5: odečet | J5: rozdíl [GJ] | K5: rozdíl [%] | L5: odečet | M5: rozdíl [GJ] | N5: rozdíl [%] | O5: odečet | P5: rozdíl [GJ] | Q5: rozdíl [%] | R5: odečet | S5: rozdíl [GJ] | T5: rozdíl [%] | U5: odečet | V5: rozdíl [GJ] | W5: rozdíl [%] | X5: odečet | Y5: rozdíl [GJ] | Z5: rozdíl [%]
A6: leden | B6: součty kal. | C6: ='S1'!B9 -> 36.019 | D6: ='S1'!B10-'S1'!B9 -> 0.121 | E6: =D6/C7 -> 0.0033480908 | F6: ='S1'!C9 -> 39.395 | G6: ='S1'!C10-'S1'!C9 -> 3.215 | H6: =G6/F7 -> 0.075451772 | I6: ='S1'!D9 -> 38.62 | J6: ='S1'!D10-'S1'!D9 -> -0.28 | K6: =J6/I7 -> -0.0073030777 | L6: ='S1'!E9 -> 35.767 | M6: ='S1'!E10-'S1'!E9 -> 0.883 | N6: =M6/L7 -> 0.024092769 | O6: ='S1'!B24 -> 33.878 | P6: ='S1'!B25-'S1'!B24 -> 2.992 | Q6: =P6/O7 -> 0.081149986 | R6: ='S1'!C24 -> 37.302 | S6: ='S1'!C25-'S1'!C24 -> 2.688 | T6: =S6/R7 -> 0.067216804 | U6: ='S1'!D24 -> 34.162 | V6: ='S1'!D25-'S1'!D24 -> 2.728 | W6: =V6/U7 -> 0.07394958 | X6: ='S1'!E24 -> 37.289 | Y6: ='S1'!E25-'S1'!E24 -> 3.431 | Z6: =Y6/X7 -> 0.08425835
B7: faktur.kal. | C7: ='S1'!B10 -> 36.14 | F7: ='S1'!C10 -> 42.61 | I7: ='S1'!D10 -> 38.34 | L7: ='S1'!E10 -> 36.65 | O7: ='S1'!B25 -> 36.87 | R7: ='S1'!C25 -> 39.99 | U7: ='S1'!D25 -> 36.89 | X7: ='S1'!E25 -> 40.72
A8: únor | B8: součty kal. | C8: ='S2'!B9 -> 28.943 | D8: ='S2'!B10-'S2'!B9 -> 0.637 | E8: =D8/C9 -> 0.021534821 | F8: ='S2'!C9 -> 36.21 | G8: ='S2'!C10-'S2'!C9 -> 3.33 | H8: =G8/F9 -> 0.084218513 | I8: ='S2'!D9 -> 33.208 | J8: ='S2'!D10-'S2'!D9 -> 0.722 | K8: =J8/I9 -> 0.021279104 | L8: ='S2'!E9 -> 30.603 | M8: ='S2'!E10-'S2'!E9 -> 1.787 | N8: =M8/L9 -> 0.055171349 | O8: ='S2'!B24 -> 30.067 | P8: ='S2'!B25-'S2'!B24 -> 2.633 | Q8: =P8/O9 -> 0.080519878 | R8: ='S2'!C24 -> 31.183 | S8: ='S2'!C25-'S2'!C24 -> 2.407 | T8: =S8/R9 -> 0.071658232 | U8: ='S2'!D24 -> 27.949 | V8: ='S2'!D25-'S2'!D24 -> 2.241 | W8: =V8/U9 -> 0.074229877 | X8: ='S2'!E24 -> 31.458 | Y8: ='S2'!E25-'S2'!E24 -> 2.792 | Z8: =Y8/X9 -> 0.081518248
B9: faktur.kal. | C9: ='S2'!B10 -> 29.58 | F9: ='S2'!C10 -> 39.54 | I9: ='S2'!D10 -> 33.93 | L9: ='S2'!E10 -> 32.39 | O9: ='S2'!B25 -> 32.7 | R9: ='S2'!C25 -> 33.59 | U9: ='S2'!D25 -> 30.19 | X9: ='S2'!E25 -> 34.25
A10: březen | B10: součty kal. | C10: ='S3'!B9 -> 19.944 | D10: ='S3'!B10-'S3'!B9 -> -1.924 | E10: =D10/C11 -> -0.10677026 | F10: ='S3'!C9 -> 22.318 | G10: ='S3'!C10-'S3'!C9 -> 0.782 | H10: =G10/F11 -> 0.033852814 | I10: ='S3'!D9 -> 19.343 | J10: ='S3'!D10-'S3'!D9 -> 0.227 | K10: =J10/I11 -> 0.011599387 | L10: ='S3'!E9 -> 18.358 | M10: ='S3'!E10-'S3'!E9 -> 0.292 | N10: =M10/L11 -> 0.015656836 | O10: ='S3'!B24 -> 21.788 | P10: ='S3'!B25-'S3'!B24 -> 2.882 | Q10: =P10/O11 -> 0.11682205 | R10: ='S3'!C24 -> 19.909 | S10: ='S3'!C25-'S3'!C24 -> 1.961 | T10: =S10/R11 -> 0.089666209 | U10: ='S3'!D24 -> 18.22 | V10: ='S3'!D25-'S3'!D24 -> 1.03 | W10: =V10/U11 -> 0.053506494 | X10: ='S3'!E24 -> 18.534 | Y10: ='S3'!E25-'S3'!E24 -> 1.396 | Z10: =Y10/X11 -> 0.070045158
B11: faktur.kal. | C11: ='S3'!B10 -> 18.02 | F11: ='S3'!C10 -> 23.1 | I11: ='S3'!D10 -> 19.57 | L11: ='S3'!E10 -> 18.65 | O11: ='S3'!B25 -> 24.67 | R11: ='S3'!C25 -> 21.87 | U11: ='S3'!D25 -> 19.25 | X11: ='S3'!E25 -> 19.93
A12: duben | B12: součty kal. | C12: ='S4'!B9 -> 8.619 | D12: ='S4'!B10-'S4'!B9 -> -2.389 | E12: =D12/C13 -> -0.38346709 | F12: ='S4'!C9 -> 11.775 | G12: ='S4'!C10-'S4'!C9 -> 0.805 | H12: =G12/F13 -> 0.063990461 | I12: ='S4'!D9 -> 10.931 | J12: ='S4'!D10-'S4'!D9 -> -2.211 | K12: =J12/I13 -> -0.25355505 | L12: ='S4'!E9 -> 9.058 | M12: ='S4'!E10-'S4'!E9 -> -0.438 | N12: =M12/L13 -> -0.050812065 | O12: ='S4'!B24 -> 11.624 | P12: ='S4'!B25-'S4'!B24 -> 1.106 | Q12: =P12/O13 -> 0.086881383 | R12: ='S4'!C24 -> 10.236 | S12: ='S4'!C25-'S4'!C24 -> 0.774 | T12: =S12/R13 -> 0.070299728 | U12: ='S4'!D24 -> 7.938 | V12: ='S4'!D25-'S4'!D24 -> -0.318 | W12: =V12/U13 -> -0.041732283 | X12: ='S4'!E24 -> 8.969 | Y12: ='S4'!E25-'S4'!E24 -> -0.289 | Z12: =Y12/X13 -> -0.033294931
B13: faktur.kal. | C13: ='S4'!B10 -> 6.23 | F13: ='S4'!C10 -> 12.58 | I13: ='S4'!D10 -> 8.72 | L13: ='S4'!E10 -> 8.62 | O13: ='S4'!B25 -> 12.73 | R13: ='S4'!C25 -> 11.01 | U13: ='S4'!D25 -> 7.62 | X13: ='S4'!E25 -> 8.68
A14: květen | B14: součty kal. | C14: ='S5'!B9 -> 5.768 | D14: ='S5'!B10-'S5'!B9 -> -2.418 | E14: =D14/C15 -> -0.72179104 | F14: ='S5'!C9 -> 7.08 | G14: ='S5'!C10-'S5'!C9 -> 1.34 | H14: =G14/F15 -> 0.15914489 | I14: ='S5'!D9 -> 6.226 | J14: ='S5'!D10-'S5'!D9 -> -1.286 | K14: =J14/I15 -> -0.26032389 | L14: ='S5'!E9 -> 5.168 | M14: ='S5'!E10-'S5'!E9 -> -0.668 | N14: =M14/L15 -> -0.14844444 | O14: ='S5'!B24 -> 6.574 | P14: ='S5'!B25-'S5'!B24 -> -0.094 | Q14: =P14/O15 -> -0.014506173 | R14: ='S5'!C24 -> 6.838 | S14: ='S5'!C25-'S5'!C24 -> 0.232 | T14: =S14/R15 -> 0.03281471 | U14: ='S5'!D24 -> 5.529 | V14: ='S5'!D25-'S5'!D24 -> -0.519 | W14: =V14/U15 -> -0.10359281 | X14: ='S5'!E24 -> 6.741 | Y14: ='S5'!E25-'S5'!E24 -> -0.591 | Z14: =Y14/X15 -> -0.096097561
B15: faktur.kal. | C15: ='S5'!B10 -> 3.35 | F15: ='S5'!C10 -> 8.42 | I15: ='S5'!D10 -> 4.94 | L15: ='S5'!E10 -> 4.5 | O15: ='S5'!B25 -> 6.48 | R15: ='S5'!C25 -> 7.07 | U15: ='S5'!D25 -> 5.01 | X15: ='S5'!E25 -> 6.15
A16: červen | B16: součty kal. | C16: ='S6'!B9 -> 4.565 | D16: ='S6'!B10-'S6'!B9 -> -1.815 | E16: =D16/C17 -> -0.66 | F16: ='S6'!C9 -> 4.784 | G16: ='S6'!C10-'S6'!C9 -> 1.476 | H16: =G16/F17 -> 0.23578275 | I16: ='S6'!D9 -> 4.46 | J16: ='S6'!D10-'S6'!D9 -> -1.13 | K16: =J16/I17 -> -0.33933934 | L16: ='S6'!E9 -> 3.567 | M16: ='S6'!E10-'S6'!E9 -> -0.627 | N16: =M16/L17 -> -0.21326531 | O16: ='S6'!B24 -> 3.163 | P16: ='S6'!B25-'S6'!B24 -> -0.243 | Q16: =P16/O17 -> -0.083219178 | R16: ='S6'!C24 -> 3.285 | S16: ='S6'!C25-'S6'!C24 -> -0.345 | T16: =S16/R17 -> -0.11734694 | U16: ='S6'!D24 -> 3.344 | V16: ='S6'!D25-'S6'!D24 -> -0.664 | W16: =V16/U17 -> -0.24776119 | X16: ='S6'!E24 -> 3.916 | Y16: ='S6'!E25-'S6'!E24 -> -0.896 | Z16: =Y16/X17 -> -0.29668874
B17: faktur.kal. | C17: ='S6'!B10 -> 2.75 | F17: ='S6'!C10 -> 6.26 | I17: ='S6'!D10 -> 3.33 | L17: ='S6'!E10 -> 2.94 | O17: ='S6'!B25 -> 2.92 | R17: ='S6'!C25 -> 2.94 | U17: ='S6'!D25 -> 2.68 | X17: ='S6'!E25 -> 3.02
A18: červenec | B18: součty kal. | C18: ='S7'!B9 -> 3.736 | D18: ='S7'!B10-'S7'!B9 -> -1.636 | E18: =D18/C19 -> -0.77904762 | F18: ='S7'!C9 -> 4.35 | G18: ='S7'!C10-'S7'!C9 -> 1.03 | H18: =G18/F19 -> 0.19144981 | I18: ='S7'!D9 -> 4.021 | J18: ='S7'!D10-'S7'!D9 -> -1.071 | K18: =J18/I19 -> -0.36305085 | L18: ='S7'!E9 -> 2.937 | M18: ='S7'!E10-'S7'!E9 -> -0.577 | N18: =M18/L19 -> -0.24449153 | O18: ='S7'!B24 -> 3.061 | P18: ='S7'!B25-'S7'!B24 -> -0.351 | Q18: =P18/O19 -> -0.1295203 | R18: ='S7'!C24 -> 2.87 | S18: ='S7'!C25-'S7'!C24 -> -0.3 | T18: =S18/R19 -> -0.11673152 | U18: ='S7'!D24 -> 2.62 | V18: ='S7'!D25-'S7'!D24 -> -0.64 | W18: =V18/U19 -> -0.32323232 | X18: ='S7'!E24 -> 3.195 | Y18: ='S7'!E25-'S7'!E24 -> -0.815 | Z18: =Y18/X19 -> -0.34243697
B19: faktur.kal. | C19: ='S7'!B10 -> 2.1 | F19: ='S7'!C10 -> 5.38 | I19: ='S7'!D10 -> 2.95 | L19: ='S7'!E10 -> 2.36 | O19: ='S7'!B25 -> 2.71 | R19: ='S7'!C25 -> 2.57 | U19: ='S7'!D25 -> 1.98 | X19: ='S7'!E25 -> 2.38
A20: srpen | B20: součty kal. | C20: ='S8'!B9 -> 4.188 | D20: ='S8'!B10-'S8'!B9 -> -2.128 | E20: =D20/C21 -> -1.0330097 | F20: ='S8'!C9 -> 4.598 | G20: ='S8'!C10-'S8'!C9 -> -0.288 | H20: =G20/F21 -> -0.066821346 | I20: ='S8'!D9 -> 4.407 | J20: ='S8'!D10-'S8'!D9 -> -1.197 | K20: =J20/I21 -> -0.3728972 | L20: ='S8'!E9 -> 3.67 | M20: ='S8'!E10-'S8'!E9 -> -0.56 | N20: =M20/L21 -> -0.18006431 | O20: ='S8'!B24 -> 3.41 | P20: ='S8'!B25-'S8'!B24 -> -0.57 | Q20: =P20/O21 -> -0.20070423 | R20: ='S8'!C24 -> 3.407 | S20: ='S8'!C25-'S8'!C24 -> -0.217 | T20: =S20/R21 -> -0.068025078 | U20: ='S8'!D24 -> 2.983 | V20: ='S8'!D25-'S8'!D24 -> -0.643 | W20: =V20/U21 -> -0.27478632 | X20: ='S8'!E24 -> 3.448 | Y20: ='S8'!E25-'S8'!E24 -> -0.918 | Z20: =Y20/X21 -> -0.36284585
B21: faktur.kal. | C21: ='S8'!B10 -> 2.06 | F21: ='S8'!C10 -> 4.31 | I21: ='S8'!D10 -> 3.21 | L21: ='S8'!E10 -> 3.11 | O21: ='S8'!B25 -> 2.84 | R21: ='S8'!C25 -> 3.19 | U21: ='S8'!D25 -> 2.34 | X21: ='S8'!E25 -> 2.53
A22: září | B22: součty kal. | C22: ='S9'!B9 -> 4.421 | D22: ='S9'!B10-'S9'!B9 -> -1.761 | E22: =D22/C23 -> -0.66203008 | F22: ='S9'!C9 -> 5.574 | G22: ='S9'!C10-'S9'!C9 -> 1.726 | H22: =G22/F23 -> 0.23643836 | I22: ='S9'!D9 -> 5.913 | J22: ='S9'!D10-'S9'!D9 -> -1.103 | K22: =J22/I23 -> -0.22931393 | L22: ='S9'!E9 -> 4.665 | M22: ='S9'!E10-'S9'!E9 -> -0.575 | N22: =M22/L23 -> -0.1405868 | O22: ='S9'!B24 -> 5.435 | P22: ='S9'!B25-'S9'!B24 -> 1.115 | Q22: =P22/O23 -> 0.17022901 | R22: ='S9'!C24 -> 5.166 | S22: ='S9'!C25-'S9'!C24 -> 0.114 | T22: =S22/R23 -> 0.021590909 | U22: ='S9'!D24 -> 3.804 | V22: ='S9'!D25-'S9'!D24 -> -0.564 | W22: =V22/U23 -> -0.17407407 | X22: ='S9'!E24 -> 5.07 | Y22: ='S9'!E25-'S9'!E24 -> -0.56 | Z22: =Y22/X23 -> -0.12416851
B23: faktur.kal. | C23: ='S9'!B10 -> 2.66 | F23: ='S9'!C10 -> 7.3 | I23: ='S9'!D10 -> 4.81 | L23: ='S9'!E10 -> 4.09 | O23: ='S9'!B25 -> 6.55 | R23: ='S9'!C25 -> 5.28 | U23: ='S9'!D25 -> 3.24 | X23: ='S9'!E25 -> 4.51
A24: říjen | B24: součty kal. | C24: ='S10'!B9 -> 10.338 | D24: ='S10'!B10-'S10'!B9 -> -1.758 | E24: =D24/C25 -> -0.2048951 | F24: ='S10'!C9 -> 15.517 | G24: ='S10'!C10-'S10'!C9 -> 0.073 | H24: =G24/F25 -> 0.0046824888 | I24: ='S10'!D9 -> 13.366 | J24: ='S10'!D10-'S10'!D9 -> -1.526 | K24: =J24/I25 -> -0.12888514 | L24: ='S10'!E9 -> 12.242 | M24: ='S10'!E10-'S10'!E9 -> -0.072 | N24: =M24/L25 -> -0.0059161873 | O24: ='S10'!B24 -> 17.326 | P24: ='S10'!B25-'S10'!B24 -> 2.344 | Q24: =P24/O25 -> 0.11916624 | R24: ='S10'!C24 -> 13.246 | S24: ='S10'!C25-'S10'!C24 -> 1.524 | T24: =S24/R25 -> 0.10318213 | U24: ='S10'!D24 -> 10.716 | V24: ='S10'!D25-'S10'!D24 -> 0.284 | W24: =V24/U25 -> 0.025818182 | X24: ='S10'!E24 -> 12.665 | Y24: ='S10'!E25-'S10'!E24 -> 0.125 | Z24: =Y24/X25 -> 0.0097732604
B25: faktur.kal. | C25: ='S10'!B10 -> 8.58 | F25: ='S10'!C10 -> 15.59 | I25: ='S10'!D10 -> 11.84 | L25: ='S10'!E10 -> 12.17 | O25: ='S10'!B25 -> 19.67 | R25: ='S10'!C25 -> 14.77 | U25: ='S10'!D25 -> 11 | X25: ='S10'!E25 -> 12.79
A26: listopad | B26: součty kal. | C26: ='S11'!B9 -> 27.651 | D26: ='S11'!B10-'S11'!B9 -> 0.069 | E26: =D26/C27 -> 0.0024891775 | F26: ='S11'!C9 -> 30.589 | G26: ='S11'!C10-'S11'!C9 -> 0.371 | H26: =G26/F27 -> 0.011983204 | I26: ='S11'!D9 -> 31.077 | J26: ='S11'!D10-'S11'!D9 -> -0.667 | K26: =J26/I27 -> -0.021933574 | L26: ='S11'!E9 -> 26.808 | M26: ='S11'!E10-'S11'!E9 -> 0.522 | N26: =M26/L27 -> 0.01909989 | O26: ='S11'!B24 -> 30.723 | P26: ='S11'!B25-'S11'!B24 -> 3.057 | Q26: =P26/O27 -> 0.090497336 | R26: ='S11'!C24 -> 29.391 | S26: ='S11'!C25-'S11'!C24 -> 3.179 | T26: =S26/R27 -> 0.097605158 | U26: ='S11'!D24 -> 25.905 | V26: ='S11'!D25-'S11'!D24 -> 1.695 | W26: =V26/U27 -> 0.061413043 | X26: ='S11'!E24 -> 27.939 | Y26: ='S11'!E25-'S11'!E24 -> 1.191 | Z26: =Y26/X27 -> 0.040885685
B27: faktur.kal. | C27: ='S11'!B10 -> 27.72 | F27: ='S11'!C10 -> 30.96 | I27: ='S11'!D10 -> 30.41 | L27: ='S11'!E10 -> 27.33 | O27: ='S11'!B25 -> 33.78 | R27: ='S11'!C25 -> 32.57 | U27: ='S11'!D25 -> 27.6 | X27: ='S11'!E25 -> 29.13
A28: prosinec | B28: součty kal. | C28: ='S12'!B9 -> 32.059 | D28: ='S12'!B10-'S12'!B9 -> 0.611 | E28: =D28/C29 -> 0.018702173 | F28: ='S12'!C9 -> 35.037 | G28: ='S12'!C10-'S12'!C9 -> 1.663 | H28: =G28/F29 -> 0.045313351 | I28: ='S12'!D9 -> 33.619 | J28: ='S12'!D10-'S12'!D9 -> 0.101 | K28: =J28/I29 -> 0.002995255 | L28: ='S12'!E9 -> 30.5 | M28: ='S12'!E10-'S12'!E9 -> 1.14 | N28: =M28/L29 -> 0.036030341 | O28: ='S12'!B24 -> 30.816 | P28: ='S12'!B25-'S12'!B24 -> 2.794 | Q28: =P28/O29 -> 0.083130021 | R28: ='S12'!C24 -> 32.458 | S28: ='S12'!C25-'S12'!C24 -> 4.192 | T28: =S28/R29 -> 0.11437926 | U28: ='S12'!D24 -> 30.441 | V28: ='S12'!D25-'S12'!D24 -> 1.889 | W28: =V28/U29 -> 0.058428704 | X28: ='S12'!E24 -> 33.521 | Y28: ='S12'!E25-'S12'!E24 -> 2.709 | Z28: =Y28/X29 -> 0.074772288
B29: faktur.kal. | C29: ='S12'!B10 -> 32.67 | F29: ='S12'!C10 -> 36.7 | I29: ='S12'!D10 -> 33.72 | L29: ='S12'!E10 -> 31.64 | O29: ='S12'!B25 -> 33.61 | R29: ='S12'!C25 -> 36.65 | U29: ='S12'!D25 -> 32.33 | X29: ='S12'!E25 -> 36.23
A31: CELKEM ROZDÍL v GJ | D31: =SUM(D6:D29) -> -14.391 | G31: =SUM(G6:G29) -> 15.523 | J31: =SUM(J6:J29) -> -9.421 | M31: =SUM(M6:M29) -> 1.107 | P31: =SUM(P6:P29) -> 17.665 | S31: =SUM(S6:S29) -> 16.209 | V31: =SUM(V6:V29) -> 6.519 | Y31: =SUM(Y6:Y29) -> 7.575
A33: CELKEM ROZDÍL v % | D33: =(D6+D8+D10+D12+D14+D16+D18+D20+D22+D24+D26+D28)/(C7+C9+C11+C13+C15+C17+C19+C21+C23+C25+C27+C29) -> -0.083736762 | G33: =(G6+G8+G10+G12+G14+G16+G18+G20+G22+G24+G26+G28)/(F7+F9+F11+F13+F15+F17+F19+F21+F23+F25+F27+F29) -> 0.066693878 | J33: =(J6+J8+J10+J12+J14+J16+J18+J20+J22+J24+J26+J28)/(I7+I9+I11+I13+I15+I17+I19+I21+I23+I25+I27+I29) -> -0.048122797 | M33: =(M6+M8+M10+M12+M14+M16+M18+M20+M22+M24+M26+M28)/(L7+L9+L11+L13+L15+L17+L19+L21+L23+L25+L27+L29) -> 0.0060016265 | P33: =(P6+P8+P10+P12+P14+P16+P18+P20+P22+P24+P26+P28)/(O7+O9+O11+O13+O15+O17+O19+O21+O23+O25+O27+O29) -> 0.081960748 | S33: =(S6+S8+S10+S12+S14+S16+S18+S20+S22+S24+S26+S28)/(R7+R9+R11+R13+R15+R17+R19+R21+R23+R25+R27+R29) -> 0.076638298 | V33: =(V6+V8+V10+V12+V14+V16+V18+V20+V22+V24+V26+V28)/(U7+U9+U11+U13+U15+U17+U19+U21+U23+U25+U27+U29) -> 0.036190529 | Y33: =(Y6+Y8+Y10+Y12+Y14+Y16+Y18+Y20+Y22+Y24+Y26+Y28)/(X7+X9+X11+X13+X15+X17+X19+X21+X23+X25+X27+X29) -> 0.037814497
D34: 1850 | G34: 1851 | J34: 1852 | M34: 1853 | P34: 1854 | S34: 1855 | V34: 1856 | Y34: 1857

Sheet S 2025
A1: Sumář - spotřeba rok | B1: ='S1'!B1 -> 2025
A3: Voda - m3 | B3: 1850 | C3: 1851 | D3: 1852 | E3: 1853
A4: Náměry bytových vodoměrů | B4: ='S1'!B4+'S2'!B4+'S3'!B4+'S4'!B4+'S5'!B4+'S6'!B4+'S7'!B4+'S8'!B4+'S9'!B4+'S10'!B4+'S11'!B4+'S12'!B4 -> 840.427 | C4: ='S1'!C4+'S2'!C4+'S3'!C4+'S4'!C4+'S5'!C4+'S6'!C4+'S7'!C4+'S8'!C4+'S9'!C4+'S10'!C4+'S11'!C4+'S12'!C4 -> 952.79 | D4: ='S1'!D4+'S2'!D4+'S3'!D4+'S4'!D4+'S5'!D4+'S6'!D4+'S7'!D4+'S8'!D4+'S9'!D4+'S10'!D4+'S11'!D4+'S12'!D4 -> 904.583 | E4: ='S1'!E4+'S2'!E4+'S3'!E4+'S4'!E4+'S5'!E4+'S6'!E4+'S7'!E4+'S8'!E4+'S9'!E4+'S10'!E4+'S11'!E4+'S12'!E4 -> 965.971 | H4: ='1853'!P24 -> 860.322 | I4: byty 1853 bez zahrady
A5: Patní vodoměry | B5: ='1850'!O26-'1850'!C26 -> 917.5 | C5: ='1851'!P26-'1851'!D26 -> 1038.8 | D5: ='1852'!O26-'1852'!C26 -> 993.8 | E5: ='1853'!O27-'1853'!C27 -> 1082.4 | G5: z toho do | H5: =E5-C15 -> 976.4 | I5: pro byty 1853 | J5: se solí | K5: vodné + stočné | O5: Kontrola
A6: Součet patních vodoměrů | B6: =SUM(B5:E5) -> 4032.5 | G6: vyúčtování | H6: =C15 -> 106 | I6: pro zahradu | J6: bez soli | K6: vodné | O6: =B6-H6 -> 3926.5 | P6: součet pat bez zahrady
A7: fakturační vodoměr | B7: ='1850'!O29-'1850'!C29 -> 37353 | G7: z toho do | H7: =B7-C15 -> 37247 | I7: pro domy 1850 - 1853 | K7: vodné + stočné
A8: Teplo - GJ | G8: vyúčtování | H8: =C15 -> 106 | I8: pro zahradu | K8: vodné
A9: Náměry bytových kalorimetrů | B9: ='S1'!B9+'S2'!B9+'S3'!B9+'S4'!B9+'S5'!B9+'S6'!B9+'S7'!B9+'S8'!B9+'S9'!B9+'S10'!B9+'S11'!B9+'S12'!B9 -> 186.251 | C9: ='S1'!C9+'S2'!C9+'S3'!C9+'S4'!C9+'S5'!C9+'S6'!C9+'S7'!C9+'S8'!C9+'S9'!C9+'S10'!C9+'S11'!C9+'S12'!C9 -> 217.227 | D9: ='S1'!D9+'S2'!D9+'S3'!D9+'S4'!D9+'S5'!D9+'S6'!D9+'S7'!D9+'S8'!D9+'S9'!D9+'S10'!D9+'S11'!D9+'S12'!D9 -> 205.191 | E9: ='S1'!E9+'S2'!E9+'S3'!E9+'S4'!E9+'S5'!E9+'S6'!E9+'S7'!E9+'S8'!E9+'S9'!E9+'S10'!E9+'S11'!E9+'S12'!E9 -> 183.343 | O9: Bez stočného
A10: Fakturační kalorimetry | B10: =('1850'!O27-'1850'!C27) -> 171.86 | C10: =('1851'!P27-'1851'!D27) -> 232.75 | D10: =('1852'!O27-'1852'!C27) -> 195.77 | E10: =('1853'!O28-'1853'!C28) -> 184.45 | I10: Spotřeby dle zahradních poměr.vodoměrů | O10: Pro fakturaci | R10: Kontrola:
A11: Elektřina - | I11: Odběrné místo | J11: počátek | K11: konec | L11: rozdíl | O11: Přepočet spotřeb | R11: Zahrada hlavní vod. 1851
A12: Elektroměr dům | B12: ='1850'!O25-'1850'!E35+'1850'!E34-'1850'!C25 -> 2252 | C12: ='1851'!P24-'1851'!I58+'1851'!I57-'1851'!D24 -> 2248 | D12: ='1852'!O25-'1852'!H37+'1852'!H36-'1852'!C25 -> 2282 | E12: ='1853'!O24-'1853'!H37+'1853'!H36-'1853'!C24 -> 2133 | H12: 1851/1 | I12: Šmejcká | J12: 0 | K12: 5.526 | L12: =K12-J12 -> 5.526 | M12: m3 | O12: =L$30/L$29*L12 -> 6.699944 | P12: m3 | R12: počátek | S12: konec | T12: rozdíl
H13: 1851/2 | I13: Šmejcká | J13: 0 | K13: 2.345 | L13: =K13-J13 -> 2.345 | M13: m3 | O13: =L$30/L$29*L13 -> 2.843172 | P13: m3 | R13: 51.387 | S13: 59.2 | T13: =S13-R13 -> 7.813
