Workbook

Sheet 1850
A2: 1850 | C2: 44927 | D2: 44958 | E2: 44986 | F2: 45017 | G2: 45047 | H2: 45078 | I2: 45111 | J2: 45139 | K2: 45170 | L2: 45201 | M2: 45231 | N2: 45261 | O2: 45292 | P2: voda | Q2: teplo | R2: Elektr | Y2: spotřeby po měsících
A3: byt č. | C3: prosinec | D3: leden | E3: únor | F3: březen | G3: duben | H3: květen | I3: červen | J3: červenec | K3: srpen | L3: září | M3: říjen | N3: listopad | O3: prosinec | P3: m3 | Q3: GJ | R3: KWh | T3: byt | U3: leden | V3: únor | W3: březen | X3: duben | Y3: květen | Z3: červen | AA3: červenec | AB3: srpen | AC3: září | AD3: říjen | AE3: listopad | AF3: prosinec
A4: 1 | B4: vodoměr č. 190834092 | C4: 39.227 | D4: 40.223 | E4: 40.773 | F4: 41.702 | G4: 43.002 | H4: 44.232 | I4: 45.192 | J4: 45.843 | K4: 46.564 | L4: 47.082 | M4: 48.091 | N4: 48.753 | O4: 49.332 | P4: =O4-C4 -> 10.105 | T4: 1 | U4: =D4-C4 -> 0.996 | V4: =E4-D4 -> 0.55 | W4: =F4-E4 -> 0.929 | X4: =G4-F4 -> 1.3 | Y4: =H4-G4 -> 1.23 | Z4: =I4-H4 -> 0.96 | AA4: =J4-I4 -> 0.651 | AB4: =K4-J4 -> 0.721 | ... AF4: =O4-N4 -> 0.579
B5: kalorimetr č. 71182278 | C5: 22.65 | D5: 27.016 | E5: 30.764 | F5: 33.454 | G5: 35.818 | H5: 36.098 | I5: 36.324 | J5: 36.492 | K5: 36.67 | L5: 36.876 | M5: 37.159 | N5: 40.161 | O5: 44.448 | Q5: =O5-C5 -> 21.798
A6: 2 | B6: vodoměr č. 190834090 | C6: 578.873 | D6: 592.362 | E6: 606.454 | F6: 622.004 | G6: 636.66 | H6: 648.853 | I6: 664.53 | J6: 671.838 | K6: 682.518 | L6: 694.912 | M6: 708.928 | N6: 722.705 | O6: 739.504 | P6: =O6-C6 -> 160.631 | T6: 2 | U6: =D6-C6 -> 13.489 | V6: =E6-D6 -> 14.092 | W6: =F6-E6 -> 15.55 | X6: =G6-F6 -> 14.656 | Y6: =H6-G6 -> 12.193 | Z6: =I6-H6 -> 15.677 | AA6: =J6-I6 -> 7.308 | AB6: =K6-J6 -> 10.68 | ... AF6: =O6-N6 -> 16.799
B7: kalorimetr č. 71182225 | C7: 36.202 | D7: 39.783 | E7: 43.194 | F7: 46.29 | G7: 47.866 | H7: 48.645 | I7: 49.471 | J7: 49.7 | K7: 50.03 | L7: 50.502 | M7: 51.281 | N7: 53.585 | O7: 57.354 | Q7: =O7-C7 -> 21.152
A8: 3 | B8: vodoměr č. 190834097 | C8: 228.181 | D8: 232.665 | E8: 238.142 | F8: 244.605 | G8: 250.567 | H8: 255.566 | I8: 261.191 | J8: 265.898 | K8: 271.425 | L8: 275.382 | M8: 280.638 | N8: 286.218 | O8: 291.679 | P8: =O8-C8 -> 63.498 | T8: 3 | U8: =D8-C8 -> 4.484 | V8: =E8-D8 -> 5.477 | W8: =F8-E8 -> 6.463 | X8: =G8-F8 -> 5.962 | Y8: =H8-G8 -> 4.999 | Z8: =I8-H8 -> 5.625 | AA8: =J8-I8 -> 4.707 | AB8: =K8-J8 -> 5.527 | ... AF8: =O8-N8 -> 5.461
B9: kalorimetr č. 71182284 | C9: 24.945 | D9: 28.477 | E9: 31.366 | F9: 34.132 | G9: 35.142 | H9: 35.556 | I9: 35.984 | J9: 36.285 | K9: 36.603 | L9: 36.914 | M9: 37.778 | N9: 40.102 | O9: 43.117 | Q9: =O9-C9 -> 18.172
A10: 4 | B10: vodoměr č. 190834098 | C10: 346.182 | D10: 355.512 | E10: 364.629 | F10: 373.855 | G10: 381.77 | H10: 390.246 | I10: 397.679 | J10: 401.115 | K10: 408.557 | L10: 416.041 | M10: 425.516 | N10: 434.38 | O10: 443.676 | P10: =O10-C10 -> 97.494 | T10: 4 | U10: =D10-C10 -> 9.33 | V10: =E10-D10 -> 9.117 | W10: =F10-E10 -> 9.226 | X10: =G10-F10 -> 7.915 | Y10: =H10-G10 -> 8.476 | Z10: =I10-H10 -> 7.433 | AA10: =J10-I10 -> 3.436 | AB10: =K10-J10 -> 7.442 | ... AF10: =O10-N10 -> 9.296
B11: kalorimetr č. 71182235 | C11: 18.402 | D11: 20.053 | E11: 21.769 | F11: 23.179 | G11: 24.183 | H11: 25.07 | I11: 25.605 | J11: 25.856 | K11: 26.31 | L11: 26.812 | M11: 27.585 | N11: 28.571 | O11: 29.642 | Q11: =O11-C11 -> 11.24
A12: 5 | B12: vodoměr č. 190834095 | C12: 262.861 | D12: 270.84 | E12: 278.268 | F12: 286.909 | G12: 293.502 | H12: 302.7 | I12: 312.13 | J12: 315.978 | K12: 323.69 | L12: 330.52 | M12: 339.726 | N12: 349.25 | O12: 357.076 | P12: =O12-C12 -> 94.215 | T12: 5 | U12: =D12-C12 -> 7.979 | V12: =E12-D12 -> 7.428 | W12: =F12-E12 -> 8.641 | X12: =G12-F12 -> 6.593 | Y12: =H12-G12 -> 9.198 | Z12: =I12-H12 -> 9.43 | AA12: =J12-I12 -> 3.848 | AB12: =K12-J12 -> 7.712 | ... AF12: =O12-N12 -> 7.826
B13: kalorimetr č. 71182238 | C13: 20.438 | D13: 23.405 | E13: 25.959 | F13: 28.095 | G13: 29.54 | H13: 30.187 | I13: 30.813 | J13: 31.078 | K13: 31.463 | L13: 31.921 | M13: 32.77 | N13: 34.996 | O13: 37.944 | Q13: =O13-C13 -> 17.506
A14: 6 | B14: vodoměr č. 190834099 | C14: 304.032 | D14: 311.117 | E14: 317.102 | F14: 324.063 | G14: 329.126 | H14: 334.665 | I14: 341.323 | J14: 347.259 | K14: 353.092 | L14: 359.684 | M14: 366.125 | N14: 370.643 | O14: 375.966 | P14: =O14-C14 -> 71.934 | T14: 6 | U14: =D14-C14 -> 7.085 | V14: =E14-D14 -> 5.985 | W14: =F14-E14 -> 6.961 | X14: =G14-F14 -> 5.063 | Y14: =H14-G14 -> 5.539 | Z14: =I14-H14 -> 6.658 | AA14: =J14-I14 -> 5.936 | AB14: =K14-J14 -> 5.833 | ... AF14: =O14-N14 -> 5.323
B15: kalorimetr č. 71182269 | C15: 36.339 | D15: 41.109 | E15: 45.095 | F15: 48.459 | G15: 50.694 | H15: 51.202 | I15: 51.725 | J15: 52.116 | K15: 52.46 | L15: 52.891 | M15: 53.816 | N15: 57.839 | O15: 63.645 | Q15: =O15-C15 -> 27.306
A16: 7 | B16: vodoměr č. 190834102 | C16: 52.604 | D16: 53.712 | E16: 54.892 | F16: 56.126 | G16: 57.385 | H16: 58.69 | I16: 60.203 | J16: 61.207 | K16: 62.383 | L16: 63.644 | M16: 65.174 | N16: 66.787 | O16: 68.381 | P16: =O16-C16 -> 15.777 | T16: 7 | U16: =D16-C16 -> 1.108 | V16: =E16-D16 -> 1.18 | W16: =F16-E16 -> 1.234 | X16: =G16-F16 -> 1.259 | Y16: =H16-G16 -> 1.305 | Z16: =I16-H16 -> 1.513 | AA16: =J16-I16 -> 1.004 | AB16: =K16-J16 -> 1.176 | ... AF16: =O16-N16 -> 1.594
B17: kalorimetr č. 71182265 | C17: 9.35 | D17: 10.616 | E17: 11.963 | F17: 12.631 | G17: 12.978 | H17: 13.108 | I17: 13.258 | J17: 13.348 | K17: 13.462 | L17: 13.587 | M17: 13.765 | N17: 14.541 | O17: 16.056 | Q17: =O17-C17 -> 6.706
A18: 8 | B18: vodoměr č. 200015742 | C18: 58.755 | D18: 59.55 | E18: 61.261 | F18: 62.261 | G18: 63.497 | H18: 66.01 | I18: 67.54 | J18: 68.719 | K18: 70.304 | L18: 72.519 | M18: 73.094 | N18: 74.368 | O18: 74.952 | P18: =O18-C18 -> 16.197 | T18: 8 | U18: =D18-C18 -> 0.795 | V18: =E18-D18 -> 1.711 | W18: =F18-E18 -> 1 | X18: =G18-F18 -> 1.236 | Y18: =H18-G18 -> 2.513 | Z18: =I18-H18 -> 1.53 | AA18: =J18-I18 -> 1.179 | AB18: =K18-J18 -> 1.585 | ... AF18: =O18-N18 -> 0.584
B19: kalorimetr č. 71182245 | C19: 29.061 | D19: 32.272 | E19: 35.642 | F19: 38.008 | G19: 39.575 | H19: 40.214 | I19: 40.414 | J19: 40.548 | K19: 40.709 | L19: 40.92 | M19: 41.572 | N19: 44.03 | O19: 47.294 | Q19: =O19-C19 -> 18.233
A20: 9 | B20: vodoměr č. 190834109 | C20: 2.493 | D20: 2.507 | E20: 2.517 | F20: 2.532 | G20: 2.545 | H20: 2.569 | I20: 2.593 | J20: 2.614 | K20: 2.638 | L20: 2.656 | M20: 2.676 | N20: 2.69 | O20: 2.702 | P20: =O20-C20 -> 0.209 | T20: 9 | U20: =D20-C20 -> 0.014 | V20: =E20-D20 -> 0.01 | W20: =F20-E20 -> 0.015 | X20: =G20-F20 -> 0.013 | Y20: =H20-G20 -> 0.024 | Z20: =I20-H20 -> 0.024 | AA20: =J20-I20 -> 0.021 | AB20: =K20-J20 -> 0.024 | ... AF20: =O20-N20 -> 0.012
B21: kalorimetr č. 71182280 | C21: 2.389 | D21: 2.548 | E21: 2.692 | F21: 2.859 | G21: 3.024 | H21: 3.188 | I21: 3.352 | J21: 3.476 | K21: 3.598 | L21: 3.743 | M21: 3.911 | N21: 4.073 | O21: 4.222 | Q21: =O21-C21 -> 1.833
A22: 10 | B22: vodoměr č. 191519263 | C22: 268.31 | D22: 275.789 | E22: 282.352 | F22: 290.317 | G22: 297.533 | H22: 303.561 | I22: 311.521 | J22: 319.58 | K22: 330.192 | L22: 337.991 | M22: 344.998 | N22: 351.368 | O22: 357.404 | P22: =O22-C22 -> 89.094 | T22: 10 | U22: =D22-C22 -> 7.479 | V22: =E22-D22 -> 6.563 | W22: =F22-E22 -> 7.965 | X22: =G22-F22 -> 7.216 | Y22: =H22-G22 -> 6.028 | Z22: =I22-H22 -> 7.96 | AA22: =J22-I22 -> 8.059 | AB22: =K22-J22 -> 10.612 | ... AF22: =O22-N22 -> 6.036
B23: kalorimetr č. 71182243 | C23: 26.403 | D23: 30.637 | E23: 34.649 | F23: 37.614 | G23: 39.449 | H23: 39.816 | I23: 40.164 | J23: 40.404 | K23: 40.665 | L23: 40.975 | M23: 41.554 | N23: 44.441 | O23: 48.342 | Q23: =O23-C23 -> 21.939
P24: =SUM(P4:P23) -> 619.154 | Q24: =SUM(Q4:Q23) -> 165.885
A25: spol.spotř. | B25: elektroměr č. 1025291034 | C25: 2438 | D25: 2643 | E25: 2829 | F25: 3063 | G25: 3275 | H25: 3488 | I25: 3711 | J25: 3921 | K25: 4187 | L25: 4365 | M25: 4547 | N25: 4715 | O25: 4886 | R25: =O25-C25 -> 2448
B26: patní vodoměr č. 190976787 | C26: 2467.9 | D26: 2528 | E26: 2586.6 | F26: 2651.8 | G26: 2710.1 | H26: 2768.1 | I26: 2832.8 | J26: 2875.1 | K26: 2933.5 | L26: 2999.7 | M26: 3051.3 | N26: 3110.5 | O26: 3172 | P26: =O26-C26 -> 704.1
B27: patní kalorimetr č./MWh | C27: 181.1 | D27: 190.12 | E27: 198.32 | F27: 204.73 | G27: 208.7 | H27: 209.76 | I27: 210.49 | J27: 210.8 | K27: 1.64 | L27: 3.68 | M27: 10.21 | N27: 33.9 | O27: 67.3 | Q27: =(J27-C27)*3.6+O27 -> 174.22 | R27: GJ
B28: patní kalorimetr č./kub.m | C28: 6557 | D28: 6799 | E28: 7036 | F28: 7212 | G28: 7334 | H28: 7377 | I28: 7406 | J28: 7421 | K28: 20 | L28: 42 | M28: 108 | N28: 295 | O28: 564 | Q28: =J28-C28+O28 -> 1428 | R28: m3
A29: fakturační vodoměr č. 63796 | C29: 20281.1 | D29: 20614.3 | E29: 20910.1 | F29: 21247.4 | G29: 21572.2 | H29: 21932.7 | I29: 22298.9 | J29: 22571.5 | K29: 22887.6 | L29: 23211.6 | M29: 23544 | N29: 23869.2 | O29: 24212 | P29: =O29-C29 -> 3930.9
C31: číslo | E31: stav
B32: Výměna fakturač. vodoměru | C32: 110109308 | D32: starý | E32: 12875 | H32: Dne 31.7.2023 odpojen kalor. (cejchování), | L32: stav: | M32: 210.8 | N32: MWh
B33: dne 14.2.2019 | C33: 63796 | D33: nový | E33: 4174 | H33: Dne 3.8.2023 zapojen znovuzapojení, | L33: stav: | M33: 0 | N33: GJ
B34: Výměna elekroměru | C34: 18972503 | D34: starý
B35: dne 13.2.2022 | C35: 1025291034 | D35: nový
B37: Změna vlastnictví Taufer-Slavíkovi | D37: voda | E37: teplo | N37: Odečet vodárny 31.12.2022 | O37: 20281
B38: do 31.5. a od 1.6.2022 | C38: stav | D38: 274.519 | E38: 10.65
B39: Taufer 1.1.-31.5.2022 | C39: spotřeba | D39: =D38-C10 -> -71.663 | E39: =E38-C11 -> -7.752 | N39: Odečet vodárny 31.12.2023 | O39: 24212
B40: Slavíkovi 1.6.-31.12.2022 | C40: spotřeba | D40: =O10-D38 -> 169.157 | E40: =O11-E39 -> 37.394
N41: spotřeba | O41: =O39-O37-O38 -> 3931

Sheet 1851
AE1: Vytipování vadných vodoměrů
A2: Nové | B2: 1851 | D2: ='1850'!C2 -> 44927 | E2: ='1850'!D2 -> 44958 | F2: ='1850'!E2 -> 44986 | G2: ='1850'!F2 -> 45017 | H2: ='1850'!G2 -> 45047 | I2: ='1850'!H2 -> 45078 | J2: ='1850'!I2 -> 45111 | K2: ='1850'!J2 -> 45139 | ... P2: ='1850'!O2 -> 45292 | Q2: voda | R2: teplo | S2: Elektr | Z2: spotřeby po měsících | AH2: předloňský | AK2: Podíl teplé vody na celkové spotřebě vody u dělených bytů (%) | AV2: CELKOVÝ | AW2: =(AW6+AW12+AW14+AW18+AW54+AW56+AW58+AW60+AW62)/9 -> 0.35991695
A3: číslování | B3: byt č. | D3: prosinec | E3: leden | F3: únor | G3: březen | H3: duben | I3: květen | J3: červen | K3: červenec | L3: srpen | M3: září | N3: říjen | O3: listopad | P3: prosinec | Q3: m3 | R3: GJ | S3: KWh | U3: byt | V3: leden | W3: únor | X3: březen | Y3: duben | Z3: květen | AA3: červen | AB3: červenec | AC3: srpen | AD3: září | AE3: říjen | AF3: listopad | AG3: prosinec | AH3: průměr | AK3: 1. | AL3: 2. | AM3: 3. | AN3: 4. | AO3: 5. | AP3: 6. | AQ3: 7. | AR3: 8. | AS3: 9. | AT3: 10. | AU3: 11. | AV3: 12. | AW3: Průměr
A4: 1 | B4: 1 | C4: vodoměr č. 190834116 | D4: 536.77 | E4: 551.647 | F4: 562.368 | G4: 574.768 | H4: 585.116 | I4: 597.078 | J4: 607.972 | K4: 616.911 | L4: 628.671 | M4: 641.315 | N4: 653.944 | O4: 666.821 | P4: 682.225 | Q4: =P4-D4 -> 145.455 | U4: 1 | V4: =E4-D4 -> 14.877 | W4: =F4-E4 -> 10.721 | X4: =G4-F4 -> 12.4 | Y4: =H4-G4 -> 10.348 | Z4: =I4-H4 -> 11.962 | AA4: =J4-I4 -> 10.894 | AB4: =K4-J4 -> 8.939 | AC4: =L4-K4 -> 11.76 | ... AG4: =P4-O4 -> 15.404 | AH4: 11.905222
C5: kalorimetr č. 71182262 | D5: 39.364 | E5: 43.734 | F5: 47.276 | G5: 50.347 | H5: 52.093 | I5: 53.195 | J5: 53.962 | K5: 54.496 | L5: 55.123 | M5: 55.888 | N5: 57.157 | O5: 60.357 | P5: 64.751 | R5: =P5-D5 -> 25.387 | U5: xx
A6: 2 | B6: 2 | C6: vodoměr SV č. 190834120 | D6: 201.144 | E6: 206.112 | F6: 210.649 | G6: 215.891 | H6: 220.924 | I6: 225.614 | J6: 231.181 | K6: 235.64 | L6: 240.643 | M6: 246.092 | N6: 250.655 | O6: 255.35 | P6: 261.012 | Q6: =P6-D6 -> 59.868 | U6: 2 | V6: =E6-D6 -> 4.968 | W6: =F6-E6 -> 4.537 | X6: =G6-F6 -> 5.242 | Y6: =H6-G6 -> 5.033 | Z6: =I6-H6 -> 4.69 | AA6: =J6-I6 -> 5.567 | AB6: =K6-J6 -> 4.459 | AC6: =L6-K6 -> 5.003 | ... AG6: =P6-O6 -> 5.662 | AH6: 4.9828889 | AJ6: byt 2 | AK6: =V7/(V6+V7) -> 0.34597156 | AL6: =W7/(W6+W7) -> 0.35027925 | AM6: =X7/(X6+X7) -> 0.35712534 | AN6: =Y7/(Y6+Y7) -> 0.3668386 | AO6: =Z7/(Z6+Z7) -> 0.36475687 | AP6: =AA7/(AA6+AA7) -> 0.31330949 | AQ6: =AB7/(AB6+AB7) -> 0.27613636 | AR6: =AC7/(AC6+AC7) -> 0.28292963 | ... AV6: =AG7/(AG6+AG7) -> 0.36800982 | AW6: =SUM(AK6:AV6)/12 -> 0.33918136
A7: 2 a 3 | C7: kalorimetr č. 71182271 | D7: 46.893 | E7: 51.423 | F7: 56.612 | G7: 61.177 | H7: 63.3 | I7: 64.216 | J7: 64.974 | K7: 65.653 | L7: 66.286 | M7: 67.014 | N7: 68.822 | O7: 72.827 | P7: 78.034 | R7: =P7-D7 -> 31.141 | U7: TV | V7: =V40 -> 2.628 | W7: =W40 -> 2.446 | X7: =X40 -> 2.912 | Y7: =Y40 -> 2.916 | Z7: =Z40 -> 2.693 | AA7: =AA40 -> 2.54 | AB7: =AB40 -> 1.701 | AC7: =AC40 -> 1.974 | ... AG7: =AG40 -> 3.297 | AH7: 4.43
A8: 5 | B8: 3 | C8: vodoměr SV č. 221525378 | D8: 1.058 | E8: 2.172 | F8: 3.164 | G8: 4.259 | H8: 5.271 | I8: 6.291 | J8: 7.524 | K8: 8.629 | L8: 9.843 | M8: 10.911 | N8: 11.945 | O8: 13.048 | P8: 14.203 | Q8: =P8-I54+I53-D8 -> 36.355 | U8: 5 | V8: =E8-D8 -> 1.114 | W8: =F8-E8 -> 0.992 | X8: =G8-F8 -> 1.095 | Y8: =H8-G8 -> 1.012 | Z8: =I8-H8 -> 1.02 | AA8: =J8-I8 -> 1.233 | AB8: =K8-J8 -> 1.105 | AC8: =L8-K8 -> 1.214 | ... AG8: =P8-O8 -> 1.155 | AH8: 0.94022222 | AJ8: byt 5 | AK8: =V9/(V8+V9) -> 0.25832224 | AL8: =W9/(W8+W9) -> 0.26897568 | AM8: =X9/(X8+X9) -> 0.25611413 | AN8: =Y9/(Y8+Y9) -> 0.26666667 | AO8: =Z9/(Z8+Z9) -> 0.23994039 | AP8: =AA9/(AA8+AA9) -> 0.21113244 | AQ8: =AB9/(AB8+AB9) -> 0.18690213 | AR8: =AC9/(AC8+AC9) -> 0.21474774 | ... AV8: =AG9/(AG8+AG9) -> 0.25291074 | AW8: =SUM(AK8:AV8)/12 -> 0.23605879
A9: 5 a 6 | C9: kalorimetr č. 71182241 | D9: 51.338 | E9: 56.038 | F9: 60.893 | G9: 70.006 | H9: 77.695 | I9: 83.397 | J9: 87.178 | K9: 88.517 | L9: 89.678 | M9: 90.756 | N9: 92.24 | O9: 95.573 | P9: 100 | R9: =P9-D9 -> 48.662 | U9: TV | V9: =V42 -> 0.388 | W9: =W42 -> 0.365 | X9: =X42 -> 0.377 | Y9: =Y42 -> 0.368 | Z9: =Z42 -> 0.322 | AA9: =AA42 -> 0.33 | AB9: =AB42 -> 0.254 | AC9: =AC42 -> 0.332 | ... AG9: =AG42 -> 0.391 | AH9: 0.37122222
A10: 4 | B10: 4 | C10: vodoměr č. 190834126 | D10: 116.497 | E10: 124.646 | F10: 132.55 | G10: 138.602 | H10: 145.833 | I10: 154.376 | J10: 161.812 | K10: 166.168 | L10: 171.105 | M10: 179.009 | N10: 186.825 | O10: 194.76 | P10: 201.491 | Q10: =P10-D10 -> 84.994 | U10: 4 | V10: =E10-D10 -> 8.149 | W10: =F10-E10 -> 7.904 | X10: =G10-F10 -> 6.052 | Y10: =H10-G10 -> 7.231 | Z10: =I10-H10 -> 8.543 | AA10: =J10-I10 -> 7.436 | AB10: =K10-J10 -> 4.356 | AC10: =L10-K10 -> 4.937 | ... AG10: =P10-O10 -> 6.731 | AH10: 5.9373333
C11: kalorimetr č. 71182237 | D11: 1.298 | E11: 2.899 | F11: 4.455 | G11: 5.28 | H11: 5.996 | I11: 6.464 | J11: 6.807 | K11: 6.952 | L11: 7.124 | M11: 7.463 | N11: 7.853 | O11: 8.873 | P11: 10.27 | R11: =P11-D11 -> 8.972 | U11: xx
A12: 9 | B12: 5 | C12: vodoměr SV č. 190834122 | D12: 172.088 | E12: 176.766 | F12: 181.119 | G12: 185.537 | H12: 189.534 | I12: 194.08 | J12: 199.655 | K12: 203.936 | L12: 208.561 | M12: 213.425 | N12: 218.813 | O12: 223.697 | P12: 229.006 | Q12: =P12-D12 -> 56.918 | U12: 9 | V12: =E12-D12 -> 4.678 | W12: =F12-E12 -> 4.353 | X12: =G12-F12 -> 4.418 | Y12: =H12-G12 -> 3.997 | Z12: =I12-H12 -> 4.546 | AA12: =J12-I12 -> 5.575 | AB12: =K12-J12 -> 4.281 | AC12: =L12-K12 -> 4.625 | ... AG12: =P12-O12 -> 5.309 | AH12: 4.7323333 | AJ12: byt 9 | AK12: =V13/(V12+V13) -> 0.28819233 | AL12: =W13/(W12+W13) -> 0.29801645 | AM12: =X13/(X12+X13) -> 0.25797783 | AN12: =Y13/(Y12+Y13) -> 0.25023448 | AO12: =Z13/(Z12+Z13) -> 0.21090089 | AP12: =AA13/(AA12+AA13) -> 0.16001205 | AQ12: =AB13/(AB12+AB13) -> 0.18472672 | AR12: =AC13/(AC12+AC13) -> 0.18516561 | ... AV12: =AG13/(AG12+AG13) -> 0.22766948 | AW12: =SUM(AK12:AV12)/12 -> 0.22204003
A13: 8 a 9 | C13: kalorimetr č. 71182221 | D13: 38.609 | E13: 43.002 | F13: 45.708 | G13: 47.663 | H13: 49.801 | I13: 50.894 | J13: 51.549 | K13: 51.982 | L13: 52.502 | M13: 53.193 | N13: 55.465 | O13: 59.372 | P13: 64.284 | R13: =P13-D13 -> 25.675 | U13: TV | V13: =V44 -> 1.894 | W13: =W44 -> 1.848 | X13: =X44 -> 1.536 | Y13: =Y44 -> 1.334 | Z13: =Z44 -> 1.215 | AA13: =AA44 -> 1.062 | AB13: =AB44 -> 0.97 | AC13: =AC44 -> 1.051 | ... AG13: =AG44 -> 1.565 | AH13: 4.7182222
A14: 15 | B14: 6 | C14: vodoměr SV č. 200015757 | D14: 153.431 | E14: 158.16 | F14: 161.53 | G14: 165.253 | H14: 169.479 | I14: 173.28 | J14: 178.004 | K14: 182.352 | L14: 186.712 | M14: 186.85 | N14: 187.664 | O14: 188.386 | P14: 189.371 | Q14: =P14-D14 -> 35.94 | U14: 15 | V14: =E14-D14 -> 4.729 | W14: =F14-E14 -> 3.37 | X14: =G14-F14 -> 3.723 | Y14: =H14-G14 -> 4.226 | Z14: =I14-H14 -> 3.801 | AA14: =J14-I14 -> 4.724 | AB14: =K14-J14 -> 4.348 | AC14: =L14-K14 -> 4.36 | ... AG14: =P14-O14 -> 0.985 | AH14: 1.6821111 | AJ14: byt 15 | AK14: =V15/(V14+V15) -> 0.47647515 | AL14: =W15/(W14+W15) -> 0.49791418 | AM14: =X15/(X14+X15) -> 0.48796589 | AN14: =Y15/(Y14+Y15) -> 0.45986708 | AO14: =Z15/(Z14+Z15) -> 0.44984802 | AP14: =AA15/(AA14+AA15) -> 0.37997112 | AQ14: =AB15/(AB14+AB15) -> 0.3184953 | AR14: =AC15/(AC14+AC15) -> 0.27430093 | ... AV14: =AG15/(AG14+AG15) -> 0.59314333 | AW14: =SUM(AK14:AV14)/12 -> 0.42979885
A15: 11 a 15 | C15: kalorimetr č. 71182276 | D15: 22.332 | E15: 25.121 | F15: 27.818 | G15: 30.329 | H15: 32.195 | I15: 32.973 | J15: 33.632 | K15: 34.081 | L15: 34.549 | M15: 34.736 | N15: 35.415 | O15: 36.553 | P15: 39.081 | R15: =P15-D15 -> 16.749 | U15: TV | V15: =V46 -> 4.304 | W15: =W46 -> 3.342 | X15: =X46 -> 3.548 | Y15: =Y46 -> 3.598 | Z15: =Z46 -> 3.108 | AA15: =AA46 -> 2.895 | AB15: =AB46 -> 2.032 | AC15: =AC46 -> 1.648 | ... AG15: =AG46 -> 1.436 | AH15: 0.73344444
A16: 7 | B16: 7 | C16: vodoměr č. 190834119 | D16: 230.537 | E16: 235.137 | F16: 239.791 | G16: 245.797 | H16: 251.135 | I16: 255.92 | J16: 260.93 | K16: 264.786 | L16: 267.634 | M16: 272.1 | N16: 276.665 | O16: 281.702 | P16: 288.419 | Q16: =P16-D16 -> 57.882 | U16: 7 | V16: =E16-D16 -> 4.6 | W16: =F16-E16 -> 4.654 | X16: =G16-F16 -> 6.006 | Y16: =H16-G16 -> 5.338 | Z16: =I16-H16 -> 4.785 | AA16: =J16-I16 -> 5.01 | AB16: =K16-J16 -> 3.856 | AC16: =L16-K16 -> 2.848 | ... AG16: =P16-O16 -> 6.717 | AH16: 6.2735556
C17: kalorimetr č. 71182256 | D17: 5.776 | E17: 6.138 | F17: 6.523 | G17: 7.034 | H17: 7.47 | I17: 7.797 | J17: 8.104 | K17: 8.296 | L17: 8.441 | M17: 8.675 | N17: 8.966 | O17: 9.332 | P17: 9.895 | R17: =P17-D17 -> 4.119 | U17: xx
A18: 13 | B18: 8 | C18: vodoměr SV č. 190834112 | D18: 108.811 | E18: 111.154 | F18: 113.14 | G18: 115.386 | H18: 117.763 | I18: 119.625 | J18: 122.048 | K18: 124.184 | L18: 127.101 | M18: 129.543 | N18: 131.821 | O18: 133.7 | P18: 136.261 | Q18: =P18-D18 -> 27.45 | U18: 13 | V18: =E18-D18 -> 2.343 | W18: =F18-E18 -> 1.986 | X18: =G18-F18 -> 2.246 | Y18: =H18-G18 -> 2.377 | Z18: =I18-H18 -> 1.862 | AA18: =J18-I18 -> 2.423 | AB18: =K18-J18 -> 2.136 | AC18: =L18-K18 -> 2.917 | ... AG18: =P18-O18 -> 2.561 | AH18: 2.5207778 | AJ18: byt 13 | AK18: =V19/(V18+V19) -> 0.46580027 | AL18: =W19/(W18+W19) -> 0.52680486 | AM18: =X19/(X18+X19) -> 0.46650831 | AN18: =Y19/(Y18+Y19) -> 0.44989586 | AO18: =Z19/(Z18+Z19) -> 0.4627813 | AP18: =AA19/(AA18+AA19) -> 0.40830281 | AQ18: =AB19/(AB18+AB19) -> 0.34276923 | AR18: =AC19/(AC18+AC19) -> 0.39216503 | ... AV18: =AG19/(AG18+AG19) -> 0.40400279 | AW18: =SUM(AK18:AV18)/12 -> 0.43639186
A19: 12 a 13 | C19: kalorimetr č. 71182279 | D19: 36.685 | E19: 41.326 | F19: 46.028 | G19: 49.05 | H19: 50.771 | I19: 51.274 | J19: 51.809 | K19: 52.11 | L19: 52.528 | M19: 53.005 | N19: 53.727 | O19: 56.422 | P19: 60.986 | R19: =P19-D19 -> 24.301 | U19: TV | V19: =V48 -> 2.043 | W19: =W48 -> 2.211 | X19: =X48 -> 1.964 | Y19: =Y48 -> 1.944 | Z19: =Z48 -> 1.604 | AA19: =AA48 -> 1.672 | AB19: =AB48 -> 1.114 | AC19: =AC48 -> 1.882 | ... AG19: =AG48 -> 1.736 | AH19: 1.2623333
A20: 14 | B20: 9 | C20: vodoměr č. 190834124 | D20: 366.117 | E20: 374.279 | F20: 380.839 | G20: 390.237 | H20: 399.692 | I20: 409.378 | J20: 420.212 | K20: 426.581 | L20: 433.529 | M20: 443.934 | N20: 453.482 | O20: 462.4 | P20: 470.877 | Q20: =P20-D20 -> 104.76 | U20: 14 | V20: =E20-D20 -> 8.162 | W20: =F20-E20 -> 6.56 | X20: =G20-F20 -> 9.398 | Y20: =H20-G20 -> 9.455 | Z20: =I20-H20 -> 9.686 | AA20: =J20-I20 -> 10.834 | AB20: =K20-J20 -> 6.369 | AC20: =L20-K20 -> 6.948 | ... AG20: =P20-O20 -> 8.477 | AH20: 6.9983333
C21: kalorimetr č. 71182252 | D21: 35.137 | E21: 39.438 | F21: 43.612 | G21: 46.7 | H21: 48.552 | I21: 49.221 | J21: 49.757 | K21: 50.04 | L21: 50.323 | M21: 50.761 | N21: 52.086 | O21: 55.832 | P21: 60.793 | R21: =P21-D21 -> 25.656 | U21: xx
A22: 10 | B22: 10 | C22: vodoměr č. 190834091 | D22: 72.127 | E22: 73.66 | F22: 74.202 | G22: 76.55 | H22: 78.251 | I22: 79.91 | J22: 81.553 | K22: 83.553 | L22: 85.709 | M22: 87.398 | N22: 89.334 | O22: 91.106 | P22: 92.85 | Q22: =P22-D22 -> 20.723 | U22: 10 | V22: =E22-D22 -> 1.533 | W22: =F22-E22 -> 0.542 | X22: =G22-F22 -> 2.348 | Y22: =H22-G22 -> 1.701 | Z22: =I22-H22 -> 1.659 | AA22: =J22-I22 -> 1.643 | AB22: =K22-J22 -> 2 | AC22: =L22-K22 -> 2.156 | ... AG22: =P22-O22 -> 1.744 | AH22: 2.9007778
C23: kalorimetr č. 71182234 | D23: 21.182 | E23: 23.761 | F23: 25.808 | G23: 27.746 | H23: 28.546 | I23: 28.786 | J23: 29.024 | K23: 29.223 | L23: 29.413 | M23: 29.635 | N23: 30.031 | O23: 32.618 | P23: 35.464 | R23: =P23-D23 -> 14.282 | U23: xx
B24: spol.spotř. | C24: elektroměr č. 2080200096 | D24: 9091 | E24: 9291 | F24: 9532 | G24: 9781 | H24: 10063 | I24: 10304 | J24: 10587 | K24: 10797 | L24: 11042 | M24: 11281 | N24: 11552 | O24: 11784 | P24: 12070 | Q24: =SUM(Q4:Q23)+SUM(Q33:Q49) -> 981.325 | R24: =SUM(R4:R23) -> 224.944 | S24: =P24-D24 -> 2979 | U24: kWh | AK24: Podíl teplé vody na celkové spotřebě vody u dělených bytů po měsících (%)
AJ25: CELKEM | AK25: 1. | AL25: 2. | AM25: 3. | AN25: 4. | AO25: 5. | AP25: 6. | AQ25: 7. | AR25: 8. | AS25: 9. | AT25: 10. | AU25: 11. | AV25: 12. | AW25: Průměr
C26: patní vodoměr č. 190976791 | D26: 3852.3 | E26: 3944.9 | F26: 4021.2 | G26: 4113 | H26: 4204.6 | I26: 4302.7 | J26: 4398.4 | K26: 4466.5 | L26: 4542.1 | M26: 4617.8 | N26: 4699.7 | O26: 4786.3 | P26: 4882.6 | Q26: =P26-D26 -> 1030.3 | AJ26: Průměr po měsících | AK26: =(AK6+AK8+AK12+AK14+AK18+AK54+AK56+AK58+AK60+AK62)/10 -> 0.37510111 | AL26: =(AL6+AL8+AL12+AL14+AL18+AL54+AL56+AL58+AL60+AL62)/10 -> 0.38990646 | AM26: =(AM6+AM8+AM12+AM14+AM18+AM54+AM56+AM58+AM60+AM62)/10 -> 0.39816564 | AN26: =(AN6+AN8+AN12+AN14+AN18+AN54+AN56+AN58+AN60+AN62)/10 -> 0.3826926 | AO26: =(AO6+AO8+AO12+AO14+AO18+AO54+AO56+AO58+AO60+AO62)/10 -> 0.35898214 | AP26: =(AP6+AP8+AP12+AP14+AP18+AP54+AP56+AP58+AP60+AP62)/10 -> 0.30614145 | AQ26: =(AQ6+AQ8+AQ12+AQ14+AQ18+AQ54+AQ56+AQ58+AQ60+AQ62)/10 -> 0.31647023 | AR26: =(AR6+AR8+AR12+AR14+AR18+AR54+AR56+AR58+AR60+AR62)/10 -> 0.31520721 | ... AW26: =(AW6+AW8+AW12+AW14+AW18+AW54+AW56+AW58+AW60+AW62)/10 -> 0.34753113 | AZ26: Podíl TV po bytech
C27: patní kalorimetr č. /MWh | D27: 292.51 | E27: 303.2 | F27: 313.14 | G27: 322.61 | H27: 329.28 | I27: 333.52 | J27: 336.96 | K27: 339.11 | L27: 8.21 | M27: 17.44 | N27: 31.73 | O27: 60.68 | P27: 100.05 | R27: =(K27-D27)*3.6+P27 -> 267.81 | S27: GJ
C28: patní kalorimetr č./kub.m | D28: 28066 | E28: 28546 | F28: 28989 | G28: 29361 | H28: 29617 | I28: 29918 | J28: 30230 | K28: 30496 | L28: 345 | M28: 708 | N28: 1051.3 | O28: 1381 | P28: 1827 | R28: =K28-D28+P28 -> 4257 | S28: m3
B29: ='1850'!A29 -> fakturační vodoměr č. 63796 | D29: ='1850'!C29 -> 20281.1 | E29: ='1850'!D29 -> 20614.3 | F29: ='1850'!E29 -> 20910.1 | G29: ='1850'!F29 -> 21247.4 | H29: ='1850'!G29 -> 21572.2 | I29: ='1850'!H29 -> 21932.7 | J29: ='1850'!I29 -> 22298.9 | K29: ='1850'!J29 -> 22571.5 | ... P29: ='1850'!O29 -> 24212 | Q29: =P29-D29 -> 3930.9 | V29: studená voda
U31: byt | V31: leden | W31: únor | X31: březen | Y31: duben | Z31: květen | AA31: červen | AB31: červenec | AC31: srpen | AD31: září | AE31: říjen | AF31: listopad | AG31: prosinec
A33: 3 | B33: 2B | C33: vodoměr SV č. 200015745 | D33: 218.777 | E33: 221.137 | F33: 223.265 | G33: 225.854 | H33: 226.08 | I33: 226.325 | J33: 226.361 | K33: 228.733 | L33: 231.391 | M33: 233.789 | N33: 236.749 | O33: 240.25 | P33: 243.244 | Q33: =P33-D33 -> 24.467 | U33: 3 | V33: =E33-D33 -> 2.36 | W33: =F33-E33 -> 2.128 | X33: =G33-F33 -> 2.589 | Y33: =H33-G33 -> 0.226 | Z33: =I33-H33 -> 0.245 | AA33: =J33-I33 -> 0.036 | AB33: =K33-J33 -> 2.372 | AC33: =L33-K33 -> 2.658 | ... AG33: =P33-O33 -> 2.994 | AH33: 7.9723
A34: 6 | B34: 3B | C34: vodoměr SV č. 190834107 | D34: 122.338 | E34: 124.05 | F34: 125.871 | G34: 130.136 | H34: 136.44 | I34: 145.161 | J34: 152.404 | K34: 154.912 | L34: 155.235 | M34: 155.324 | N34: 156.223 | O34: 158.477 | P34: 160.511 | Q34: =P34-D34 -> 38.173 | U34: 6 | V34: =E34-D34 -> 1.712 | W34: =F34-E34 -> 1.821 | X34: =G34-F34 -> 4.265 | Y34: =H34-G34 -> 6.304 | Z34: =I34-H34 -> 8.721 | AA34: =J34-I34 -> 7.243 | AB34: =K34-J34 -> 2.508 | AC34: =L34-K34 -> 0.323 | ... AG34: =P34-O34 -> 2.034 | AH34: 2.9773
A35: 8 | B35: 5B | C35: vodoměr SV č. 190834094 | D35: 241.591 | E35: 246.764 | F35: 248.787 | G35: 249.291 | H35: 251.565 | I35: 253.856 | J35: 255.927 | K35: 256.925 | L35: 258.597 | M35: 260.595 | N35: 265.799 | O35: 271.794 | P35: 278.202 | Q35: =P35-D35 -> 36.611 | U35: 8 | V35: =E35-D35 -> 5.173 | W35: =F35-E35 -> 2.023 | X35: =G35-F35 -> 0.504 | Y35: =H35-G35 -> 2.274 | Z35: =I35-H35 -> 2.291 | AA35: =J35-I35 -> 2.071 | AB35: =K35-J35 -> 0.998 | AC35: =L35-K35 -> 1.672 | ... AG35: =P35-O35 -> 6.408 | AH35: 5.4084
A36: 11 | B36: 6B | C36: vodoměr SV č. 200015744 | D36: 19.042 | E36: 19.577 | F36: 19.924 | G36: 20.75 | H36: 22.025 | I36: 22.817 | J36: 23.889 | K36: 24.903 | L36: 27.863 | M36: 28.535 | N36: 29.315 | O36: 29.767 | P36: 31.35 | Q36: =P36-D36 -> 12.308 | U36: 11 | V36: =E36-D36 -> 0.535 | W36: =F36-E36 -> 0.347 | X36: =G36-F36 -> 0.826 | Y36: =H36-G36 -> 1.275 | Z36: =I36-H36 -> 0.792 | AA36: =J36-I36 -> 1.072 | AB36: =K36-J36 -> 1.014 | AC36: =L36-K36 -> 2.96 | ... AG36: =P36-O36 -> 1.583 | AH36: 0.4723
A37: 12 | B37: 8B | C37: vodoměr SV č. 190834128 | D37: 84.883 | E37: 87.797 | F37: 90.593 | G37: 94.19 | H37: 98.255 | I37: 103.207 | J37: 106.635 | K37: 109.267 | L37: 112.702 | M37: 116.39 | N37: 119.875 | O37: 123.423 | P37: 127.366 | Q37: =P37-D37 -> 42.483 | U37: 12 | V37: =E37-D37 -> 2.914 | W37: =F37-E37 -> 2.796 | X37: =G37-F37 -> 3.597 | Y37: =H37-G37 -> 4.065 | Z37: =I37-H37 -> 4.952 | AA37: =J37-I37 -> 3.428 | AB37: =K37-J37 -> 2.632 | AC37: =L37-K37 -> 3.435 | ... AG37: =P37-O37 -> 3.943 | AH37: 2.1434
C39: VODOMĚRY TEPLÁ VODA | V39: teplá voda
A40: 2 | B40: 2 | C40: vodoměr TUV č. 200105142 | D40: 85.202 | E40: 87.83 | F40: 90.276 | G40: 93.188 | H40: 96.104 | I40: 98.797 | J40: 101.337 | K40: 103.038 | L40: 105.012 | M40: 107.569 | N40: 110.037 | O40: 112.847 | P40: 116.144 | Q40: =P40-D40 -> 30.942 | U40: 2 | V40: =E40-D40 -> 2.628 | W40: =F40-E40 -> 2.446 | X40: =G40-F40 -> 2.912 | Y40: =H40-G40 -> 2.916 | Z40: =I40-H40 -> 2.693 | AA40: =J40-I40 -> 2.54 | AB40: =K40-J40 -> 1.701 | AC40: =L40-K40 -> 1.974 | ... AG40: =P40-O40 -> 3.297 | AH40: 4.0477
A41: 3 | B41: 2B | C41: vodoměr TUV č. 200105133 | D41: 139.535 | E41: 140.991 | F41: 142.409 | G41: 144.491 | H41: 144.676 | I41: 144.829 | J41: 144.83 | K41: 146.136 | L41: 147.581 | M41: 148.785 | N41: 150.219 | O41: 152.13 | P41: 153.634 | Q41: =P41-D41 -> 14.099 | U41: 3 | V41: =E41-D41 -> 1.456 | W41: =F41-E41 -> 1.418 | X41: =G41-F41 -> 2.082 | Y41: =H41-G41 -> 0.185 | Z41: =I41-H41 -> 0.153 | AA41: =J41-I41 -> 0.001 | AB41: =K41-J41 -> 1.306 | AC41: =L41-K41 -> 1.445 | ... AG41: =P41-O41 -> 1.504 | AH41: 4.1811
A42: 5 | B42: 3 | C42: vodoměr TUV č. 190049448 | D42: 17.24 | E42: 17.628 | F42: 17.993 | G42: 18.37 | H42: 18.738 | I42: 19.06 | J42: 19.39 | K42: 19.644 | L42: 19.976 | M42: 20.255 | N42: 20.563 | O42: 20.912 | P42: 21.303 | Q42: =P42-D42 -> 4.063 | U42: 5 | V42: =E42-D42 -> 0.388 | W42: =F42-E42 -> 0.365 | X42: =G42-F42 -> 0.377 | Y42: =H42-G42 -> 0.368 | Z42: =I42-H42 -> 0.322 | AA42: =J42-I42 -> 0.33 | AB42: =K42-J42 -> 0.254 | AC42: =L42-K42 -> 0.332 | ... AG42: =P42-O42 -> 0.391 | AH42: 0.3771
A43: 6 | B43: 3B | C43: vodoměr TUV č. 190049255 | D43: 96.178 | E43: 97.762 | F43: 99.381 | G43: 104.356 | H43: 110.941 | I43: 120.195 | J43: 127.4 | K43: 130.236 | L43: 130.578 | M43: 130.623 | N43: 130.935 | O43: 131.887 | P43: 132.966 | Q43: =P43-D43 -> 36.788 | U43: 6 | V43: =E43-D43 -> 1.584 | W43: =F43-E43 -> 1.619 | X43: =G43-F43 -> 4.975 | Y43: =H43-G43 -> 6.585 | Z43: =I43-H43 -> 9.254 | AA43: =J43-I43 -> 7.205 | AB43: =K43-J43 -> 2.836 | AC43: =L43-K43 -> 0.342 | ... AG43: =P43-O43 -> 1.079 | AH43: 1.5876
A44: 9 | B44: 5 | C44: vodoměr TUV č. 200105131 | D44: 58.106 | E44: 60 | F44: 61.848 | G44: 63.384 | H44: 64.718 | I44: 65.933 | J44: 66.995 | K44: 67.965 | L44: 69.016 | M44: 70.216 | N44: 71.517 | O44: 72.809 | P44: 74.374 | Q44: =P44-D44 -> 16.268 | U44: 9 | V44: =E44-D44 -> 1.894 | W44: =F44-E44 -> 1.848 | X44: =G44-F44 -> 1.536 | Y44: =H44-G44 -> 1.334 | Z44: =I44-H44 -> 1.215 | AA44: =J44-I44 -> 1.062 | AB44: =K44-J44 -> 0.97 | AC44: =L44-K44 -> 1.051 | ... AG44: =P44-O44 -> 1.565 | AH44: 4.4403
A45: 8 | B45: 5B | C45: vodoměr TUV č. 200105152 | D45: 96.476 | E45: 99.292 | F45: 100.447 | G45: 100.84 | H45: 102.344 | I45: 103.907 | J45: 105.303 | K45: 105.879 | L45: 106.892 | M45: 108.032 | N45: 110.079 | O45: 112.854 | P45: 115.94 | Q45: =P45-D45 -> 19.464 | U45: 8 | V45: =E45-D45 -> 2.816 | W45: =F45-E45 -> 1.155 | X45: =G45-F45 -> 0.393 | Y45: =H45-G45 -> 1.504 | Z45: =I45-H45 -> 1.563 | AA45: =J45-I45 -> 1.396 | AB45: =K45-J45 -> 0.576 | AC45: =L45-K45 -> 1.013 | ... AG45: =P45-O45 -> 3.086 | AH45: 2.5713 | AK45: Celková spotřeba SV a TV dělených bytů po měsících v m3
A46: 15 | B46: 6 | C46: vodoměr TUV č. 190049234 | D46: 100.543 | E46: 104.847 | F46: 108.189 | G46: 111.737 | H46: 115.335 | I46: 118.443 | J46: 121.338 | K46: 123.37 | L46: 125.018 | M46: 125.094 | N46: 125.506 | O46: 126.315 | P46: 127.751 | Q46: =P46-D46 -> 27.208 | U46: 15 | V46: =E46-D46 -> 4.304 | W46: =F46-E46 -> 3.342 | X46: =G46-F46 -> 3.548 | Y46: =H46-G46 -> 3.598 | Z46: =I46-H46 -> 3.108 | AA46: =J46-I46 -> 2.895 | AB46: =K46-J46 -> 2.032 | AC46: =L46-K46 -> 1.648 | ... AG46: =P46-O46 -> 1.436 | AH46: 0.9661 | AJ46: CELKEM | AK46: 1. | AL46: 2. | AM46: 3. | AN46: 4. | AO46: 5. | AP46: 6. | AQ46: 7. | AR46: 8. | AS46: 9. | AT46: 10. | AU46: 11. | AV46: 12. | AW46: Průměr
A47: 11 | B47: 6B | C47: vodoměr TUV č. 190049258 | D47: 12.953 | E47: 13.211 | F47: 13.439 | G47: 13.911 | H47: 14.666 | I47: 15.04 | J47: 15.495 | K47: 15.932 | L47: 17.062 | M47: 17.38 | N47: 17.732 | O47: 17.955 | P47: 18.694 | Q47: =P47-D47 -> 5.741 | U47: 11 | V47: =E47-D47 -> 0.258 | W47: =F47-E47 -> 0.228 | X47: =G47-F47 -> 0.472 | Y47: =H47-G47 -> 0.755 | Z47: =I47-H47 -> 0.374 | AA47: =J47-I47 -> 0.455 | AB47: =K47-J47 -> 0.437 | AC47: =L47-K47 -> 1.13 | ... AG47: =P47-O47 -> 0.739 | AH47: 0.2794 | AJ47: TV | AK47: =SUM(V40:V49) -> 19.129 | AL47: =SUM(W40:W49) -> 15.988 | AM47: =SUM(X40:X49) -> 20.372 | AN47: =SUM(Y40:Y49) -> 20.951 | AO47: =SUM(Z40:Z49) -> 21.816 | AP47: =SUM(AA40:AA49) -> 19.504 | AQ47: =SUM(AB40:AB49) -> 12.369 | AR47: =SUM(AC40:AC49) -> 12.171 | ... AV47: =SUM(AG40:AG49) -> 17.01 | AW47: =(AK47+AL47+AM47+AN47+AO47+AP47+AQ47+AR47+AS47+AT47+AU47+AV47)/12 -> 16.4115
A48: 13 | B48: 8 | C48: vodoměr TUV č. 190049444 | D48: 67.018 | E48: 69.061 | F48: 71.272 | G48: 73.236 | H48: 75.18 | I48: 76.784 | J48: 78.456 | K48: 79.57 | L48: 81.452 | M48: 83.185 | N48: 85.11 | O48: 86.614 | P48: 88.35 | Q48: =P48-D48 -> 21.332 | U48: 13 | V48: =E48-D48 -> 2.043 | W48: =F48-E48 -> 2.211 | X48: =G48-F48 -> 1.964 | Y48: =H48-G48 -> 1.944 | Z48: =I48-H48 -> 1.604 | AA48: =J48-I48 -> 1.672 | AB48: =K48-J48 -> 1.114 | AC48: =L48-K48 -> 1.882 | ... AG48: =P48-O48 -> 1.736 | AH48: 1.3253 | AJ48: SV | AK48: =V6+V8+V12+V14+V18+V54+V56+V58+V60+V62 -> 30.526 | AL48: =W6+W8+W12+W14+W18+W54+W56+W58+W60+W62 -> 24.353 | AM48: =X6+X8+X12+X14+X18+X54+X56+X58+X60+X62 -> 28.505 | AN48: =Y6+Y8+Y12+Y14+Y18+Y54+Y56+Y58+Y60+Y62 -> 30.789 | AO48: =Z6+Z8+Z12+Z14+Z18+Z54+Z56+Z58+Z60+Z62 -> 32.92 | AP48: =AA6+AA8+AA12+AA14+AA18+AA54+AA56+AA58+AA60+AA62 -> 33.372 | AQ48: =AB6+AB8+AB12+AB14+AB18+AB54+AB56+AB58+AB60+AB62 -> 25.853 | AR48: =AC6+AC8+AC12+AC14+AC18+AC54+AC56+AC58+AC60+AC62 -> 29.167 | ... AV48: =AG6+AG8+AG12+AG14+AG18+AG54+AG56+AG58+AG60+AG62 -> 32.634 | AW48: =(AK48+AL48+AM48+AN48+AO48+AP48+AQ48+AR48+AS48+AT48+AU48+AV48)/12 -> 28.946917
A49: 12 | B49: 8B | C49: vodoměr TUV č. 190049253 | D49: 56.644 | E49: 58.402 | F49: 59.758 | G49: 61.871 | H49: 63.633 | I49: 65.163 | J49: 67.111 | K49: 68.254 | L49: 69.608 | M49: 71.315 | N49: 73.294 | O49: 75.5 | P49: 77.677 | Q49: =P49-D49 -> 21.033 | U49: 12 | V49: =E49-D49 -> 1.758 | W49: =F49-E49 -> 1.356 | X49: =G49-F49 -> 2.113 | Y49: =H49-G49 -> 1.762 | Z49: =I49-H49 -> 1.53 | AA49: =J49-I49 -> 1.948 | AB49: =K49-J49 -> 1.143 | AC49: =L49-K49 -> 1.354 | ... AG49: =P49-O49 -> 2.177 | AH49: 1.6965
E52: Reklamace - výměna vodoměru | H52: číslo | I52: stav | K52: Dne 31.7.2023 odpojen kalor. (cejchování), | O52: stav: | P52: 339.11 | Q52: MWh | V52: SROVNÁVACÍ TABULKA ZBYTKU DĚLENÝCH BYTŮ - spotřeby SV a TV | AK52: Podíl teplé vody na celkové spotřebě vody u dělených bytů (%)
C53: 5 | D53: 3A - SV | E53: 44895 | F53: starý | G53: 190834093 | I53: 23.23 | K53: Dne 3.8.2023 zapojen znovuzapojení, | O53: stav: | P53: 0 | Q53: GJ | T53: byt | U53: Vodom. | V53: leden | W53: únor | X53: březen | Y53: duben | Z53: květen | AA53: červen | AB53: červenec | AC53: srpen | AD53: září | AE53: říjen | AF53: listopad | AG53: prosinec | AK53: 1. | AL53: 2. | AM53: 3. | AN53: 4. | AO53: 5. | AP53: 6. | AQ53: 7. | AR53: 8. | AS53: 9. | AT53: 10. | AU53: 11. | AV53: 12. | AW53: Průměr
F54: nový | G54: 221525378 | I54: 0.02 | T54: 3 | U54: SV | V54: =V33 -> 2.36 | W54: =W33 -> 2.128 | X54: =X33 -> 2.589 | Y54: =Y33 -> 0.226 | Z54: =Z33 -> 0.245 | AA54: =AA33 -> 0.036 | AB54: =AB33 -> 2.372 | AC54: =AC33 -> 2.658 | ... AG54: =AG33 -> 2.994 | AH54: 7.9723 | AJ54: byt 3 | AK54: =V55/(V54+V55) -> 0.38155136 | AL54: =W55/(W54+W55) -> 0.3998872 | AM54: =X55/(X54+X55) -> 0.44572897 | AN54: =Y55/(Y54+Y55) -> 0.45012165 | AO54: =Z55/(Z54+Z55) -> 0.38442211 | AP54: =AA55/(AA54+AA55) -> 0.027027027 | AQ54: =AB55/(AB54+AB55) -> 0.35508428 | AR54: =AC55/(AC54+AC55) -> 0.35218133 | ... AV54: =AG55/(AG54+AG55) -> 0.33437083 | AW54: =SUM(AK54:AV54)/12 -> 0.34534099
U55: TV | V55: =V41 -> 1.456 | W55: =W41 -> 1.418 | X55: =X41 -> 2.082 | Y55: =Y41 -> 0.185 | Z55: =Z41 -> 0.153 | AA55: =AA41 -> 0.001 | AB55: =AB41 -> 1.306 | AC55: =AC41 -> 1.445 | ... AG55: =AG41 -> 1.504 | AH55: 4.1811
E56: Výměna elektroměru | T56: 6 | U56: SV | V56: =V34 -> 1.712 | W56: =W34 -> 1.821 | X56: =X34 -> 4.265 | Y56: =Y34 -> 6.304 | Z56: =Z34 -> 8.721 | AA56: =AA34 -> 7.243 | AB56: =AB34 -> 2.508 | AC56: =AC34 -> 0.323 | ... AG56: =AG34 -> 2.034 | AH56: 2.9773 | AJ56: byt 6 | AK56: =V57/(V56+V57) -> 0.48058252 | AL56: =W57/(W56+W57) -> 0.47063953 | AM56: =X57/(X56+X57) -> 0.53841991 | AN56: =Y57/(Y56+Y57) -> 0.51090077 | AO56: =Z57/(Z56+Z57) -> 0.51482615 | AP56: =AA57/(AA56+AA57) -> 0.49868494 | AQ56: =AB57/(AB56+AB57) -> 0.53068862 | AR56: =AC57/(AC56+AC57) -> 0.51428571 | ... AV56: =AG57/(AG56+AG57) -> 0.34661099 | AW56: =SUM(AK56:AV56)/12 -> 0.4413368
E57: 43956 | F57: starý | U57: TV | V57: =V43 -> 1.584 | W57: =W43 -> 1.619 | X57: =X43 -> 4.975 | Y57: =Y43 -> 6.585 | Z57: =Z43 -> 9.254 | AA57: =AA43 -> 7.205 | AB57: =AB43 -> 2.836 | AC57: =AC43 -> 0.342 | ... AG57: =AG43 -> 1.079 | AH57: 1.5876
F58: nový | T58: 8 | U58: SV | V58: =V35 -> 5.173 | W58: =W35 -> 2.023 | X58: =X35 -> 0.504 | Y58: =Y35 -> 2.274 | Z58: =Z35 -> 2.291 | AA58: =AA35 -> 2.071 | AB58: =AB35 -> 0.998 | AC58: =AC35 -> 1.672 | ... AG58: =AG35 -> 6.408 | AH58: 5.4084 | AJ58: byt 8 | AK58: =V59/(V58+V59) -> 0.35248467 | AL58: =W59/(W58+W59) -> 0.36343612 | AM58: =X59/(X58+X59) -> 0.43812709 | AN58: =Y59/(Y58+Y59) -> 0.39809423 | AO58: =Z59/(Z58+Z59) -> 0.40555267 | AP58: =AA59/(AA58+AA59) -> 0.40265359 | AQ58: =AB59/(AB58+AB59) -> 0.36594663 | AR58: =AC59/(AC58+AC59) -> 0.37728119 | ... AV58: =AG59/(AG58+AG59) -> 0.3250474 | AW58: =SUM(AK58:AV58)/12 -> 0.36588648
U59: TV | V59: =V45 -> 2.816 | W59: =W45 -> 1.155 | X59: =X45 -> 0.393 | Y59: =Y45 -> 1.504 | Z59: =Z45 -> 1.563 | AA59: =AA45 -> 1.396 | AB59: =AB45 -> 0.576 | AC59: =AC45 -> 1.013 | ... AG59: =AG45 -> 3.086 | AH59: 2.5713
T60: 11 | U60: SV | V60: =V36 -> 0.535 | W60: =W36 -> 0.347 | X60: =X36 -> 0.826 | Y60: =Y36 -> 1.275 | Z60: =Z36 -> 0.792 | AA60: =AA36 -> 1.072 | AB60: =AB36 -> 1.014 | AC60: =AC36 -> 2.96 | ... AG60: =AG36 -> 1.583 | AH60: 0.4723 | AJ60: byt 11 | AK60: =V61/(V60+V61) -> 0.32534678 | AL60: =W61/(W60+W61) -> 0.39652174 | AM60: =X61/(X60+X61) -> 0.36363636 | AN60: =Y61/(Y60+Y61) -> 0.37192118 | AO60: =Z61/(Z60+Z61) -> 0.32075472 | AP60: =AA61/(AA60+AA61) -> 0.29796988 | AQ60: =AB61/(AB60+AB61) -> 0.30117161 | AR60: =AC61/(AC60+AC61) -> 0.27628362 | ... AV60: =AG61/(AG60+AG61) -> 0.31826012 | AW60: =SUM(AK60:AV60)/12 -> 0.32786688
U61: TV | V61: =V47 -> 0.258 | W61: =W47 -> 0.228 | X61: =X47 -> 0.472 | Y61: =Y47 -> 0.755 | Z61: =Z47 -> 0.374 | AA61: =AA47 -> 0.455 | AB61: =AB47 -> 0.437 | AC61: =AC47 -> 1.13 | ... AG61: =AG47 -> 0.739 | AH61: 0.2794
T62: 12 | U62: SV | V62: =V37 -> 2.914 | W62: =W37 -> 2.796 | X62: =X37 -> 3.597 | Y62: =Y37 -> 4.065 | Z62: =Z37 -> 4.952 | AA62: =AA37 -> 3.428 | AB62: =AB37 -> 2.632 | AC62: =AC37 -> 3.435 | ... AG62: =AG37 -> 3.943 | AH62: 2.1434 | AJ62: byt 12 | AK62: =V63/(V62+V63) -> 0.37628425 | AL62: =W63/(W62+W63) -> 0.3265896 | AM62: =X63/(X62+X63) -> 0.37005254 | AN62: =Y63/(Y62+Y63) -> 0.30238545 | AO62: =Z63/(Z62+Z63) -> 0.23603826 | AP62: =AA63/(AA62+AA63) -> 0.36235119 | AQ62: =AB63/(AB62+AB63) -> 0.30278146 | AR62: =AC63/(AC62+AC63) -> 0.28273126 | ... AV62: =AG63/(AG62+AG63) -> 0.35571895 | AW62: =SUM(AK62:AV62)/12 -> 0.33140928
U63: TV | V63: =V49 -> 1.758 | W63: =W49 -> 1.356 | X63: =X49 -> 2.113 | Y63: =Y49 -> 1.762 | Z63: =Z49 -> 1.53 | AA63: =AA49 -> 1.948 | AB63: =AB49 -> 1.143 | AC63: =AC49 -> 1.354 | ... AG63: =AG49 -> 2.177 | AH63: 1.6965

Sheet 1852
A2: 1852 | C2: ='1850'!C2 -> 44927 | D2: ='1850'!D2 -> 44958 | E2: ='1850'!E2 -> 44986 | F2: ='1850'!F2 -> 45017 | G2: ='1850'!G2 -> 45047 | H2: ='1850'!H2 -> 45078 | I2: ='1850'!I2 -> 45111 | J2: ='1850'!J2 -> 45139 | ... O2: ='1850'!O2 -> 45292 | P2: voda | Q2: teplo | R2: Elektr | Y2: spotřeby po měsících
A3: byt č. | C3: prosinec | D3: leden | E3: únor | F3: březen | G3: duben | H3: květen | I3: červen | J3: červenec | K3: srpen | L3: září | M3: říjen | N3: listopad | O3: prosinec | P3: m3 | Q3: GJ | R3: KWh | T3: byt | U3: leden | V3: únor | W3: březen | X3: duben | Y3: květen | Z3: červen | AA3: červenec | AB3: srpen | AC3: září | AD3: říjen | AE3: listopad | AF3: prosinec
A4: 1 | B4: vodoměr č. 190834115 | C4: 445.719 | D4: 455.59 | E4: 466.564 | F4: 476.999 | G4: 487.181 | H4: 498.181 | I4: 509.757 | J4: 518.961 | K4: 530.655 | L4: 543.346 | M4: 554.406 | N4: 565.053 | O4: 576.312 | P4: =O4-C4 -> 130.593 | T4: 1 | U4: =D4-C4 -> 9.871 | V4: =E4-D4 -> 10.974 | W4: =F4-E4 -> 10.435 | X4: =G4-F4 -> 10.182 | Y4: =H4-G4 -> 11 | Z4: =I4-H4 -> 11.576 | AA4: =J4-I4 -> 9.204 | AB4: =K4-J4 -> 11.694 | ... AF4: =O4-N4 -> 11.259
B5: kalorimetr č. 71182233 | C5: 30.733 | D5: 34.232 | E5: 37.698 | F5: 40.611 | G5: 42.743 | H5: 43.469 | I5: 44.106 | J5: 44.559 | K5: 45.081 | L5: 45.694 | M5: 47.12 | N5: 49.831 | O5: 53.409 | Q5: =O5-C5 -> 22.676
A6: 2 | B6: vodoměr č. 190834121 | C6: 235.605 | D6: 243.138 | E6: 249.98 | F6: 258.34 | G6: 266.468 | H6: 273.338 | I6: 279.834 | J6: 285.227 | K6: 291.49 | L6: 298.306 | M6: 304.641 | N6: 310.016 | O6: 314.552 | P6: =O6-C6 -> 78.947 | T6: 2 | U6: =D6-C6 -> 7.533 | V6: =E6-D6 -> 6.842 | W6: =F6-E6 -> 8.36 | X6: =G6-F6 -> 8.128 | Y6: =H6-G6 -> 6.87 | Z6: =I6-H6 -> 6.496 | AA6: =J6-I6 -> 5.393 | AB6: =K6-J6 -> 6.263 | ... AF6: =O6-N6 -> 4.536
B7: kalorimetr č. 71182270 | C7: 16.116 | D7: 17.339 | E7: 18.843 | F7: 19.976 | G7: 20.814 | H7: 21.47 | I7: 22.06 | J7: 22.497 | K7: 22.918 | L7: 23.507 | M7: 24.026 | N7: 24.702 | O7: 25.735 | Q7: =O7-C7 -> 9.619
A8: 3 | B8: vodoměr č. 200015760 | C8: 338.053 | D8: 348.615 | E8: 360.687 | F8: 370.43 | G8: 380.405 | H8: 393.399 | I8: 403.931 | J8: 412.153 | K8: 418.6 | L8: 429.847 | M8: 438.919 | N8: 448.919 | O8: 459.766 | P8: =O8-C8 -> 121.713 | T8: 3 | U8: =D8-C8 -> 10.562 | V8: =E8-D8 -> 12.072 | W8: =F8-E8 -> 9.743 | X8: =G8-F8 -> 9.975 | Y8: =H8-G8 -> 12.994 | Z8: =I8-H8 -> 10.532 | AA8: =J8-I8 -> 8.222 | AB8: =K8-J8 -> 6.447 | ... AF8: =O8-N8 -> 10.847
B9: kalorimetr č. 71182274 | C9: 43.311 | D9: 48.234 | E9: 52.65 | F9: 56.297 | G9: 59.371 | H9: 60.511 | I9: 61.16 | J9: 61.481 | K9: 61.772 | L9: 62.404 | M9: 63.808 | N9: 67.442 | O9: 72.049 | Q9: =O9-C9 -> 28.738
A10: 4 | B10: vodoměr č. 190834096 | C10: 407.947 | D10: 416.924 | E10: 424.135 | F10: 433.11 | G10: 442.024 | H10: 450.118 | I10: 459.617 | J10: 466.052 | K10: 473.014 | L10: 481.991 | M10: 489.046 | N10: 497.472 | O10: 506.213 | P10: =O10-C10 -> 98.266 | T10: 4 | U10: =D10-C10 -> 8.977 | V10: =E10-D10 -> 7.211 | W10: =F10-E10 -> 8.975 | X10: =G10-F10 -> 8.914 | Y10: =H10-G10 -> 8.094 | Z10: =I10-H10 -> 9.499 | AA10: =J10-I10 -> 6.435 | AB10: =K10-J10 -> 6.962 | ... AF10: =O10-N10 -> 8.741
B11: kalorimetr č. 71182244 | C11: 37.265 | D11: 41.493 | E11: 44.998 | F11: 48.1 | G11: 50.49 | H11: 51.37 | I11: 52.12 | J11: 52.557 | K11: 53.026 | L11: 53.695 | M11: 54.49 | N11: 57.212 | O11: 61.01 | Q11: =O11-C11 -> 23.745
A12: 5 | B12: vodoměr č. 190834110 | C12: 236.272 | D12: 243.384 | E12: 249.35 | F12: 256.478 | G12: 262.307 | H12: 269.247 | I12: 274.298 | J12: 278.35 | K12: 285.606 | L12: 293.064 | M12: 300.126 | N12: 307.755 | O12: 314.985 | P12: =O12-C12 -> 78.713 | T12: 5 | U12: =D12-C12 -> 7.112 | V12: =E12-D12 -> 5.966 | W12: =F12-E12 -> 7.128 | X12: =G12-F12 -> 5.829 | Y12: =H12-G12 -> 6.94 | Z12: =I12-H12 -> 5.051 | AA12: =J12-I12 -> 4.052 | AB12: =K12-J12 -> 7.256 | ... AF12: =O12-N12 -> 7.23
B13: kalorimetr č. 71182251 | C13: 20.024 | D13: 21.964 | E13: 23.382 | F13: 24.624 | G13: 25.605 | H13: 26.224 | I13: 26.677 | J13: 26.992 | K13: 27.444 | L13: 27.974 | M13: 28.588 | N13: 29.7 | O13: 30.951 | Q13: =O13-C13 -> 10.927
A14: 6 | B14: vodoměr č. 190834127 | C14: 317.583 | D14: 329.211 | E14: 340.515 | F14: 352.144 | G14: 363.505 | H14: 372.548 | I14: 382.578 | J14: 386.781 | K14: 394.118 | L14: 402.872 | M14: 414.311 | N14: 425.781 | O14: 435.559 | P14: =O14-C14 -> 117.976 | T14: 6 | U14: =D14-C14 -> 11.628 | V14: =E14-D14 -> 11.304 | W14: =F14-E14 -> 11.629 | X14: =G14-F14 -> 11.361 | Y14: =H14-G14 -> 9.043 | Z14: =I14-H14 -> 10.03 | AA14: =J14-I14 -> 4.203 | AB14: =K14-J14 -> 7.337 | ... AF14: =O14-N14 -> 9.778
B15: kalorimetr č. 71182283 | C15: 30.804 | D15: 34.861 | E15: 38.665 | F15: 41.592 | G15: 43.71 | H15: 44.592 | I15: 45.341 | J15: 45.617 | K15: 46.066 | L15: 46.646 | M15: 47.727 | N15: 50.294 | O15: 53.598 | Q15: =O15-C15 -> 22.794
A16: 7 | B16: vodoměr č. 190834123 | C16: 38.227 | D16: 40.071 | E16: 41.382 | F16: 42.241 | G16: 43.442 | H16: 44.211 | I16: 45.322 | J16: 45.687 | K16: 47.944 | L16: 51.251 | M16: 56.456 | N16: 59.877 | O16: 60.945 | P16: =O16-C16 -> 22.718 | T16: 7 | U16: =D16-C16 -> 1.844 | V16: =E16-D16 -> 1.311 | W16: =F16-E16 -> 0.859 | X16: =G16-F16 -> 1.201 | Y16: =H16-G16 -> 0.769 | Z16: =I16-H16 -> 1.111 | AA16: =J16-I16 -> 0.365 | AB16: =K16-J16 -> 2.257 | ... AF16: =O16-N16 -> 1.068
B17: kalorimetr č. 71182277 | C17: 12.76 | D17: 15.17 | E17: 16.906 | F17: 17.754 | G17: 18.392 | H17: 18.403 | I17: 18.43 | J17: 18.434 | K17: 18.476 | L17: 18.558 | M17: 19.312 | N17: 21.597 | O17: 24.092 | Q17: =O17-C17 -> 11.332
A18: 8 | B18: vodoměr č. 190834118 | C18: 355.342 | D18: 365.01 | E18: 372.357 | F18: 382.333 | G18: 391.291 | H18: 401.23 | I18: 408.695 | J18: 416.755 | K18: 424.105 | L18: 433.626 | M18: 444.866 | N18: 453.2 | O18: 464.177 | P18: =O18-C18 -> 108.835 | T18: 8 | U18: =D18-C18 -> 9.668 | V18: =E18-D18 -> 7.347 | W18: =F18-E18 -> 9.976 | X18: =G18-F18 -> 8.958 | Y18: =H18-G18 -> 9.939 | Z18: =I18-H18 -> 7.465 | AA18: =J18-I18 -> 8.06 | AB18: =K18-J18 -> 7.35 | ... AF18: =O18-N18 -> 10.977
B19: kalorimetr č. 71182246 | C19: 19.528 | D19: 21.52 | E19: 22.848 | F19: 24.062 | G19: 24.77 | H19: 25.448 | I19: 25.941 | J19: 26.353 | K19: 26.738 | L19: 27.26 | M19: 27.869 | N19: 29.331 | O19: 31.794 | Q19: =O19-C19 -> 12.266
A20: 9 | B20: vodoměr č. 221525380 | C20: 11.177 | D20: 22.076 | E20: 30.463 | F20: 39.346 | G20: 47.102 | H20: 57.145 | I20: 66.822 | J20: 72.727 | K20: 81.36 | L20: 84.902 | M20: 97.893 | N20: 109.389 | O20: 120.553 | P20: =O20-G33+G32-C20 -> 214.969 | T20: 9 | U20: =D20-C20 -> 10.899 | V20: =E20-D20 -> 8.387 | W20: =F20-E20 -> 8.883 | X20: =G20-F20 -> 7.756 | Y20: =H20-G20 -> 10.043 | Z20: =I20-H20 -> 9.677 | AA20: =J20-I20 -> 5.905 | AB20: =K20-J20 -> 8.633 | ... AF20: =O20-N20 -> 11.164
B21: kalorimetr č. 71182282 | C21: 43.025 | D21: 47.912 | E21: 52.65 | F21: 57.88 | G21: 61.39 | H21: 62.829 | I21: 63.68 | J21: 64.127 | K21: 64.658 | L21: 65.008 | M21: 66.144 | N21: 69.595 | O21: 75.11 | Q21: =O21-C21 -> 32.085
A22: 10 | B22: vodoměr č. 190834129 | C22: 283.974 | D22: 291.963 | E22: 298.702 | F22: 305.034 | G22: 312.139 | H22: 317.95 | I22: 325.397 | J22: 330.702 | K22: 334.849 | L22: 341.33 | M22: 348.843 | N22: 354.589 | O22: 362.081 | P22: =O22-C22 -> 78.107 | T22: 10 | U22: =D22-C22 -> 7.989 | V22: =E22-D22 -> 6.739 | W22: =F22-E22 -> 6.332 | X22: =G22-F22 -> 7.105 | Y22: =H22-G22 -> 5.811 | Z22: =I22-H22 -> 7.447 | AA22: =J22-I22 -> 5.305 | AB22: =K22-J22 -> 4.147 | ... AF22: =O22-N22 -> 7.492
B23: kalorimetr č. 71182240 | C23: 28.409 | D23: 32.184 | E23: 35.319 | F23: 37.557 | G23: 38.88 | H23: 39.45 | I23: 40.041 | J23: 40.418 | K23: 40.755 | L23: 41.29 | M23: 42.303 | N23: 44.606 | O23: 48.123 | Q23: =O23-C23 -> 19.714
P24: =SUM(P4:P23) -> 1050.837 | Q24: =SUM(Q4:Q23) -> 193.896
A25: spol.spotř. | B25: elektroměr č. 2080200097 | C25: 7868 | D25: 8048 | E25: 8224 | F25: 8419 | G25: 8612 | H25: 8787 | I25: 8912 | J25: 9065 | K25: 9241 | L25: 9442 | M25: 9631 | N25: 9880 | O25: 10067 | R25: =O25-C25 -> 2199
B26: patní vodoměr č. 190976792 | C26: 3438.2 | D26: 3533.8 | E26: 3620.3 | F26: 3712.2 | G26: 3799.2 | H26: 3889.2 | I26: 3976.6 | J26: 4041.2 | K26: 4117.6 | L26: 4205.3 | M26: 4303.8 | N26: 4395.4 | O26: 4486.8 | P26: =O26-C26 -> 1048.6
B27: patní kalorimetr č./MWh | C27: 223.61 | D27: 233.37 | E27: 241.66 | F27: 248.74 | G27: 253.76 | H27: 255.48 | I27: 256.61 | J27: 257.22 | K27: 2.45 | L27: 5.95 | M27: 14.29 | N27: 38.04 | O27: 71.6 | Q27: =(J27-C27)*3.6+O27 -> 192.596 | R27: GJ
B28: patní kalorimetr č./kub.m | C28: 8842 | D28: 9058 | E28: 9239 | F28: 9403 | G28: 9510 | H28: 9557 | I28: 9590 | J28: 9610 | K28: 22 | L28: 50 | M28: 107 | N28: 251.3 | O28: 448 | Q28: =J28-C28+O28 -> 1216 | R28: m3
A29: ='1850'!A29 -> fakturační vodoměr č. 63796 | C29: ='1850'!C29 -> 20281.1 | D29: ='1850'!D29 -> 20614.3 | E29: ='1850'!E29 -> 20910.1 | F29: ='1850'!F29 -> 21247.4 | G29: ='1850'!G29 -> 21572.2 | H29: ='1850'!H29 -> 21932.7 | I29: ='1850'!I29 -> 22298.9 | J29: ='1850'!J29 -> 22571.5 | ... O29: ='1850'!O29 -> 24212 | P29: =O29-C29 -> 3930.9
C31: byt | D31: Reklamace - výměna | F31: číslo | G31: stav | I31: Dne 31.7.2023 odpojen kalor. (cejchování), | M31: stav: | N31: 257.22 | O31: MWh
C32: 9 | D32: 43950 | E32: starý | F32: 190834113 | G32: =M20+7.7 -> 105.593 | I32: Dne 3.8.2023 zapojen znovuzapojení, | M32: stav: | N32: 0 | O32: GJ
E33: nový | F33: 221525380 | G33: 0
D35: Výměna elektroměru
D36: 43956 | E36: starý
E37: nový

Sheet 1853
A2: 1853 | C2: ='1850'!C2 -> 44927 | D2: ='1850'!D2 -> 44958 | E2: ='1850'!E2 -> 44986 | F2: ='1850'!F2 -> 45017 | G2: ='1850'!G2 -> 45047 | H2: ='1850'!H2 -> 45078 | I2: ='1850'!I2 -> 45111 | J2: ='1850'!J2 -> 45139 | ... O2: ='1850'!O2 -> 45292 | P2: Voda | Q2: Teplo | R2: Elektr | Y2: spotřeby po měsících
A3: byt č. | C3: prosinec | D3: leden | E3: únor | F3: březen | G3: duben | H3: květen | I3: červen | J3: červenec | K3: srpen | L3: září | M3: říjen | N3: listopad | O3: prosinec | P3: m3 | Q3: GJ | R3: KWh | T3: byt | U3: leden | V3: únor | W3: březen | X3: duben | Y3: květen | Z3: červen | AA3: červenec | AB3: srpen | AC3: září | AD3: říjen | AE3: listopad | AF3: prosinec
A4: 1 | B4: vodoměr č. 190834100 | C4: 530.581 | D4: 543.361 | E4: 554.948 | F4: 568.027 | G4: 580.743 | H4: 594.59 | I4: 606.012 | J4: 615.99 | K4: 628.456 | L4: 640.95 | M4: 654.029 | N4: 667.54 | O4: 681.208 | P4: =O4-C4 -> 150.627 | T4: 1 | U4: =D4-C4 -> 12.78 | V4: =E4-D4 -> 11.587 | W4: =F4-E4 -> 13.079 | X4: =G4-F4 -> 12.716 | Y4: =H4-G4 -> 13.847 | Z4: =I4-H4 -> 11.422 | AA4: =J4-I4 -> 9.978 | AB4: =K4-J4 -> 12.466 | ... AF4: =O4-N4 -> 13.668
B5: kalorimetr č. 71182275 | C5: 37.232 | D5: 40.923 | E5: 44.521 | F5: 47.752 | G5: 49.768 | H5: 50.824 | I5: 51.494 | J5: 51.993 | K5: 52.526 | L5: 53.201 | M5: 54.248 | N5: 57.905 | O5: 63.385 | Q5: =O5-C5 -> 26.153
A6: 2 | B6: vodoměr č. 190906789 | C6: 294.937 | D6: 301.974 | E6: 308.412 | F6: 315.471 | G6: 322.875 | H6: 329.352 | I6: 336.171 | J6: 341.916 | K6: 348.12 | L6: 354.908 | M6: 360.014 | N6: 367.351 | O6: 374.776 | P6: =O6-C6 -> 79.839 | T6: 2 | U6: =D6-C6 -> 7.037 | V6: =E6-D6 -> 6.438 | W6: =F6-E6 -> 7.059 | X6: =G6-F6 -> 7.404 | Y6: =H6-G6 -> 6.477 | Z6: =I6-H6 -> 6.819 | AA6: =J6-I6 -> 5.745 | AB6: =K6-J6 -> 6.204 | ... AF6: =O6-N6 -> 7.425
B7: kalorimetr č. 71182253 | C7: 10.275 | D7: 11.759 | E7: 13.082 | F7: 14.364 | G7: 15.054 | H7: 15.44 | I7: 15.713 | J7: 15.794 | K7: 15.929 | L7: 16.244 | M7: 16.482 | N7: 17.376 | O7: 18.928 | Q7: =O7-C7 -> 8.653
A8: 3 | B8: vodoměr č. 190906786 | C8: 173.735 | D8: 179.219 | E8: 184.563 | F8: 192.12 | G8: 199.422 | H8: 206.158 | I8: 212.291 | J8: 216.667 | K8: 223.934 | L8: 233.278 | M8: 239.747 | N8: 246.5 | O8: 253.555 | P8: =O8-C8 -> 79.82 | T8: 3 | U8: =D8-C8 -> 5.484 | V8: =E8-D8 -> 5.344 | W8: =F8-E8 -> 7.557 | X8: =G8-F8 -> 7.302 | Y8: =H8-G8 -> 6.736 | Z8: =I8-H8 -> 6.133 | AA8: =J8-I8 -> 4.376 | AB8: =K8-J8 -> 7.267 | ... AF8: =O8-N8 -> 7.055
B9: kalorimetr č. 71182217 | C9: 29.607 | D9: 33.265 | E9: 36.443 | F9: 39.077 | G9: 40.847 | H9: 41.252 | I9: 41.536 | J9: 41.72 | K9: 42.002 | L9: 42.496 | M9: 42.965 | N9: 44.461 | O9: 46.913 | Q9: =O9-C9 -> 17.306
A10: 4 | B10: vodoměr č. 190834105 | C10: 194.525 | D10: 198.874 | E10: 202.902 | F10: 208.014 | G10: 212.943 | H10: 216.953 | I10: 220.613 | J10: 224.775 | K10: 229.224 | L10: 234.95 | M10: 239.288 | N10: 243.194 | O10: 248.363 | P10: =O10-C10 -> 53.838 | T10: 4 | U10: =D10-C10 -> 4.349 | V10: =E10-D10 -> 4.028 | W10: =F10-E10 -> 5.112 | X10: =G10-F10 -> 4.929 | Y10: =H10-G10 -> 4.01 | Z10: =I10-H10 -> 3.66 | AA10: =J10-I10 -> 4.162 | AB10: =K10-J10 -> 4.449 | ... AF10: =O10-N10 -> 5.169
B11: kalorimetr č. 71182254 | C11: 12.095 | D11: 13.722 | E11: 15.089 | F11: 15.742 | G11: 16.059 | H11: 16.431 | I11: 16.739 | J11: 16.974 | K11: 17.234 | L11: 17.533 | M11: 17.826 | N11: 19.302 | O11: 20.852 | Q11: =O11-C11 -> 8.757
A12: 5 | B12: vodoměr č. 190906792 | C12: 312.23 | D12: 319.551 | E12: 325.971 | F12: 332.88 | G12: 339.531 | H12: 345.65 | I12: 352.054 | J12: 357.017 | K12: 363.965 | L12: 370.764 | M12: 377.375 | N12: 384.683 | O12: 393.043 | P12: =O12-C12 -> 80.813 | T12: 5 | U12: =D12-C12 -> 7.321 | V12: =E12-D12 -> 6.42 | W12: =F12-E12 -> 6.909 | X12: =G12-F12 -> 6.651 | Y12: =H12-G12 -> 6.119 | Z12: =I12-H12 -> 6.404 | AA12: =J12-I12 -> 4.963 | AB12: =K12-J12 -> 6.948 | ... AF12: =O12-N12 -> 8.36
B13: kalorimetr č. 71182267 | C13: 11.632 | D13: 12.875 | E13: 14.103 | F13: 15.075 | G13: 15.809 | H13: 16.138 | I13: 16.408 | J13: 16.58 | K13: 16.806 | L13: 17.096 | M13: 17.486 | N13: 18.441 | O13: 20.087 | Q13: =O13-C13 -> 8.455
A14: 6 | B14: vodoměr č. 190906795 | C14: 173.968 | D14: 177.84 | E14: 181.193 | F14: 184.947 | G14: 188.91 | H14: 192.232 | I14: 196.207 | J14: 199.334 | K14: 202.346 | L14: 205.48 | M14: 208.456 | N14: 211.813 | O14: 216.426 | P14: =O14-C14 -> 42.458 | T14: 6 | U14: =D14-C14 -> 3.872 | V14: =E14-D14 -> 3.353 | W14: =F14-E14 -> 3.754 | X14: =G14-F14 -> 3.963 | Y14: =H14-G14 -> 3.322 | Z14: =I14-H14 -> 3.975 | AA14: =J14-I14 -> 3.127 | AB14: =K14-J14 -> 3.012 | ... AF14: =O14-N14 -> 4.613
B15: kalorimetr č. 71182261 | C15: 17.234 | D15: 20.031 | E15: 22.084 | F15: 23.565 | G15: 24.416 | H15: 24.572 | I15: 24.737 | J15: 24.837 | K15: 24.933 | L15: 25.035 | M15: 25.216 | N15: 26.633 | O15: 29.189 | Q15: =O15-C15 -> 11.955
A16: 7 | B16: vodoměr č. 190834103 | C16: 419.101 | D16: 429.41 | E16: 436.866 | F16: 448.264 | G16: 459.318 | H16: 469.65 | I16: 479.587 | J16: 484.175 | K16: 493.68 | L16: 505.065 | M16: 516.397 | N16: 528.633 | O16: 542.297 | P16: =O16-C16 -> 123.196 | T16: 7 | U16: =D16-C16 -> 10.309 | V16: =E16-D16 -> 7.456 | W16: =F16-E16 -> 11.398 | X16: =G16-F16 -> 11.054 | Y16: =H16-G16 -> 10.332 | Z16: =I16-H16 -> 9.937 | AA16: =J16-I16 -> 4.588 | AB16: =K16-J16 -> 9.505 | ... AF16: =O16-N16 -> 13.664
B17: kalorimetr č. 71182272 | C17: 33.724 | D17: 38.151 | E17: 40.765 | F17: 43.458 | G17: 45.473 | H17: 46.321 | I17: 47.04 | J17: 47.373 | K17: 47.93 | L17: 48.652 | M17: 49.687 | N17: 52.363 | O17: 56.159 | Q17: =O17-C17 -> 22.435
A18: 8 | B18: vodoměr č. 190834101 | C18: 260.688 | D18: 267.576 | E18: 274.438 | F18: 280.899 | G18: 287.319 | H18: 293.572 | I18: 300.062 | J18: 305.952 | K18: 310.06 | L18: 317.012 | M18: 325.398 | N18: 333.205 | O18: 341.374 | P18: =O18-C18 -> 80.686 | T18: 8 | U18: =D18-C18 -> 6.888 | V18: =E18-D18 -> 6.862 | W18: =F18-E18 -> 6.461 | X18: =G18-F18 -> 6.42 | Y18: =H18-G18 -> 6.253 | Z18: =I18-H18 -> 6.49 | AA18: =J18-I18 -> 5.89 | AB18: =K18-J18 -> 4.108 | ... AF18: =O18-N18 -> 8.169
B19: kalorimetr č. 71182249 | C19: 23.2 | D19: 26.714 | E19: 29.3 | F19: 31.325 | G19: 32.428 | H19: 32.79 | I19: 33.123 | J19: 33.303 | K19: 33.449 | L19: 33.734 | M19: 34.252 | N19: 36.632 | O19: 40.132 | Q19: =O19-C19 -> 16.932
A20: 9 | B20: vodoměr č. 190834108 | C20: 147.58 | D20: 150.967 | E20: 154.012 | F20: 157.629 | G20: 160.944 | H20: 164.139 | I20: 167.784 | J20: 170.953 | K20: 174.339 | L20: 177.764 | M20: 181.24 | N20: 185.073 | O20: 188.598 | P20: =O20-C20 -> 41.018 | T20: 9 | U20: =D20-C20 -> 3.387 | V20: =E20-D20 -> 3.045 | W20: =F20-E20 -> 3.617 | X20: =G20-F20 -> 3.315 | Y20: =H20-G20 -> 3.195 | Z20: =I20-H20 -> 3.645 | AA20: =J20-I20 -> 3.169 | AB20: =K20-J20 -> 3.386 | ... AF20: =O20-N20 -> 3.525
B21: kalorimetr č. 71182281 | C21: 26.124 | D21: 30.017 | E21: 33.388 | F21: 35.976 | G21: 37.541 | H21: 37.852 | I21: 38.146 | J21: 38.359 | K21: 38.585 | L21: 38.857 | M21: 39.525 | N21: 42.404 | O21: 46.407 | Q21: =O21-C21 -> 20.283
A22: 10 | B22: vodoměr č. 190906953 | C22: 162.723 | D22: 165.06 | E22: 167.314 | F22: 169.67 | G22: 172.77 | H22: 174.863 | I22: 176.935 | J22: 178.68 | K22: 181.131 | L22: 183.448 | M22: 186.465 | N22: 188.782 | O22: 191.288 | P22: =O22-C22 -> 28.565 | T22: 10 | U22: =D22-C22 -> 2.337 | V22: =E22-D22 -> 2.254 | W22: =F22-E22 -> 2.356 | X22: =G22-F22 -> 3.1 | Y22: =H22-G22 -> 2.093 | Z22: =I22-H22 -> 2.072 | AA22: =J22-I22 -> 1.745 | AB22: =K22-J22 -> 2.451 | ... AF22: =O22-N22 -> 2.506
B23: kalorimetr č. 71182268 | C23: 27.286 | D23: 31.123 | E23: 34.362 | F23: 37.085 | G23: 38.952 | H23: 39.215 | I23: 39.327 | J23: 39.383 | K23: 39.494 | L23: 39.644 | M23: 40.382 | N23: 42.972 | O23: 46.521 | Q23: =O23-C23 -> 19.235
B24: elektroměr č.2080200105 dům | C24: 6338 | D24: 6536 | E24: 6700 | F24: 6880 | G24: 7051 | H24: 7225 | I24: 7424 | J24: 7593 | K24: 7768 | L24: 7963 | M24: 8136 | N24: 8313 | O24: 8503 | P24: =SUM(P4:P23) -> 760.86 | Q24: =SUM(Q4:Q23) -> 160.164 | R24: =O24-C24 -> 2165
A25: spol.spotř. | B25: elektroměr č. 2080200100 VO | C25: 10842 | D25: 11278 | E25: 11637 | F25: 11986 | G25: 12280 | H25: 12516 | I25: 12737 | J25: 12928 | K25: 13161 | L25: 13399 | M25: 13683 | N25: 14065 | O25: 14439 | R25: =O25-C25 -> 3597 | T25: Zahrada | U25: =D26-C26 -> 0 | V25: =E26-D26 -> 0 | W25: =F26-E26 -> 0 | X25: =G26-F26 -> 0 | Y25: =H26-G26 -> 26.126 | Z25: =I26-H26 -> 30.185 | AA25: =J26-I26 -> 30.597 | AB25: =K26-J26 -> 23.987 | ... AF25: =O26-N26 -> 0
B26: vodoměr areál č.200076532 | C26: 416.747 | D26: 416.747 | E26: 416.747 | F26: 416.747 | G26: 416.747 | H26: 442.873 | I26: 473.058 | J26: 503.655 | K26: 527.642 | L26: 542.56 | M26: 547.48 | N26: 547.775 | O26: 547.775 | P26: =O26-C26 -> 131.028 | Q26: =ROUND(P26,0) -> 131 | R26: zahrada
B27: patní vodoměr č. 190976789 | C27: 3297.6 | D27: 3367.6 | E27: 3429.9 | F27: 3503.7 | G27: 3577.7 | H27: 3685.2 | I27: 3793.1 | J27: 3876.8 | K27: 3966.9 | L27: 4057 | M27: 4133.6 | N27: 4209 | O27: 4291.1 | P27: =O27-C27 -> 993.5 | Q27: =P27-Q26 -> 862.5 | R27: byty | U27: =(D27-C27)-(D26-C26) -> 70 | V27: =(E27-D27)-(E26-D26) -> 62.3 | W27: =(F27-E27)-(F26-E26) -> 73.8 | X27: =(G27-F27)-(G26-F26) -> 74 | Y27: =(H27-G27)-(H26-G26) -> 81.374 | Z27: =(I27-H27)-(I26-H26) -> 77.715 | AA27: =(J27-I27)-(J26-I26) -> 53.103 | AB27: =(K27-J27)-(K26-J26) -> 66.113 | ... AF27: =(O27-N27)-(O26-N26) -> 82.1
B28: patní kalorimetr č./ MWh | C28: 206.92 | D28: 215.75 | E28: 222.98 | F28: 228.9 | G28: 232.63 | H28: 233.67 | I28: 234.42 | J28: 234.86 | K28: 2.08 | L28: 5 | M28: 10.31 | N28: 31.97 | O28: 63.56 | Q28: =(J28-C28)*3.6+O28 -> 164.144 | R28: GJ | U28: =(D28-C28)*3.6 -> 31.788 | V28: =(E28-D28)*3.6 -> 26.028 | W28: =(F28-E28)*3.6 -> 21.312 | X28: =(G28-F28)*3.6 -> 13.428 | Y28: =(H28-G28)*3.6 -> 3.744 | Z28: =(I28-H28)*3.6 -> 2.7 | AA28: =(J28-I28)*3.6 -> 1.584 | AB28: =K28 -> 2.08 | AC28: =(L28-K28) -> 2.92 | AD28: =(M28-L28) -> 5.31 | AE28: =(N28-M28) -> 21.66 | AF28: =(O28-N28) -> 31.59
B29: patní kalorimetr č. /kub.m | C29: 13450 | D29: 13643 | E29: 13805 | F29: 13939 | G29: 14029 | H29: 14058 | I29: 14081 | J29: 14096 | K29: 18 | L29: 43 | M29: 85 | N29: 234 | O29: 442 | Q29: =J29-C29+O29 -> 1088 | R29: m3
A30: ='1850'!A29 -> fakturační vodoměr č. 63796 | C30: ='1850'!C29 -> 20281.1 | D30: ='1850'!D29 -> 20614.3 | E30: ='1850'!E29 -> 20910.1 | F30: ='1850'!F29 -> 21247.4 | G30: ='1850'!G29 -> 21572.2 | H30: ='1850'!H29 -> 21932.7 | I30: ='1850'!I29 -> 22298.9 | J30: ='1850'!J29 -> 22571.5 | ... O30: ='1850'!O29 -> 24212 | P30: =O30-C30 -> 3930.9
A32: 11 | B32: vodoměr SV č. 11717149 | C32: 13.972 | D32: 14.365 | E32: 14.652 | F32: 15.053 | G32: 15.413 | H32: 15.755 | I32: 16.373 | J32: 16.628 | K32: 16.891 | L32: 17.215 | M32: 17.571 | N32: 17.962 | O32: 18.236 | P32: =O32-C32 -> 4.264 | S32: SV | T32: 11 | U32: =D32-C32 -> 0.393 | V32: =E32-D32 -> 0.287 | W32: =F32-E32 -> 0.401 | X32: =G32-F32 -> 0.36 | Y32: =H32-G32 -> 0.342 | Z32: =I32-H32 -> 0.618 | AA32: =J32-I32 -> 0.255 | AB32: =K32-J32 -> 0.263 | ... AF32: =O32-N32 -> 0.274
B33: vodoměr TV č. 11683196 | C33: 0.76 | D33: 0.767 | E33: 0.767 | F33: 0.776 | G33: 0.779 | H33: 0.781 | I33: 0.825 | J33: 0.84 | K33: 0.847 | L33: 0.855 | M33: 0.861 | N33: 0.865 | O33: 0.871 | P33: =O33-C33 -> 0.111 | S33: TV | U33: =D33-C33 -> 0.007 | V33: =E33-D33 -> 0 | W33: =F33-E33 -> 0.009 | X33: =G33-F33 -> 0.003 | Y33: =H33-G33 -> 0.002 | Z33: =I33-H33 -> 0.044 | AA33: =J33-I33 -> 0.015 | AB33: =K33-J33 -> 0.007 | ... AF33: =O33-N33 -> 0.006
D35: Výměna elektroměru DŮM
D36: 43956 | E36: starý | O36: spotřeba SV byt č.3 pro vyúčt. | P36: =P8-P32-P33 -> 75.445
E37: nový | O37: spotřeba SV sklad č.11 pro vyúčt. | P37: =P32+P33 -> 4.375
D38: Výměna elektroměru AREÁL | O38: CELKEM : | P38: =SUM(P36:P37) -> 79.82
D39: 43956 | E39: starý
E40: nový | J40: Dne 31.7.2023 odpojen kalor. (cejchování), | N40: stav: | O40: 234.86 | P40: MWh
J41: Dne 3.8.2023 zapojen znovuzapojení, | N41: stav: | O41: 0 | P41: GJ

Sheet 1854
A2: 1854 | C2: ='1850'!C2 -> 44927 | D2: ='1850'!D2 -> 44958 | E2: ='1850'!E2 -> 44986 | F2: ='1850'!F2 -> 45017 | G2: ='1850'!G2 -> 45047 | H2: ='1850'!H2 -> 45078 | I2: ='1850'!I2 -> 45111 | J2: ='1850'!J2 -> 45139 | ... O2: ='1850'!O2 -> 45292 | P2: voda | Q2: teplo | R2: Elektr | Y2: spotřeby po měsících
A3: byt č. | C3: prosinec | D3: leden | E3: únor | F3: březen | G3: duben | H3: květen | I3: červen | J3: červenec | K3: srpen | L3: září | M3: říjen | N3: listopad | O3: prosinec | P3: m3 | Q3: GJ | R3: KWh | T3: byt | U3: leden | V3: únor | W3: březen | X3: duben | Y3: květen | Z3: červen | AA3: červenec | AB3: srpen | AC3: září | AD3: říjen | AE3: listopad | AF3: prosinec
A4: 1 | B4: vodoměr č. 190906992 | C4: 270.752 | D4: 278.305 | E4: 283.338 | F4: 290.447 | G4: 296.596 | H4: 303.235 | I4: 309.789 | J4: 313.446 | K4: 317.062 | L4: 319.255 | M4: 321.227 | N4: 323.153 | O4: 325.996 | P4: =O4-C4 -> 55.244 | T4: 1 | U4: =D4-C4 -> 7.553 | V4: =E4-D4 -> 5.033 | W4: =F4-E4 -> 7.109 | X4: =G4-F4 -> 6.149 | Y4: =H4-G4 -> 6.639 | Z4: =I4-H4 -> 6.554 | AA4: =J4-I4 -> 3.657 | AB4: =K4-J4 -> 3.616 | ... AF4: =O4-N4 -> 2.843
B5: kalorimetr č. 71182259 | C5: 29.809 | D5: 33.751 | E5: 37.203 | F5: 40.165 | G5: 42.253 | H5: 42.913 | I5: 43.321 | J5: 43.532 | K5: 43.748 | L5: 43.943 | M5: 44.615 | N5: 46.909 | O5: 50.515 | Q5: =O5-C5 -> 20.706
A6: 2 | B6: vodoměr č. 190906991 | C6: 199.445 | D6: 204.188 | E6: 209.848 | F6: 216.105 | G6: 222.373 | H6: 227.656 | I6: 234.185 | J6: 238.313 | K6: 244.128 | L6: 251.386 | M6: 256.546 | N6: 262.203 | O6: 266.566 | P6: =O6-C6 -> 67.121 | T6: 2 | U6: =D6-C6 -> 4.743 | V6: =E6-D6 -> 5.66 | W6: =F6-E6 -> 6.257 | X6: =G6-F6 -> 6.268 | Y6: =H6-G6 -> 5.283 | Z6: =I6-H6 -> 6.529 | AA6: =J6-I6 -> 4.128 | AB6: =K6-J6 -> 5.815 | ... AF6: =O6-N6 -> 4.363
B7: kalorimetr č. 71182248 | C7: 40.553 | D7: 45.848 | E7: 51.463 | F7: 55.967 | G7: 59.522 | H7: 60.911 | I7: 61.493 | J7: 61.797 | K7: 62.181 | L7: 62.702 | M7: 63.262 | N7: 67.246 | O7: 72.397 | Q7: =O7-C7 -> 31.844
A8: 3 | B8: vodoměr č. 190906988 | C8: 275.92 | D8: 282.712 | E8: 288.282 | F8: 294.847 | G8: 301.104 | H8: 307.803 | I8: 314.809 | J8: 320.301 | K8: 327.097 | L8: 333.76 | M8: 339.021 | N8: 344.044 | O8: 349.848 | P8: =O8-C8 -> 73.928 | T8: 3 | U8: =D8-C8 -> 6.792 | V8: =E8-D8 -> 5.57 | W8: =F8-E8 -> 6.565 | X8: =G8-F8 -> 6.257 | Y8: =H8-G8 -> 6.699 | Z8: =I8-H8 -> 7.006 | AA8: =J8-I8 -> 5.492 | AB8: =K8-J8 -> 6.796 | ... AF8: =O8-N8 -> 5.804
B9: kalorimetr č. 71182258 | C9: 43.799 | D9: 49.289 | E9: 54.771 | F9: 59.895 | G9: 63.749 | H9: 65.305 | I9: 65.644 | J9: 65.885 | K9: 66.148 | L9: 66.435 | M9: 68.755 | N9: 74.075 | O9: 80.77 | Q9: =O9-C9 -> 36.971
A10: 4 | B10: vodoměr č. 190906987 | C10: 233.497 | D10: 243.261 | E10: 252.467 | F10: 261.735 | G10: 269.633 | H10: 276.626 | I10: 287.023 | J10: 294.858 | K10: 301.923 | L10: 309.718 | M10: 316.417 | N10: 324.407 | O10: 331.89 | P10: =O10-C10 -> 98.393 | T10: 4 | U10: =D10-C10 -> 9.764 | V10: =E10-D10 -> 9.206 | W10: =F10-E10 -> 9.268 | X10: =G10-F10 -> 7.898 | Y10: =H10-G10 -> 6.993 | Z10: =I10-H10 -> 10.397 | AA10: =J10-I10 -> 7.835 | AB10: =K10-J10 -> 7.065 | ... AF10: =O10-N10 -> 7.483
B11: kalorimetr č. 71182242 | C11: 15.755 | D11: 17.058 | E11: 18.029 | F11: 18.997 | G11: 19.642 | H11: 20.116 | I11: 20.636 | J11: 20.99 | K11: 21.357 | L11: 21.757 | M11: 22.154 | N11: 23.301 | O11: 24.163 | Q11: =O11-C11 -> 8.408
A12: 5 | B12: vodoměr č. 221525395 | C12: 0.111 | D12: 0.139 | E12: 0.165 | F12: 0.269 | G12: 0.29 | H12: 0.308 | I12: 0.355 | J12: 0.391 | K12: 0.436 | L12: 0.511 | M12: 0.551 | N12: 0.612 | O12: 0.643 | P12: =O12-G40+G39-C12 -> 1.114 | T12: 5 | U12: =D12-C12 -> 0.028 | V12: =E12-D12 -> 0.026 | W12: =F12-E12 -> 0.104 | X12: =G12-F12 -> 0.021 | Y12: =H12-G12 -> 0.018 | Z12: =I12-H12 -> 0.047 | AA12: =J12-I12 -> 0.036 | AB12: =K12-J12 -> 0.045 | ... AF12: =O12-N12 -> 0.031
B13: kalorimetr č. 71182255 | C13: 4.916 | D13: 6.314 | E13: 6.66 | F13: 6.705 | G13: 6.706 | H13: 6.706 | I13: 6.706 | J13: 6.707 | K13: 6.707 | L13: 6.707 | M13: 6.708 | N13: 6.71 | O13: 6.71 | Q13: =O13-C13 -> 1.794
A14: 6 | B14: vodoměr č. 190906994 | C14: 323.594 | D14: 333.255 | E14: 341.204 | F14: 349.128 | G14: 356.456 | H14: 366.009 | I14: 375.727 | J14: 382.63 | K14: 390.761 | L14: 400.143 | M14: 406.732 | N14: 416.292 | O14: 424.951 | P14: =O14-C14 -> 101.357 | T14: 6 | U14: =D14-C14 -> 9.661 | V14: =E14-D14 -> 7.949 | W14: =F14-E14 -> 7.924 | X14: =G14-F14 -> 7.328 | Y14: =H14-G14 -> 9.553 | Z14: =I14-H14 -> 9.718 | AA14: =J14-I14 -> 6.903 | AB14: =K14-J14 -> 8.131 | ... AF14: =O14-N14 -> 8.659
B15: kalorimetr č. 71182230 | C15: 12.884 | D15: 14.549 | E15: 15.492 | F15: 16.139 | G15: 16.617 | H15: 17.242 | I15: 17.776 | J15: 18.102 | K15: 18.456 | L15: 18.905 | M15: 19.262 | N15: 20.303 | O15: 21.9 | Q15: =O15-C15 -> 9.016
A16: 7 | B16: vodoměr č. 190906986 | C16: 124.062 | D16: 125.406 | E16: 127.037 | F16: 128.54 | G16: 129.638 | H16: 131.048 | I16: 132.592 | J16: 133.504 | K16: 134.512 | L16: 136.533 | M16: 137.857 | N16: 139.951 | O16: 141.492 | P16: =O16-C16 -> 17.43 | T16: 7 | U16: =D16-C16 -> 1.344 | V16: =E16-D16 -> 1.631 | W16: =F16-E16 -> 1.503 | X16: =G16-F16 -> 1.098 | Y16: =H16-G16 -> 1.41 | Z16: =I16-H16 -> 1.544 | AA16: =J16-I16 -> 0.912 | AB16: =K16-J16 -> 1.008 | ... AF16: =O16-N16 -> 1.541
B17: kalorimetr č. 71182247 | C17: 9.096 | D17: 10.365 | E17: 11.266 | F17: 11.846 | G17: 12.12 | H17: 12.426 | I17: 12.723 | J17: 12.918 | K17: 13.141 | L17: 13.456 | M17: 13.726 | N17: 14.37 | O17: 15.669 | Q17: =O17-C17 -> 6.573
A18: 8 | B18: vodoměr č. 191519281 | C18: 249.7 | D18: 255.868 | E18: 261.453 | F18: 268.358 | G18: 275.02 | H18: 280.983 | I18: 288.665 | J18: 294.111 | K18: 300.507 | L18: 306.237 | M18: 311.67 | N18: 317.074 | O18: 322.8 | P18: =O18-C18 -> 73.1 | T18: 8 | U18: =D18-C18 -> 6.168 | V18: =E18-D18 -> 5.585 | W18: =F18-E18 -> 6.905 | X18: =G18-F18 -> 6.662 | Y18: =H18-G18 -> 5.963 | Z18: =I18-H18 -> 7.682 | AA18: =J18-I18 -> 5.446 | AB18: =K18-J18 -> 6.396 | ... AF18: =O18-N18 -> 5.726
B19: kalorimetr č. 71182232 | C19: 34.484 | D19: 38.239 | E19: 41.836 | F19: 44.737 | G19: 46.825 | H19: 47.128 | I19: 47.396 | J19: 47.562 | K19: 47.723 | L19: 47.938 | M19: 48.194 | N19: 52.281 | O19: 57.194 | Q19: =O19-C19 -> 22.71
A20: 9 | B20: vodoměr č. 190906990 | C20: 473.534 | D20: 485.899 | E20: 496.218 | F20: 505.659 | G20: 516.333 | H20: 527.759 | I20: 539.858 | J20: 549.606 | K20: 557.562 | L20: 570.519 | M20: 580.265 | N20: 591.273 | O20: 602.928 | P20: =O20-C20 -> 129.394 | T20: 9 | U20: =D20-C20 -> 12.365 | V20: =E20-D20 -> 10.319 | W20: =F20-E20 -> 9.441 | X20: =G20-F20 -> 10.674 | Y20: =H20-G20 -> 11.426 | Z20: =I20-H20 -> 12.099 | AA20: =J20-I20 -> 9.748 | AB20: =K20-J20 -> 7.956 | ... AF20: =O20-N20 -> 11.655
B21: kalorimetr č. 71182228 | C21: 40.387 | D21: 46.075 | E21: 51.33 | F21: 55.986 | G21: 59.17 | H21: 59.911 | I21: 60.455 | J21: 60.834 | K21: 61.184 | L21: 61.699 | M21: 62.704 | N21: 66.317 | O21: 71.245 | Q21: =O21-C21 -> 30.858
A22: 10 | B22: vodoměr č. 190906995 | C22: 0.337 | D22: 0.337 | E22: 0.338 | F22: 0.338 | G22: 0.338 | H22: 0.366 | I22: 0.366 | J22: 0.366 | K22: 0.37 | L22: 0.379 | M22: 0.379 | N22: 0.379 | O22: 0.382 | P22: =O22-C22 -> 0.045 | T22: 10 | U22: =D22-C22 -> 0 | V22: =E22-D22 -> 0.001 | W22: =F22-E22 -> 0 | X22: =G22-F22 -> 0 | Y22: =H22-G22 -> 0.028 | Z22: =I22-H22 -> 0 | AA22: =J22-I22 -> 0 | AB22: =K22-J22 -> 0.004 | ... AF22: =O22-N22 -> 0.003
B23: kalorimetr č. 71182263 | C23: 0.092 | D23: 0.098 | E23: 0.106 | F23: 0.118 | G23: 0.128 | H23: 0.134 | I23: 0.134 | J23: 0.134 | K23: 0.134 | L23: 0.134 | M23: 0.135 | N23: 0.136 | O23: 0.136 | Q23: =O23-C23 -> 0.044
P24: =SUM(P4:P23) -> 617.126 | Q24: =SUM(Q4:Q23) -> 168.924
A25: spol.spotř. | B25: elektroměr č. 72370871 | C25: 55126 | D25: 55322 | E25: 55483 | F25: 55684 | G25: 55858 | H25: 56046 | I25: 56244 | J25: 56411 | K25: 56593 | L25: 56784 | M25: 56963 | N25: 57140 | O25: 57342 | R25: =O25-C25 -> 2216
B26: patní vodoměr č. 190976793 | C26: 2361.6 | D26: 2425.8 | E26: 2482.3 | F26: 2543 | G26: 2600.8 | H26: 2659.8 | I26: 2728 | J26: 2776.8 | K26: 2828.8 | L26: 2888.5 | M26: 2934.7 | N26: 2989.1 | O26: 3042.4 | P26: =O26-C26 -> 680.8
B27: patní kalorimetr č. 70465263/ GJ | C27: 496.85 | D27: 528.99 | E27: 557.62 | F27: 581.44 | G27: 598.36 | H27: 604.71 | I27: 608.94 | J27: 611.72 | K27: 614.36 | L27: 617.63 | M27: 624.5 | N27: 647.15 | O27: 678.51 | Q27: =O27-C27 -> 181.66 | R27: GJ
B28: patní kalorimetr č. / kub.m | C28: 4150 | D28: 4354 | E28: 4544 | F28: 4698 | G28: 4812 | H28: 4877 | I28: 4935 | J28: 4976 | K28: 5015 | L28: 5058 | M28: 5119 | N28: 5275 | O28: 5485 | Q28: =O28-C28 -> 1335 | R28: m3
A29: Fakturační vodoměr: 42012114941 | C29: 7844.6 | D29: 8132 | E29: 8376.4 | F29: 8650.8 | G29: 8921.7 | H29: 9183.8 | I29: 9471 | J29: 9681.6 | K29: 9925.8 | L29: 10213.6 | M29: 10486.5 | N29: 10767.6 | O29: 11067 | P29: =O29-C29 -> 3222.4
E32: Výměna kalorimetru pata | H32: MWh | I32: m3 | K32: Výměna faktur.vodoměru výr.č. | N32: m3
D33: demontáž | E33: 43984 | F33: starý | K33: 44095 | L33: starý
G34: výr.č. | H34: GJ | I34: m3 | M34: výr.č. | N34: m3
D35: montáž | E35: 43986 | F35: nový | K35: 44095 | L35: nový
C38: byt | D38: Reklamace - výměna | F38: číslo | G38: stav | N38: Odečet vodárny 31.12.2022 | O38: 7844
C39: 5 | D39: 43950 | E39: starý | F39: 190907002 | G39: 0.602
E40: nový | F40: 221525395 | G40: 0.02 | N40: Odečet vodárny 31.12.2023 | O40: 11067
N42: spotřeba | O42: =O40-O38-O39 -> 3223

Sheet 1855
A2: 1855 | C2: ='1850'!C2 -> 44927 | D2: ='1850'!D2 -> 44958 | E2: ='1850'!E2 -> 44986 | F2: ='1850'!F2 -> 45017 | G2: ='1850'!G2 -> 45047 | H2: ='1850'!H2 -> 45078 | I2: ='1850'!I2 -> 45111 | J2: ='1850'!J2 -> 45139 | ... O2: ='1850'!O2 -> 45292 | P2: voda | Q2: teplo | R2: elektr | Y2: spotřeby po měsících
A3: byt č. | C3: prosinec | D3: leden | E3: únor | F3: březen | G3: duben | H3: květen | I3: červen | J3: červenec | K3: srpen | L3: září | M3: říjen | N3: listopad | O3: prosinec | P3: m3 | Q3: GJ | R3: KWh | T3: byt | U3: leden | V3: únor | W3: březen | X3: duben | Y3: květen | Z3: červen | AA3: červenec | AB3: srpen | AC3: září | AD3: říjen | AE3: listopad | AF3: prosinec
A4: 1 | B4: vodoměr č. 191519259 | C4: 520.504 | D4: 534.561 | E4: 546.181 | F4: 558.457 | G4: 570.245 | H4: 581.23 | I4: 595.589 | J4: 602.907 | K4: 612.203 | L4: 623.4 | M4: 635.058 | N4: 645.154 | O4: 657.648 | P4: =O4-C4 -> 137.144 | T4: 1 | U4: =D4-C4 -> 14.057 | V4: =E4-D4 -> 11.62 | W4: =F4-E4 -> 12.276 | X4: =G4-F4 -> 11.788 | Y4: =H4-G4 -> 10.985 | Z4: =I4-H4 -> 14.359 | AA4: =J4-I4 -> 7.318 | AB4: =K4-J4 -> 9.296 | ... AF4: =O4-N4 -> 12.494
B5: kalorimetr č. 71182224 | C5: 56.527 | D5: 61.518 | E5: 66.616 | F5: 70.784 | G5: 73.964 | H5: 75.47 | I5: 76.491 | J5: 77.009 | K5: 77.621 | L5: 78.387 | M5: 79.689 | N5: 83.137 | O5: 88.737 | Q5: =O5-C5 -> 32.21 | T5: teplo | U5: =D5-C5 -> 4.991 | V5: =E5-D5 -> 5.098 | W5: =F5-E5 -> 4.168 | X5: =G5-F5 -> 3.18 | Y5: =H5-G5 -> 1.506 | Z5: =I5-H5 -> 1.021 | AA5: =J5-I5 -> 0.518 | AB5: =K5-J5 -> 0.612 | ... AF5: =O5-N5 -> 5.6
A6: 2 | B6: vodoměr č. 191519283 | C6: 619.368 | D6: 635.595 | E6: 646.187 | F6: 661.24 | G6: 676.585 | H6: 691.904 | I6: 705.225 | J6: 713.927 | K6: 727.22 | L6: 741.589 | M6: 756.527 | N6: 773.198 | O6: 788.496 | P6: =O6-C6 -> 169.128 | T6: 2 | U6: =D6-C6 -> 16.227 | V6: =E6-D6 -> 10.592 | W6: =F6-E6 -> 15.053 | X6: =G6-F6 -> 15.345 | Y6: =H6-G6 -> 15.319 | Z6: =I6-H6 -> 13.321 | AA6: =J6-I6 -> 8.702 | AB6: =K6-J6 -> 13.293 | ... AF6: =O6-N6 -> 15.298
B7: kalorimetr č. 71182223 | C7: 43.285 | D7: 47.781 | E7: 51.581 | F7: 55.276 | G7: 57.891 | H7: 59.124 | I7: 60.033 | J7: 60.533 | K7: 61.258 | L7: 62.193 | M7: 63.331 | N7: 66.515 | O7: 70.481 | Q7: =O7-C7 -> 27.196 | U7: =D7-C7 -> 4.496 | V7: =E7-D7 -> 3.8 | W7: =F7-E7 -> 3.695 | X7: =G7-F7 -> 2.615 | Y7: =H7-G7 -> 1.233 | Z7: =I7-H7 -> 0.909 | AA7: =J7-I7 -> 0.5 | AB7: =K7-J7 -> 0.725 | ... AF7: =O7-N7 -> 3.966
A8: 3 | B8: vodoměr č. 190907001 | C8: 153.218 | D8: 156.733 | E8: 160.211 | F8: 164.103 | G8: 168.24 | H8: 172.354 | I8: 176.414 | J8: 179.112 | K8: 182.058 | L8: 185.151 | M8: 188.691 | N8: 192.063 | O8: 194.066 | P8: =O8-C8 -> 40.848 | T8: 3 | U8: =D8-C8 -> 3.515 | V8: =E8-D8 -> 3.478 | W8: =F8-E8 -> 3.892 | X8: =G8-F8 -> 4.137 | Y8: =H8-G8 -> 4.114 | Z8: =I8-H8 -> 4.06 | AA8: =J8-I8 -> 2.698 | AB8: =K8-J8 -> 2.946 | ... AF8: =O8-N8 -> 2.003
B9: kalorimetr č. 71182236 | C9: 22.779 | D9: 26.542 | E9: 29.703 | F9: 32.42 | G9: 34.253 | H9: 34.788 | I9: 35.05 | J9: 35.194 | K9: 35.347 | L9: 35.516 | M9: 36.28 | N9: 39.03 | O9: 41.049 | Q9: =O9-C9 -> 18.27 | U9: =D9-C9 -> 3.763 | V9: =E9-D9 -> 3.161 | W9: =F9-E9 -> 2.717 | X9: =G9-F9 -> 1.833 | Y9: =H9-G9 -> 0.535 | Z9: =I9-H9 -> 0.262 | AA9: =J9-I9 -> 0.144 | AB9: =K9-J9 -> 0.153 | ... AF9: =O9-N9 -> 2.019
A10: 4 | B10: vodoměr č. 190907005 | C10: 40.3 | D10: 41.496 | E10: 42.609 | F10: 43.787 | G10: 45.062 | H10: 46.362 | I10: 48.159 | J10: 49.946 | K10: 51.582 | L10: 53.107 | M10: 54.698 | N10: 56.492 | O10: 58.087 | P10: =O10-C10 -> 17.787 | T10: 4 | U10: =D10-C10 -> 1.196 | V10: =E10-D10 -> 1.113 | W10: =F10-E10 -> 1.178 | X10: =G10-F10 -> 1.275 | Y10: =H10-G10 -> 1.3 | Z10: =I10-H10 -> 1.797 | AA10: =J10-I10 -> 1.787 | AB10: =K10-J10 -> 1.636 | ... AF10: =O10-N10 -> 1.595
B11: kalorimetr č. 71182218 | C11: 2.965 | D11: 3.924 | E11: 4.361 | F11: 4.589 | G11: 4.933 | H11: 4.985 | I11: 5.024 | J11: 5.052 | K11: 5.071 | L11: 5.093 | M11: 5.111 | N11: 5.378 | O11: 6.031 | Q11: =O11-C11 -> 3.066 | U11: =D11-C11 -> 0.959 | V11: =E11-D11 -> 0.437 | W11: =F11-E11 -> 0.228 | X11: =G11-F11 -> 0.344 | Y11: =H11-G11 -> 0.052 | Z11: =I11-H11 -> 0.039 | AA11: =J11-I11 -> 0.028 | AB11: =K11-J11 -> 0.019 | ... AF11: =O11-N11 -> 0.653
A12: 5 | B12: vodoměr č. 190907004 | C12: 230.908 | D12: 236.646 | E12: 241.596 | F12: 247.219 | G12: 252.836 | H12: 258.563 | I12: 262.403 | J12: 265.85 | K12: 269.743 | L12: 273.56 | M12: 276.69 | N12: 282.099 | O12: 288.62 | P12: =O12-C12 -> 57.712 | T12: 5 | U12: =D12-C12 -> 5.738 | V12: =E12-D12 -> 4.95 | W12: =F12-E12 -> 5.623 | X12: =G12-F12 -> 5.617 | Y12: =H12-G12 -> 5.727 | Z12: =I12-H12 -> 3.84 | AA12: =J12-I12 -> 3.447 | AB12: =K12-J12 -> 3.893 | ... AF12: =O12-N12 -> 6.521
B13: kalorimetr č. 71182273 | C13: 23.759 | D13: 26.316 | E13: 28.762 | F13: 30.194 | G13: 31.267 | H13: 31.554 | I13: 31.727 | J13: 31.828 | K13: 31.962 | L13: 32.128 | M13: 32.926 | N13: 35.406 | O13: 38.718 | Q13: =O13-C13 -> 14.959 | U13: =D13-C13 -> 2.557 | V13: =E13-D13 -> 2.446 | W13: =F13-E13 -> 1.432 | X13: =G13-F13 -> 1.073 | Y13: =H13-G13 -> 0.287 | Z13: =I13-H13 -> 0.173 | AA13: =J13-I13 -> 0.101 | AB13: =K13-J13 -> 0.134 | ... AF13: =O13-N13 -> 3.312
A14: 6 | B14: vodoměr č. 190045692 | C14: 121.339 | D14: 125.471 | E14: 129.031 | F14: 133.091 | G14: 137.666 | H14: 142.017 | I14: 147.833 | J14: 151.744 | K14: 155.013 | L14: 158.164 | M14: 161.021 | N14: 164.882 | O14: 169.59 | P14: =O14-C14 -> 48.251 | T14: 6 | U14: =D14-C14 -> 4.132 | V14: =E14-D14 -> 3.56 | W14: =F14-E14 -> 4.06 | X14: =G14-F14 -> 4.575 | Y14: =H14-G14 -> 4.351 | Z14: =I14-H14 -> 5.816 | AA14: =J14-I14 -> 3.911 | AB14: =K14-J14 -> 3.269 | ... AF14: =O14-N14 -> 4.708
B15: kalorimetr č. 71182215 | C15: 39.653 | D15: 44.634 | E15: 49.021 | F15: 53.179 | G15: 56.221 | H15: 56.54 | I15: 56.962 | J15: 57.236 | K15: 57.443 | L15: 57.668 | M15: 59.394 | N15: 63.419 | O15: 69.13 | Q15: =O15-C15 -> 29.477 | U15: =D15-C15 -> 4.981 | V15: =E15-D15 -> 4.387 | W15: =F15-E15 -> 4.158 | X15: =G15-F15 -> 3.042 | Y15: =H15-G15 -> 0.319 | Z15: =I15-H15 -> 0.422 | AA15: =J15-I15 -> 0.274 | AB15: =K15-J15 -> 0.207 | ... AF15: =O15-N15 -> 5.711
A16: 7 | B16: vodoměr č. 190906998 | C16: 65.784 | D16: 65.894 | E16: 69.971 | F16: 74.556 | G16: 79.034 | H16: 81.829 | I16: 83.49 | J16: 89.746 | K16: 97.168 | L16: 103.071 | M16: 110.404 | N16: 117.635 | O16: 124.749 | P16: =O16-C16 -> 58.965 | T16: 7 | U16: =D16-C16 -> 0.11 | V16: =E16-D16 -> 4.077 | W16: =F16-E16 -> 4.585 | X16: =G16-F16 -> 4.478 | Y16: =H16-G16 -> 2.795 | Z16: =I16-H16 -> 1.661 | AA16: =J16-I16 -> 6.256 | AB16: =K16-J16 -> 7.422 | ... AF16: =O16-N16 -> 7.114
B17: kalorimetr č. 71182220 | C17: 1.855 | D17: 1.884 | E17: 2.984 | F17: 4.204 | G17: 4.965 | H17: 5.153 | I17: 5.238 | J17: 5.486 | K17: 5.767 | L17: 6.011 | M17: 6.358 | N17: 8.028 | O17: 9.672 | Q17: =O17-C17 -> 7.817 | U17: =D17-C17 -> 0.029 | V17: =E17-D17 -> 1.1 | W17: =F17-E17 -> 1.22 | X17: =G17-F17 -> 0.761 | Y17: =H17-G17 -> 0.188 | Z17: =I17-H17 -> 0.085 | AA17: =J17-I17 -> 0.248 | AB17: =K17-J17 -> 0.281 | ... AF17: =O17-N17 -> 1.644
A18: 8 | B18: vodoměr č. 191519269 | C18: 78.831 | D18: 80.933 | E18: 83.489 | F18: 86.197 | G18: 89.012 | H18: 91.722 | I18: 94.305 | J18: 96.848 | K18: 99.662 | L18: 102.166 | M18: 105.11 | N18: 107.895 | O18: 111.07 | P18: =O18-C18 -> 32.239 | T18: 8 | U18: =D18-C18 -> 2.102 | V18: =E18-D18 -> 2.556 | W18: =F18-E18 -> 2.708 | X18: =G18-F18 -> 2.815 | Y18: =H18-G18 -> 2.71 | Z18: =I18-H18 -> 2.583 | AA18: =J18-I18 -> 2.543 | AB18: =K18-J18 -> 2.814 | ... AF18: =O18-N18 -> 3.175
B19: kalorimetr č. 71182264 | C19: 18.5 | D19: 21.459 | E19: 24.04 | F19: 25.846 | G19: 26.818 | H19: 27.076 | I19: 27.308 | J19: 27.503 | K19: 27.686 | L19: 27.884 | M19: 28.2 | N19: 29.319 | O19: 31.563 | Q19: =O19-C19 -> 13.063 | U19: =D19-C19 -> 2.959 | V19: =E19-D19 -> 2.581 | W19: =F19-E19 -> 1.806 | X19: =G19-F19 -> 0.972 | Y19: =H19-G19 -> 0.258 | Z19: =I19-H19 -> 0.232 | AA19: =J19-I19 -> 0.195 | AB19: =K19-J19 -> 0.183 | ... AF19: =O19-N19 -> 2.244
A20: 9 | B20: vodoměr č. 191519268 | C20: 254.563 | D20: 260.863 | E20: 266.51 | F20: 272.775 | G20: 279.448 | H20: 286.077 | I20: 294.542 | J20: 300.182 | K20: 306.997 | L20: 315.13 | M20: 320.159 | N20: 326.085 | O20: 332.143 | P20: =O20-C20 -> 77.58 | T20: 9 | U20: =D20-C20 -> 6.3 | V20: =E20-D20 -> 5.647 | W20: =F20-E20 -> 6.265 | X20: =G20-F20 -> 6.673 | Y20: =H20-G20 -> 6.629 | Z20: =I20-H20 -> 8.465 | AA20: =J20-I20 -> 5.64 | AB20: =K20-J20 -> 6.815 | ... AF20: =O20-N20 -> 6.058
B21: kalorimetr č. 71182231 | C21: 29.667 | D21: 33.545 | E21: 36.409 | F21: 38.272 | G21: 39.315 | H21: 39.789 | I21: 40.189 | J21: 40.41 | K21: 40.646 | L21: 40.973 | M21: 41.555 | N21: 44.033 | O21: 47.132 | Q21: =O21-C21 -> 17.465 | U21: =D21-C21 -> 3.878 | V21: =E21-D21 -> 2.864 | W21: =F21-E21 -> 1.863 | X21: =G21-F21 -> 1.043 | Y21: =H21-G21 -> 0.474 | Z21: =I21-H21 -> 0.4 | AA21: =J21-I21 -> 0.221 | AB21: =K21-J21 -> 0.236 | ... AF21: =O21-N21 -> 3.099
A22: 10 | B22: vodoměr č. 190906996 | C22: 683.853 | D22: 696.48 | E22: 706.515 | F22: 717.008 | G22: 724.721 | H22: 732.837 | I22: 740.904 | J22: 746.726 | K22: 755.605 | L22: 763.359 | M22: 770.749 | N22: 778.274 | O22: 787.045 | P22: =O22-C22 -> 103.192 | T22: 10 | U22: =D22-C22 -> 12.627 | V22: =E22-D22 -> 10.035 | W22: =F22-E22 -> 10.493 | X22: =G22-F22 -> 7.713 | Y22: =H22-G22 -> 8.116 | Z22: =I22-H22 -> 8.067 | AA22: =J22-I22 -> 5.822 | AB22: =K22-J22 -> 8.879 | ... AF22: =O22-N22 -> 8.771
B23: kalorimetr č. 71182227 | C23: 25.839 | D23: 28.682 | E23: 31.078 | F23: 32.966 | G23: 33.919 | H23: 34.343 | I23: 34.689 | J23: 34.891 | K23: 35.272 | L23: 35.611 | M23: 35.954 | N23: 37.622 | O23: 40.399 | Q23: =O23-C23 -> 14.56 | U23: =D23-C23 -> 2.843 | V23: =E23-D23 -> 2.396 | W23: =F23-E23 -> 1.888 | X23: =G23-F23 -> 0.953 | Y23: =H23-G23 -> 0.424 | Z23: =I23-H23 -> 0.346 | AA23: =J23-I23 -> 0.202 | AB23: =K23-J23 -> 0.381 | ... AF23: =O23-N23 -> 2.777
P24: =SUM(P4:P23) -> 742.846 | Q24: =SUM(Q4:Q23) -> 178.083
A25: spol.spotř. | B25: elektroměr č. 72370870 | C25: 43553 | D25: 43761 | E25: 43951 | F25: 44179 | G25: 44374 | H25: 44591 | I25: 44817 | J25: 45004 | K25: 45244 | L25: 45460 | M25: 45689 | N25: 46072 | O25: 46424 | R25: =O25-C25 -> 2871
B26: patní vodoměr č. 190544822 | C26: 3223.2 | D26: 3297.2 | E26: 3362.3 | F26: 3436.7 | G26: 3510.6 | H26: 3581.2 | I26: 3654.4 | J26: 3710.8 | K26: 3780.1 | L26: 3850.9 | M26: 3920.9 | N26: 3994.8 | O26: 4071.3 | P26: =O26-C26 -> 848.1
B27: patní kalorimetr č.70465264/GJ | C27: 607.61 | D27: 641.58 | E27: 672.16 | F27: 697.25 | G27: 714.78 | H27: 719.6 | I27: 722.93 | J27: 724.88 | K27: 727.35 | L27: 730.19 | M27: 738.31 | N27: 763.92 | O27: 797.82 | Q27: =O27-C27 -> 190.21 | R27: GJ
B28: patní kalorimetr č./kub.m | C28: 4248 | D28: 4472 | E28: 4675 | F28: 4838 | G28: 4960 | H28: 4992 | I28: 5016 | J28: 5031 | K28: 5050 | L28: 5071 | M28: 5140 | N28: 5328.1 | O28: 5556 | Q28: =O28-C28 -> 1308 | R28: m3
A29: ='1854'!A29 -> Fakturační vodoměr: 42012114941 | C29: ='1854'!C29 -> 7844.6 | D29: ='1854'!D29 -> 8132 | E29: ='1854'!E29 -> 8376.4 | F29: ='1854'!F29 -> 8650.8 | G29: ='1854'!G29 -> 8921.7 | H29: ='1854'!H29 -> 9183.8 | I29: ='1854'!I29 -> 9471 | J29: ='1854'!J29 -> 9681.6 | ... O29: ='1854'!O29 -> 11067 | P29: =O29-C29 -> 3222.4
E32: Výměna kalorimetru pata | H32: MWh | I32: m3 | K32: Výměna faktur.vodoměru výr.č. | N32: m3
D33: demontáž | E33: 43984 | F33: starý | K33: 44095 | L33: starý
G34: výr.č. | H34: GJ | I34: m3 | M34: výr.č. | N34: m3
D35: montáž | E35: 43986 | F35: nový | K35: 44095 | L35: nový

Sheet 1856
A2: 1856 | C2: ='1850'!C2 -> 44927 | D2: ='1850'!D2 -> 44958 | E2: ='1850'!E2 -> 44986 | F2: ='1850'!F2 -> 45017 | G2: ='1850'!G2 -> 45047 | H2: ='1850'!H2 -> 45078 | I2: ='1850'!I2 -> 45111 | J2: ='1850'!J2 -> 45139 | ... O2: ='1850'!O2 -> 45292 | P2: Voda | Q2: Teplo | R2: Elektr | Y2: spotřeby po měsících
A3: byt č. | C3: prosinec | D3: leden | E3: únor | F3: březen | G3: duben | H3: květen | I3: červen | J3: červenec | K3: srpen | L3: září | M3: říjen | N3: listopad | O3: prosinec | P3: m3 | Q3: GJ | R3: KWh | T3: byt | U3: leden | V3: únor | W3: březen | X3: duben | Y3: květen | Z3: červen | AA3: červenec | AB3: srpen | AC3: září | AD3: říjen | AE3: listopad | AF3: prosinec
A4: 1 | B4: vodoměr č. 190907008 | C4: 591.22 | D4: 608.604 | E4: 622.876 | F4: 638.299 | G4: 654.65 | H4: 669.527 | I4: 686.274 | J4: 699.551 | K4: 713.518 | L4: 729.682 | M4: 745.436 | N4: 762.594 | O4: 781.528 | P4: =O4-C4 -> 190.308 | T4: 1 | U4: =D4-C4 -> 17.384 | V4: =E4-D4 -> 14.272 | W4: =F4-E4 -> 15.423 | X4: =G4-F4 -> 16.351 | Y4: =H4-G4 -> 14.877 | Z4: =I4-H4 -> 16.747 | AA4: =J4-I4 -> 13.277 | AB4: =K4-J4 -> 13.967 | ... AF4: =O4-N4 -> 18.934
B5: kalorimetr č. SN 34672813 | C5: 174.67 | D5: 178.772 | E5: 182.874 | F5: 186.699 | G5: 189.971 | H5: 191.5 | I5: 192.295 | J5: 192.835 | K5: 193.391 | L5: 194.049 | M5: 1.43 | N5: 5.55 | O5: 10.876 | Q5: =L5-C5+O5 -> 30.255
A6: 2 | B6: vodoměr č. 191519260 | C6: 215.915 | D6: 221.093 | E6: 226.124 | F6: 230.481 | G6: 236.838 | H6: 241.67 | I6: 248.32 | J6: 253.209 | K6: 260.18 | L6: 265.691 | M6: 272.855 | N6: 278.798 | O6: 285.543 | P6: =O6-C6 -> 69.628 | T6: 2 | U6: =D6-C6 -> 5.178 | V6: =E6-D6 -> 5.031 | W6: =F6-E6 -> 4.357 | X6: =G6-F6 -> 6.357 | Y6: =H6-G6 -> 4.832 | Z6: =I6-H6 -> 6.65 | AA6: =J6-I6 -> 4.889 | AB6: =K6-J6 -> 6.971 | ... AF6: =O6-N6 -> 6.745
B7: kalorimetr č. SN 34672830 | C7: 57.917 | D7: 59.385 | E7: 60.559 | F7: 61.246 | G7: 61.807 | H7: 62.172 | I7: 62.595 | J7: 62.856 | K7: 63.222 | L7: 63.572 | M7: 0.66 | N7: 1.97 | O7: 3.411 | Q7: =L7-C7+O7 -> 9.066
A8: 3 | B8: vodoměr č. 190907023 | C8: 172.821 | D8: 178.322 | E8: 183.193 | F8: 188.868 | G8: 193.597 | H8: 198.507 | I8: 201.558 | J8: 205.436 | K8: 209.195 | L8: 213.295 | M8: 218.166 | N8: 222.97 | O8: 227.48 | P8: =O8-C8 -> 54.659 | T8: 3 | U8: =D8-C8 -> 5.501 | V8: =E8-D8 -> 4.871 | W8: =F8-E8 -> 5.675 | X8: =G8-F8 -> 4.729 | Y8: =H8-G8 -> 4.91 | Z8: =I8-H8 -> 3.051 | AA8: =J8-I8 -> 3.878 | AB8: =K8-J8 -> 3.759 | ... AF8: =O8-N8 -> 4.51
B9: kalorimetr č. SN 34672808 | C9: 142.376 | D9: 147.062 | E9: 151.234 | F9: 155.154 | G9: 158.535 | H9: 159.371 | I9: 159.812 | J9: 160.225 | K9: 160.559 | L9: 161.03 | M9: 0.514 | N9: 3.058 | O9: 6.605 | Q9: =L9-C9+O9 -> 25.259
A10: 4 | B10: vodoměr č. 190907015 | C10: 260.895 | D10: 270.701 | E10: 279.789 | F10: 288.651 | G10: 298.23 | H10: 308.264 | I10: 320.402 | J10: 325.82 | K10: 333.871 | L10: 345.686 | M10: 358.223 | N10: 368.13 | O10: 377.824 | P10: =O10-C10 -> 116.929 | T10: 4 | U10: =D10-C10 -> 9.806 | V10: =E10-D10 -> 9.088 | W10: =F10-E10 -> 8.862 | X10: =G10-F10 -> 9.579 | Y10: =H10-G10 -> 10.034 | Z10: =I10-H10 -> 12.138 | AA10: =J10-I10 -> 5.418 | AB10: =K10-J10 -> 8.051 | ... AF10: =O10-N10 -> 9.694
B11: kalorimetr č. SN 34672836 | C11: 84.617 | D11: =C11+3 -> 87.617 | E11: =C11+3+3 -> 90.617 | F11: =C11+3+3+2 -> 92.617 | G11: =C11+3+3+2+1.3 -> 93.917 | H11: =C11+3+3+2+1.3+0.8 -> 94.717 | I11: =C11+3+3+2+1.3+0.8+0.8 -> 95.517 | J11: =C11+3+3+2+1.3+0.8+0.8+0.4 -> 95.917 | K11: =C11+3+3+2+1.3+0.8+0.8+0.4+0.4 -> 96.317 | L11: =C11+3+3+2+1.3+0.8+0.8+0.4+0.4+0.4 -> 96.717 | M11: 1.418 | N11: 4.367 | O11: 7.524 | Q11: =L11-C11+O11 -> 19.624
A12: 5 | B12: vodoměr č. 190907020 | C12: 58.507 | D12: 60.619 | E12: 62.794 | F12: 64.905 | G12: 66.973 | H12: 69.035 | I12: 71.276 | J12: 73.667 | K12: 75.741 | L12: 82.128 | M12: 87.86 | N12: 93.283 | O12: 100.165 | P12: =O12-C12 -> 41.658 | T12: 5 | U12: =D12-C12 -> 2.112 | V12: =E12-D12 -> 2.175 | W12: =F12-E12 -> 2.111 | X12: =G12-F12 -> 2.068 | Y12: =H12-G12 -> 2.062 | Z12: =I12-H12 -> 2.241 | AA12: =J12-I12 -> 2.391 | AB12: =K12-J12 -> 2.074 | ... AF12: =O12-N12 -> 6.882
B13: kalorimetr č. SN 34672800 | C13: 35.472 | D13: 36.355 | E13: 36.937 | F13: 37.266 | G13: 37.504 | H13: 37.751 | I13: 37.992 | J13: 38.192 | K13: 38.391 | L13: 38.832 | M13: 0.381 | N13: 1.292 | O13: 2.398 | Q13: =L13-C13+O13 -> 5.758
A14: 6 | B14: vodoměr č. 190907016 | C14: 225.865 | D14: 231.901 | E14: 236.649 | F14: 242.436 | G14: 248.839 | H14: 254.043 | I14: 257.742 | J14: 261.959 | K14: 266.8 | L14: 270.596 | M14: 275.321 | N14: 279.1 | O14: 283.805 | P14: =O14-C14 -> 57.94 | T14: 6 | U14: =D14-C14 -> 6.036 | V14: =E14-D14 -> 4.748 | W14: =F14-E14 -> 5.787 | X14: =G14-F14 -> 6.403 | Y14: =H14-G14 -> 5.204 | Z14: =I14-H14 -> 3.699 | AA14: =J14-I14 -> 4.217 | AB14: =K14-J14 -> 4.841 | ... AF14: =O14-N14 -> 4.705
B15: kalorimetr č. SN 34672833 | C15: 66.737 | D15: 69.318 | E15: 71.597 | F15: 73.479 | G15: 74.585 | H15: 75.037 | I15: 75.247 | J15: 75.432 | K15: 75.633 | L15: 75.795 | M15: 0.481 | N15: 2.78 | O15: 5.641 | Q15: =L15-C15+O15 -> 14.699
A16: 7 | B16: vodoměr č. 191519256 | C16: 178.345 | D16: 183.703 | E16: 188.52 | F16: 195.471 | G16: 201.013 | H16: 206.155 | I16: 210.753 | J16: 215.621 | K16: 221.032 | L16: 226.142 | M16: 232.092 | N16: 237.609 | O16: 243.51 | P16: =O16-C16 -> 65.165 | T16: 7 | U16: =D16-C16 -> 5.358 | V16: =E16-D16 -> 4.817 | W16: =F16-E16 -> 6.951 | X16: =G16-F16 -> 5.542 | Y16: =H16-G16 -> 5.142 | Z16: =I16-H16 -> 4.598 | AA16: =J16-I16 -> 4.868 | AB16: =K16-J16 -> 5.411 | ... AF16: =O16-N16 -> 5.901
B17: kalorimetr č. SN 34672817 | C17: 74.641 | D17: 77.425 | E17: 79.667 | F17: 81.498 | G17: 82.497 | H17: 82.962 | I17: 83.334 | J17: 83.633 | K17: 83.958 | L17: 84.308 | M17: 0.518 | N17: 2.684 | O17: 5.666 | Q17: =L17-C17+O17 -> 15.333
A18: 8 | B18: vodoměr č. 190907024 | C18: 390.61 | D18: 401.068 | E18: 409.946 | F18: 419.487 | G18: 427.828 | H18: 437.113 | I18: 448.027 | J18: 455.995 | K18: 465.393 | L18: 474.954 | M18: 482.953 | N18: 491.62 | O18: 500.159 | P18: =O18-C18 -> 109.549 | T18: 8 | U18: =D18-C18 -> 10.458 | V18: =E18-D18 -> 8.878 | W18: =F18-E18 -> 9.541 | X18: =G18-F18 -> 8.341 | Y18: =H18-G18 -> 9.285 | Z18: =I18-H18 -> 10.914 | AA18: =J18-I18 -> 7.968 | AB18: =K18-J18 -> 9.398 | ... AF18: =O18-N18 -> 8.539
B19: kalorimetr č. SN 34672810 | C19: 179.995 | D19: 182.644 | E19: 184.89 | F19: 186.576 | G19: 187.231 | H19: 187.587 | I19: 187.94 | J19: 188.128 | K19: 188.344 | L19: 188.58 | M19: 0.249 | N19: 1.724 | O19: 4.161 | Q19: =L19-C19+O19 -> 12.746
A20: 9 | B20: vodoměr č. 191519266 | C20: 232.433 | D20: 241.012 | E20: 246.904 | F20: 253.112 | G20: 258.773 | H20: 264.099 | I20: 268.657 | J20: 272.098 | K20: 276.756 | L20: 283.459 | M20: 288.925 | N20: 295.315 | O20: 302.095 | P20: =O20-C20 -> 69.662 | T20: 9 | U20: =D20-C20 -> 8.579 | V20: =E20-D20 -> 5.892 | W20: =F20-E20 -> 6.208 | X20: =G20-F20 -> 5.661 | Y20: =H20-G20 -> 5.326 | Z20: =I20-H20 -> 4.558 | AA20: =J20-I20 -> 3.441 | AB20: =K20-J20 -> 4.658 | ... AF20: =O20-N20 -> 6.78
B21: kalorimetr č. SN 34672824 | C21: 128.208 | D21: 131.458 | E21: 134.132 | F21: 136.006 | G21: 137.112 | H21: 137.397 | I21: 137.639 | J21: 137.808 | K21: 137.912 | L21: 138.129 | M21: 0.354 | N21: 2.576 | O21: 5.757 | Q21: =L21-C21+O21 -> 15.678
A22: 10 | B22: vodoměr č. 190907019 | C22: 277.658 | D22: 286.911 | E22: 292.123 | F22: 297.753 | G22: 304.09 | H22: 308.23 | I22: 317.256 | J22: 322.784 | K22: 328.617 | L22: 334.901 | M22: 340.828 | N22: 345.995 | O22: 355.324 | P22: =O22-C22 -> 77.666 | T22: 10 | U22: =D22-C22 -> 9.253 | V22: =E22-D22 -> 5.212 | W22: =F22-E22 -> 5.63 | X22: =G22-F22 -> 6.337 | Y22: =H22-G22 -> 4.14 | Z22: =I22-H22 -> 9.026 | AA22: =J22-I22 -> 5.528 | AB22: =K22-J22 -> 5.833 | ... AF22: =O22-N22 -> 9.329
B23: kalorimetr č. SN 34672832 | C23: 103.034 | D23: 106.845 | E23: 110.038 | F23: 112.024 | G23: 113.364 | H23: 113.592 | I23: 114.015 | J23: 114.199 | K23: 114.381 | L23: 114.638 | M23: 0.474 | N23: 2.711 | O23: 5.75 | Q23: =L23-C23+O23 -> 17.354
P24: =SUM(P4:P23) -> 853.164 | Q24: =SUM(Q4:Q23) -> 165.772
A25: spol.spotř. | B25: elektroměr č. 72371793 | C25: 44469 | D25: 44656 | E25: 44831 | F25: 45064 | G25: 45272 | H25: 45479 | I25: 45700 | J25: 45864 | K25: 46061 | L25: 46257 | M25: 46433 | N25: 46623 | O25: 46815 | R25: =O25-C25 -> 2346
B26: patní vodoměr č. 190976786 | C26: 2901.4 | D26: 2989.1 | E26: 3060.7 | F26: 3138.8 | G26: 3217.9 | H26: 3290.9 | I26: 3372.4 | J26: 3434.8 | K26: 3506.7 | L26: 3590 | M26: 3674.3 | N26: 3754.8 | O26: 3845.3 | P26: =O26-C26 -> 943.9
B27: patní kalorimetr č.70465265/GJ | C27: 501.79 | D27: 533.76 | E27: 561.27 | F27: 582.69 | G27: 597.05 | H27: 601.97 | I27: 605.43 | J27: 607.46 | K27: 609.88 | L27: 613.23 | M27: 618.95 | N27: 642.35 | O27: 673.45 | Q27: =O27-C27 -> 171.66 | R27: GJ
B28: patní kalorimetr č./kub.m | C28: 3595 | D28: 3795 | E28: 3968 | F28: 4101 | G28: 4184 | H28: 4217 | I28: 4241 | J28: 4256 | K28: 4274 | L28: 4296.5 | M28: 4333 | N28: 4480.4 | O28: 4670 | Q28: =O28-C28 -> 1075 | R28: m3
A29: ='1854'!A29 -> Fakturační vodoměr: 42012114941 | C29: ='1854'!C29 -> 7844.6 | D29: ='1854'!D29 -> 8132 | E29: ='1854'!E29 -> 8376.4 | F29: ='1854'!F29 -> 8650.8 | G29: ='1854'!G29 -> 8921.7 | H29: ='1854'!H29 -> 9183.8 | I29: ='1854'!I29 -> 9471 | J29: ='1854'!J29 -> 9681.6 | ... O29: ='1854'!O29 -> 11067 | P29: =O29-N35+N33-C29 -> 3222.4
E32: Výměna kalorimetru pata | H32: MWh | I32: m3 | K32: Výměna faktur.vodoměru výr.č. | N32: m3
D33: demontáž | E33: 43984 | F33: starý | K33: 44095 | L33: starý
G34: výr.č. | H34: GJ | I34: m3 | M34: výr.č. | N34: m3
D35: montáž | E35: 43986 | F35: nový | K35: 44095 | L35: nový
E37: Výměna kalorimetrů byty - demontáž/montáž 2.10.2023 - stav nových 0,000

Sheet 1857
A2: 1857 | C2: ='1850'!C2 -> 44927 | D2: ='1850'!D2 -> 44958 | E2: ='1850'!E2 -> 44986 | F2: ='1850'!F2 -> 45017 | G2: ='1850'!G2 -> 45047 | H2: ='1850'!H2 -> 45078 | I2: ='1850'!I2 -> 45111 | J2: ='1850'!J2 -> 45139 | ... O2: ='1850'!O2 -> 45292 | P2: voda | Q2: teplo | R2: elektr | Y2: spotřeby po měsících
A3: byt č. | C3: prosinec | D3: leden | E3: únor | F3: březen | G3: duben | H3: květen | I3: červen | J3: červenec | K3: srpen | L3: září | M3: říjen | N3: listopad | O3: prosinec | P3: m3 | Q3: GJ | R3: KWh | T3: byt | U3: leden | V3: únor | W3: březen | X3: duben | Y3: květen | Z3: červen | AA3: červenec | AB3: srpen | AC3: září | AD3: říjen | AE3: listopad | AF3: prosinec
A4: 1 | B4: vodoměr č. 190907022 | C4: 179.246 | D4: 183.59 | E4: 187.149 | F4: 191.598 | G4: 196.633 | H4: 200.932 | I4: 205.291 | J4: 208.228 | K4: 212.015 | L4: 216.566 | M4: 219.847 | N4: 223.567 | O4: 228.424 | P4: =O4-C4 -> 49.178 | T4: 1 | U4: =D4-C4 -> 4.344 | V4: =E4-D4 -> 3.559 | W4: =F4-E4 -> 4.449 | X4: =G4-F4 -> 5.035 | Y4: =H4-G4 -> 4.299 | Z4: =I4-H4 -> 4.359 | AA4: =J4-I4 -> 2.937 | AB4: =K4-J4 -> 3.787 | ... AF4: =O4-N4 -> 4.857
B5: kalorimetr č. 71182250 | C5: 41.058 | D5: 46.427 | E5: 51.266 | F5: 55.235 | G5: 58.3 | H5: 59.09 | I5: 59.366 | J5: 59.55 | K5: 59.768 | L5: 60.06 | M5: 61.307 | N5: 65.266 | O5: 70.469 | Q5: =O5-C5 -> 29.411
A6: 2 | B6: vodoměr č. 191519284 | C6: 140.392 | D6: 144.46 | E6: 147.803 | F6: 151.568 | G6: 155.431 | H6: 159.068 | I6: 162.752 | J6: 165.665 | K6: 169.237 | L6: 173.139 | M6: 176.472 | N6: 180.05 | O6: 183.766 | P6: =O6-C6 -> 43.374 | T6: 2 | U6: =D6-C6 -> 4.068 | V6: =E6-D6 -> 3.343 | W6: =F6-E6 -> 3.765 | X6: =G6-F6 -> 3.863 | Y6: =H6-G6 -> 3.637 | Z6: =I6-H6 -> 3.684 | AA6: =J6-I6 -> 2.913 | AB6: =K6-J6 -> 3.572 | ... AF6: =O6-N6 -> 3.716
B7: kalorimetr č. 71182222 | C7: 11.837 | D7: 13.389 | E7: 14.6 | F7: 15.676 | G7: 16.458 | H7: 16.818 | I7: 17.157 | J7: 17.404 | K7: 17.687 | L7: 18.011 | M7: 18.465 | N7: 19.601 | O7: 21.102 | Q7: =O7-C7 -> 9.265
A8: 3 | B8: vodoměr č. 191519282 | C8: 584.474 | D8: 600 | E8: 614.485 | F8: 629.573 | G8: 643.817 | H8: 660.461 | I8: 678.012 | J8: 686.857 | K8: 697.021 | L8: 714.181 | M8: 728.766 | N8: 743.932 | O8: 760.335 | P8: =O8-C8 -> 175.861 | T8: 3 | U8: =D8-C8 -> 15.526 | V8: =E8-D8 -> 14.485 | W8: =F8-E8 -> 15.088 | X8: =G8-F8 -> 14.244 | Y8: =H8-G8 -> 16.644 | Z8: =I8-H8 -> 17.551 | AA8: =J8-I8 -> 8.845 | AB8: =K8-J8 -> 10.164 | ... AF8: =O8-N8 -> 16.403
B9: kalorimetr č. 71182219 | C9: 36.972 | D9: 41.637 | E9: 45.744 | F9: 49.974 | G9: 53.063 | H9: 54.501 | I9: 55.076 | J9: 55.338 | K9: 55.586 | L9: 55.949 | M9: 57.169 | N9: 60.52 | O9: 65.28 | Q9: =O9-C9 -> 28.308
A10: 4 | B10: vodoměr č. 200015758 | C10: 116.709 | D10: 120.36 | E10: 123.347 | F10: 129.645 | G10: 134.474 | H10: 139.768 | I10: 143.373 | J10: 148.523 | K10: 153.968 | L10: 159.854 | M10: 165.666 | N10: 170.683 | O10: 178.448 | P10: =O10-C10 -> 61.739 | T10: 4 | U10: =D10-C10 -> 3.651 | V10: =E10-D10 -> 2.987 | W10: =F10-E10 -> 6.298 | X10: =G10-F10 -> 4.829 | Y10: =H10-G10 -> 5.294 | Z10: =I10-H10 -> 3.605 | AA10: =J10-I10 -> 5.15 | AB10: =K10-J10 -> 5.445 | ... AF10: =O10-N10 -> 7.765
B11: kalorimetr č. 71182257 | C11: 9.389 | D11: 9.95 | E11: 10.659 | F11: 11.448 | G11: 11.81 | H11: 12.256 | I11: 12.512 | J11: 12.787 | K11: 13.091 | L11: 13.459 | M11: 13.914 | N11: 14.61 | O11: 15.885 | Q11: =O11-C11 -> 6.496
A12: 5 | B12: vodoměr č. 191519276 | C12: 279.104 | D12: 280.268 | E12: 282.087 | F12: 282.741 | G12: 284.552 | H12: 284.62 | I12: 284.783 | J12: 284.996 | K12: 285.183 | L12: 295.837 | M12: 308.889 | N12: 320.283 | O12: 332.062 | P12: =O12-C12 -> 52.958 | T12: 5 | U12: =D12-C12 -> 1.164 | V12: =E12-D12 -> 1.819 | W12: =F12-E12 -> 0.654 | X12: =G12-F12 -> 1.811 | Y12: =H12-G12 -> 0.068 | Z12: =I12-H12 -> 0.163 | AA12: =J12-I12 -> 0.213 | AB12: =K12-J12 -> 0.187 | ... AF12: =O12-N12 -> 11.779
B13: kalorimetr č. 71182260 | C13: 15.702 | D13: 17.184 | E13: 18.501 | F13: 20.294 | G13: 21.662 | H13: 21.826 | I13: 21.96 | J13: 22.063 | K13: 22.104 | L13: 22.651 | M13: 23.438 | N13: 25.128 | O13: 27.159 | Q13: =O13-C13 -> 11.457
A14: 6 | B14: vodoměr č. 191519285 | C14: 218.152 | D14: 221.588 | E14: 222.459 | F14: 223.055 | G14: 226.278 | H14: 228.283 | I14: 233.069 | J14: 238.021 | K14: 241.776 | L14: 245.808 | M14: 249.266 | N14: 252.327 | O14: 257.087 | P14: =O14-C14 -> 38.935 | T14: 6 | U14: =D14-C14 -> 3.436 | V14: =E14-D14 -> 0.871 | W14: =F14-E14 -> 0.596 | X14: =G14-F14 -> 3.223 | Y14: =H14-G14 -> 2.005 | Z14: =I14-H14 -> 4.786 | AA14: =J14-I14 -> 4.952 | AB14: =K14-J14 -> 3.755 | ... AF14: =O14-N14 -> 4.76
B15: kalorimetr č. 71182266 | C15: 24.874 | D15: 27.462 | E15: 29.7 | F15: 30.917 | G15: 32.02 | H15: 32.313 | I15: 32.745 | J15: 33.117 | K15: 33.412 | L15: 33.802 | M15: 34.349 | N15: 36.343 | O15: 38.878 | Q15: =O15-C15 -> 14.004
A16: 7 | B16: vodoměr č. 191519267 | C16: 456.265 | D16: 467.398 | E16: 476.638 | F16: 489.602 | G16: 502.757 | H16: 513.534 | I16: 527.857 | J16: 536.184 | K16: 548.333 | L16: 561.121 | M16: 575.367 | N16: 588.821 | O16: 601.725 | P16: =O16-C16 -> 145.46 | T16: 7 | U16: =D16-C16 -> 11.133 | V16: =E16-D16 -> 9.24 | W16: =F16-E16 -> 12.964 | X16: =G16-F16 -> 13.155 | Y16: =H16-G16 -> 10.777 | Z16: =I16-H16 -> 14.323 | AA16: =J16-I16 -> 8.327 | AB16: =K16-J16 -> 12.149 | ... AF16: =O16-N16 -> 12.904
B17: kalorimetr č. 71182229 | C17: 40.63 | D17: 45.212 | E17: 48.902 | F17: 52.522 | G17: 55.116 | H17: 55.997 | I17: 56.867 | J17: 57.354 | K17: 58.063 | L17: 58.887 | M17: 60.542 | N17: 64.596 | O17: 69.489 | Q17: =O17-C17 -> 28.859
A18: 8 | B18: vodoměr č. 190907014 | C18: 270.511 | D18: 278.071 | E18: 285.393 | F18: 293.398 | G18: 300.498 | H18: 307.895 | I18: 315.022 | J18: 320.861 | K18: 327.234 | L18: 333.303 | M18: 340.973 | N18: 349.288 | O18: 358.098 | P18: =O18-C18 -> 87.587 | T18: 8 | U18: =D18-C18 -> 7.56 | V18: =E18-D18 -> 7.322 | W18: =F18-E18 -> 8.005 | X18: =G18-F18 -> 7.1 | Y18: =H18-G18 -> 7.397 | Z18: =I18-H18 -> 7.127 | AA18: =J18-I18 -> 5.839 | AB18: =K18-J18 -> 6.373 | ... AF18: =O18-N18 -> 8.81
B19: kalorimetr č. 71182239 | C19: 18.417 | D19: 21.406 | E19: 23.851 | F19: 25.733 | G19: 26.93 | H19: 27.376 | I19: 27.708 | J19: 27.932 | K19: 28.157 | L19: 28.433 | M19: 29.015 | N19: 31.408 | O19: 34.542 | Q19: =O19-C19 -> 16.125
A20: 9 | B20: vodoměr č. 190907021 | C20: 83.935 | D20: 85.62 | E20: 87.358 | F20: 88.876 | G20: 90.782 | H20: 92.769 | I20: 94.797 | J20: 96.398 | K20: 98.282 | L20: 100.361 | M20: 102.731 | N20: 105.158 | O20: 108.634 | P20: =O20-C20 -> 24.699 | T20: 9 | U20: =D20-C20 -> 1.685 | V20: =E20-D20 -> 1.738 | W20: =F20-E20 -> 1.518 | X20: =G20-F20 -> 1.906 | Y20: =H20-G20 -> 1.987 | Z20: =I20-H20 -> 2.028 | AA20: =J20-I20 -> 1.601 | AB20: =K20-J20 -> 1.884 | ... AF20: =O20-N20 -> 3.476
B21: kalorimetr č. 71182226 | C21: 17.134 | D21: 18.981 | E21: 20.434 | F21: 21.069 | G21: 21.147 | H21: 21.2 | I21: 21.237 | J21: 21.255 | K21: 21.288 | L21: 21.305 | M21: 21.334 | N21: 22.119 | O21: 23.882 | Q21: =O21-C21 -> 6.748
A22: 10 | B22: vodoměr č. 190907025 | C22: 365.274 | D22: 377.89 | E22: 388.048 | F22: 400.38 | G22: 410.69 | H22: 421.095 | I22: 432.685 | J22: 438.094 | K22: 446.777 | L22: 459.324 | M22: 467.4 | N22: 478.591 | O22: 490.625 | P22: =O22-C22 -> 125.351 | T22: 10 | U22: =D22-C22 -> 12.616 | V22: =E22-D22 -> 10.158 | W22: =F22-E22 -> 12.332 | X22: =G22-F22 -> 10.31 | Y22: =H22-G22 -> 10.405 | Z22: =I22-H22 -> 11.59 | AA22: =J22-I22 -> 5.409 | AB22: =K22-J22 -> 8.683 | ... AF22: =O22-N22 -> 12.034
B23: kalorimetr č. 71182216 | C23: 27.728 | D23: 31.77 | E23: 35.358 | F23: 38.001 | G23: 39.704 | H23: 40.381 | I23: 40.989 | J23: 41.282 | K23: 41.693 | L23: 42.316 | M23: 43.122 | N23: 46.091 | O23: 50.174 | Q23: =O23-C23 -> 22.446
P24: =SUM(P4:P23) -> 805.142 | Q24: =SUM(Q4:Q23) -> 173.119
A25: spol.spotř. | B25: elektroměr č. 72370868 | C25: 49627 | D25: 49823 | E25: 50011 | F25: 50233 | G25: 50426 | H25: 50626 | I25: 50843 | J25: 51027 | K25: 51220 | L25: 51416 | M25: 51602 | N25: 51801 | O25: 52040 | R25: =O25-C25 -> 2413
B26: patní vodoměr č. 190976785 | C26: 3095.6 | D26: 3169.6 | E26: 3229.9 | F26: 3302.6 | G26: 3375.6 | H26: 3446.1 | I26: 3523.8 | J26: 3575.9 | K26: 3638.5 | L26: 3727.5 | M26: 3811.8 | N26: 3898.5 | O26: 3993.9 | P26: =O26-C26 -> 898.3
B27: patní kalorimetr č. 70465266/ GJ | C27: 541.01 | D27: 573.15 | E27: 600.98 | F27: 624.86 | G27: 641.44 | H27: 646.06 | I27: 648.74 | J27: 650.27 | K27: 652.11 | L27: 655.1 | M27: 662.65 | N27: 687.93 | O27: 722.37 | Q27: =O27-C27 -> 181.36 | R27: GJ
B28: patní kalorimetr č./kub.m | C28: 4324 | D28: 4527 | E28: 4702 | F28: 4862 | G28: 4979 | H28: 5019 | I28: 5046 | J28: 5062 | K28: 5082 | L28: 5110 | M28: 5169 | N28: 5346 | O28: 5583 | Q28: =O28-C28 -> 1259 | R28: m3
A29: ='1854'!A29 -> Fakturační vodoměr: 42012114941 | C29: ='1854'!C29 -> 7844.6 | D29: ='1854'!D29 -> 8132 | E29: ='1854'!E29 -> 8376.4 | F29: ='1854'!F29 -> 8650.8 | G29: ='1854'!G29 -> 8921.7 | H29: ='1854'!H29 -> 9183.8 | I29: ='1854'!I29 -> 9471 | J29: ='1854'!J29 -> 9681.6 | ... O29: ='1854'!O29 -> 11067 | P29: =O29--C29 -> 18911.6
D31: Reklamace - výměna
C32: 4 | D32: 43950 | E32: starý | K32: Výměna faktur.vodoměru výr.č. | N32: m3
E33: nový | K33: 44095 | L33: starý
M34: výr.č. | N34: m3
E35: Výměna kalorimetru pata | H35: MWh | I35: m3 | K35: 44095 | L35: nový
D36: demontáž | E36: 43984 | F36: starý
G37: výr.č. | H37: GJ | I37: m3
D38: montáž | E38: 43986 | F38: nový

Sheet S1
A1: Sumář - spotřeba leden | B1: 2023
L2: Porovnání leden 2022
A3: Voda - m3 | B3: 1850 | C3: 1851 | D3: 1852 | E3: 1853
A4: Náměry bytových vodoměrů | B4: ='1850'!D4-'1850'!C4+'1850'!D6-'1850'!C6+'1850'!D8-'1850'!C8+'1850'!D10-'1850'!C10+'1850'!D12-'1850'!C12+'1850'!D14-'1850'!C14+'1850'!D16-'1850'!C16+'1850'!D18-'1850'!C18+'1850'!D20-'1850'!C20+'1850'!D22-'1850'!C22 -> 52.759 | C4: ='1851'!E4-'1851'!D4+'1851'!E6-'1851'!D6+'1851'!E8-'1851'!D8+'1851'!E10-'1851'!D10+'1851'!E12-'1851'!D12+'1851'!E14-'1851'!D14+'1851'!E16-'1851'!D16+'1851'!E18-'1851'!D18+'1851'!E20-'1851'!D20+'1851'!E22-'1851'!D22+'1851'!E33-'1851'!D33+'1851'!E34-'1851'!D34+'1851'!E35-'1851'!D35+'1851'!E36-'1851'!D36+'1851'!E37-'1851'!D37+'1851'!E40-'1851'!D40+'1851'!E41-'1851'!D41+'1851'!E42-'1851'!D42+'1851'!E43-'1851'!D43+'1851'!E44-'1851'!D44+'1851'!E45-'1851'!D45+'1851'!E46-'1851'!D46+'1851'!E47-'1851'!D47+'1851'!E48-'1851'!D48+'1851'!E49-'1851'!D49 -> 86.976 | D4: ='1852'!D4-'1852'!C4+'1852'!D6-'1852'!C6+'1852'!D8-'1852'!C8+'1852'!D10-'1852'!C10+'1852'!D12-'1852'!C12+'1852'!D14-'1852'!C14+'1852'!D16-'1852'!C16+'1852'!D18-'1852'!C18+'1852'!D20-'1852'!C20+'1852'!D22-'1852'!C22 -> 86.083 | E4: ='1853'!D4-'1853'!C4+'1853'!D6-'1853'!C6+'1853'!D8-'1853'!C8+'1853'!D10-'1853'!C10+'1853'!D12-'1853'!C12+'1853'!D14-'1853'!C14+'1853'!D16-'1853'!C16+'1853'!D18-'1853'!C18+'1853'!D20-'1853'!C20+'1853'!D22-'1853'!C22+'1853'!D26-'1853'!C26 -> 63.764 | G4: =1-B4/B5 -> 0.12214642 | H4: =1-C4/C5 -> 0.060734341 | I4: =1-D4/D5 -> 0.099550209 | J4: =1-E4/E5 -> 0.089085714 | L4: 0.10776056 | M4: 0.063344017 | N4: 0.10150055 | O4: 0.081363057
A5: Patní vodoměry | B5: ='1850'!D26-'1850'!C26 -> 60.1 | C5: ='1851'!E26-'1851'!D26 -> 92.6 | D5: ='1852'!D26-'1852'!C26 -> 95.6 | E5: ='1853'!D27-'1853'!C27 -> 70
A6: Součet patních vodoměrů | B6: =B5+C5+D5+E5 -> 318.3 | G6: =1-B6/B7 -> 0.044717887 | L6: 0.042930738
A7: fakturační vodoměr | B7: ='1850'!D29-'1850'!C29 -> 333.2
A8: Teplo - GJ
A9: Náměry bytových kalorimetrů | B9: ='1850'!D5-'1850'!C5+'1850'!D7-'1850'!C7+'1850'!D9-'1850'!C9+'1850'!D11-'1850'!C11+'1850'!D13-'1850'!C13+'1850'!D15-'1850'!C15+'1850'!D17-'1850'!C17+'1850'!D19-'1850'!C19+'1850'!D21-'1850'!C21+'1850'!D23-'1850'!C23 -> 29.737 | C9: ='1851'!E5-'1851'!D5+'1851'!E7-'1851'!D7+'1851'!E9-'1851'!D9+'1851'!E11-'1851'!D11+'1851'!E13-'1851'!D13+'1851'!E15-'1851'!D15+'1851'!E17-'1851'!D17+'1851'!E19-'1851'!D19+'1851'!E21-'1851'!D21+'1851'!E23-'1851'!D23 -> 34.266 | D9: ='1852'!D5-'1852'!C5+'1852'!D7-'1852'!C7+'1852'!D9-'1852'!C9+'1852'!D11-'1852'!C11+'1852'!D13-'1852'!C13+'1852'!D15-'1852'!C15+'1852'!D17-'1852'!C17+'1852'!D19-'1852'!C19+'1852'!D21-'1852'!C21+'1852'!D23-'1852'!C23 -> 32.934 | E9: ='1853'!D5-'1853'!C5+'1853'!D7-'1853'!C7+'1853'!D9-'1853'!C9+'1853'!D11-'1853'!C11+'1853'!D13-'1853'!C13+'1853'!D15-'1853'!C15+'1853'!D17-'1853'!C17+'1853'!D19-'1853'!C19+'1853'!D21-'1853'!C21+'1853'!D23-'1853'!C23 -> 30.171 | G9: =1-B9/B10 -> 0.08422641 | H9: =1-C9/C10 -> 0.10960399 | I9: =1-D9/D10 -> 0.062670765 | J9: =1-E9/E10 -> 0.050868252 | L9: 0.072743402 | M9: 0.097352025 | N9: 0.054242244 | O9: 0.077654694
A10: Fakturační kalorimetry | B10: =('1850'!D27-'1850'!C27)*3.6 -> 32.472 | C10: =('1851'!E27-'1851'!D27)*3.6 -> 38.484 | D10: =('1852'!D27-'1852'!C27)*3.6 -> 35.136 | E10: =('1853'!D28-'1853'!C28)*3.6 -> 31.788
A11: Elektřina - kWh
A12: Elektroměr dům | B12: ='1850'!D25-'1850'!C25 -> 205 | C12: ='1851'!E24-'1851'!D24 -> 200 | D12: ='1852'!D25-'1852'!C25 -> 180 | E12: ='1853'!D24-'1853'!C24 -> 198
A14: Elektroměr areál | B14: ='1853'!D25-'1853'!C25 -> 436
A15: Vodoměr areál | B15: ='1853'!D26-'1853'!C26 -> 0
A18: Voda - m3 | B18: 1854 | C18: 1855 | D18: 1856 | E18: 1857
A19: Náměry bytových vodoměrů | B19: ='1854'!D4-'1854'!C4+'1854'!D6-'1854'!C6+'1854'!D8-'1854'!C8+'1854'!D10-'1854'!C10+'1854'!D12-'1854'!C12+'1854'!D14-'1854'!C14+'1854'!D16-'1854'!C16+'1854'!D18-'1854'!C18+'1854'!D20-'1854'!C20+'1854'!D22-'1854'!C22 -> 58.418 | C19: ='1855'!D4-'1855'!C4+'1855'!D6-'1855'!C6+'1855'!D8-'1855'!C8+'1855'!D10-'1855'!C10+'1855'!D12-'1855'!C12+'1855'!D14-'1855'!C14+'1855'!D16-'1855'!C16+'1855'!D18-'1855'!C18+'1855'!D20-'1855'!C20+'1855'!D22-'1855'!C22 -> 66.004 | D19: ='1856'!D4-'1856'!C4+'1856'!D6-'1856'!C6+'1856'!D8-'1856'!C8+'1856'!D10-'1856'!C10+'1856'!D12-'1856'!C12+'1856'!D14-'1856'!C14+'1856'!D16-'1856'!C16+'1856'!D18-'1856'!C18+'1856'!D20-'1856'!C20+'1856'!D22-'1856'!C22 -> 79.665 | E19: ='1857'!D4-'1857'!C4+'1857'!D6-'1857'!C6+'1857'!D8-'1857'!C8+'1857'!D10-'1857'!C10+'1857'!D12-'1857'!C12+'1857'!D14-'1857'!C14+'1857'!D16-'1857'!C16+'1857'!D18-'1857'!C18+'1857'!D20-'1857'!C20+'1857'!D22-'1857'!C22 -> 65.183 | G19: =1-B19/B20 -> 0.090062305 | H19: =1-C19/C20 -> 0.10805405 | I19: =1-D19/D20 -> 0.091619156 | J19: =1-E19/E20 -> 0.11914865 | L19: 0.091895803 | M19: 0.10143195 | N19: 0.092536137 | O19: 0.09185006
A20: Patní vodoměry | B20: ='1854'!D26-'1854'!C26 -> 64.2 | C20: ='1855'!D26-'1855'!C26 -> 74 | D20: ='1856'!D26-'1856'!C26 -> 87.7 | E20: ='1857'!D26-'1857'!C26 -> 74
A21: Součet patních vodoměrů | B21: =B20+C20+D20+E20 -> 299.9 | G21: =1-B21/B22 -> -0.043493389 | L21: -0.039254824
A22: fakturační vodoměr | B22: ='1854'!D29-'1854'!C29 -> 287.4
A23: Teplo - GJ
A24: Náměry bytových kalorimetrů | B24: ='1854'!D5-'1854'!C5+'1854'!D7-'1854'!C7+'1854'!D9-'1854'!C9+'1854'!D11-'1854'!C11+'1854'!D13-'1854'!C13+'1854'!D15-'1854'!C15+'1854'!D17-'1854'!C17+'1854'!D19-'1854'!C19+'1854'!D21-'1854'!C21+'1854'!D23-'1854'!C23 -> 29.811 | C24: ='1855'!D5-'1855'!C5+'1855'!D7-'1855'!C7+'1855'!D9-'1855'!C9+'1855'!D11-'1855'!C11+'1855'!D13-'1855'!C13+'1855'!D15-'1855'!C15+'1855'!D17-'1855'!C17+'1855'!D19-'1855'!C19+'1855'!D21-'1855'!C21+'1855'!D23-'1855'!C23 -> 31.456 | D24: ='1856'!D5-'1856'!C5+'1856'!D7-'1856'!C7+'1856'!D9-'1856'!C9+'1856'!D11-'1856'!C11+'1856'!D13-'1856'!C13+'1856'!D15-'1856'!C15+'1856'!D17-'1856'!C17+'1856'!D19-'1856'!C19+'1856'!D21-'1856'!C21+'1856'!D23-'1856'!C23 -> 29.214 | E24: ='1857'!D5-'1857'!C5+'1857'!D7-'1857'!C7+'1857'!D9-'1857'!C9+'1857'!D11-'1857'!C11+'1857'!D13-'1857'!C13+'1857'!D15-'1857'!C15+'1857'!D17-'1857'!C17+'1857'!D19-'1857'!C19+'1857'!D21-'1857'!C21+'1857'!D23-'1857'!C23 -> 29.677 | G24: =1-B24/B25 -> 0.072464219 | H24: =1-C24/C25 -> 0.074006476 | I24: =1-D24/D25 -> 0.086205818 | J24: =1-E24/E25 -> 0.076633479 | L24: 0.058015267 | M24: 0.072727273 | N24: 0.078701987 | O24: 0.087025071
A25: Fakturační kalorimetry | B25: =('1854'!D27-'1854'!C27) -> 32.14 | C25: =('1855'!D27-'1855'!C27) -> 33.97 | D25: =('1856'!D27-'1856'!C27) -> 31.97 | E25: =('1857'!D27-'1857'!C27) -> 32.14
A26: Elektřina - kWh
A27: Elektroměr dům | B27: ='1854'!D25-'1854'!C25 -> 196 | C27: ='1855'!D25-'1855'!C25 -> 208 | D27: ='1856'!D25-'1856'!C25 -> 187 | E27: ='1857'!D25-'1857'!C25 -> 196

Sheet S2
A1: Sumář - spotřeba únor | B1: ='S1'!B1 -> 2023
A3: Voda - m3 | B3: 1850 | C3: 1851 | D3: 1852 | E3: 1853
A4: Náměry bytových vodoměrů | B4: ='1850'!E4-'1850'!D4+'1850'!E6-'1850'!D6+'1850'!E8-'1850'!D8+'1850'!E10-'1850'!D10+'1850'!E12-'1850'!D12+'1850'!E14-'1850'!D14+'1850'!E16-'1850'!D16+'1850'!E18-'1850'!D18+'1850'!E20-'1850'!D20+'1850'!E22-'1850'!D22 -> 52.113 | C4: ='1851'!F4-'1851'!E4+'1851'!F6-'1851'!E6+'1851'!F8-'1851'!E8+'1851'!F10-'1851'!E10+'1851'!F12-'1851'!E12+'1851'!F14-'1851'!E14+'1851'!F16-'1851'!E16+'1851'!F18-'1851'!E18+'1851'!F20-'1851'!E20+'1851'!F22-'1851'!E22+'1851'!F33-'1851'!E33+'1851'!F34-'1851'!E34+'1851'!F35-'1851'!E35+'1851'!F36-'1851'!E36+'1851'!F37-'1851'!E37+'1851'!F40-'1851'!E40+'1851'!F41-'1851'!E41+'1851'!F42-'1851'!E42+'1851'!F43-'1851'!E43+'1851'!F44-'1851'!E44+'1851'!F45-'1851'!E45+'1851'!F46-'1851'!E46+'1851'!F47-'1851'!E47+'1851'!F48-'1851'!E48+'1851'!F49-'1851'!E49 -> 70.722 | D4: ='1852'!E4-'1852'!D4+'1852'!E6-'1852'!D6+'1852'!E8-'1852'!D8+'1852'!E10-'1852'!D10+'1852'!E12-'1852'!D12+'1852'!E14-'1852'!D14+'1852'!E16-'1852'!D16+'1852'!E18-'1852'!D18+'1852'!E20-'1852'!D20+'1852'!E22-'1852'!D22 -> 78.153 | E4: ='1853'!E4-'1853'!D4+'1853'!E6-'1853'!D6+'1853'!E8-'1853'!D8+'1853'!E10-'1853'!D10+'1853'!E12-'1853'!D12+'1853'!E14-'1853'!D14+'1853'!E16-'1853'!D16+'1853'!E18-'1853'!D18+'1853'!E20-'1853'!D20+'1853'!E22-'1853'!D22+'1853'!E26-'1853'!D26 -> 56.787 | G4: =1-B4/B5 -> 0.11069966 | H4: =1-C4/C5 -> 0.07310616 | I4: =1-D4/D5 -> 0.09649711 | J4: =1-E4/E5 -> 0.088491172
A5: Patní vodoměry | B5: ='1850'!E26-'1850'!D26 -> 58.6 | C5: ='1851'!F26-'1851'!E26 -> 76.3 | D5: ='1852'!E26-'1852'!D26 -> 86.5 | E5: ='1853'!E27-'1853'!D27 -> 62.3
A6: Součet patních vodoměrů | B6: =SUM(B5:E5) -> 283.7 | G6: =1-B6/B7 -> 0.040906018
A7: fakturační vodoměr | B7: ='1850'!E29-'1850'!D29 -> 295.8
A8: Teplo - GJ
A9: Náměry bytových kalorimetrů | B9: ='1850'!E5-'1850'!D5+'1850'!E7-'1850'!D7+'1850'!E9-'1850'!D9+'1850'!E11-'1850'!D11+'1850'!E13-'1850'!D13+'1850'!E15-'1850'!D15+'1850'!E17-'1850'!D17+'1850'!E19-'1850'!D19+'1850'!E21-'1850'!D21+'1850'!E23-'1850'!D23 -> 27.177 | C9: ='1851'!F5-'1851'!E5+'1851'!F7-'1851'!E7+'1851'!F9-'1851'!E9+'1851'!F11-'1851'!E11+'1851'!F13-'1851'!E13+'1851'!F15-'1851'!E15+'1851'!F17-'1851'!E17+'1851'!F19-'1851'!E19+'1851'!F21-'1851'!E21+'1851'!F23-'1851'!E23 -> 31.853 | D9: ='1852'!E5-'1852'!D5+'1852'!E7-'1852'!D7+'1852'!E9-'1852'!D9+'1852'!E11-'1852'!D11+'1852'!E13-'1852'!D13+'1852'!E15-'1852'!D15+'1852'!E17-'1852'!D17+'1852'!E19-'1852'!D19+'1852'!E21-'1852'!D21+'1852'!E23-'1852'!D23 -> 29.05 | E9: ='1853'!E5-'1853'!D5+'1853'!E7-'1853'!D7+'1853'!E9-'1853'!D9+'1853'!E11-'1853'!D11+'1853'!E13-'1853'!D13+'1853'!E15-'1853'!D15+'1853'!E17-'1853'!D17+'1853'!E19-'1853'!D19+'1853'!E21-'1853'!D21+'1853'!E23-'1853'!D23 -> 24.557 | G9: =1-B9/B10 -> 0.079369919 | H9: =1-C9/C10 -> 0.10985357 | I9: =1-D9/D10 -> 0.026605013 | J9: =1-E9/E10 -> 0.05651606
A10: Fakturační kalorimetry | B10: =('1850'!E27-'1850'!D27)*3.6 -> 29.52 | C10: =('1851'!F27-'1851'!E27)*3.6 -> 35.784 | D10: =('1852'!E27-'1852'!D27)*3.6 -> 29.844 | E10: =('1853'!E28-'1853'!D28)*3.6 -> 26.028
A11: Elektřina -
A12: Elektroměr dům | B12: ='1850'!E25-'1850'!D25 -> 186 | C12: ='1851'!F24-'1851'!E24 -> 241 | D12: ='1852'!E25-'1852'!D25 -> 176 | E12: ='1853'!E24-'1853'!D24 -> 164
A14: Elektroměr areál | B14: ='1853'!E25-'1853'!D25 -> 359
A15: Vodoměr areál | B15: ='1853'!E26-'1853'!D26 -> 0
A18: Voda - m3 | B18: 1854 | C18: 1855 | D18: 1856 | E18: 1857
A19: Náměry bytových vodoměrů | B19: ='1854'!E4-'1854'!D4+'1854'!E6-'1854'!D6+'1854'!E8-'1854'!D8+'1854'!E10-'1854'!D10+'1854'!E12-'1854'!D12+'1854'!E14-'1854'!D14+'1854'!E16-'1854'!D16+'1854'!E18-'1854'!D18+'1854'!E20-'1854'!D20+'1854'!E22-'1854'!D22 -> 50.98 | C19: ='1855'!E4-'1855'!D4+'1855'!E6-'1855'!D6+'1855'!E8-'1855'!D8+'1855'!E10-'1855'!D10+'1855'!E12-'1855'!D12+'1855'!E14-'1855'!D14+'1855'!E16-'1855'!D16+'1855'!E18-'1855'!D18+'1855'!E20-'1855'!D20+'1855'!E22-'1855'!D22 -> 57.628 | D19: ='1856'!E4-'1856'!D4+'1856'!E6-'1856'!D6+'1856'!E8-'1856'!D8+'1856'!E10-'1856'!D10+'1856'!E12-'1856'!D12+'1856'!E14-'1856'!D14+'1856'!E16-'1856'!D16+'1856'!E18-'1856'!D18+'1856'!E20-'1856'!D20+'1856'!E22-'1856'!D22 -> 64.984 | E19: ='1857'!E4-'1857'!D4+'1857'!E6-'1857'!D6+'1857'!E8-'1857'!D8+'1857'!E10-'1857'!D10+'1857'!E12-'1857'!D12+'1857'!E14-'1857'!D14+'1857'!E16-'1857'!D16+'1857'!E18-'1857'!D18+'1857'!E20-'1857'!D20+'1857'!E22-'1857'!D22 -> 55.522 | G19: =1-B19/B20 -> 0.097699115 | H19: =1-C19/C20 -> 0.11477727 | I19: =1-D19/D20 -> 0.092402235 | J19: =1-E19/E20 -> 0.079237148
A20: Patní vodoměry | B20: ='1854'!E26-'1854'!D26 -> 56.5 | C20: ='1855'!E26-'1855'!D26 -> 65.1 | D20: ='1856'!E26-'1856'!D26 -> 71.6 | E20: ='1857'!E26-'1857'!D26 -> 60.3
A21: Součet patních vodoměrů | B21: =SUM(B20:E20) -> 253.5 | G21: =1-B21/B22 -> -0.037234043
A22: fakturační vodoměr | B22: ='1854'!E29-'1854'!D29 -> 244.4
A23: Teplo - GJ
A24: Náměry bytových kalorimetrů | B24: ='1854'!E5-'1854'!D5+'1854'!E7-'1854'!D7+'1854'!E9-'1854'!D9+'1854'!E11-'1854'!D11+'1854'!E13-'1854'!D13+'1854'!E15-'1854'!D15+'1854'!E17-'1854'!D17+'1854'!E19-'1854'!D19+'1854'!E21-'1854'!D21+'1854'!E23-'1854'!D23 -> 26.57 | C24: ='1855'!E5-'1855'!D5+'1855'!E7-'1855'!D7+'1855'!E9-'1855'!D9+'1855'!E11-'1855'!D11+'1855'!E13-'1855'!D13+'1855'!E15-'1855'!D15+'1855'!E17-'1855'!D17+'1855'!E19-'1855'!D19+'1855'!E21-'1855'!D21+'1855'!E23-'1855'!D23 -> 28.27 | D24: ='1856'!E5-'1856'!D5+'1856'!E7-'1856'!D7+'1856'!E9-'1856'!D9+'1856'!E11-'1856'!D11+'1856'!E13-'1856'!D13+'1856'!E15-'1856'!D15+'1856'!E17-'1856'!D17+'1856'!E19-'1856'!D19+'1856'!E21-'1856'!D21+'1856'!E23-'1856'!D23 -> 25.664 | E24: ='1857'!E5-'1857'!D5+'1857'!E7-'1857'!D7+'1857'!E9-'1857'!D9+'1857'!E11-'1857'!D11+'1857'!E13-'1857'!D13+'1857'!E15-'1857'!D15+'1857'!E17-'1857'!D17+'1857'!E19-'1857'!D19+'1857'!E21-'1857'!D21+'1857'!E23-'1857'!D23 -> 25.597 | G24: =1-B24/B25 -> 0.071952497 | H24: =1-C24/C25 -> 0.075539568 | I24: =1-D24/D25 -> 0.067102872 | J24: =1-E24/E25 -> 0.080237154
A25: Fakturační kalorimetry | B25: =('1854'!E27-'1854'!D27) -> 28.63 | C25: =('1855'!E27-'1855'!D27) -> 30.58 | D25: =('1856'!E27-'1856'!D27) -> 27.51 | E25: =('1857'!E27-'1857'!D27) -> 27.83
A26: Elektřina -
A27: Elektroměr dům | B27: ='1854'!E25-'1854'!D25 -> 161 | C27: ='1855'!E25-'1855'!D25 -> 190 | D27: ='1856'!E25-'1856'!D25 -> 175 | E27: ='1857'!E25-'1857'!D25 -> 188

Sheet S3
A1: Sumář - spotřeba březen | B1: ='S1'!B1 -> 2023
A3: Voda - m3 | B3: 1850 | C3: 1851 | D3: 1852 | E3: 1853
A4: Náměry bytových vodoměrů | B4: ='1850'!F4-'1850'!E4+'1850'!F6-'1850'!E6+'1850'!F8-'1850'!E8+'1850'!F10-'1850'!E10+'1850'!F12-'1850'!E12+'1850'!F14-'1850'!E14+'1850'!F16-'1850'!E16+'1850'!F18-'1850'!E18+'1850'!F20-'1850'!E20+'1850'!F22-'1850'!E22 -> 57.984 | C4: ='1851'!G4-'1851'!F4+'1851'!G6-'1851'!F6+'1851'!G8-'1851'!F8+'1851'!G10-'1851'!F10+'1851'!G12-'1851'!F12+'1851'!G14-'1851'!F14+'1851'!G16-'1851'!F16+'1851'!G18-'1851'!F18+'1851'!G20-'1851'!F20+'1851'!G22-'1851'!F22+'1851'!G33-'1851'!F33+'1851'!G34-'1851'!F34+'1851'!G35-'1851'!F35+'1851'!G36-'1851'!F36+'1851'!G37-'1851'!F37+'1851'!G40-'1851'!F40+'1851'!G41-'1851'!F41+'1851'!G42-'1851'!F42+'1851'!G43-'1851'!F43+'1851'!G44-'1851'!F44+'1851'!G45-'1851'!F45+'1851'!G46-'1851'!F46+'1851'!G47-'1851'!F47+'1851'!G48-'1851'!F48+'1851'!G49-'1851'!F49 -> 85.081 | D4: ='1852'!F4-'1852'!E4+'1852'!F6-'1852'!E6+'1852'!F8-'1852'!E8+'1852'!F10-'1852'!E10+'1852'!F12-'1852'!E12+'1852'!F14-'1852'!E14+'1852'!F16-'1852'!E16+'1852'!F18-'1852'!E18+'1852'!F20-'1852'!E20+'1852'!F22-'1852'!E22 -> 82.32 | E4: ='1853'!F4-'1853'!E4+'1853'!F6-'1853'!E6+'1853'!F8-'1853'!E8+'1853'!F10-'1853'!E10+'1853'!F12-'1853'!E12+'1853'!F14-'1853'!E14+'1853'!F16-'1853'!E16+'1853'!F18-'1853'!E18+'1853'!F20-'1853'!E20+'1853'!F22-'1853'!E22+'1853'!F26-'1853'!E26 -> 67.302 | G4: =1-B4/B5 -> 0.11067485 | H4: =1-C4/C5 -> 0.073191721 | I4: =1-D4/D5 -> 0.10424374 | J4: =1-E4/E5 -> 0.08804878
A5: Patní vodoměry | B5: ='1850'!F26-'1850'!E26 -> 65.2 | C5: ='1851'!G26-'1851'!F26 -> 91.8 | D5: ='1852'!F26-'1852'!E26 -> 91.9 | E5: ='1853'!F27-'1853'!E27 -> 73.8
A6: Součet patních vodoměrů | B6: =SUM(B5:E5) -> 322.7 | G6: =1-B6/B7 -> 0.04328491
A7: fakturační vodoměr | B7: ='1850'!F29-'1850'!E29 -> 337.3
A8: Teplo - GJ
A9: Náměry bytových kalorimetrů | B9: ='1850'!F5-'1850'!E5+'1850'!F7-'1850'!E7+'1850'!F9-'1850'!E9+'1850'!F11-'1850'!E11+'1850'!F13-'1850'!E13+'1850'!F15-'1850'!E15+'1850'!F17-'1850'!E17+'1850'!F19-'1850'!E19+'1850'!F21-'1850'!E21+'1850'!F23-'1850'!E23 -> 21.628 | C9: ='1851'!G5-'1851'!F5+'1851'!G7-'1851'!F7+'1851'!G9-'1851'!F9+'1851'!G11-'1851'!F11+'1851'!G13-'1851'!F13+'1851'!G15-'1851'!F15+'1851'!G17-'1851'!F17+'1851'!G19-'1851'!F19+'1851'!G21-'1851'!F21+'1851'!G23-'1851'!F23 -> 30.599 | D9: ='1852'!F5-'1852'!E5+'1852'!F7-'1852'!E7+'1852'!F9-'1852'!E9+'1852'!F11-'1852'!E11+'1852'!F13-'1852'!E13+'1852'!F15-'1852'!E15+'1852'!F17-'1852'!E17+'1852'!F19-'1852'!E19+'1852'!F21-'1852'!E21+'1852'!F23-'1852'!E23 -> 24.494 | E9: ='1853'!F5-'1853'!E5+'1853'!F7-'1853'!E7+'1853'!F9-'1853'!E9+'1853'!F11-'1853'!E11+'1853'!F13-'1853'!E13+'1853'!F15-'1853'!E15+'1853'!F17-'1853'!E17+'1853'!F19-'1853'!E19+'1853'!F21-'1853'!E21+'1853'!F23-'1853'!E23 -> 20.282 | G9: =1-B9/B10 -> 0.062749177 | H9: =1-C9/C10 -> 0.10245805 | I9: =1-D9/D10 -> 0.038998745 | J9: =1-E9/E10 -> 0.04832958
A10: Fakturační kalorimetry | B10: =('1850'!F27-'1850'!E27)*3.6 -> 23.076 | C10: =('1851'!G27-'1851'!F27)*3.6 -> 34.092 | D10: =('1852'!F27-'1852'!E27)*3.6 -> 25.488 | E10: =('1853'!F28-'1853'!E28)*3.6 -> 21.312
A11: Elektřina -
A12: Elektroměr dům | B12: ='1850'!F25-'1850'!E25 -> 234 | C12: ='1851'!G24-'1851'!F24 -> 249 | D12: ='1852'!F25-'1852'!E25 -> 195 | E12: ='1853'!F24-'1853'!E24 -> 180
A14: Elektroměr areál | B14: ='1853'!F25-'1853'!E25 -> 349
A15: Vodoměr areál | B15: ='1853'!F26-'1853'!E26 -> 0
A18: Voda - m3 | B18: 1854 | C18: 1855 | D18: 1856 | E18: 1857
A19: Náměry bytových vodoměrů | B19: ='1854'!F4-'1854'!E4+'1854'!F6-'1854'!E6+'1854'!F8-'1854'!E8+'1854'!F10-'1854'!E10+'1854'!F12-'1854'!E12+'1854'!F14-'1854'!E14+'1854'!F16-'1854'!E16+'1854'!F18-'1854'!E18+'1854'!F20-'1854'!E20+'1854'!F22-'1854'!E22 -> 55.076 | C19: ='1855'!F4-'1855'!E4+'1855'!F6-'1855'!E6+'1855'!F8-'1855'!E8+'1855'!F10-'1855'!E10+'1855'!F12-'1855'!E12+'1855'!F14-'1855'!E14+'1855'!F16-'1855'!E16+'1855'!F18-'1855'!E18+'1855'!F20-'1855'!E20+'1855'!F22-'1855'!E22 -> 66.133 | D19: ='1856'!F4-'1856'!E4+'1856'!F6-'1856'!E6+'1856'!F8-'1856'!E8+'1856'!F10-'1856'!E10+'1856'!F12-'1856'!E12+'1856'!F14-'1856'!E14+'1856'!F16-'1856'!E16+'1856'!F18-'1856'!E18+'1856'!F20-'1856'!E20+'1856'!F22-'1856'!E22 -> 70.545 | E19: ='1857'!F4-'1857'!E4+'1857'!F6-'1857'!E6+'1857'!F8-'1857'!E8+'1857'!F10-'1857'!E10+'1857'!F12-'1857'!E12+'1857'!F14-'1857'!E14+'1857'!F16-'1857'!E16+'1857'!F18-'1857'!E18+'1857'!F20-'1857'!E20+'1857'!F22-'1857'!E22 -> 65.669 | G19: =1-B19/B20 -> 0.092652389 | H19: =1-C19/C20 -> 0.11111559 | I19: =1-D19/D20 -> 0.096734955 | J19: =1-E19/E20 -> 0.096712517
A20: Patní vodoměry | B20: ='1854'!F26-'1854'!E26 -> 60.7 | C20: ='1855'!F26-'1855'!E26 -> 74.4 | D20: ='1856'!F26-'1856'!E26 -> 78.1 | E20: ='1857'!F26-'1857'!E26 -> 72.7
A21: Součet patních vodoměrů | B21: =SUM(B20:E20) -> 285.9 | G21: =1-B21/B22 -> -0.041909621
A22: fakturační vodoměr | B22: ='1854'!F29-'1854'!E29 -> 274.4
A23: Teplo - GJ
A24: Náměry bytových kalorimetrů | B24: ='1854'!F5-'1854'!E5+'1854'!F7-'1854'!E7+'1854'!F9-'1854'!E9+'1854'!F11-'1854'!E11+'1854'!F13-'1854'!E13+'1854'!F15-'1854'!E15+'1854'!F17-'1854'!E17+'1854'!F19-'1854'!E19+'1854'!F21-'1854'!E21+'1854'!F23-'1854'!E23 -> 22.399 | C24: ='1855'!F5-'1855'!E5+'1855'!F7-'1855'!E7+'1855'!F9-'1855'!E9+'1855'!F11-'1855'!E11+'1855'!F13-'1855'!E13+'1855'!F15-'1855'!E15+'1855'!F17-'1855'!E17+'1855'!F19-'1855'!E19+'1855'!F21-'1855'!E21+'1855'!F23-'1855'!E23 -> 23.175 | D24: ='1856'!F5-'1856'!E5+'1856'!F7-'1856'!E7+'1856'!F9-'1856'!E9+'1856'!F11-'1856'!E11+'1856'!F13-'1856'!E13+'1856'!F15-'1856'!E15+'1856'!F17-'1856'!E17+'1856'!F19-'1856'!E19+'1856'!F21-'1856'!E21+'1856'!F23-'1856'!E23 -> 20.02 | E24: ='1857'!F5-'1857'!E5+'1857'!F7-'1857'!E7+'1857'!F9-'1857'!E9+'1857'!F11-'1857'!E11+'1857'!F13-'1857'!E13+'1857'!F15-'1857'!E15+'1857'!F17-'1857'!E17+'1857'!F19-'1857'!E19+'1857'!F21-'1857'!E21+'1857'!F23-'1857'!E23 -> 21.854 | G24: =1-B24/B25 -> 0.059655751 | H24: =1-C24/C25 -> 0.076325229 | I24: =1-D24/D25 -> 0.065359477 | J24: =1-E24/E25 -> 0.084840871
A25: Fakturační kalorimetry | B25: =('1854'!F27-'1854'!E27) -> 23.82 | C25: =('1855'!F27-'1855'!E27) -> 25.09 | D25: =('1856'!F27-'1856'!E27) -> 21.42 | E25: =('1857'!F27-'1857'!E27) -> 23.88
A26: Elektřina -
A27: Elektroměr dům | B27: ='1854'!F25-'1854'!E25 -> 201 | C27: ='1855'!F25-'1855'!E25 -> 228 | D27: ='1856'!F25-'1856'!E25 -> 233 | E27: ='1857'!F25-'1857'!E25 -> 222

Sheet S4
A1: Sumář - spotřeba duben | B1: ='S1'!B1 -> 2023
A3: Voda - m3 | B3: 1850 | C3: 1851 | D3: 1852 | E3: 1853
A4: Náměry bytových vodoměrů | B4: ='1850'!G4-'1850'!F4+'1850'!G6-'1850'!F6+'1850'!G8-'1850'!F8+'1850'!G10-'1850'!F10+'1850'!G12-'1850'!F12+'1850'!G14-'1850'!F14+'1850'!G16-'1850'!F16+'1850'!G18-'1850'!F18+'1850'!G20-'1850'!F20+'1850'!G22-'1850'!F22 -> 51.213 | C4: ='1851'!H4-'1851'!G4+'1851'!H6-'1851'!G6+'1851'!H8-'1851'!G8+'1851'!H10-'1851'!G10+'1851'!H12-'1851'!G12+'1851'!H14-'1851'!G14+'1851'!H16-'1851'!G16+'1851'!H18-'1851'!G18+'1851'!H20-'1851'!G20+'1851'!H22-'1851'!G22+'1851'!H33-'1851'!G33+'1851'!H34-'1851'!G34+'1851'!H35-'1851'!G35+'1851'!H36-'1851'!G36+'1851'!H37-'1851'!G37+'1851'!H40-'1851'!G40+'1851'!H41-'1851'!G41+'1851'!H42-'1851'!G42+'1851'!H43-'1851'!G43+'1851'!H44-'1851'!G44+'1851'!H45-'1851'!G45+'1851'!H46-'1851'!G46+'1851'!H47-'1851'!G47+'1851'!H48-'1851'!G48+'1851'!H49-'1851'!G49 -> 85.813 | D4: ='1852'!G4-'1852'!F4+'1852'!G6-'1852'!F6+'1852'!G8-'1852'!F8+'1852'!G10-'1852'!F10+'1852'!G12-'1852'!F12+'1852'!G14-'1852'!F14+'1852'!G16-'1852'!F16+'1852'!G18-'1852'!F18+'1852'!G20-'1852'!F20+'1852'!G22-'1852'!F22 -> 79.409 | E4: ='1853'!G4-'1853'!F4+'1853'!G6-'1853'!F6+'1853'!G8-'1853'!F8+'1853'!G10-'1853'!F10+'1853'!G12-'1853'!F12+'1853'!G14-'1853'!F14+'1853'!G16-'1853'!F16+'1853'!G18-'1853'!F18+'1853'!G20-'1853'!F20+'1853'!G22-'1853'!F22+'1853'!G26-'1853'!F26 -> 66.854 | G4: =1-B4/B5 -> 0.12156089 | H4: =1-C4/C5 -> 0.063176856 | I4: =1-D4/D5 -> 0.087252874 | J4: =1-E4/E5 -> 0.096567568
A5: Patní vodoměry | B5: ='1850'!G26-'1850'!F26 -> 58.3 | C5: ='1851'!H26-'1851'!G26 -> 91.6 | D5: ='1852'!G26-'1852'!F26 -> 87 | E5: ='1853'!G27-'1853'!F27 -> 74
A6: Součet patních vodoměrů | B6: =SUM(B5:E5) -> 310.9 | G6: =1-B6/B7 -> 0.042795567
A7: fakturační vodoměr | B7: ='1850'!G29-'1850'!F29 -> 324.8
A8: Teplo - GJ
A9: Náměry bytových kalorimetrů | B9: ='1850'!G5-'1850'!F5+'1850'!G7-'1850'!F7+'1850'!G9-'1850'!F9+'1850'!G11-'1850'!F11+'1850'!G13-'1850'!F13+'1850'!G15-'1850'!F15+'1850'!G17-'1850'!F17+'1850'!G19-'1850'!F19+'1850'!G21-'1850'!F21+'1850'!G23-'1850'!F23 -> 13.548 | C9: ='1851'!H5-'1851'!G5+'1851'!H7-'1851'!G7+'1851'!H9-'1851'!G9+'1851'!H11-'1851'!G11+'1851'!H13-'1851'!G13+'1851'!H15-'1851'!G15+'1851'!H17-'1851'!G17+'1851'!H19-'1851'!G19+'1851'!H21-'1851'!G21+'1851'!H23-'1851'!G23 -> 21.087 | D9: ='1852'!G5-'1852'!F5+'1852'!G7-'1852'!F7+'1852'!G9-'1852'!F9+'1852'!G11-'1852'!F11+'1852'!G13-'1852'!F13+'1852'!G15-'1852'!F15+'1852'!G17-'1852'!F17+'1852'!G19-'1852'!F19+'1852'!G21-'1852'!F21+'1852'!G23-'1852'!F23 -> 17.712 | E9: ='1853'!G5-'1853'!F5+'1853'!G7-'1853'!F7+'1853'!G9-'1853'!F9+'1853'!G11-'1853'!F11+'1853'!G13-'1853'!F13+'1853'!G15-'1853'!F15+'1853'!G17-'1853'!F17+'1853'!G19-'1853'!F19+'1853'!G21-'1853'!F21+'1853'!G23-'1853'!F23 -> 12.928 | G9: =1-B9/B10 -> 0.052057095 | H9: =1-C9/C10 -> 0.12181409 | I9: =1-D9/D10 -> 0.019920319 | J9: =1-E9/E10 -> 0.037235627
A10: Fakturační kalorimetry | B10: =('1850'!G27-'1850'!F27)*3.6 -> 14.292 | C10: =('1851'!H27-'1851'!G27)*3.6 -> 24.012 | D10: =('1852'!G27-'1852'!F27)*3.6 -> 18.072 | E10: =('1853'!G28-'1853'!F28)*3.6 -> 13.428
A11: Elektřina -
A12: Elektroměr dům | B12: ='1850'!G25-'1850'!F25 -> 212 | C12: ='1851'!H24-'1851'!G24 -> 282 | D12: ='1852'!G25-'1852'!F25 -> 193 | E12: ='1853'!G24-'1853'!F24 -> 171
A14: Elektroměr areál | B14: ='1853'!G25-'1853'!F25 -> 294
A15: Vodoměr areál | B15: ='1853'!G26-'1853'!F26 -> 0
A18: Voda - m3 | B18: 1854 | C18: 1855 | D18: 1856 | E18: 1857
A19: Náměry bytových vodoměrů | B19: ='1854'!G4-'1854'!F4+'1854'!G6-'1854'!F6+'1854'!G8-'1854'!F8+'1854'!G10-'1854'!F10+'1854'!G12-'1854'!F12+'1854'!G14-'1854'!F14+'1854'!G16-'1854'!F16+'1854'!G18-'1854'!F18+'1854'!G20-'1854'!F20+'1854'!G22-'1854'!F22 -> 52.355 | C19: ='1855'!G4-'1855'!F4+'1855'!G6-'1855'!F6+'1855'!G8-'1855'!F8+'1855'!G10-'1855'!F10+'1855'!G12-'1855'!F12+'1855'!G14-'1855'!F14+'1855'!G16-'1855'!F16+'1855'!G18-'1855'!F18+'1855'!G20-'1855'!F20+'1855'!G22-'1855'!F22 -> 64.416 | D19: ='1856'!G4-'1856'!F4+'1856'!G6-'1856'!F6+'1856'!G8-'1856'!F8+'1856'!G10-'1856'!F10+'1856'!G12-'1856'!F12+'1856'!G14-'1856'!F14+'1856'!G16-'1856'!F16+'1856'!G18-'1856'!F18+'1856'!G20-'1856'!F20+'1856'!G22-'1856'!F22 -> 71.368 | E19: ='1857'!G4-'1857'!F4+'1857'!G6-'1857'!F6+'1857'!G8-'1857'!F8+'1857'!G10-'1857'!F10+'1857'!G12-'1857'!F12+'1857'!G14-'1857'!F14+'1857'!G16-'1857'!F16+'1857'!G18-'1857'!F18+'1857'!G20-'1857'!F20+'1857'!G22-'1857'!F22 -> 65.476 | G19: =1-B19/B20 -> 0.094204152 | H19: =1-C19/C20 -> 0.12833559 | I19: =1-D19/D20 -> 0.097749684 | J19: =1-E19/E20 -> 0.10306849
A20: Patní vodoměry | B20: ='1854'!G26-'1854'!F26 -> 57.8 | C20: ='1855'!G26-'1855'!F26 -> 73.9 | D20: ='1856'!G26-'1856'!F26 -> 79.1 | E20: ='1857'!G26-'1857'!F26 -> 73
A21: Součet patních vodoměrů | B21: =SUM(B20:E20) -> 283.8 | G21: =1-B21/B22 -> -0.047619048
A22: fakturační vodoměr | B22: ='1854'!G29-'1854'!F29 -> 270.9
A23: Teplo - GJ
A24: Náměry bytových kalorimetrů | B24: ='1854'!G5-'1854'!F5+'1854'!G7-'1854'!F7+'1854'!G9-'1854'!F9+'1854'!G11-'1854'!F11+'1854'!G13-'1854'!F13+'1854'!G15-'1854'!F15+'1854'!G17-'1854'!F17+'1854'!G19-'1854'!F19+'1854'!G21-'1854'!F21+'1854'!G23-'1854'!F23 -> 16.177 | C24: ='1855'!G5-'1855'!F5+'1855'!G7-'1855'!F7+'1855'!G9-'1855'!F9+'1855'!G11-'1855'!F11+'1855'!G13-'1855'!F13+'1855'!G15-'1855'!F15+'1855'!G17-'1855'!F17+'1855'!G19-'1855'!F19+'1855'!G21-'1855'!F21+'1855'!G23-'1855'!F23 -> 15.816 | D24: ='1856'!G5-'1856'!F5+'1856'!G7-'1856'!F7+'1856'!G9-'1856'!F9+'1856'!G11-'1856'!F11+'1856'!G13-'1856'!F13+'1856'!G15-'1856'!F15+'1856'!G17-'1856'!F17+'1856'!G19-'1856'!F19+'1856'!G21-'1856'!F21+'1856'!G23-'1856'!F23 -> 13.958 | E24: ='1857'!G5-'1857'!F5+'1857'!G7-'1857'!F7+'1857'!G9-'1857'!F9+'1857'!G11-'1857'!F11+'1857'!G13-'1857'!F13+'1857'!G15-'1857'!F15+'1857'!G17-'1857'!F17+'1857'!G19-'1857'!F19+'1857'!G21-'1857'!F21+'1857'!G23-'1857'!F23 -> 15.341 | G24: =1-B24/B25 -> 0.04391253 | H24: =1-C24/C25 -> 0.097775242 | I24: =1-D24/D25 -> 0.027994429 | J24: =1-E24/E25 -> 0.074728589
A25: Fakturační kalorimetry | B25: =('1854'!G27-'1854'!F27) -> 16.92 | C25: =('1855'!G27-'1855'!F27) -> 17.53 | D25: =('1856'!G27-'1856'!F27) -> 14.36 | E25: =('1857'!G27-'1857'!F27) -> 16.58
A26: Elektřina -
A27: Elektroměr dům | B27: ='1854'!G25-'1854'!F25 -> 174 | C27: ='1855'!G25-'1855'!F25 -> 195 | D27: ='1856'!G25-'1856'!F25 -> 208 | E27: ='1857'!G25-'1857'!F25 -> 193

Sheet S5
A1: Sumář - spotřeba květen | B1: ='S1'!B1 -> 2023
A3: Voda - m3 | B3: 1850 | C3: 1851 | D3: 1852 | E3: 1853
A4: Náměry bytových vodoměrů | B4: ='1850'!H4-'1850'!G4+'1850'!H6-'1850'!G6+'1850'!H8-'1850'!G8+'1850'!H10-'1850'!G10+'1850'!H12-'1850'!G12+'1850'!H14-'1850'!G14+'1850'!H16-'1850'!G16+'1850'!H18-'1850'!G18+'1850'!H20-'1850'!G20+'1850'!H22-'1850'!G22 -> 51.505 | C4: ='1851'!I4-'1851'!H4+'1851'!I6-'1851'!H6+'1851'!I8-'1851'!H8+'1851'!I10-'1851'!H10+'1851'!I12-'1851'!H12+'1851'!I14-'1851'!H14+'1851'!I16-'1851'!H16+'1851'!I18-'1851'!H18+'1851'!I20-'1851'!H20+'1851'!I22-'1851'!H22+'1851'!I33-'1851'!H33+'1851'!I34-'1851'!H34+'1851'!I35-'1851'!H35+'1851'!I36-'1851'!H36+'1851'!I37-'1851'!H37+'1851'!I40-'1851'!H40+'1851'!I41-'1851'!H41+'1851'!I42-'1851'!H42+'1851'!I43-'1851'!H43+'1851'!I44-'1851'!H44+'1851'!I45-'1851'!H45+'1851'!I46-'1851'!H46+'1851'!I47-'1851'!H47+'1851'!I48-'1851'!H48+'1851'!I49-'1851'!H49 -> 91.371 | D4: ='1852'!H4-'1852'!G4+'1852'!H6-'1852'!G6+'1852'!H8-'1852'!G8+'1852'!H10-'1852'!G10+'1852'!H12-'1852'!G12+'1852'!H14-'1852'!G14+'1852'!H16-'1852'!G16+'1852'!H18-'1852'!G18+'1852'!H20-'1852'!G20+'1852'!H22-'1852'!G22 -> 81.503 | E4: ='1853'!H4-'1853'!G4+'1853'!H6-'1853'!G6+'1853'!H8-'1853'!G8+'1853'!H10-'1853'!G10+'1853'!H12-'1853'!G12+'1853'!H14-'1853'!G14+'1853'!H16-'1853'!G16+'1853'!H18-'1853'!G18+'1853'!H20-'1853'!G20+'1853'!H22-'1853'!G22+'1853'!H26-'1853'!G26 -> 88.51 | G4: =1-B4/B5 -> 0.11198276 | H4: =1-C4/C5 -> 0.068593272 | I4: =1-D4/D5 -> 0.094411111 | J4: =1-E4/E5 -> 0.17665116
A5: Patní vodoměry | B5: ='1850'!H26-'1850'!G26 -> 58 | C5: ='1851'!I26-'1851'!H26 -> 98.1 | D5: ='1852'!H26-'1852'!G26 -> 90 | E5: ='1853'!H27-'1853'!G27 -> 107.5
A6: Součet patních vodoměrů | B6: =SUM(B5:E5) -> 353.6 | G6: =1-B6/B7 -> 0.019140083
A7: fakturační vodoměr | B7: ='1850'!H29-'1850'!G29 -> 360.5
A8: Teplo - GJ
A9: Náměry bytových kalorimetrů | B9: ='1850'!H5-'1850'!G5+'1850'!H7-'1850'!G7+'1850'!H9-'1850'!G9+'1850'!H11-'1850'!G11+'1850'!H13-'1850'!G13+'1850'!H15-'1850'!G15+'1850'!H17-'1850'!G17+'1850'!H19-'1850'!G19+'1850'!H21-'1850'!G21+'1850'!H23-'1850'!G23 -> 4.815 | C9: ='1851'!I5-'1851'!H5+'1851'!I7-'1851'!H7+'1851'!I9-'1851'!H9+'1851'!I11-'1851'!H11+'1851'!I13-'1851'!H13+'1851'!I15-'1851'!H15+'1851'!I17-'1851'!H17+'1851'!I19-'1851'!H19+'1851'!I21-'1851'!H21+'1851'!I23-'1851'!H23 -> 11.798 | D9: ='1852'!H5-'1852'!G5+'1852'!H7-'1852'!G7+'1852'!H9-'1852'!G9+'1852'!H11-'1852'!G11+'1852'!H13-'1852'!G13+'1852'!H15-'1852'!G15+'1852'!H17-'1852'!G17+'1852'!H19-'1852'!G19+'1852'!H21-'1852'!G21+'1852'!H23-'1852'!G23 -> 7.601 | E9: ='1853'!H5-'1853'!G5+'1853'!H7-'1853'!G7+'1853'!H9-'1853'!G9+'1853'!H11-'1853'!G11+'1853'!H13-'1853'!G13+'1853'!H15-'1853'!G15+'1853'!H17-'1853'!G17+'1853'!H19-'1853'!G19+'1853'!H21-'1853'!G21+'1853'!H23-'1853'!G23 -> 4.488 | G9: =1-B9/B10 -> -0.26179245 | H9: =1-C9/C10 -> 0.22707023 | I9: =1-D9/D10 -> -0.22755168 | J9: =1-E9/E10 -> -0.19871795
A10: Fakturační kalorimetry | B10: =('1850'!H27-'1850'!G27)*3.6 -> 3.816 | C10: =('1851'!I27-'1851'!H27)*3.6 -> 15.264 | D10: =('1852'!H27-'1852'!G27)*3.6 -> 6.192 | E10: =('1853'!H28-'1853'!G28)*3.6 -> 3.744
A11: Elektřina -
A12: Elektroměr dům | B12: ='1850'!H25-'1850'!G25 -> 213 | C12: ='1851'!I24-'1851'!H24 -> 241 | D12: ='1852'!H25-'1852'!G25 -> 175 | E12: ='1853'!H24-'1853'!G24 -> 174
A14: Elektroměr areál | B14: ='1853'!H25-'1853'!G25 -> 236
A15: Vodoměr areál | B15: ='1853'!H26-'1853'!G26 -> 26.126
A18: Voda - m3 | B18: 1854 | C18: 1855 | D18: 1856 | E18: 1857
A19: Náměry bytových vodoměrů | B19: ='1854'!H4-'1854'!G4+'1854'!H6-'1854'!G6+'1854'!H8-'1854'!G8+'1854'!H10-'1854'!G10+'1854'!H12-'1854'!G12+'1854'!H14-'1854'!G14+'1854'!H16-'1854'!G16+'1854'!H18-'1854'!G18+'1854'!H20-'1854'!G20+'1854'!H22-'1854'!G22 -> 54.012 | C19: ='1855'!H4-'1855'!G4+'1855'!H6-'1855'!G6+'1855'!H8-'1855'!G8+'1855'!H10-'1855'!G10+'1855'!H12-'1855'!G12+'1855'!H14-'1855'!G14+'1855'!H16-'1855'!G16+'1855'!H18-'1855'!G18+'1855'!H20-'1855'!G20+'1855'!H22-'1855'!G22 -> 62.046 | D19: ='1856'!H4-'1856'!G4+'1856'!H6-'1856'!G6+'1856'!H8-'1856'!G8+'1856'!H10-'1856'!G10+'1856'!H12-'1856'!G12+'1856'!H14-'1856'!G14+'1856'!H16-'1856'!G16+'1856'!H18-'1856'!G18+'1856'!H20-'1856'!G20+'1856'!H22-'1856'!G22 -> 65.812 | E19: ='1857'!H4-'1857'!G4+'1857'!H6-'1857'!G6+'1857'!H8-'1857'!G8+'1857'!H10-'1857'!G10+'1857'!H12-'1857'!G12+'1857'!H14-'1857'!G14+'1857'!H16-'1857'!G16+'1857'!H18-'1857'!G18+'1857'!H20-'1857'!G20+'1857'!H22-'1857'!G22 -> 62.513 | G19: =1-B19/B20 -> 0.084542373 | H19: =1-C19/C20 -> 0.12116147 | I19: =1-D19/D20 -> 0.098465753 | J19: =1-E19/E20 -> 0.11329078
A20: Patní vodoměry | B20: ='1854'!H26-'1854'!G26 -> 59 | C20: ='1855'!H26-'1855'!G26 -> 70.6 | D20: ='1856'!H26-'1856'!G26 -> 73 | E20: ='1857'!H26-'1857'!G26 -> 70.5
A21: Součet patních vodoměrů | B21: =SUM(B20:E20) -> 273.1 | G21: =1-B21/B22 -> -0.041968714
A22: fakturační vodoměr | B22: ='1854'!H29-'1854'!G29 -> 262.1
A23: Teplo - GJ
A24: Náměry bytových kalorimetrů | B24: ='1854'!H5-'1854'!G5+'1854'!H7-'1854'!G7+'1854'!H9-'1854'!G9+'1854'!H11-'1854'!G11+'1854'!H13-'1854'!G13+'1854'!H15-'1854'!G15+'1854'!H17-'1854'!G17+'1854'!H19-'1854'!G19+'1854'!H21-'1854'!G21+'1854'!H23-'1854'!G23 -> 6.06 | C24: ='1855'!H5-'1855'!G5+'1855'!H7-'1855'!G7+'1855'!H9-'1855'!G9+'1855'!H11-'1855'!G11+'1855'!H13-'1855'!G13+'1855'!H15-'1855'!G15+'1855'!H17-'1855'!G17+'1855'!H19-'1855'!G19+'1855'!H21-'1855'!G21+'1855'!H23-'1855'!G23 -> 5.276 | D24: ='1856'!H5-'1856'!G5+'1856'!H7-'1856'!G7+'1856'!H9-'1856'!G9+'1856'!H11-'1856'!G11+'1856'!H13-'1856'!G13+'1856'!H15-'1856'!G15+'1856'!H17-'1856'!G17+'1856'!H19-'1856'!G19+'1856'!H21-'1856'!G21+'1856'!H23-'1856'!G23 -> 5.563 | E24: ='1857'!H5-'1857'!G5+'1857'!H7-'1857'!G7+'1857'!H9-'1857'!G9+'1857'!H11-'1857'!G11+'1857'!H13-'1857'!G13+'1857'!H15-'1857'!G15+'1857'!H17-'1857'!G17+'1857'!H19-'1857'!G19+'1857'!H21-'1857'!G21+'1857'!H23-'1857'!G23 -> 5.548 | G24: =1-B24/B25 -> 0.045669291 | H24: =1-C24/C25 -> -0.094605809 | I24: =1-D24/D25 -> -0.13069106 | J24: =1-E24/E25 -> -0.2008658
A25: Fakturační kalorimetry | B25: =('1854'!H27-'1854'!G27) -> 6.35 | C25: =('1855'!H27-'1855'!G27) -> 4.82 | D25: =('1856'!H27-'1856'!G27) -> 4.92 | E25: =('1857'!H27-'1857'!G27) -> 4.62
A26: Elektřina -
A27: Elektroměr dům | B27: ='1854'!H25-'1854'!G25 -> 188 | C27: ='1855'!H25-'1855'!G25 -> 217 | D27: ='1856'!H25-'1856'!G25 -> 207 | E27: ='1857'!H25-'1857'!G25 -> 200

Sheet S6
A1: Sumář - spotřeba červen | B1: ='S1'!B1 -> 2023
A3: Voda - m3 | B3: 1850 | C3: 1851 | D3: 1852 | E3: 1853
A4: Náměry bytových vodoměrů | B4: ='1850'!I4-'1850'!H4+'1850'!I6-'1850'!H6+'1850'!I8-'1850'!H8+'1850'!I10-'1850'!H10+'1850'!I12-'1850'!H12+'1850'!I14-'1850'!H14+'1850'!I16-'1850'!H16+'1850'!I18-'1850'!H18+'1850'!I20-'1850'!H20+'1850'!I22-'1850'!H22 -> 56.81 | C4: ='1851'!J4-'1851'!I4+'1851'!J6-'1851'!I6+'1851'!J8-'1851'!I8+'1851'!J10-'1851'!I10+'1851'!J12-'1851'!I12+'1851'!J14-'1851'!I14+'1851'!J16-'1851'!I16+'1851'!J18-'1851'!I18+'1851'!J20-'1851'!I20+'1851'!J22-'1851'!I22+'1851'!J33-'1851'!I33+'1851'!J34-'1851'!I34+'1851'!J35-'1851'!I35+'1851'!J36-'1851'!I36+'1851'!J37-'1851'!I37+'1851'!J40-'1851'!I40+'1851'!J41-'1851'!I41+'1851'!J42-'1851'!I42+'1851'!J43-'1851'!I43+'1851'!J44-'1851'!I44+'1851'!J45-'1851'!I45+'1851'!J46-'1851'!I46+'1851'!J47-'1851'!I47+'1851'!J48-'1851'!I48+'1851'!J49-'1851'!I49 -> 88.693 | D4: ='1852'!I4-'1852'!H4+'1852'!I6-'1852'!H6+'1852'!I8-'1852'!H8+'1852'!I10-'1852'!H10+'1852'!I12-'1852'!H12+'1852'!I14-'1852'!H14+'1852'!I16-'1852'!H16+'1852'!I18-'1852'!H18+'1852'!I20-'1852'!H20+'1852'!I22-'1852'!H22 -> 78.884 | E4: ='1853'!I4-'1853'!H4+'1853'!I6-'1853'!H6+'1853'!I8-'1853'!H8+'1853'!I10-'1853'!H10+'1853'!I12-'1853'!H12+'1853'!I14-'1853'!H14+'1853'!I16-'1853'!H16+'1853'!I18-'1853'!H18+'1853'!I20-'1853'!H20+'1853'!I22-'1853'!H22+'1853'!I26-'1853'!H26 -> 90.742 | G4: =1-B4/B5 -> 0.12194745 | H4: =1-C4/C5 -> 0.073218391 | I4: =1-D4/D5 -> 0.097437071 | J4: =1-E4/E5 -> 0.15901761
A5: Patní vodoměry | B5: ='1850'!I26-'1850'!H26 -> 64.7 | C5: ='1851'!J26-'1851'!I26 -> 95.7 | D5: ='1852'!I26-'1852'!H26 -> 87.4 | E5: ='1853'!I27-'1853'!H27 -> 107.9
A6: Součet patních vodoměrů | B6: =SUM(B5:E5) -> 355.7 | G6: =1-B6/B7 -> 0.028672856
A7: fakturační vodoměr | B7: ='1850'!I29-'1850'!H29 -> 366.2
A8: Teplo - GJ
A9: Náměry bytových kalorimetrů | B9: ='1850'!I5-'1850'!H5+'1850'!I7-'1850'!H7+'1850'!I9-'1850'!H9+'1850'!I11-'1850'!H11+'1850'!I13-'1850'!H13+'1850'!I15-'1850'!H15+'1850'!I17-'1850'!H17+'1850'!I19-'1850'!H19+'1850'!I21-'1850'!H21+'1850'!I23-'1850'!H23 -> 4.026 | C9: ='1851'!J5-'1851'!I5+'1851'!J7-'1851'!I7+'1851'!J9-'1851'!I9+'1851'!J11-'1851'!I11+'1851'!J13-'1851'!I13+'1851'!J15-'1851'!I15+'1851'!J17-'1851'!I17+'1851'!J19-'1851'!I19+'1851'!J21-'1851'!I21+'1851'!J23-'1851'!I23 -> 8.579 | D9: ='1852'!I5-'1852'!H5+'1852'!I7-'1852'!H7+'1852'!I9-'1852'!H9+'1852'!I11-'1852'!H11+'1852'!I13-'1852'!H13+'1852'!I15-'1852'!H15+'1852'!I17-'1852'!H17+'1852'!I19-'1852'!H19+'1852'!I21-'1852'!H21+'1852'!I23-'1852'!H23 -> 5.79 | E9: ='1853'!I5-'1853'!H5+'1853'!I7-'1853'!H7+'1853'!I9-'1853'!H9+'1853'!I11-'1853'!H11+'1853'!I13-'1853'!H13+'1853'!I15-'1853'!H15+'1853'!I17-'1853'!H17+'1853'!I19-'1853'!H19+'1853'!I21-'1853'!H21+'1853'!I23-'1853'!H23 -> 3.428 | G9: =1-B9/B10 -> -0.53196347 | H9: =1-C9/C10 -> 0.30725129 | I9: =1-D9/D10 -> -0.42330383 | J9: =1-E9/E10 -> -0.26962963
A10: Fakturační kalorimetry | B10: =('1850'!I27-'1850'!H27)*3.6 -> 2.628 | C10: =('1851'!J27-'1851'!I27)*3.6 -> 12.384 | D10: =('1852'!I27-'1852'!H27)*3.6 -> 4.068 | E10: =('1853'!I28-'1853'!H28)*3.6 -> 2.7
A11: Elektřina -
A12: Elektroměr dům | B12: ='1850'!I25-'1850'!H25 -> 223 | C12: ='1851'!J24-'1851'!I24 -> 283 | D12: ='1852'!I25-'1852'!H25 -> 125 | E12: ='1853'!I24-'1853'!H24 -> 199
A14: Elektroměr areál | B14: ='1853'!I25-'1853'!H25 -> 221
A15: Vodoměr areál | B15: ='1853'!I26-'1853'!H26 -> 30.185
A18: Voda - m3 | B18: 1854 | C18: 1855 | D18: 1856 | E18: 1857
A19: Náměry bytových vodoměrů | B19: ='1854'!I4-'1854'!H4+'1854'!I6-'1854'!H6+'1854'!I8-'1854'!H8+'1854'!I10-'1854'!H10+'1854'!I12-'1854'!H12+'1854'!I14-'1854'!H14+'1854'!I16-'1854'!H16+'1854'!I18-'1854'!H18+'1854'!I20-'1854'!H20+'1854'!I22-'1854'!H22 -> 61.576 | C19: ='1855'!I4-'1855'!H4+'1855'!I6-'1855'!H6+'1855'!I8-'1855'!H8+'1855'!I10-'1855'!H10+'1855'!I12-'1855'!H12+'1855'!I14-'1855'!H14+'1855'!I16-'1855'!H16+'1855'!I18-'1855'!H18+'1855'!I20-'1855'!H20+'1855'!I22-'1855'!H22 -> 63.969 | D19: ='1856'!I4-'1856'!H4+'1856'!I6-'1856'!H6+'1856'!I8-'1856'!H8+'1856'!I10-'1856'!H10+'1856'!I12-'1856'!H12+'1856'!I14-'1856'!H14+'1856'!I16-'1856'!H16+'1856'!I18-'1856'!H18+'1856'!I20-'1856'!H20+'1856'!I22-'1856'!H22 -> 73.622 | E19: ='1857'!I4-'1857'!H4+'1857'!I6-'1857'!H6+'1857'!I8-'1857'!H8+'1857'!I10-'1857'!H10+'1857'!I12-'1857'!H12+'1857'!I14-'1857'!H14+'1857'!I16-'1857'!H16+'1857'!I18-'1857'!H18+'1857'!I20-'1857'!H20+'1857'!I22-'1857'!H22 -> 69.216 | G19: =1-B19/B20 -> 0.0971261 | H19: =1-C19/C20 -> 0.12610656 | I19: =1-D19/D20 -> 0.096662577 | J19: =1-E19/E20 -> 0.10918919
A20: Patní vodoměry | B20: ='1854'!I26-'1854'!H26 -> 68.2 | C20: ='1855'!I26-'1855'!H26 -> 73.2 | D20: ='1856'!I26-'1856'!H26 -> 81.5 | E20: ='1857'!I26-'1857'!H26 -> 77.7
A21: Součet patních vodoměrů | B21: =SUM(B20:E20) -> 300.6 | G21: =1-B21/B22 -> -0.046657382
A22: fakturační vodoměr | B22: ='1854'!I29-'1854'!H29 -> 287.2
A23: Teplo - GJ
A24: Náměry bytových kalorimetrů | B24: ='1854'!I5-'1854'!H5+'1854'!I7-'1854'!H7+'1854'!I9-'1854'!H9+'1854'!I11-'1854'!H11+'1854'!I13-'1854'!H13+'1854'!I15-'1854'!H15+'1854'!I17-'1854'!H17+'1854'!I19-'1854'!H19+'1854'!I21-'1854'!H21+'1854'!I23-'1854'!H23 -> 3.492 | C24: ='1855'!I5-'1855'!H5+'1855'!I7-'1855'!H7+'1855'!I9-'1855'!H9+'1855'!I11-'1855'!H11+'1855'!I13-'1855'!H13+'1855'!I15-'1855'!H15+'1855'!I17-'1855'!H17+'1855'!I19-'1855'!H19+'1855'!I21-'1855'!H21+'1855'!I23-'1855'!H23 -> 3.889 | D24: ='1856'!I5-'1856'!H5+'1856'!I7-'1856'!H7+'1856'!I9-'1856'!H9+'1856'!I11-'1856'!H11+'1856'!I13-'1856'!H13+'1856'!I15-'1856'!H15+'1856'!I17-'1856'!H17+'1856'!I19-'1856'!H19+'1856'!I21-'1856'!H21+'1856'!I23-'1856'!H23 -> 4.3 | E24: ='1857'!I5-'1857'!H5+'1857'!I7-'1857'!H7+'1857'!I9-'1857'!H9+'1857'!I11-'1857'!H11+'1857'!I13-'1857'!H13+'1857'!I15-'1857'!H15+'1857'!I17-'1857'!H17+'1857'!I19-'1857'!H19+'1857'!I21-'1857'!H21+'1857'!I23-'1857'!H23 -> 3.859 | G24: =1-B24/B25 -> 0.17446809 | H24: =1-C24/C25 -> -0.16786787 | I24: =1-D24/D25 -> -0.24277457 | J24: =1-E24/E25 -> -0.43992537
A25: Fakturační kalorimetry | B25: ='1854'!I27-'1854'!H27 -> 4.23 | C25: ='1855'!I27-'1855'!H27 -> 3.33 | D25: ='1856'!I27-'1856'!H27 -> 3.46 | E25: ='1857'!I27-'1857'!H27 -> 2.68
A26: Elektřina -
A27: Elektroměr dům | B27: ='1854'!I25-'1854'!H25 -> 198 | C27: ='1855'!I25-'1855'!H25 -> 226 | D27: ='1856'!I25-'1856'!H25 -> 221 | E27: ='1857'!I25-'1857'!H25 -> 217

Sheet S7
A1: Sumář - spotřeba červenec | B1: ='S1'!B1 -> 2023
A3: Voda - m3 | B3: 1850 | C3: 1851 | D3: 1852 | E3: 1853
A4: Náměry bytových vodoměrů | B4: ='1850'!J4-'1850'!I4+'1850'!J6-'1850'!I6+'1850'!J8-'1850'!I8+'1850'!J10-'1850'!I10+'1850'!J12-'1850'!I12+'1850'!J14-'1850'!I14+'1850'!J16-'1850'!I16+'1850'!J18-'1850'!I18+'1850'!J20-'1850'!I20+'1850'!J22-'1850'!I22 -> 36.149 | C4: ='1851'!K4-'1851'!J4+'1851'!K6-'1851'!J6+'1851'!K8-'1851'!J8+'1851'!K10-'1851'!J10+'1851'!K12-'1851'!J12+'1851'!K14-'1851'!J14+'1851'!K16-'1851'!J16+'1851'!K18-'1851'!J18+'1851'!K20-'1851'!J20+'1851'!K22-'1851'!J22+'1851'!K33-'1851'!J33+'1851'!K34-'1851'!J34+'1851'!K35-'1851'!J35+'1851'!K36-'1851'!J36+'1851'!K37-'1851'!J37+'1851'!K40-'1851'!J40+'1851'!K41-'1851'!J41+'1851'!K42-'1851'!J42+'1851'!K43-'1851'!J43+'1851'!K44-'1851'!J44+'1851'!K45-'1851'!J45+'1851'!K46-'1851'!J46+'1851'!K47-'1851'!J47+'1851'!K48-'1851'!J48+'1851'!K49-'1851'!J49 -> 63.742 | D4: ='1852'!J4-'1852'!I4+'1852'!J6-'1852'!I6+'1852'!J8-'1852'!I8+'1852'!J10-'1852'!I10+'1852'!J12-'1852'!I12+'1852'!J14-'1852'!I14+'1852'!J16-'1852'!I16+'1852'!J18-'1852'!I18+'1852'!J20-'1852'!I20+'1852'!J22-'1852'!I22 -> 57.144 | E4: ='1853'!J4-'1853'!I4+'1853'!J6-'1853'!I6+'1853'!J8-'1853'!I8+'1853'!J10-'1853'!I10+'1853'!J12-'1853'!I12+'1853'!J14-'1853'!I14+'1853'!J16-'1853'!I16+'1853'!J18-'1853'!I18+'1853'!J20-'1853'!I20+'1853'!J22-'1853'!I22+'1853'!J26-'1853'!I26 -> 78.34 | G4: =1-B4/B5 -> 0.14541371 | H4: =1-C4/C5 -> 0.063994126 | I4: =1-D4/D5 -> 0.11541796 | J4: =1-E4/E5 -> 0.064038232
A5: Patní vodoměry | B5: ='1850'!J26-'1850'!I26 -> 42.3 | C5: ='1851'!K26-'1851'!J26 -> 68.1 | D5: ='1852'!J26-'1852'!I26 -> 64.6 | E5: ='1853'!J27-'1853'!I27 -> 83.7
A6: Součet patních vodoměrů | B6: =SUM(B5:E5) -> 258.7 | G6: =1-B6/B7 -> 0.050990462
A7: fakturační vodoměr | B7: ='1850'!J29-'1850'!I29 -> 272.6
A8: Teplo - GJ
A9: Náměry bytových kalorimetrů | B9: ='1850'!J5-'1850'!I5+'1850'!J7-'1850'!I7+'1850'!J9-'1850'!I9+'1850'!J11-'1850'!I11+'1850'!J13-'1850'!I13+'1850'!J15-'1850'!I15+'1850'!J17-'1850'!I17+'1850'!J19-'1850'!I19+'1850'!J21-'1850'!I21+'1850'!J23-'1850'!I23 -> 2.193 | C9: ='1851'!K5-'1851'!J5+'1851'!K7-'1851'!J7+'1851'!K9-'1851'!J9+'1851'!K11-'1851'!J11+'1851'!K13-'1851'!J13+'1851'!K15-'1851'!J15+'1851'!K17-'1851'!J17+'1851'!K19-'1851'!J19+'1851'!K21-'1851'!J21+'1851'!K23-'1851'!J23 -> 4.554 | D9: ='1852'!J5-'1852'!I5+'1852'!J7-'1852'!I7+'1852'!J9-'1852'!I9+'1852'!J11-'1852'!I11+'1852'!J13-'1852'!I13+'1852'!J15-'1852'!I15+'1852'!J17-'1852'!I17+'1852'!J19-'1852'!I19+'1852'!J21-'1852'!I21+'1852'!J23-'1852'!I23 -> 3.479 | E9: ='1853'!J5-'1853'!I5+'1853'!J7-'1853'!I7+'1853'!J9-'1853'!I9+'1853'!J11-'1853'!I11+'1853'!J13-'1853'!I13+'1853'!J15-'1853'!I15+'1853'!J17-'1853'!I17+'1853'!J19-'1853'!I19+'1853'!J21-'1853'!I21+'1853'!J23-'1853'!I23 -> 2.053 | G9: =1-B9/B10 -> -0.96505376 | H9: =1-C9/C10 -> 0.41162791 | I9: =1-D9/D10 -> -0.58424408 | J9: =1-E9/E10 -> -0.29608586
A10: Fakturační kalorimetry | B10: =('1850'!J27-'1850'!I27)*3.6 -> 1.116 | C10: =('1851'!K27-'1851'!J27)*3.6 -> 7.74 | D10: =('1852'!J27-'1852'!I27)*3.6 -> 2.196 | E10: =('1853'!J28-'1853'!I28)*3.6 -> 1.584
A11: Elektřina -
A12: Elektroměr dům | B12: ='1850'!J25-'1850'!I25 -> 210 | C12: ='1851'!K24-'1851'!J24 -> 210 | D12: ='1852'!J25-'1852'!I25 -> 153 | E12: ='1853'!J24-'1853'!I24 -> 169
A14: Elektroměr areál | B14: ='1853'!J25-'1853'!I25 -> 191
A15: Vodoměr areál | B15: ='1853'!J26-'1853'!I26 -> 30.597
A18: Voda - m3 | B18: 1854 | C18: 1855 | D18: 1856 | E18: 1857
A19: Náměry bytových vodoměrů | B19: ='1854'!J4-'1854'!I4+'1854'!J6-'1854'!I6+'1854'!J8-'1854'!I8+'1854'!J10-'1854'!I10+'1854'!J12-'1854'!I12+'1854'!J14-'1854'!I14+'1854'!J16-'1854'!I16+'1854'!J18-'1854'!I18+'1854'!J20-'1854'!I20+'1854'!J22-'1854'!I22 -> 44.157 | C19: ='1855'!J4-'1855'!I4+'1855'!J6-'1855'!I6+'1855'!J8-'1855'!I8+'1855'!J10-'1855'!I10+'1855'!J12-'1855'!I12+'1855'!J14-'1855'!I14+'1855'!J16-'1855'!I16+'1855'!J18-'1855'!I18+'1855'!J20-'1855'!I20+'1855'!J22-'1855'!I22 -> 48.124 | D19: ='1856'!J4-'1856'!I4+'1856'!J6-'1856'!I6+'1856'!J8-'1856'!I8+'1856'!J10-'1856'!I10+'1856'!J12-'1856'!I12+'1856'!J14-'1856'!I14+'1856'!J16-'1856'!I16+'1856'!J18-'1856'!I18+'1856'!J20-'1856'!I20+'1856'!J22-'1856'!I22 -> 55.875 | E19: ='1857'!J4-'1857'!I4+'1857'!J6-'1857'!I6+'1857'!J8-'1857'!I8+'1857'!J10-'1857'!I10+'1857'!J12-'1857'!I12+'1857'!J14-'1857'!I14+'1857'!J16-'1857'!I16+'1857'!J18-'1857'!I18+'1857'!J20-'1857'!I20+'1857'!J22-'1857'!I22 -> 46.186 | G19: =1-B19/B20 -> 0.095143443 | H19: =1-C19/C20 -> 0.14673759 | I19: =1-D19/D20 -> 0.10456731 | J19: =1-E19/E20 -> 0.11351248
A20: Patní vodoměry | B20: ='1854'!J26-'1854'!I26 -> 48.8 | C20: ='1855'!J26-'1855'!I26 -> 56.4 | D20: ='1856'!J26-'1856'!I26 -> 62.4 | E20: ='1857'!J26-'1857'!I26 -> 52.1
A21: Součet patních vodoměrů | B21: =SUM(B20:E20) -> 219.7 | G21: =1-B21/B22 -> -0.043209877
A22: fakturační vodoměr | B22: ='1854'!J29-'1854'!I29 -> 210.6
A23: Teplo - GJ
A24: Náměry bytových kalorimetrů | B24: ='1854'!J5-'1854'!I5+'1854'!J7-'1854'!I7+'1854'!J9-'1854'!I9+'1854'!J11-'1854'!I11+'1854'!J13-'1854'!I13+'1854'!J15-'1854'!I15+'1854'!J17-'1854'!I17+'1854'!J19-'1854'!I19+'1854'!J21-'1854'!I21+'1854'!J23-'1854'!I23 -> 2.177 | C24: ='1855'!J5-'1855'!I5+'1855'!J7-'1855'!I7+'1855'!J9-'1855'!I9+'1855'!J11-'1855'!I11+'1855'!J13-'1855'!I13+'1855'!J15-'1855'!I15+'1855'!J17-'1855'!I17+'1855'!J19-'1855'!I19+'1855'!J21-'1855'!I21+'1855'!J23-'1855'!I23 -> 2.431 | D24: ='1856'!J5-'1856'!I5+'1856'!J7-'1856'!I7+'1856'!J9-'1856'!I9+'1856'!J11-'1856'!I11+'1856'!J13-'1856'!I13+'1856'!J15-'1856'!I15+'1856'!J17-'1856'!I17+'1856'!J19-'1856'!I19+'1856'!J21-'1856'!I21+'1856'!J23-'1856'!I23 -> 2.839 | E24: ='1857'!J5-'1857'!I5+'1857'!J7-'1857'!I7+'1857'!J9-'1857'!I9+'1857'!J11-'1857'!I11+'1857'!J13-'1857'!I13+'1857'!J15-'1857'!I15+'1857'!J17-'1857'!I17+'1857'!J19-'1857'!I19+'1857'!J21-'1857'!I21+'1857'!J23-'1857'!I23 -> 2.465 | G24: =1-B24/B25 -> 0.21690647 | H24: =1-C24/C25 -> -0.24666667 | I24: =1-D24/D25 -> -0.39852217 | J24: =1-E24/E25 -> -0.61111111
A25: Fakturační kalorimetry | B25: ='1854'!J27-'1854'!I27 -> 2.78 | C25: ='1855'!J27-'1855'!I27 -> 1.95 | D25: ='1856'!J27-'1856'!I27 -> 2.03 | E25: ='1857'!J27-'1857'!I27 -> 1.53
A26: Elektřina -
A27: Elektroměr dům | B27: ='1854'!J25-'1854'!I25 -> 167 | C27: ='1855'!J25-'1855'!I25 -> 187 | D27: ='1856'!J25-'1856'!I25 -> 164 | E27: ='1857'!J25-'1857'!I25 -> 184

Sheet S8
A1: Sumář - spotřeba srpen | B1: ='S1'!B1 -> 2023
A3: Voda - m3 | B3: 1850 | C3: 1851 | D3: 1852 | E3: 1853
A4: Náměry bytových vodoměrů | B4: ='1850'!K4-'1850'!J4+'1850'!K6-'1850'!J6+'1850'!K8-'1850'!J8+'1850'!K10-'1850'!J10+'1850'!K12-'1850'!J12+'1850'!K14-'1850'!J14+'1850'!K16-'1850'!J16+'1850'!K18-'1850'!J18+'1850'!K20-'1850'!J20+'1850'!K22-'1850'!J22 -> 51.312 | C4: ='1851'!L4-'1851'!K4+'1851'!L6-'1851'!K6+'1851'!L8-'1851'!K8+'1851'!L10-'1851'!K10+'1851'!L12-'1851'!K12+'1851'!L14-'1851'!K14+'1851'!L16-'1851'!K16+'1851'!L18-'1851'!K18+'1851'!L20-'1851'!K20+'1851'!L22-'1851'!K22+'1851'!L33-'1851'!K33+'1851'!L34-'1851'!K34+'1851'!L35-'1851'!K35+'1851'!L36-'1851'!K36+'1851'!L37-'1851'!K37+'1851'!L40-'1851'!K40+'1851'!L41-'1851'!K41+'1851'!L42-'1851'!K42+'1851'!L43-'1851'!K43+'1851'!L44-'1851'!K44+'1851'!L45-'1851'!K45+'1851'!L46-'1851'!K46+'1851'!L47-'1851'!K47+'1851'!L48-'1851'!K48+'1851'!L49-'1851'!K49 -> 69.987 | D4: ='1852'!K4-'1852'!J4+'1852'!K6-'1852'!J6+'1852'!K8-'1852'!J8+'1852'!K10-'1852'!J10+'1852'!K12-'1852'!J12+'1852'!K14-'1852'!J14+'1852'!K16-'1852'!J16+'1852'!K18-'1852'!J18+'1852'!K20-'1852'!J20+'1852'!K22-'1852'!J22 -> 68.346 | E4: ='1853'!K4-'1853'!J4+'1853'!K6-'1853'!J6+'1853'!K8-'1853'!J8+'1853'!K10-'1853'!J10+'1853'!K12-'1853'!J12+'1853'!K14-'1853'!J14+'1853'!K16-'1853'!J16+'1853'!K18-'1853'!J18+'1853'!K20-'1853'!J20+'1853'!K22-'1853'!J22+'1853'!K26-'1853'!J26 -> 83.783 | G4: =1-B4/B5 -> 0.12136986 | H4: =1-C4/C5 -> 0.074246032 | I4: =1-D4/D5 -> 0.10541885 | J4: =1-E4/E5 -> 0.070110988
A5: Patní vodoměry | B5: ='1850'!K26-'1850'!J26 -> 58.4 | C5: ='1851'!L26-'1851'!K26 -> 75.6 | D5: ='1852'!K26-'1852'!J26 -> 76.4 | E5: ='1853'!K27-'1853'!J27 -> 90.1
A6: Součet patních vodoměrů | B6: =SUM(B5:E5) -> 300.5 | G6: =1-B6/B7 -> 0.049351471
A7: fakturační vodoměr | B7: ='1850'!K29-'1850'!J29 -> 316.1
A8: Teplo - GJ
A9: Náměry bytových kalorimetrů | B9: ='1850'!K5-'1850'!J5+'1850'!K7-'1850'!J7+'1850'!K9-'1850'!J9+'1850'!K11-'1850'!J11+'1850'!K13-'1850'!J13+'1850'!K15-'1850'!J15+'1850'!K17-'1850'!J17+'1850'!K19-'1850'!J19+'1850'!K21-'1850'!J21+'1850'!K23-'1850'!J23 -> 2.667 | C9: ='1851'!L5-'1851'!K5+'1851'!L7-'1851'!K7+'1851'!L9-'1851'!K9+'1851'!L11-'1851'!K11+'1851'!L13-'1851'!K13+'1851'!L15-'1851'!K15+'1851'!L17-'1851'!K17+'1851'!L19-'1851'!K19+'1851'!L21-'1851'!K21+'1851'!L23-'1851'!K23 -> 4.617 | D9: ='1852'!K5-'1852'!J5+'1852'!K7-'1852'!J7+'1852'!K9-'1852'!J9+'1852'!K11-'1852'!J11+'1852'!K13-'1852'!J13+'1852'!K15-'1852'!J15+'1852'!K17-'1852'!J17+'1852'!K19-'1852'!J19+'1852'!K21-'1852'!J21+'1852'!K23-'1852'!J23 -> 3.899 | E9: ='1853'!K5-'1853'!J5+'1853'!K7-'1853'!J7+'1853'!K9-'1853'!J9+'1853'!K11-'1853'!J11+'1853'!K13-'1853'!J13+'1853'!K15-'1853'!J15+'1853'!K17-'1853'!J17+'1853'!K19-'1853'!J19+'1853'!K21-'1853'!J21+'1853'!K23-'1853'!J23 -> 2.572 | G9: =1-B9/B10 -> -0.62621951 | H9: =1-C9/C10 -> 0.43763703 | I9: =1-D9/D10 -> -0.59142857 | J9: =1-E9/E10 -> -0.23653846
A10: Fakturační kalorimetry | B10: =('1850'!K27) -> 1.64 | C10: =('1851'!L27) -> 8.21 | D10: =('1852'!K27) -> 2.45 | E10: =('1853'!K28) -> 2.08
A11: Elektřina -
A12: Elektroměr dům | B12: ='1850'!K25-'1850'!J25 -> 266 | C12: ='1851'!L24-'1851'!K24 -> 245 | D12: ='1852'!K25-'1852'!J25 -> 176 | E12: ='1853'!K24-'1853'!J24 -> 175
A14: Elektroměr areál | B14: ='1853'!K25-'1853'!J25 -> 233
A15: Vodoměr areál | B15: ='1853'!K26-'1853'!J26 -> 23.987
A18: Voda - m3 | B18: 1854 | C18: 1855 | D18: 1856 | E18: 1857
A19: Náměry bytových vodoměrů | B19: ='1854'!K4-'1854'!J4+'1854'!K6-'1854'!J6+'1854'!K8-'1854'!J8+'1854'!K10-'1854'!J10+'1854'!K12-'1854'!J12+'1854'!K14-'1854'!J14+'1854'!K16-'1854'!J16+'1854'!K18-'1854'!J18+'1854'!K20-'1854'!J20+'1854'!K22-'1854'!J22 -> 46.832 | C19: ='1855'!K4-'1855'!J4+'1855'!K6-'1855'!J6+'1855'!K8-'1855'!J8+'1855'!K10-'1855'!J10+'1855'!K12-'1855'!J12+'1855'!K14-'1855'!J14+'1855'!K16-'1855'!J16+'1855'!K18-'1855'!J18+'1855'!K20-'1855'!J20+'1855'!K22-'1855'!J22 -> 60.263 | D19: ='1856'!K4-'1856'!J4+'1856'!K6-'1856'!J6+'1856'!K8-'1856'!J8+'1856'!K10-'1856'!J10+'1856'!K12-'1856'!J12+'1856'!K14-'1856'!J14+'1856'!K16-'1856'!J16+'1856'!K18-'1856'!J18+'1856'!K20-'1856'!J20+'1856'!K22-'1856'!J22 -> 64.963 | E19: ='1857'!K4-'1857'!J4+'1857'!K6-'1857'!J6+'1857'!K8-'1857'!J8+'1857'!K10-'1857'!J10+'1857'!K12-'1857'!J12+'1857'!K14-'1857'!J14+'1857'!K16-'1857'!J16+'1857'!K18-'1857'!J18+'1857'!K20-'1857'!J20+'1857'!K22-'1857'!J22 -> 55.999 | G19: =1-B19/B20 -> 0.099384615 | H19: =1-C19/C20 -> 0.13040404 | I19: =1-D19/D20 -> 0.096481224 | J19: =1-E19/E20 -> 0.10544728
A20: Patní vodoměry | B20: ='1854'!K26-'1854'!J26 -> 52 | C20: ='1855'!K26-'1855'!J26 -> 69.3 | D20: ='1856'!K26-'1856'!J26 -> 71.9 | E20: ='1857'!K26-'1857'!J26 -> 62.6
A21: Součet patních vodoměrů | B21: =SUM(B20:E20) -> 255.8 | G21: =1-B21/B22 -> -0.047502048
A22: fakturační vodoměr | B22: ='1854'!K29-'1854'!J29 -> 244.2
A23: Teplo - GJ
A24: Náměry bytových kalorimetrů | B24: ='1854'!K5-'1854'!J5+'1854'!K7-'1854'!J7+'1854'!K9-'1854'!J9+'1854'!K11-'1854'!J11+'1854'!K13-'1854'!J13+'1854'!K15-'1854'!J15+'1854'!K17-'1854'!J17+'1854'!K19-'1854'!J19+'1854'!K21-'1854'!J21+'1854'!K23-'1854'!J23 -> 2.318 | C24: ='1855'!K5-'1855'!J5+'1855'!K7-'1855'!J7+'1855'!K9-'1855'!J9+'1855'!K11-'1855'!J11+'1855'!K13-'1855'!J13+'1855'!K15-'1855'!J15+'1855'!K17-'1855'!J17+'1855'!K19-'1855'!J19+'1855'!K21-'1855'!J21+'1855'!K23-'1855'!J23 -> 2.931 | D24: ='1856'!K5-'1856'!J5+'1856'!K7-'1856'!J7+'1856'!K9-'1856'!J9+'1856'!K11-'1856'!J11+'1856'!K13-'1856'!J13+'1856'!K15-'1856'!J15+'1856'!K17-'1856'!J17+'1856'!K19-'1856'!J19+'1856'!K21-'1856'!J21+'1856'!K23-'1856'!J23 -> 2.883 | E24: ='1857'!K5-'1857'!J5+'1857'!K7-'1857'!J7+'1857'!K9-'1857'!J9+'1857'!K11-'1857'!J11+'1857'!K13-'1857'!J13+'1857'!K15-'1857'!J15+'1857'!K17-'1857'!J17+'1857'!K19-'1857'!J19+'1857'!K21-'1857'!J21+'1857'!K23-'1857'!J23 -> 2.767 | G24: =1-B24/B25 -> 0.1219697 | H24: =1-C24/C25 -> -0.18663968 | I24: =1-D24/D25 -> -0.19132231 | J24: =1-E24/E25 -> -0.50380435
A25: Fakturační kalorimetry | B25: =('1854'!K27-'1854'!J27) -> 2.64 | C25: =('1855'!K27-'1855'!J27) -> 2.47 | D25: =('1856'!K27-'1856'!J27) -> 2.42 | E25: =('1857'!K27-'1857'!J27) -> 1.84
A26: Elektřina -
A27: Elektroměr dům | B27: ='1854'!K25-'1854'!J25 -> 182 | C27: ='1855'!K25-'1855'!J25 -> 240 | D27: ='1856'!K25-'1856'!J25 -> 197 | E27: ='1857'!K25-'1857'!J25 -> 193

Sheet S9
A1: Sumář - spotřeba září | B1: ='S1'!B1 -> 2023
A3: Voda - m3 | B3: 1850 | C3: 1851 | D3: 1852 | E3: 1853
A4: Náměry bytových vodoměrů | B4: ='1850'!L4-'1850'!K4+'1850'!L6-'1850'!K6+'1850'!L8-'1850'!K8+'1850'!L10-'1850'!K10+'1850'!L12-'1850'!K12+'1850'!L14-'1850'!K14+'1850'!L16-'1850'!K16+'1850'!L18-'1850'!K18+'1850'!L20-'1850'!K20+'1850'!L22-'1850'!K22 -> 49.068 | C4: ='1851'!M4-'1851'!L4+'1851'!M6-'1851'!L6+'1851'!M8-'1851'!L8+'1851'!M10-'1851'!L10+'1851'!M12-'1851'!L12+'1851'!M14-'1851'!L14+'1851'!M16-'1851'!L16+'1851'!M18-'1851'!L18+'1851'!M20-'1851'!L20+'1851'!M22-'1851'!L22+'1851'!M33-'1851'!L33+'1851'!M34-'1851'!L34+'1851'!M35-'1851'!L35+'1851'!M36-'1851'!L36+'1851'!M37-'1851'!L37+'1851'!M40-'1851'!L40+'1851'!M41-'1851'!L41+'1851'!M42-'1851'!L42+'1851'!M43-'1851'!L43+'1851'!M44-'1851'!L44+'1851'!M45-'1851'!L45+'1851'!M46-'1851'!L46+'1851'!M47-'1851'!L47+'1851'!M48-'1851'!L48+'1851'!M49-'1851'!L49 -> 70.173 | D4: ='1852'!L4-'1852'!K4+'1852'!L6-'1852'!K6+'1852'!L8-'1852'!K8+'1852'!L10-'1852'!K10+'1852'!L12-'1852'!K12+'1852'!L14-'1852'!K14+'1852'!L16-'1852'!K16+'1852'!L18-'1852'!K18+'1852'!L20-'1852'!K20+'1852'!L22-'1852'!K22 -> 78.794 | E4: ='1853'!L4-'1853'!K4+'1853'!L6-'1853'!K6+'1853'!L8-'1853'!K8+'1853'!L10-'1853'!K10+'1853'!L12-'1853'!K12+'1853'!L14-'1853'!K14+'1853'!L16-'1853'!K16+'1853'!L18-'1853'!K18+'1853'!L20-'1853'!K20+'1853'!L22-'1853'!K22+'1853'!L26-'1853'!K26 -> 83.282 | G4: =1-B4/B5 -> 0.25879154 | H4: =1-C4/C5 -> 0.073011889 | I4: =1-D4/D5 -> 0.10155074 | J4: =1-E4/E5 -> 0.075671476
A5: Patní vodoměry | B5: ='1850'!L26-'1850'!K26 -> 66.2 | C5: ='1851'!M26-'1851'!L26 -> 75.7 | D5: ='1852'!L26-'1852'!K26 -> 87.7 | E5: ='1853'!L27-'1853'!K27 -> 90.1
A6: Součet patních vodoměrů | B6: =SUM(B5:E5) -> 319.7 | G6: =1-B6/B7 -> 0.013271605
A7: fakturační vodoměr | B7: ='1850'!L29-'1850'!K29 -> 324
A8: Teplo - GJ
A9: Náměry bytových kalorimetrů | B9: ='1850'!L5-'1850'!K5+'1850'!L7-'1850'!K7+'1850'!L9-'1850'!K9+'1850'!L11-'1850'!K11+'1850'!L13-'1850'!K13+'1850'!L15-'1850'!K15+'1850'!L17-'1850'!K17+'1850'!L19-'1850'!K19+'1850'!L21-'1850'!K21+'1850'!L23-'1850'!K23 -> 3.171 | C9: ='1851'!M5-'1851'!L5+'1851'!M7-'1851'!L7+'1851'!M9-'1851'!L9+'1851'!M11-'1851'!L11+'1851'!M13-'1851'!L13+'1851'!M15-'1851'!L15+'1851'!M17-'1851'!L17+'1851'!M19-'1851'!L19+'1851'!M21-'1851'!L21+'1851'!M23-'1851'!L23 -> 5.159 | D9: ='1852'!L5-'1852'!K5+'1852'!L7-'1852'!K7+'1852'!L9-'1852'!K9+'1852'!L11-'1852'!K11+'1852'!L13-'1852'!K13+'1852'!L15-'1852'!K15+'1852'!L17-'1852'!K17+'1852'!L19-'1852'!K19+'1852'!L21-'1852'!K21+'1852'!L23-'1852'!K23 -> 5.102 | E9: ='1853'!L5-'1853'!K5+'1853'!L7-'1853'!K7+'1853'!L9-'1853'!K9+'1853'!L11-'1853'!K11+'1853'!L13-'1853'!K13+'1853'!L15-'1853'!K15+'1853'!L17-'1853'!K17+'1853'!L19-'1853'!K19+'1853'!L21-'1853'!K21+'1853'!L23-'1853'!K23 -> 3.604 | G9: =1-B9/B10 -> -0.55441176 | H9: =1-C9/C10 -> 0.44106176 | I9: =1-D9/D10 -> -0.45771429 | J9: =1-E9/E10 -> -0.23424658
A10: Fakturační kalorimetry | B10: =('1850'!L27-'1850'!K27) -> 2.04 | C10: =('1851'!M27-'1851'!L27) -> 9.23 | D10: =('1852'!L27-'1852'!K27) -> 3.5 | E10: =('1853'!L28-'1853'!K28) -> 2.92
A11: Elektřina -
A12: Elektroměr dům | B12: ='1850'!L25-'1850'!K25 -> 178 | C12: ='1851'!M24-'1851'!L24 -> 239 | D12: ='1852'!L25-'1852'!K25 -> 201 | E12: ='1853'!L24-'1853'!K24 -> 195
A14: Elektroměr areál | B14: ='1853'!L25-'1853'!K25 -> 238
A15: Vodoměr areál | B15: ='1853'!L26-'1853'!K26 -> 14.918
A18: Voda - m3 | B18: 1854 | C18: 1855 | D18: 1856 | E18: 1857
A19: Náměry bytových vodoměrů | B19: ='1854'!L4-'1854'!K4+'1854'!L6-'1854'!K6+'1854'!L8-'1854'!K8+'1854'!L10-'1854'!K10+'1854'!L12-'1854'!K12+'1854'!L14-'1854'!K14+'1854'!L16-'1854'!K16+'1854'!L18-'1854'!K18+'1854'!L20-'1854'!K20+'1854'!L22-'1854'!K22 -> 54.083 | C19: ='1855'!L4-'1855'!K4+'1855'!L6-'1855'!K6+'1855'!L8-'1855'!K8+'1855'!L10-'1855'!K10+'1855'!L12-'1855'!K12+'1855'!L14-'1855'!K14+'1855'!L16-'1855'!K16+'1855'!L18-'1855'!K18+'1855'!L20-'1855'!K20+'1855'!L22-'1855'!K22 -> 61.446 | D19: ='1856'!L4-'1856'!K4+'1856'!L6-'1856'!K6+'1856'!L8-'1856'!K8+'1856'!L10-'1856'!K10+'1856'!L12-'1856'!K12+'1856'!L14-'1856'!K14+'1856'!L16-'1856'!K16+'1856'!L18-'1856'!K18+'1856'!L20-'1856'!K20+'1856'!L22-'1856'!K22 -> 75.431 | E19: ='1857'!L4-'1857'!K4+'1857'!L6-'1857'!K6+'1857'!L8-'1857'!K8+'1857'!L10-'1857'!K10+'1857'!L12-'1857'!K12+'1857'!L14-'1857'!K14+'1857'!L16-'1857'!K16+'1857'!L18-'1857'!K18+'1857'!L20-'1857'!K20+'1857'!L22-'1857'!K22 -> 79.668 | G19: =1-B19/B20 -> 0.094087102 | H19: =1-C19/C20 -> 0.13211864 | I19: =1-D19/D20 -> 0.094465786 | J19: =1-E19/E20 -> 0.10485393
A20: Patní vodoměry | B20: ='1854'!L26-'1854'!K26 -> 59.7 | C20: ='1855'!L26-'1855'!K26 -> 70.8 | D20: ='1856'!L26-'1856'!K26 -> 83.3 | E20: ='1857'!L26-'1857'!K26 -> 89
A21: Součet patních vodoměrů | B21: =SUM(B20:E20) -> 302.8 | G21: =1-B21/B22 -> -0.052119527
A22: fakturační vodoměr | B22: ='1854'!L29-'1854'!K29 -> 287.8
A23: Teplo - GJ
A24: Náměry bytových kalorimetrů | B24: ='1854'!L5-'1854'!K5+'1854'!L7-'1854'!K7+'1854'!L9-'1854'!K9+'1854'!L11-'1854'!K11+'1854'!L13-'1854'!K13+'1854'!L15-'1854'!K15+'1854'!L17-'1854'!K17+'1854'!L19-'1854'!K19+'1854'!L21-'1854'!K21+'1854'!L23-'1854'!K23 -> 2.897 | C24: ='1855'!L5-'1855'!K5+'1855'!L7-'1855'!K7+'1855'!L9-'1855'!K9+'1855'!L11-'1855'!K11+'1855'!L13-'1855'!K13+'1855'!L15-'1855'!K15+'1855'!L17-'1855'!K17+'1855'!L19-'1855'!K19+'1855'!L21-'1855'!K21+'1855'!L23-'1855'!K23 -> 3.391 | D24: ='1856'!L5-'1856'!K5+'1856'!L7-'1856'!K7+'1856'!L9-'1856'!K9+'1856'!L11-'1856'!K11+'1856'!L13-'1856'!K13+'1856'!L15-'1856'!K15+'1856'!L17-'1856'!K17+'1856'!L19-'1856'!K19+'1856'!L21-'1856'!K21+'1856'!L23-'1856'!K23 -> 3.542 | E24: ='1857'!L5-'1857'!K5+'1857'!L7-'1857'!K7+'1857'!L9-'1857'!K9+'1857'!L11-'1857'!K11+'1857'!L13-'1857'!K13+'1857'!L15-'1857'!K15+'1857'!L17-'1857'!K17+'1857'!L19-'1857'!K19+'1857'!L21-'1857'!K21+'1857'!L23-'1857'!K23 -> 4.024 | G24: =1-B24/B25 -> 0.11406728 | H24: =1-C24/C25 -> -0.19401408 | I24: =1-D24/D25 -> -0.057313433 | J24: =1-E24/E25 -> -0.3458194
A25: Fakturační kalorimetry | B25: =('1854'!L27-'1854'!K27) -> 3.27 | C25: =('1855'!L27-'1855'!K27) -> 2.84 | D25: =('1856'!L27-'1856'!K27) -> 3.35 | E25: =('1857'!L27-'1857'!K27) -> 2.99
A26: Elektřina -
A27: Elektroměr dům | B27: ='1854'!L25-'1854'!K25 -> 191 | C27: ='1855'!L25-'1855'!K25 -> 216 | D27: ='1856'!L25-'1856'!K25 -> 196 | E27: ='1857'!L25-'1857'!K25 -> 196

Sheet S10
A1: Sumář - spotřeba říjen | B1: ='S1'!B1 -> 2023
A3: Voda - m3 | B3: 1850 | C3: 1851 | D3: 1852 | E3: 1853
A4: Náměry bytových vodoměrů | B4: ='1850'!M4-'1850'!L4+'1850'!M6-'1850'!L6+'1850'!M8-'1850'!L8+'1850'!M10-'1850'!L10+'1850'!M12-'1850'!L12+'1850'!M14-'1850'!L14+'1850'!M16-'1850'!L16+'1850'!M18-'1850'!L18+'1850'!M20-'1850'!L20+'1850'!M22-'1850'!L22 -> 54.535 | C4: ='1851'!N4-'1851'!M4+'1851'!N6-'1851'!M6+'1851'!N8-'1851'!M8+'1851'!N10-'1851'!M10+'1851'!N12-'1851'!M12+'1851'!N14-'1851'!M14+'1851'!N16-'1851'!M16+'1851'!N18-'1851'!M18+'1851'!N20-'1851'!M20+'1851'!N22-'1851'!M22+'1851'!N33-'1851'!M33+'1851'!N34-'1851'!M34+'1851'!N35-'1851'!M35+'1851'!N36-'1851'!M36+'1851'!N37-'1851'!M37+'1851'!N40-'1851'!M40+'1851'!N41-'1851'!M41+'1851'!N42-'1851'!M42+'1851'!N43-'1851'!M43+'1851'!N44-'1851'!M44+'1851'!N45-'1851'!M45+'1851'!N46-'1851'!M46+'1851'!N47-'1851'!M47+'1851'!N48-'1851'!M48+'1851'!N49-'1851'!M49 -> 76.437 | D4: ='1852'!M4-'1852'!L4+'1852'!M6-'1852'!L6+'1852'!M8-'1852'!L8+'1852'!M10-'1852'!L10+'1852'!M12-'1852'!L12+'1852'!M14-'1852'!L14+'1852'!M16-'1852'!L16+'1852'!M18-'1852'!L18+'1852'!M20-'1852'!L20+'1852'!M22-'1852'!L22 -> 88.972 | E4: ='1853'!M4-'1853'!L4+'1853'!M6-'1853'!L6+'1853'!M8-'1853'!L8+'1853'!M10-'1853'!L10+'1853'!M12-'1853'!L12+'1853'!M14-'1853'!L14+'1853'!M16-'1853'!L16+'1853'!M18-'1853'!L18+'1853'!M20-'1853'!L20+'1853'!M22-'1853'!L22+'1853'!M26-'1853'!L26 -> 69.71 | G4: =1-B4/B5 -> -0.056879845 | H4: =1-C4/C5 -> 0.066703297 | I4: =1-D4/D5 -> 0.096730964 | J4: =1-E4/E5 -> 0.089947781
A5: Patní vodoměry | B5: ='1850'!M26-'1850'!L26 -> 51.6 | C5: ='1851'!N26-'1851'!M26 -> 81.9 | D5: ='1852'!M26-'1852'!L26 -> 98.5 | E5: ='1853'!M27-'1853'!L27 -> 76.6
A6: Součet patních vodoměrů | B6: =SUM(B5:E5) -> 308.6 | G6: =1-B6/B7 -> 0.071600481
A7: fakturační vodoměr | B7: ='1850'!M29-'1850'!L29 -> 332.4
A8: Teplo - GJ
A9: Náměry bytových kalorimetrů | B9: ='1850'!M5-'1850'!L5+'1850'!M7-'1850'!L7+'1850'!M9-'1850'!L9+'1850'!M11-'1850'!L11+'1850'!M13-'1850'!L13+'1850'!M15-'1850'!L15+'1850'!M17-'1850'!L17+'1850'!M19-'1850'!L19+'1850'!M21-'1850'!L21+'1850'!M23-'1850'!L23 -> 6.05 | C9: ='1851'!N5-'1851'!M5+'1851'!N7-'1851'!M7+'1851'!N9-'1851'!M9+'1851'!N11-'1851'!M11+'1851'!N13-'1851'!M13+'1851'!N15-'1851'!M15+'1851'!N17-'1851'!M17+'1851'!N19-'1851'!M19+'1851'!N21-'1851'!M21+'1851'!N23-'1851'!M23 -> 10.636 | D9: ='1852'!M5-'1852'!L5+'1852'!M7-'1852'!L7+'1852'!M9-'1852'!L9+'1852'!M11-'1852'!L11+'1852'!M13-'1852'!L13+'1852'!M15-'1852'!L15+'1852'!M17-'1852'!L17+'1852'!M19-'1852'!L19+'1852'!M21-'1852'!L21+'1852'!M23-'1852'!L23 -> 9.351 | E9: ='1853'!M5-'1853'!L5+'1853'!M7-'1853'!L7+'1853'!M9-'1853'!L9+'1853'!M11-'1853'!L11+'1853'!M13-'1853'!L13+'1853'!M15-'1853'!L15+'1853'!M17-'1853'!L17+'1853'!M19-'1853'!L19+'1853'!M21-'1853'!L21+'1853'!M23-'1853'!L23 -> 5.577 | G9: =1-B9/B10 -> 0.073506891 | H9: =1-C9/C10 -> 0.25570329 | I9: =1-D9/D10 -> -0.12122302 | J9: =1-E9/E10 -> -0.050282486
A10: Fakturační kalorimetry | B10: =('1850'!M27-'1850'!L27) -> 6.53 | C10: =('1851'!N27-'1851'!M27) -> 14.29 | D10: =('1852'!M27-'1852'!L27) -> 8.34 | E10: =('1853'!M28-'1853'!L28) -> 5.31
A11: Elektřina -
A12: Elektroměr dům | B12: ='1850'!M25-'1850'!L25 -> 182 | C12: ='1851'!N24-'1851'!M24 -> 271 | D12: ='1852'!M25-'1852'!L25 -> 189 | E12: ='1853'!M24-'1853'!L24 -> 173
A14: Elektroměr areál | B14: ='1853'!M25-'1853'!L25 -> 284
A15: Vodoměr areál | B15: ='1853'!M26-'1853'!L26 -> 4.92
A18: Voda - m3 | B18: 1854 | C18: 1855 | D18: 1856 | E18: 1857
A19: Náměry bytových vodoměrů | B19: ='1854'!M4-'1854'!L4+'1854'!M6-'1854'!L6+'1854'!M8-'1854'!L8+'1854'!M10-'1854'!L10+'1854'!M12-'1854'!L12+'1854'!M14-'1854'!L14+'1854'!M16-'1854'!L16+'1854'!M18-'1854'!L18+'1854'!M20-'1854'!L20+'1854'!M22-'1854'!L22 -> 42.224 | C19: ='1855'!M4-'1855'!L4+'1855'!M6-'1855'!L6+'1855'!M8-'1855'!L8+'1855'!M10-'1855'!L10+'1855'!M12-'1855'!L12+'1855'!M14-'1855'!L14+'1855'!M16-'1855'!L16+'1855'!M18-'1855'!L18+'1855'!M20-'1855'!L20+'1855'!M22-'1855'!L22 -> 60.41 | D19: ='1856'!M4-'1856'!L4+'1856'!M6-'1856'!L6+'1856'!M8-'1856'!L8+'1856'!M10-'1856'!L10+'1856'!M12-'1856'!L12+'1856'!M14-'1856'!L14+'1856'!M16-'1856'!L16+'1856'!M18-'1856'!L18+'1856'!M20-'1856'!L20+'1856'!M22-'1856'!L22 -> 76.125 | E19: ='1857'!M4-'1857'!L4+'1857'!M6-'1857'!L6+'1857'!M8-'1857'!L8+'1857'!M10-'1857'!L10+'1857'!M12-'1857'!L12+'1857'!M14-'1857'!L14+'1857'!M16-'1857'!L16+'1857'!M18-'1857'!L18+'1857'!M20-'1857'!L20+'1857'!M22-'1857'!L22 -> 75.883 | G19: =1-B19/B20 -> 0.086060606 | H19: =1-C19/C20 -> 0.137 | I19: =1-D19/D20 -> 0.096975089 | J19: =1-E19/E20 -> 0.099845789
A20: Patní vodoměry | B20: ='1854'!M26-'1854'!L26 -> 46.2 | C20: ='1855'!M26-'1855'!L26 -> 70 | D20: ='1856'!M26-'1856'!L26 -> 84.3 | E20: ='1857'!M26-'1857'!L26 -> 84.3
A21: Součet patních vodoměrů | B21: =SUM(B20:E20) -> 284.8 | G21: =1-B21/B22 -> -0.043605716
A22: fakturační vodoměr | B22: ='1854'!M29-'1854'!L29 -> 272.9
A23: Teplo - GJ | O23: Standardní vzorec 1856
A24: Náměry bytových kalorimetrů | B24: ='1854'!M5-'1854'!L5+'1854'!M7-'1854'!L7+'1854'!M9-'1854'!L9+'1854'!M11-'1854'!L11+'1854'!M13-'1854'!L13+'1854'!M15-'1854'!L15+'1854'!M17-'1854'!L17+'1854'!M19-'1854'!L19+'1854'!M21-'1854'!L21+'1854'!M23-'1854'!L23 -> 5.839 | C24: ='1855'!M5-'1855'!L5+'1855'!M7-'1855'!L7+'1855'!M9-'1855'!L9+'1855'!M11-'1855'!L11+'1855'!M13-'1855'!L13+'1855'!M15-'1855'!L15+'1855'!M17-'1855'!L17+'1855'!M19-'1855'!L19+'1855'!M21-'1855'!L21+'1855'!M23-'1855'!L23 -> 7.334 | D24: ='1856'!M5+'1856'!M7+'1856'!M9+'1856'!M11+'1856'!M13+'1856'!M15+'1856'!M17+'1856'!M19+'1856'!M21+'1856'!M23 -> 6.479 | E24: ='1857'!M5-'1857'!L5+'1857'!M7-'1857'!L7+'1857'!M9-'1857'!L9+'1857'!M11-'1857'!L11+'1857'!M13-'1857'!L13+'1857'!M15-'1857'!L15+'1857'!M17-'1857'!L17+'1857'!M19-'1857'!L19+'1857'!M21-'1857'!L21+'1857'!M23-'1857'!L23 -> 7.782 | G24: =1-B24/B25 -> 0.15007278 | H24: =1-C24/C25 -> 0.09679803 | I24: =1-D24/D25 -> -0.13269231 | J24: =1-E24/E25 -> -0.030728477 | O24: ='1856'!M5-'1856'!L5+'1856'!M7-'1856'!L7+'1856'!M9-'1856'!L9+'1856'!M11-'1856'!L11+'1856'!M13-'1856'!L13+'1856'!M15-'1856'!L15+'1856'!M17-'1856'!L17+'1856'!M19-'1856'!L19+'1856'!M21-'1856'!L21+'1856'!M23-'1856'!L23 -> -1149.171 | P24: - buňka D24
A25: Fakturační kalorimetry | B25: =('1854'!M27-'1854'!L27) -> 6.87 | C25: =('1855'!M27-'1855'!L27) -> 8.12 | D25: =('1856'!M27-'1856'!L27) -> 5.72 | E25: =('1857'!M27-'1857'!L27) -> 7.55
A26: Elektřina -
A27: Elektroměr dům | B27: ='1854'!M25-'1854'!L25 -> 179 | C27: ='1855'!M25-'1855'!L25 -> 229 | D27: ='1856'!M25-'1856'!L25 -> 176 | E27: ='1857'!M25-'1857'!L25 -> 186

Sheet S11
A1: Sumář - spotřeba listopad | B1: ='S1'!B1 -> 2023
A3: Voda - m3 | B3: 1850 | C3: 1851 | D3: 1852 | E3: 1853
A4: Náměry bytových vodoměrů | B4: ='1850'!N4-'1850'!M4+'1850'!N6-'1850'!M6+'1850'!N8-'1850'!M8+'1850'!N10-'1850'!M10+'1850'!N12-'1850'!M12+'1850'!N14-'1850'!M14+'1850'!N16-'1850'!M16+'1850'!N18-'1850'!M18+'1850'!N20-'1850'!M20+'1850'!N22-'1850'!M22 -> 52.196 | C4: ='1851'!O4-'1851'!N4+'1851'!O6-'1851'!N6+'1851'!O8-'1851'!N8+'1851'!O10-'1851'!N10+'1851'!O12-'1851'!N12+'1851'!O14-'1851'!N14+'1851'!O16-'1851'!N16+'1851'!O18-'1851'!N18+'1851'!O20-'1851'!N20+'1851'!O22-'1851'!N22+'1851'!O33-'1851'!N33+'1851'!O34-'1851'!N34+'1851'!O35-'1851'!N35+'1851'!O36-'1851'!N36+'1851'!O37-'1851'!N37+'1851'!O40-'1851'!N40+'1851'!O41-'1851'!N41+'1851'!O42-'1851'!N42+'1851'!O43-'1851'!N43+'1851'!O44-'1851'!N44+'1851'!O45-'1851'!N45+'1851'!O46-'1851'!N46+'1851'!O47-'1851'!N47+'1851'!O48-'1851'!N48+'1851'!O49-'1851'!N49 -> 80.403 | D4: ='1852'!N4-'1852'!M4+'1852'!N6-'1852'!M6+'1852'!N8-'1852'!M8+'1852'!N10-'1852'!M10+'1852'!N12-'1852'!M12+'1852'!N14-'1852'!M14+'1852'!N16-'1852'!M16+'1852'!N18-'1852'!M18+'1852'!N20-'1852'!M20+'1852'!N22-'1852'!M22 -> 82.544 | E4: ='1853'!N4-'1853'!M4+'1853'!N6-'1853'!M6+'1853'!N8-'1853'!M8+'1853'!N10-'1853'!M10+'1853'!N12-'1853'!M12+'1853'!N14-'1853'!M14+'1853'!N16-'1853'!M16+'1853'!N18-'1853'!M18+'1853'!N20-'1853'!M20+'1853'!N22-'1853'!M22+'1853'!N26-'1853'!M26 -> 68.66 | G4: =1-B4/B5 -> 0.11831081 | H4: =1-C4/C5 -> 0.071558891 | I4: =1-D4/D5 -> 0.098864629 | J4: =1-E4/E5 -> 0.08938992
A5: Patní vodoměry | B5: ='1850'!N26-'1850'!M26 -> 59.2 | C5: ='1851'!O26-'1851'!N26 -> 86.6 | D5: ='1852'!N26-'1852'!M26 -> 91.6 | E5: ='1853'!N27-'1853'!M27 -> 75.4
A6: Součet patních vodoměrů | B6: =SUM(B5:E5) -> 312.8 | G6: =1-B6/B7 -> 0.038130381
A7: fakturační vodoměr | B7: ='1850'!N29-'1850'!M29 -> 325.2
A8: Teplo - GJ
A9: Náměry bytových kalorimetrů | B9: ='1850'!N5-'1850'!M5+'1850'!N7-'1850'!M7+'1850'!N9-'1850'!M9+'1850'!N11-'1850'!M11+'1850'!N13-'1850'!M13+'1850'!N15-'1850'!M15+'1850'!N17-'1850'!M17+'1850'!N19-'1850'!M19+'1850'!N21-'1850'!M21+'1850'!N23-'1850'!M23 -> 21.148 | C9: ='1851'!O5-'1851'!N5+'1851'!O7-'1851'!N7+'1851'!O9-'1851'!N9+'1851'!O11-'1851'!N11+'1851'!O13-'1851'!N13+'1851'!O15-'1851'!N15+'1851'!O17-'1851'!N17+'1851'!O19-'1851'!N19+'1851'!O21-'1851'!N21+'1851'!O23-'1851'!N23 -> 25.997 | D9: ='1852'!N5-'1852'!M5+'1852'!N7-'1852'!M7+'1852'!N9-'1852'!M9+'1852'!N11-'1852'!M11+'1852'!N13-'1852'!M13+'1852'!N15-'1852'!M15+'1852'!N17-'1852'!M17+'1852'!N19-'1852'!M19+'1852'!N21-'1852'!M21+'1852'!N23-'1852'!M23 -> 22.923 | E9: ='1853'!N5-'1853'!M5+'1853'!N7-'1853'!M7+'1853'!N9-'1853'!M9+'1853'!N11-'1853'!M11+'1853'!N13-'1853'!M13+'1853'!N15-'1853'!M15+'1853'!N17-'1853'!M17+'1853'!N19-'1853'!M19+'1853'!N21-'1853'!M21+'1853'!N23-'1853'!M23 -> 20.42 | G9: =1-B9/B10 -> 0.10730266 | H9: =1-C9/C10 -> 0.10200345 | I9: =1-D9/D10 -> 0.034821053 | J9: =1-E9/E10 -> 0.057248384
A10: Fakturační kalorimetry | B10: =('1850'!N27-'1850'!M27) -> 23.69 | C10: =('1851'!O27-'1851'!N27) -> 28.95 | D10: =('1852'!N27-'1852'!M27) -> 23.75 | E10: =('1853'!N28-'1853'!M28) -> 21.66
A11: Elektřina -
A12: Elektroměr dům | B12: ='1850'!N25-'1850'!M25 -> 168 | C12: ='1851'!O24-'1851'!N24 -> 232 | D12: ='1852'!N25-'1852'!M25 -> 249 | E12: ='1853'!N24-'1853'!M24 -> 177
A14: Elektroměr areál | B14: ='1853'!N25-'1853'!M25 -> 382
A15: Vodoměr areál | B15: ='1853'!N26-'1853'!M26 -> 0.295
A18: Voda - m3 | B18: 1854 | C18: 1855 | D18: 1856 | E18: 1857
A19: Náměry bytových vodoměrů | B19: ='1854'!N4-'1854'!M4+'1854'!N6-'1854'!M6+'1854'!N8-'1854'!M8+'1854'!N10-'1854'!M10+'1854'!N12-'1854'!M12+'1854'!N14-'1854'!M14+'1854'!N16-'1854'!M16+'1854'!N18-'1854'!M18+'1854'!N20-'1854'!M20+'1854'!N22-'1854'!M22 -> 48.723 | C19: ='1855'!N4-'1855'!M4+'1855'!N6-'1855'!M6+'1855'!N8-'1855'!M8+'1855'!N10-'1855'!M10+'1855'!N12-'1855'!M12+'1855'!N14-'1855'!M14+'1855'!N16-'1855'!M16+'1855'!N18-'1855'!M18+'1855'!N20-'1855'!M20+'1855'!N22-'1855'!M22 -> 64.67 | D19: ='1856'!N4-'1856'!M4+'1856'!N6-'1856'!M6+'1856'!N8-'1856'!M8+'1856'!N10-'1856'!M10+'1856'!N12-'1856'!M12+'1856'!N14-'1856'!M14+'1856'!N16-'1856'!M16+'1856'!N18-'1856'!M18+'1856'!N20-'1856'!M20+'1856'!N22-'1856'!M22 -> 72.755 | E19: ='1857'!N4-'1857'!M4+'1857'!N6-'1857'!M6+'1857'!N8-'1857'!M8+'1857'!N10-'1857'!M10+'1857'!N12-'1857'!M12+'1857'!N14-'1857'!M14+'1857'!N16-'1857'!M16+'1857'!N18-'1857'!M18+'1857'!N20-'1857'!M20+'1857'!N22-'1857'!M22 -> 77.323 | G19: =1-B19/B20 -> 0.10435662 | H19: =1-C19/C20 -> 0.12489851 | I19: =1-D19/D20 -> 0.09621118 | J19: =1-E19/E20 -> 0.10815456
A20: Patní vodoměry | B20: ='1854'!N26-'1854'!M26 -> 54.4 | C20: ='1855'!N26-'1855'!M26 -> 73.9 | D20: ='1856'!N26-'1856'!M26 -> 80.5 | E20: ='1857'!N26-'1857'!M26 -> 86.7
A21: Součet patních vodoměrů | B21: =SUM(B20:E20) -> 295.5 | G21: =1-B21/B22 -> -0.051227321
A22: fakturační vodoměr | B22: ='1854'!N29-'1854'!M29 -> 281.1
A23: Teplo - GJ
A24: Náměry bytových kalorimetrů | B24: ='1854'!N5-'1854'!M5+'1854'!N7-'1854'!M7+'1854'!N9-'1854'!M9+'1854'!N11-'1854'!M11+'1854'!N13-'1854'!M13+'1854'!N15-'1854'!M15+'1854'!N17-'1854'!M17+'1854'!N19-'1854'!M19+'1854'!N21-'1854'!M21+'1854'!N23-'1854'!M23 -> 22.133 | C24: ='1855'!N5-'1855'!M5+'1855'!N7-'1855'!M7+'1855'!N9-'1855'!M9+'1855'!N11-'1855'!M11+'1855'!N13-'1855'!M13+'1855'!N15-'1855'!M15+'1855'!N17-'1855'!M17+'1855'!N19-'1855'!M19+'1855'!N21-'1855'!M21+'1855'!N23-'1855'!M23 -> 23.089 | D24: ='1856'!N5-'1856'!M5+'1856'!N7-'1856'!M7+'1856'!N9-'1856'!M9+'1856'!N11-'1856'!M11+'1856'!N13-'1856'!M13+'1856'!N15-'1856'!M15+'1856'!N17-'1856'!M17+'1856'!N19-'1856'!M19+'1856'!N21-'1856'!M21+'1856'!N23-'1856'!M23 -> 22.233 | E24: ='1857'!N5-'1857'!M5+'1857'!N7-'1857'!M7+'1857'!N9-'1857'!M9+'1857'!N11-'1857'!M11+'1857'!N13-'1857'!M13+'1857'!N15-'1857'!M15+'1857'!N17-'1857'!M17+'1857'!N19-'1857'!M19+'1857'!N21-'1857'!M21+'1857'!N23-'1857'!M23 -> 23.027 | G24: =1-B24/B25 -> 0.022825607 | H24: =1-C24/C25 -> 0.09843811 | I24: =1-D24/D25 -> 0.049871795 | J24: =1-E24/E25 -> 0.089121835
A25: Fakturační kalorimetry | B25: =('1854'!N27-'1854'!M27) -> 22.65 | C25: =('1855'!N27-'1855'!M27) -> 25.61 | D25: =('1856'!N27-'1856'!M27) -> 23.4 | E25: =('1857'!N27-'1857'!M27) -> 25.28
A26: Elektřina -
A27: Elektroměr dům | B27: ='1854'!N25-'1854'!M25 -> 177 | C27: ='1855'!N25-'1855'!M25 -> 383 | D27: ='1856'!N25-'1856'!M25 -> 190 | E27: ='1857'!N25-'1857'!M25 -> 199

Sheet S12
A1: Sumář - spotřeba prosinec | B1: ='S1'!B1 -> 2023
A3: Voda - m3 | B3: 1850 | C3: 1851 | D3: 1852 | E3: 1853
A4: Náměry bytových vodoměrů | B4: ='1850'!O4-'1850'!N4+'1850'!O6-'1850'!N6+'1850'!O8-'1850'!N8+'1850'!O10-'1850'!N10+'1850'!O12-'1850'!N12+'1850'!O14-'1850'!N14+'1850'!O16-'1850'!N16+'1850'!O18-'1850'!N18+'1850'!O20-'1850'!N20+'1850'!O22-'1850'!N22 -> 53.51 | C4: ='1851'!P4-'1851'!O4+'1851'!P6-'1851'!O6+'1851'!P8-'1851'!O8+'1851'!P10-'1851'!O10+'1851'!P12-'1851'!O12+'1851'!P14-'1851'!O14+'1851'!P16-'1851'!O16+'1851'!P18-'1851'!O18+'1851'!P20-'1851'!O20+'1851'!P22-'1851'!O22+'1851'!P33-'1851'!O33+'1851'!P34-'1851'!O34+'1851'!P35-'1851'!O35+'1851'!P36-'1851'!O36+'1851'!P37-'1851'!O37+'1851'!P40-'1851'!O40+'1851'!P41-'1851'!O41+'1851'!P42-'1851'!O42+'1851'!P43-'1851'!O43+'1851'!P44-'1851'!O44+'1851'!P45-'1851'!O45+'1851'!P46-'1851'!O46+'1851'!P47-'1851'!O47+'1851'!P48-'1851'!O48+'1851'!P49-'1851'!O49 -> 88.717 | D4: ='1852'!O4-'1852'!N4+'1852'!O6-'1852'!N6+'1852'!O8-'1852'!N8+'1852'!O10-'1852'!N10+'1852'!O12-'1852'!N12+'1852'!O14-'1852'!N14+'1852'!O16-'1852'!N16+'1852'!O18-'1852'!N18+'1852'!O20-'1852'!N20+'1852'!O22-'1852'!N22 -> 83.092 | E4: ='1853'!O4-'1853'!N4+'1853'!O6-'1853'!N6+'1853'!O8-'1853'!N8+'1853'!O10-'1853'!N10+'1853'!O12-'1853'!N12+'1853'!O14-'1853'!N14+'1853'!O16-'1853'!N16+'1853'!O18-'1853'!N18+'1853'!O20-'1853'!N20+'1853'!O22-'1853'!N22+'1853'!O26-'1853'!N26 -> 74.154 | G4: =1-B4/B5 -> 0.1299187 | H4: =1-C4/C5 -> 0.07874351 | I4: =1-D4/D5 -> 0.090897155 | J4: =1-E4/E5 -> 0.096784409
A5: Patní vodoměry | B5: ='1850'!O26-'1850'!N26 -> 61.5 | C5: ='1851'!P26-'1851'!O26 -> 96.3 | D5: ='1852'!O26-'1852'!N26 -> 91.4 | E5: ='1853'!O27-'1853'!N27 -> 82.1
A6: Součet patních vodoměrů | B6: =SUM(B5:E5) -> 331.3 | G6: =1-B6/B7 -> 0.033547258
A7: fakturační vodoměr | B7: ='1850'!O29-'1850'!N29 -> 342.8
A8: Teplo - GJ
A9: Náměry bytových kalorimetrů | B9: ='1850'!O5-'1850'!N5+'1850'!O7-'1850'!N7+'1850'!O9-'1850'!N9+'1850'!O11-'1850'!N11+'1850'!O13-'1850'!N13+'1850'!O15-'1850'!N15+'1850'!O17-'1850'!N17+'1850'!O19-'1850'!N19+'1850'!O21-'1850'!N21+'1850'!O23-'1850'!N23 -> 29.725 | C9: ='1851'!P5-'1851'!O5+'1851'!P7-'1851'!O7+'1851'!P9-'1851'!O9+'1851'!P11-'1851'!O11+'1851'!P13-'1851'!O13+'1851'!P15-'1851'!O15+'1851'!P17-'1851'!O17+'1851'!P19-'1851'!O19+'1851'!P21-'1851'!O21+'1851'!P23-'1851'!O23 -> 35.799 | D9: ='1852'!O5-'1852'!N5+'1852'!O7-'1852'!N7+'1852'!O9-'1852'!N9+'1852'!O11-'1852'!N11+'1852'!O13-'1852'!N13+'1852'!O15-'1852'!N15+'1852'!O17-'1852'!N17+'1852'!O19-'1852'!N19+'1852'!O21-'1852'!N21+'1852'!O23-'1852'!N23 -> 31.561 | E9: ='1853'!O5-'1853'!N5+'1853'!O7-'1853'!N7+'1853'!O9-'1853'!N9+'1853'!O11-'1853'!N11+'1853'!O13-'1853'!N13+'1853'!O15-'1853'!N15+'1853'!O17-'1853'!N17+'1853'!O19-'1853'!N19+'1853'!O21-'1853'!N21+'1853'!O23-'1853'!N23 -> 30.084 | G9: =1-B9/B10 -> 0.11002994 | H9: =1-C9/C10 -> 0.090703581 | I9: =1-D9/D10 -> 0.059564958 | J9: =1-E9/E10 -> 0.047673314
A10: Fakturační kalorimetry | B10: =('1850'!O27-'1850'!N27) -> 33.4 | C10: =('1851'!P27-'1851'!O27) -> 39.37 | D10: =('1852'!O27-'1852'!N27) -> 33.56 | E10: =('1853'!O28-'1853'!N28) -> 31.59
A11: Elektřina -
A12: Elektroměr dům | B12: ='1850'!O25-'1850'!N25 -> 171 | C12: ='1851'!P24-'1851'!O24 -> 286 | D12: ='1852'!O25-'1852'!N25 -> 187 | E12: ='1853'!O24-'1853'!N24 -> 190
A14: Elektroměr areál | B14: ='1853'!O25-'1853'!N25 -> 374
A15: Vodoměr areál | B15: ='1853'!O26-'1853'!N26 -> 0
A18: Voda - m3 | B18: 1854 | C18: 1855 | D18: 1856 | E18: 1857
A19: Náměry bytových vodoměrů | B19: ='1854'!O4-'1854'!N4+'1854'!O6-'1854'!N6+'1854'!O8-'1854'!N8+'1854'!O10-'1854'!N10+'1854'!O12-'1854'!N12+'1854'!O14-'1854'!N14+'1854'!O16-'1854'!N16+'1854'!O18-'1854'!N18+'1854'!O20-'1854'!N20+'1854'!O22-'1854'!N22 -> 48.108 | C19: ='1855'!O4-'1855'!N4+'1855'!O6-'1855'!N6+'1855'!O8-'1855'!N8+'1855'!O10-'1855'!N10+'1855'!O12-'1855'!N12+'1855'!O14-'1855'!N14+'1855'!O16-'1855'!N16+'1855'!O18-'1855'!N18+'1855'!O20-'1855'!N20+'1855'!O22-'1855'!N22 -> 67.737 | D19: ='1856'!O4-'1856'!N4+'1856'!O6-'1856'!N6+'1856'!O8-'1856'!N8+'1856'!O10-'1856'!N10+'1856'!O12-'1856'!N12+'1856'!O14-'1856'!N14+'1856'!O16-'1856'!N16+'1856'!O18-'1856'!N18+'1856'!O20-'1856'!N20+'1856'!O22-'1856'!N22 -> 82.019 | E19: ='1857'!O4-'1857'!N4+'1857'!O6-'1857'!N6+'1857'!O8-'1857'!N8+'1857'!O10-'1857'!N10+'1857'!O12-'1857'!N12+'1857'!O14-'1857'!N14+'1857'!O16-'1857'!N16+'1857'!O18-'1857'!N18+'1857'!O20-'1857'!N20+'1857'!O22-'1857'!N22 -> 86.504 | G19: =1-B19/B20 -> 0.097410882 | H19: =1-C19/C20 -> 0.11454902 | I19: =1-D19/D20 -> 0.093712707 | J19: =1-E19/E20 -> 0.093249476
A20: Patní vodoměry | B20: ='1854'!O26-'1854'!N26 -> 53.3 | C20: ='1855'!O26-'1855'!N26 -> 76.5 | D20: ='1856'!O26-'1856'!N26 -> 90.5 | E20: ='1857'!O26-'1857'!N26 -> 95.4
A21: Součet patních vodoměrů | B21: =SUM(B20:E20) -> 315.7 | G21: =1-B21/B22 -> -0.054442218
A22: fakturační vodoměr | B22: ='1854'!O29-'1854'!N29 -> 299.4
A23: Teplo - GJ
A24: Náměry bytových kalorimetrů | B24: ='1854'!O5-'1854'!N5+'1854'!O7-'1854'!N7+'1854'!O9-'1854'!N9+'1854'!O11-'1854'!N11+'1854'!O13-'1854'!N13+'1854'!O15-'1854'!N15+'1854'!O17-'1854'!N17+'1854'!O19-'1854'!N19+'1854'!O21-'1854'!N21+'1854'!O23-'1854'!N23 -> 29.051 | C24: ='1855'!O5-'1855'!N5+'1855'!O7-'1855'!N7+'1855'!O9-'1855'!N9+'1855'!O11-'1855'!N11+'1855'!O13-'1855'!N13+'1855'!O15-'1855'!N15+'1855'!O17-'1855'!N17+'1855'!O19-'1855'!N19+'1855'!O21-'1855'!N21+'1855'!O23-'1855'!N23 -> 31.025 | D24: ='1856'!O5-'1856'!N5+'1856'!O7-'1856'!N7+'1856'!O9-'1856'!N9+'1856'!O11-'1856'!N11+'1856'!O13-'1856'!N13+'1856'!O15-'1856'!N15+'1856'!O17-'1856'!N17+'1856'!O19-'1856'!N19+'1856'!O21-'1856'!N21+'1856'!O23-'1856'!N23 -> 29.077 | E24: ='1857'!O5-'1857'!N5+'1857'!O7-'1857'!N7+'1857'!O9-'1857'!N9+'1857'!O11-'1857'!N11+'1857'!O13-'1857'!N13+'1857'!O15-'1857'!N15+'1857'!O17-'1857'!N17+'1857'!O19-'1857'!N19+'1857'!O21-'1857'!N21+'1857'!O23-'1857'!N23 -> 31.178 | G24: =1-B24/B25 -> 0.073628827 | H24: =1-C24/C25 -> 0.08480826 | I24: =1-D24/D25 -> 0.065048232 | J24: =1-E24/E25 -> 0.094715447
A25: Fakturační kalorimetry | B25: =('1854'!O27-'1854'!N27) -> 31.36 | C25: =('1855'!O27-'1855'!N27) -> 33.9 | D25: =('1856'!O27-'1856'!N27) -> 31.1 | E25: =('1857'!O27-'1857'!N27) -> 34.44
A26: Elektřina -
A27: Elektroměr dům | B27: ='1854'!O25-'1854'!N25 -> 202 | C27: ='1855'!O25-'1855'!N25 -> 352 | D27: ='1856'!O25-'1856'!N25 -> 192 | E27: ='1857'!O25-'1857'!N25 -> 239

Sheet Rozdíly
A1: Přehled rozdílů a ztrát za teplo v GJ | F1: ='S1'!B1 -> 2023
C3: 1850 | F3: 51 | I3: 52 | L3: 53 | O3: 54 | R3: 55 | U3: 56 | X3: 57
C4: 1850 | F4: 1851 | I4: 1852 | L4: 1853 | O4: 1854 | R4: 1855 | U4: 1856 | X4: 1857
C5: odečet | D5: rozdíl [GJ] | E5: rozdíl [%] | F5: odečet | G5: rozdíl [GJ] | H5: rozdíl [%] | I5: odečet | J5: rozdíl [GJ] | K5: rozdíl [%] | L5: odečet | M5: rozdíl [GJ] | N5: rozdíl [%] | O5: odečet | P5: rozdíl [GJ] | Q5: rozdíl [%] | R5: odečet | S5: rozdíl [GJ] | T5: rozdíl [%] | U5: odečet | V5: rozdíl [GJ] | W5: rozdíl [%] | X5: odečet | Y5: rozdíl [GJ] | Z5: rozdíl [%]
A6: leden | B6: součty kal. | C6: ='S1'!B9 -> 29.737 | D6: ='S1'!B10-'S1'!B9 -> 2.735 | E6: =D6/C7 -> 0.08422641 | F6: ='S1'!C9 -> 34.266 | G6: ='S1'!C10-'S1'!C9 -> 4.218 | H6: =G6/F7 -> 0.10960399 | I6: ='S1'!D9 -> 32.934 | J6: ='S1'!D10-'S1'!D9 -> 2.202 | K6: =J6/I7 -> 0.062670765 | L6: ='S1'!E9 -> 30.171 | M6: ='S1'!E10-'S1'!E9 -> 1.617 | N6: =M6/L7 -> 0.050868252 | O6: ='S1'!B24 -> 29.811 | P6: ='S1'!B25-'S1'!B24 -> 2.329 | Q6: =P6/O7 -> 0.072464219 | R6: ='S1'!C24 -> 31.456 | S6: ='S1'!C25-'S1'!C24 -> 2.514 | T6: =S6/R7 -> 0.074006476 | U6: ='S1'!D24 -> 29.214 | V6: ='S1'!D25-'S1'!D24 -> 2.756 | W6: =V6/U7 -> 0.086205818 | X6: ='S1'!E24 -> 29.677 | Y6: ='S1'!E25-'S1'!E24 -> 2.463 | Z6: =Y6/X7 -> 0.076633479
B7: faktur.kal. | C7: ='S1'!B10 -> 32.472 | F7: ='S1'!C10 -> 38.484 | I7: ='S1'!D10 -> 35.136 | L7: ='S1'!E10 -> 31.788 | O7: ='S1'!B25 -> 32.14 | R7: ='S1'!C25 -> 33.97 | U7: ='S1'!D25 -> 31.97 | X7: ='S1'!E25 -> 32.14
A8: únor | B8: součty kal. | C8: ='S2'!B9 -> 27.177 | D8: ='S2'!B10-'S2'!B9 -> 2.343 | E8: =D8/C9 -> 0.079369919 | F8: ='S2'!C9 -> 31.853 | G8: ='S2'!C10-'S2'!C9 -> 3.931 | H8: =G8/F9 -> 0.10985357 | I8: ='S2'!D9 -> 29.05 | J8: ='S2'!D10-'S2'!D9 -> 0.794 | K8: =J8/I9 -> 0.026605013 | L8: ='S2'!E9 -> 24.557 | M8: ='S2'!E10-'S2'!E9 -> 1.471 | N8: =M8/L9 -> 0.05651606 | O8: ='S2'!B24 -> 26.57 | P8: ='S2'!B25-'S2'!B24 -> 2.06 | Q8: =P8/O9 -> 0.071952497 | R8: ='S2'!C24 -> 28.27 | S8: ='S2'!C25-'S2'!C24 -> 2.31 | T8: =S8/R9 -> 0.075539568 | U8: ='S2'!D24 -> 25.664 | V8: ='S2'!D25-'S2'!D24 -> 1.846 | W8: =V8/U9 -> 0.067102872 | X8: ='S2'!E24 -> 25.597 | Y8: ='S2'!E25-'S2'!E24 -> 2.233 | Z8: =Y8/X9 -> 0.080237154
B9: faktur.kal. | C9: ='S2'!B10 -> 29.52 | F9: ='S2'!C10 -> 35.784 | I9: ='S2'!D10 -> 29.844 | L9: ='S2'!E10 -> 26.028 | O9: ='S2'!B25 -> 28.63 | R9: ='S2'!C25 -> 30.58 | U9: ='S2'!D25 -> 27.51 | X9: ='S2'!E25 -> 27.83
A10: březen | B10: součty kal. | C10: ='S3'!B9 -> 21.628 | D10: ='S3'!B10-'S3'!B9 -> 1.448 | E10: =D10/C11 -> 0.062749177 | F10: ='S3'!C9 -> 30.599 | G10: ='S3'!C10-'S3'!C9 -> 3.493 | H10: =G10/F11 -> 0.10245805 | I10: ='S3'!D9 -> 24.494 | J10: ='S3'!D10-'S3'!D9 -> 0.994 | K10: =J10/I11 -> 0.038998745 | L10: ='S3'!E9 -> 20.282 | M10: ='S3'!E10-'S3'!E9 -> 1.03 | N10: =M10/L11 -> 0.04832958 | O10: ='S3'!B24 -> 22.399 | P10: ='S3'!B25-'S3'!B24 -> 1.421 | Q10: =P10/O11 -> 0.059655751 | R10: ='S3'!C24 -> 23.175 | S10: ='S3'!C25-'S3'!C24 -> 1.915 | T10: =S10/R11 -> 0.076325229 | U10: ='S3'!D24 -> 20.02 | V10: ='S3'!D25-'S3'!D24 -> 1.4 | W10: =V10/U11 -> 0.065359477 | X10: ='S3'!E24 -> 21.854 | Y10: ='S3'!E25-'S3'!E24 -> 2.026 | Z10: =Y10/X11 -> 0.084840871
B11: faktur.kal. | C11: ='S3'!B10 -> 23.076 | F11: ='S3'!C10 -> 34.092 | I11: ='S3'!D10 -> 25.488 | L11: ='S3'!E10 -> 21.312 | O11: ='S3'!B25 -> 23.82 | R11: ='S3'!C25 -> 25.09 | U11: ='S3'!D25 -> 21.42 | X11: ='S3'!E25 -> 23.88
A12: duben | B12: součty kal. | C12: ='S4'!B9 -> 13.548 | D12: ='S4'!B10-'S4'!B9 -> 0.744 | E12: =D12/C13 -> 0.052057095 | F12: ='S4'!C9 -> 21.087 | G12: ='S4'!C10-'S4'!C9 -> 2.925 | H12: =G12/F13 -> 0.12181409 | I12: ='S4'!D9 -> 17.712 | J12: ='S4'!D10-'S4'!D9 -> 0.36 | K12: =J12/I13 -> 0.019920319 | L12: ='S4'!E9 -> 12.928 | M12: ='S4'!E10-'S4'!E9 -> 0.5 | N12: =M12/L13 -> 0.037235627 | O12: ='S4'!B24 -> 16.177 | P12: ='S4'!B25-'S4'!B24 -> 0.743 | Q12: =P12/O13 -> 0.04391253 | R12: ='S4'!C24 -> 15.816 | S12: ='S4'!C25-'S4'!C24 -> 1.714 | T12: =S12/R13 -> 0.097775242 | U12: ='S4'!D24 -> 13.958 | V12: ='S4'!D25-'S4'!D24 -> 0.402 | W12: =V12/U13 -> 0.027994429 | X12: ='S4'!E24 -> 15.341 | Y12: ='S4'!E25-'S4'!E24 -> 1.239 | Z12: =Y12/X13 -> 0.074728589
B13: faktur.kal. | C13: ='S4'!B10 -> 14.292 | F13: ='S4'!C10 -> 24.012 | I13: ='S4'!D10 -> 18.072 | L13: ='S4'!E10 -> 13.428 | O13: ='S4'!B25 -> 16.92 | R13: ='S4'!C25 -> 17.53 | U13: ='S4'!D25 -> 14.36 | X13: ='S4'!E25 -> 16.58
A14: květen | B14: součty kal. | C14: ='S5'!B9 -> 4.815 | D14: ='S5'!B10-'S5'!B9 -> -0.999 | E14: =D14/C15 -> -0.26179245 | F14: ='S5'!C9 -> 11.798 | G14: ='S5'!C10-'S5'!C9 -> 3.466 | H14: =G14/F15 -> 0.22707023 | I14: ='S5'!D9 -> 7.601 | J14: ='S5'!D10-'S5'!D9 -> -1.409 | K14: =J14/I15 -> -0.22755168 | L14: ='S5'!E9 -> 4.488 | M14: ='S5'!E10-'S5'!E9 -> -0.744 | N14: =M14/L15 -> -0.19871795 | O14: ='S5'!B24 -> 6.06 | P14: ='S5'!B25-'S5'!B24 -> 0.29 | Q14: =P14/O15 -> 0.045669291 | R14: ='S5'!C24 -> 5.276 | S14: ='S5'!C25-'S5'!C24 -> -0.456 | T14: =S14/R15 -> -0.094605809 | U14: ='S5'!D24 -> 5.563 | V14: ='S5'!D25-'S5'!D24 -> -0.643 | W14: =V14/U15 -> -0.13069106 | X14: ='S5'!E24 -> 5.548 | Y14: ='S5'!E25-'S5'!E24 -> -0.928 | Z14: =Y14/X15 -> -0.2008658
B15: faktur.kal. | C15: ='S5'!B10 -> 3.816 | F15: ='S5'!C10 -> 15.264 | I15: ='S5'!D10 -> 6.192 | L15: ='S5'!E10 -> 3.744 | O15: ='S5'!B25 -> 6.35 | R15: ='S5'!C25 -> 4.82 | U15: ='S5'!D25 -> 4.92 | X15: ='S5'!E25 -> 4.62
A16: červen | B16: součty kal. | C16: ='S6'!B9 -> 4.026 | D16: ='S6'!B10-'S6'!B9 -> -1.398 | E16: =D16/C17 -> -0.53196347 | F16: ='S6'!C9 -> 8.579 | G16: ='S6'!C10-'S6'!C9 -> 3.805 | H16: =G16/F17 -> 0.30725129 | I16: ='S6'!D9 -> 5.79 | J16: ='S6'!D10-'S6'!D9 -> -1.722 | K16: =J16/I17 -> -0.42330383 | L16: ='S6'!E9 -> 3.428 | M16: ='S6'!E10-'S6'!E9 -> -0.728 | N16: =M16/L17 -> -0.26962963 | O16: ='S6'!B24 -> 3.492 | P16: ='S6'!B25-'S6'!B24 -> 0.738 | Q16: =P16/O17 -> 0.17446809 | R16: ='S6'!C24 -> 3.889 | S16: ='S6'!C25-'S6'!C24 -> -0.559 | T16: =S16/R17 -> -0.16786787 | U16: ='S6'!D24 -> 4.3 | V16: ='S6'!D25-'S6'!D24 -> -0.84 | W16: =V16/U17 -> -0.24277457 | X16: ='S6'!E24 -> 3.859 | Y16: ='S6'!E25-'S6'!E24 -> -1.179 | Z16: =Y16/X17 -> -0.43992537
B17: faktur.kal. | C17: ='S6'!B10 -> 2.628 | F17: ='S6'!C10 -> 12.384 | I17: ='S6'!D10 -> 4.068 | L17: ='S6'!E10 -> 2.7 | O17: ='S6'!B25 -> 4.23 | R17: ='S6'!C25 -> 3.33 | U17: ='S6'!D25 -> 3.46 | X17: ='S6'!E25 -> 2.68
A18: červenec | B18: součty kal. | C18: ='S7'!B9 -> 2.193 | D18: ='S7'!B10-'S7'!B9 -> -1.077 | E18: =D18/C19 -> -0.96505376 | F18: ='S7'!C9 -> 4.554 | G18: ='S7'!C10-'S7'!C9 -> 3.186 | H18: =G18/F19 -> 0.41162791 | I18: ='S7'!D9 -> 3.479 | J18: ='S7'!D10-'S7'!D9 -> -1.283 | K18: =J18/I19 -> -0.58424408 | L18: ='S7'!E9 -> 2.053 | M18: ='S7'!E10-'S7'!E9 -> -0.469 | N18: =M18/L19 -> -0.29608586 | O18: ='S7'!B24 -> 2.177 | P18: ='S7'!B25-'S7'!B24 -> 0.603 | Q18: =P18/O19 -> 0.21690647 | R18: ='S7'!C24 -> 2.431 | S18: ='S7'!C25-'S7'!C24 -> -0.481 | T18: =S18/R19 -> -0.24666667 | U18: ='S7'!D24 -> 2.839 | V18: ='S7'!D25-'S7'!D24 -> -0.809 | W18: =V18/U19 -> -0.39852217 | X18: ='S7'!E24 -> 2.465 | Y18: ='S7'!E25-'S7'!E24 -> -0.935 | Z18: =Y18/X19 -> -0.61111111
B19: faktur.kal. | C19: ='S7'!B10 -> 1.116 | F19: ='S7'!C10 -> 7.74 | I19: ='S7'!D10 -> 2.196 | L19: ='S7'!E10 -> 1.584 | O19: ='S7'!B25 -> 2.78 | R19: ='S7'!C25 -> 1.95 | U19: ='S7'!D25 -> 2.03 | X19: ='S7'!E25 -> 1.53
A20: srpen | B20: součty kal. | C20: ='S8'!B9 -> 2.667 | D20: ='S8'!B10-'S8'!B9 -> -1.027 | E20: =D20/C21 -> -0.62621951 | F20: ='S8'!C9 -> 4.617 | G20: ='S8'!C10-'S8'!C9 -> 3.593 | H20: =G20/F21 -> 0.43763703 | I20: ='S8'!D9 -> 3.899 | J20: ='S8'!D10-'S8'!D9 -> -1.449 | K20: =J20/I21 -> -0.59142857 | L20: ='S8'!E9 -> 2.572 | M20: ='S8'!E10-'S8'!E9 -> -0.492 | N20: =M20/L21 -> -0.23653846 | O20: ='S8'!B24 -> 2.318 | P20: ='S8'!B25-'S8'!B24 -> 0.322 | Q20: =P20/O21 -> 0.1219697 | R20: ='S8'!C24 -> 2.931 | S20: ='S8'!C25-'S8'!C24 -> -0.461 | T20: =S20/R21 -> -0.18663968 | U20: ='S8'!D24 -> 2.883 | V20: ='S8'!D25-'S8'!D24 -> -0.463 | W20: =V20/U21 -> -0.19132231 | X20: ='S8'!E24 -> 2.767 | Y20: ='S8'!E25-'S8'!E24 -> -0.927 | Z20: =Y20/X21 -> -0.50380435
B21: faktur.kal. | C21: ='S8'!B10 -> 1.64 | F21: ='S8'!C10 -> 8.21 | I21: ='S8'!D10 -> 2.45 | L21: ='S8'!E10 -> 2.08 | O21: ='S8'!B25 -> 2.64 | R21: ='S8'!C25 -> 2.47 | U21: ='S8'!D25 -> 2.42 | X21: ='S8'!E25 -> 1.84
A22: září | B22: součty kal. | C22: ='S9'!B9 -> 3.171 | D22: ='S9'!B10-'S9'!B9 -> -1.131 | E22: =D22/C23 -> -0.55441176 | F22: ='S9'!C9 -> 5.159 | G22: ='S9'!C10-'S9'!C9 -> 4.071 | H22: =G22/F23 -> 0.44106176 | I22: ='S9'!D9 -> 5.102 | J22: ='S9'!D10-'S9'!D9 -> -1.602 | K22: =J22/I23 -> -0.45771429 | L22: ='S9'!E9 -> 3.604 | M22: ='S9'!E10-'S9'!E9 -> -0.684 | N22: =M22/L23 -> -0.23424658 | O22: ='S9'!B24 -> 2.897 | P22: ='S9'!B25-'S9'!B24 -> 0.373 | Q22: =P22/O23 -> 0.11406728 | R22: ='S9'!C24 -> 3.391 | S22: ='S9'!C25-'S9'!C24 -> -0.551 | T22: =S22/R23 -> -0.19401408 | U22: ='S9'!D24 -> 3.542 | V22: ='S9'!D25-'S9'!D24 -> -0.192 | W22: =V22/U23 -> -0.057313433 | X22: ='S9'!E24 -> 4.024 | Y22: ='S9'!E25-'S9'!E24 -> -1.034 | Z22: =Y22/X23 -> -0.3458194
B23: faktur.kal. | C23: ='S9'!B10 -> 2.04 | F23: ='S9'!C10 -> 9.23 | I23: ='S9'!D10 -> 3.5 | L23: ='S9'!E10 -> 2.92 | O23: ='S9'!B25 -> 3.27 | R23: ='S9'!C25 -> 2.84 | U23: ='S9'!D25 -> 3.35 | X23: ='S9'!E25 -> 2.99
A24: říjen | B24: součty kal. | C24: ='S10'!B9 -> 6.05 | D24: ='S10'!B10-'S10'!B9 -> 0.48 | E24: =D24/C25 -> 0.073506891 | F24: ='S10'!C9 -> 10.636 | G24: ='S10'!C10-'S10'!C9 -> 3.654 | H24: =G24/F25 -> 0.25570329 | I24: ='S10'!D9 -> 9.351 | J24: ='S10'!D10-'S10'!D9 -> -1.011 | K24: =J24/I25 -> -0.12122302 | L24: ='S10'!E9 -> 5.577 | M24: ='S10'!E10-'S10'!E9 -> -0.267 | N24: =M24/L25 -> -0.050282486 | O24: ='S10'!B24 -> 5.839 | P24: ='S10'!B25-'S10'!B24 -> 1.031 | Q24: =P24/O25 -> 0.15007278 | R24: ='S10'!C24 -> 7.334 | S24: ='S10'!C25-'S10'!C24 -> 0.786 | T24: =S24/R25 -> 0.09679803 | U24: ='S10'!D24 -> 6.479 | V24: ='S10'!D25-'S10'!D24 -> -0.759 | W24: =V24/U25 -> -0.13269231 | X24: ='S10'!E24 -> 7.782 | Y24: ='S10'!E25-'S10'!E24 -> -0.232 | Z24: =Y24/X25 -> -0.030728477
B25: faktur.kal. | C25: ='S10'!B10 -> 6.53 | F25: ='S10'!C10 -> 14.29 | I25: ='S10'!D10 -> 8.34 | L25: ='S10'!E10 -> 5.31 | O25: ='S10'!B25 -> 6.87 | R25: ='S10'!C25 -> 8.12 | U25: ='S10'!D25 -> 5.72 | X25: ='S10'!E25 -> 7.55
A26: listopad | B26: součty kal. | C26: ='S11'!B9 -> 21.148 | D26: ='S11'!B10-'S11'!B9 -> 2.542 | E26: =D26/C27 -> 0.10730266 | F26: ='S11'!C9 -> 25.997 | G26: ='S11'!C10-'S11'!C9 -> 2.953 | H26: =G26/F27 -> 0.10200345 | I26: ='S11'!D9 -> 22.923 | J26: ='S11'!D10-'S11'!D9 -> 0.827 | K26: =J26/I27 -> 0.034821053 | L26: ='S11'!E9 -> 20.42 | M26: ='S11'!E10-'S11'!E9 -> 1.24 | N26: =M26/L27 -> 0.057248384 | O26: ='S11'!B24 -> 22.133 | P26: ='S11'!B25-'S11'!B24 -> 0.517 | Q26: =P26/O27 -> 0.022825607 | R26: ='S11'!C24 -> 23.089 | S26: ='S11'!C25-'S11'!C24 -> 2.521 | T26: =S26/R27 -> 0.09843811 | U26: ='S11'!D24 -> 22.233 | V26: ='S11'!D25-'S11'!D24 -> 1.167 | W26: =V26/U27 -> 0.049871795 | X26: ='S11'!E24 -> 23.027 | Y26: ='S11'!E25-'S11'!E24 -> 2.253 | Z26: =Y26/X27 -> 0.089121835
B27: faktur.kal. | C27: ='S11'!B10 -> 23.69 | F27: ='S11'!C10 -> 28.95 | I27: ='S11'!D10 -> 23.75 | L27: ='S11'!E10 -> 21.66 | O27: ='S11'!B25 -> 22.65 | R27: ='S11'!C25 -> 25.61 | U27: ='S11'!D25 -> 23.4 | X27: ='S11'!E25 -> 25.28
A28: prosinec | B28: součty kal. | C28: ='S12'!B9 -> 29.725 | D28: ='S12'!B10-'S12'!B9 -> 3.675 | E28: =D28/C29 -> 0.11002994 | F28: ='S12'!C9 -> 35.799 | G28: ='S12'!C10-'S12'!C9 -> 3.571 | H28: =G28/F29 -> 0.090703581 | I28: ='S12'!D9 -> 31.561 | J28: ='S12'!D10-'S12'!D9 -> 1.999 | K28: =J28/I29 -> 0.059564958 | L28: ='S12'!E9 -> 30.084 | M28: ='S12'!E10-'S12'!E9 -> 1.506 | N28: =M28/L29 -> 0.047673314 | O28: ='S12'!B24 -> 29.051 | P28: ='S12'!B25-'S12'!B24 -> 2.309 | Q28: =P28/O29 -> 0.073628827 | R28: ='S12'!C24 -> 31.025 | S28: ='S12'!C25-'S12'!C24 -> 2.875 | T28: =S28/R29 -> 0.08480826 | U28: ='S12'!D24 -> 29.077 | V28: ='S12'!D25-'S12'!D24 -> 2.023 | W28: =V28/U29 -> 0.065048232 | X28: ='S12'!E24 -> 31.178 | Y28: ='S12'!E25-'S12'!E24 -> 3.262 | Z28: =Y28/X29 -> 0.094715447
B29: faktur.kal. | C29: ='S12'!B10 -> 33.4 | F29: ='S12'!C10 -> 39.37 | I29: ='S12'!D10 -> 33.56 | L29: ='S12'!E10 -> 31.59 | O29: ='S12'!B25 -> 31.36 | R29: ='S12'!C25 -> 33.9 | U29: ='S12'!D25 -> 31.1 | X29: ='S12'!E25 -> 34.44
B30: Poznámka:
A31: CELKEM ROZDÍL v GJ | D31: =SUM(D6:D29) -> 8.335 | G31: =SUM(G6:G29) -> 42.866 | J31: =SUM(J6:J29) -> -1.3 | M31: =SUM(M6:M29) -> 3.98 | P31: =SUM(P6:P29) -> 12.736 | S31: =SUM(S6:S29) -> 12.127 | V31: =SUM(V6:V29) -> 5.888 | Y31: =SUM(Y6:Y29) -> 8.241
A33: CELKEM ROZDÍL v % | D33: =(D6+D8+D10+D12+D14+D16+D18+D20+D22+D24+D26+D28)/(C7+C9+C11+C13+C15+C17+C19+C21+C23+C25+C27+C29) -> 0.047841809 | G33: =(G6+G8+G10+G12+G14+G16+G18+G20+G22+G24+G26+G28)/(F7+F9+F11+F13+F15+F17+F19+F21+F23+F25+F27+F29) -> 0.16006124 | J33: =(J6+J8+J10+J12+J14+J16+J18+J20+J22+J24+J26+J28)/(I7+I9+I11+I13+I15+I17+I19+I21+I23+I25+I27+I29) -> -0.0067498806 | M33: =(M6+M8+M10+M12+M14+M16+M18+M20+M22+M24+M26+M28)/(L7+L9+L11+L13+L15+L17+L19+L21+L23+L25+L27+L29) -> 0.024247003 | P33: =(P6+P8+P10+P12+P14+P16+P18+P20+P22+P24+P26+P28)/(O7+O9+O11+O13+O15+O17+O19+O21+O23+O25+O27+O29) -> 0.070108995 | S33: =(S6+S8+S10+S12+S14+S16+S18+S20+S22+S24+S26+S28)/(R7+R9+R11+R13+R15+R17+R19+R21+R23+R25+R27+R29) -> 0.063755849 | V33: =(V6+V8+V10+V12+V14+V16+V18+V20+V22+V24+V26+V28)/(U7+U9+U11+U13+U15+U17+U19+U21+U23+U25+U27+U29) -> 0.034300361 | Y33: =(Y6+Y8+Y10+Y12+Y14+Y16+Y18+Y20+Y22+Y24+Y26+Y28)/(X7+X9+X11+X13+X15+X17+X19+X21+X23+X25+X27+X29) -> 0.045440009
D34: 1850 | G34: 1851 | J34: 1852 | M34: 1853 | P34: 1854 | S34: 1855 | V34: 1856 | Y34: 1857

Sheet Rozdíly (2)
A1: Přehled rozdílů a ztrát za teplo v GJ
C3: 1850 | F3: 51 | I3: 52 | L3: 53 | O3: 54 | R3: 55 | U3: 56 | X3: 57
C4: 1850 | F4: 1851 | I4: 1852 | L4: 1853 | O4: 1854 | R4: 1855 | U4: 1856 | X4: 1857
C5: odečet | D5: rozdíl [GJ] | E5: rozdíl [%] | F5: odečet | G5: rozdíl [GJ] | H5: rozdíl [%] | I5: odečet | J5: rozdíl [GJ] | K5: rozdíl [%] | L5: odečet | M5: rozdíl [GJ] | N5: rozdíl [%] | O5: odečet | P5: rozdíl [GJ] | Q5: rozdíl [%] | R5: odečet | S5: rozdíl [GJ] | T5: rozdíl [%] | U5: odečet | V5: rozdíl [GJ] | W5: rozdíl [%] | X5: odečet | Y5: rozdíl [GJ] | Z5: rozdíl [%]
A6: leden | B6: součty kal. | C6: ='S1'!B9 -> 29.737 | D6: ='S1'!B10-'S1'!B9 -> 2.735 | E6: =D6/C7 -> 0.08422641 | F6: ='S1'!C9 -> 34.266 | G6: ='S1'!C10-'S1'!C9 -> 4.218 | H6: =G6/F7 -> 0.10960399 | I6: ='S1'!D9 -> 32.934 | J6: ='S1'!D10-'S1'!D9 -> 2.202 | K6: =J6/I7 -> 0.062670765 | L6: ='S1'!E9 -> 30.171 | M6: ='S1'!E10-'S1'!E9 -> 1.617 | N6: =M6/L7 -> 0.050868252 | O6: ='S1'!B24 -> 29.811 | P6: ='S1'!B25-'S1'!B24 -> 2.329 | Q6: =P6/O7 -> 0.072464219 | R6: ='S1'!C24 -> 31.456 | S6: ='S1'!C25-'S1'!C24 -> 2.514 | T6: =S6/R7 -> 0.074006476 | U6: ='S1'!D24 -> 29.214 | V6: ='S1'!D25-'S1'!D24 -> 2.756 | W6: =V6/U7 -> 0.086205818 | X6: ='S1'!E24 -> 29.677 | Y6: ='S1'!E25-'S1'!E24 -> 2.463 | Z6: =Y6/X7 -> 0.076633479
B7: faktur.kal. | C7: ='S1'!B10 -> 32.472 | F7: ='S1'!C10 -> 38.484 | I7: ='S1'!D10 -> 35.136 | L7: ='S1'!E10 -> 31.788 | O7: ='S1'!B25 -> 32.14 | R7: ='S1'!C25 -> 33.97 | U7: ='S1'!D25 -> 31.97 | X7: ='S1'!E25 -> 32.14
A8: únor | B8: součty kal. | C8: ='S2'!B9 -> 27.177 | D8: ='S2'!B10-'S2'!B9 -> 2.343 | E8: =D8/C9 -> 0.079369919 | F8: ='S2'!C9 -> 31.853 | G8: ='S2'!C10-'S2'!C9 -> 3.931 | H8: =G8/F9 -> 0.10985357 | I8: ='S2'!D9 -> 29.05 | J8: ='S2'!D10-'S2'!D9 -> 0.794 | K8: =J8/I9 -> 0.026605013 | L8: ='S2'!E9 -> 24.557 | M8: ='S2'!E10-'S2'!E9 -> 1.471 | N8: =M8/L9 -> 0.05651606 | O8: ='S2'!B24 -> 26.57 | P8: ='S2'!B25-'S2'!B24 -> 2.06 | Q8: =P8/O9 -> 0.071952497 | R8: ='S2'!C24 -> 28.27 | S8: ='S2'!C25-'S2'!C24 -> 2.31 | T8: =S8/R9 -> 0.075539568 | U8: ='S2'!D24 -> 25.664 | V8: ='S2'!D25-'S2'!D24 -> 1.846 | W8: =V8/U9 -> 0.067102872 | X8: ='S2'!E24 -> 25.597 | Y8: ='S2'!E25-'S2'!E24 -> 2.233 | Z8: =Y8/X9 -> 0.080237154
B9: faktur.kal. | C9: ='S2'!B10 -> 29.52 | F9: ='S2'!C10 -> 35.784 | I9: ='S2'!D10 -> 29.844 | L9: ='S2'!E10 -> 26.028 | O9: ='S2'!B25 -> 28.63 | R9: ='S2'!C25 -> 30.58 | U9: ='S2'!D25 -> 27.51 | X9: ='S2'!E25 -> 27.83
A10: březen | B10: součty kal. | C10: ='S3'!B9 -> 21.628 | D10: ='S3'!B10-'S3'!B9 -> 1.448 | E10: =D10/C11 -> 0.062749177 | F10: ='S3'!C9 -> 30.599 | G10: ='S3'!C10-'S3'!C9 -> 3.493 | H10: =G10/F11 -> 0.10245805 | I10: ='S3'!D9 -> 24.494 | J10: ='S3'!D10-'S3'!D9 -> 0.994 | K10: =J10/I11 -> 0.038998745 | L10: ='S3'!E9 -> 20.282 | M10: ='S3'!E10-'S3'!E9 -> 1.03 | N10: =M10/L11 -> 0.04832958 | O10: ='S3'!B24 -> 22.399 | P10: ='S3'!B25-'S3'!B24 -> 1.421 | Q10: =P10/O11 -> 0.059655751 | R10: ='S3'!C24 -> 23.175 | S10: ='S3'!C25-'S3'!C24 -> 1.915 | T10: =S10/R11 -> 0.076325229 | U10: ='S3'!D24 -> 20.02 | V10: ='S3'!D25-'S3'!D24 -> 1.4 | W10: =V10/U11 -> 0.065359477 | X10: ='S3'!E24 -> 21.854 | Y10: ='S3'!E25-'S3'!E24 -> 2.026 | Z10: =Y10/X11 -> 0.084840871
B11: faktur.kal. | C11: ='S3'!B10 -> 23.076 | F11: ='S3'!C10 -> 34.092 | I11: ='S3'!D10 -> 25.488 | L11: ='S3'!E10 -> 21.312 | O11: ='S3'!B25 -> 23.82 | R11: ='S3'!C25 -> 25.09 | U11: ='S3'!D25 -> 21.42 | X11: ='S3'!E25 -> 23.88
A12: duben | B12: součty kal. | C12: ='S4'!B9 -> 13.548 | D12: ='S4'!B10-'S4'!B9 -> 0.744 | E12: =D12/C13 -> 0.052057095 | F12: ='S4'!C9 -> 21.087 | G12: ='S4'!C10-'S4'!C9 -> 2.925 | H12: =G12/F13 -> 0.12181409 | I12: ='S4'!D9 -> 17.712 | J12: ='S4'!D10-'S4'!D9 -> 0.36 | K12: =J12/I13 -> 0.019920319 | L12: ='S4'!E9 -> 12.928 | M12: ='S4'!E10-'S4'!E9 -> 0.5 | N12: =M12/L13 -> 0.037235627 | O12: ='S4'!B24 -> 16.177 | P12: ='S4'!B25-'S4'!B24 -> 0.743 | Q12: =P12/O13 -> 0.04391253 | R12: ='S4'!C24 -> 15.816 | S12: ='S4'!C25-'S4'!C24 -> 1.714 | T12: =S12/R13 -> 0.097775242 | U12: ='S4'!D24 -> 13.958 | V12: ='S4'!D25-'S4'!D24 -> 0.402 | W12: =V12/U13 -> 0.027994429 | X12: ='S4'!E24 -> 15.341 | Y12: ='S4'!E25-'S4'!E24 -> 1.239 | Z12: =Y12/X13 -> 0.074728589
B13: faktur.kal. | C13: ='S4'!B10 -> 14.292 | F13: ='S4'!C10 -> 24.012 | I13: ='S4'!D10 -> 18.072 | L13: ='S4'!E10 -> 13.428 | O13: ='S4'!B25 -> 16.92 | R13: ='S4'!C25 -> 17.53 | U13: ='S4'!D25 -> 14.36 | X13: ='S4'!E25 -> 16.58
A14: květen | B14: součty kal. | C14: ='S5'!B9 -> 4.815 | D14: ='S5'!B10-'S5'!B9 -> -0.999 | E14: =D14/C15 -> -0.26179245 | F14: ='S5'!C9 -> 11.798 | G14: ='S5'!C10-'S5'!C9 -> 3.466 | H14: =G14/F15 -> 0.22707023 | I14: ='S5'!D9 -> 7.601 | J14: ='S5'!D10-'S5'!D9 -> -1.409 | K14: =J14/I15 -> -0.22755168 | L14: ='S5'!E9 -> 4.488 | M14: ='S5'!E10-'S5'!E9 -> -0.744 | N14: =M14/L15 -> -0.19871795 | O14: ='S5'!B24 -> 6.06 | P14: ='S5'!B25-'S5'!B24 -> 0.29 | Q14: =P14/O15 -> 0.045669291 | R14: ='S5'!C24 -> 5.276 | S14: ='S5'!C25-'S5'!C24 -> -0.456 | T14: =S14/R15 -> -0.094605809 | U14: ='S5'!D24 -> 5.563 | V14: ='S5'!D25-'S5'!D24 -> -0.643 | W14: =V14/U15 -> -0.13069106 | X14: ='S5'!E24 -> 5.548 | Y14: ='S5'!E25-'S5'!E24 -> -0.928 | Z14: =Y14/X15 -> -0.2008658
B15: faktur.kal. | C15: ='S5'!B10 -> 3.816 | F15: ='S5'!C10 -> 15.264 | I15: ='S5'!D10 -> 6.192 | L15: ='S5'!E10 -> 3.744 | O15: ='S5'!B25 -> 6.35 | R15: ='S5'!C25 -> 4.82 | U15: ='S5'!D25 -> 4.92 | X15: ='S5'!E25 -> 4.62
A16: červen | B16: součty kal. | C16: ='S6'!B9 -> 4.026 | D16: ='S6'!B10-'S6'!B9 -> -1.398 | E16: =D16/C17 -> -0.53196347 | F16: ='S6'!C9 -> 8.579 | G16: ='S6'!C10-'S6'!C9 -> 3.805 | H16: =G16/F17 -> 0.30725129 | I16: ='S6'!D9 -> 5.79 | J16: ='S6'!D10-'S6'!D9 -> -1.722 | K16: =J16/I17 -> -0.42330383 | L16: ='S6'!E9 -> 3.428 | M16: ='S6'!E10-'S6'!E9 -> -0.728 | N16: =M16/L17 -> -0.26962963 | O16: ='S6'!B24 -> 3.492 | P16: ='S6'!B25-'S6'!B24 -> 0.738 | Q16: =P16/O17 -> 0.17446809 | R16: ='S6'!C24 -> 3.889 | S16: ='S6'!C25-'S6'!C24 -> -0.559 | T16: =S16/R17 -> -0.16786787 | U16: ='S6'!D24 -> 4.3 | V16: ='S6'!D25-'S6'!D24 -> -0.84 | W16: =V16/U17 -> -0.24277457 | X16: ='S6'!E24 -> 3.859 | Y16: ='S6'!E25-'S6'!E24 -> -1.179 | Z16: =Y16/X17 -> -0.43992537
B17: faktur.kal. | C17: ='S6'!B10 -> 2.628 | F17: ='S6'!C10 -> 12.384 | I17: ='S6'!D10 -> 4.068 | L17: ='S6'!E10 -> 2.7 | O17: ='S6'!B25 -> 4.23 | R17: ='S6'!C25 -> 3.33 | U17: ='S6'!D25 -> 3.46 | X17: ='S6'!E25 -> 2.68
A18: červenec | B18: součty kal. | C18: ='S7'!B9 -> 2.193 | D18: ='S7'!B10-'S7'!B9 -> -1.077 | E18: =D18/C19 -> -0.96505376 | F18: ='S7'!C9 -> 4.554 | G18: ='S7'!C10-'S7'!C9 -> 3.186 | H18: =G18/F19 -> 0.41162791 | I18: ='S7'!D9 -> 3.479 | J18: ='S7'!D10-'S7'!D9 -> -1.283 | K18: =J18/I19 -> -0.58424408 | L18: ='S7'!E9 -> 2.053 | M18: ='S7'!E10-'S7'!E9 -> -0.469 | N18: =M18/L19 -> -0.29608586 | O18: ='S7'!B24 -> 2.177 | P18: ='S7'!B25-'S7'!B24 -> 0.603 | Q18: =P18/O19 -> 0.21690647 | R18: ='S7'!C24 -> 2.431 | S18: ='S7'!C25-'S7'!C24 -> -0.481 | T18: =S18/R19 -> -0.24666667 | U18: ='S7'!D24 -> 2.839 | V18: ='S7'!D25-'S7'!D24 -> -0.809 | W18: =V18/U19 -> -0.39852217 | X18: ='S7'!E24 -> 2.465 | Y18: ='S7'!E25-'S7'!E24 -> -0.935 | Z18: =Y18/X19 -> -0.61111111
B19: faktur.kal. | C19: ='S7'!B10 -> 1.116 | F19: ='S7'!C10 -> 7.74 | I19: ='S7'!D10 -> 2.196 | L19: ='S7'!E10 -> 1.584 | O19: ='S7'!B25 -> 2.78 | R19: ='S7'!C25 -> 1.95 | U19: ='S7'!D25 -> 2.03 | X19: ='S7'!E25 -> 1.53
A20: srpen | B20: součty kal. | C20: ='S8'!B9 -> 2.667 | D20: ='S8'!B10-'S8'!B9 -> -1.027 | E20: =D20/C21 -> -0.62621951 | F20: ='S8'!C9 -> 4.617 | G20: ='S8'!C10-'S8'!C9 -> 3.593 | H20: =G20/F21 -> 0.43763703 | I20: ='S8'!D9 -> 3.899 | J20: ='S8'!D10-'S8'!D9 -> -1.449 | K20: =J20/I21 -> -0.59142857 | L20: ='S8'!E9 -> 2.572 | M20: ='S8'!E10-'S8'!E9 -> -0.492 | N20: =M20/L21 -> -0.23653846 | O20: ='S8'!B24 -> 2.318 | P20: ='S8'!B25-'S8'!B24 -> 0.322 | Q20: =P20/O21 -> 0.1219697 | R20: ='S8'!C24 -> 2.931 | S20: ='S8'!C25-'S8'!C24 -> -0.461 | T20: =S20/R21 -> -0.18663968 | U20: ='S8'!D24 -> 2.883 | V20: ='S8'!D25-'S8'!D24 -> -0.463 | W20: =V20/U21 -> -0.19132231 | X20: ='S8'!E24 -> 2.767 | Y20: ='S8'!E25-'S8'!E24 -> -0.927 | Z20: =Y20/X21 -> -0.50380435
B21: faktur.kal. | C21: ='S8'!B10 -> 1.64 | F21: ='S8'!C10 -> 8.21 | I21: ='S8'!D10 -> 2.45 | L21: ='S8'!E10 -> 2.08 | O21: ='S8'!B25 -> 2.64 | R21: ='S8'!C25 -> 2.47 | U21: ='S8'!D25 -> 2.42 | X21: ='S8'!E25 -> 1.84
